topic,sentiment_mean,sentiment_std,subjectivity_mean,subjectivity_std,counting
Hazard,-0.03154684500495973,0.9523130562684766,0.11045915060623744,0.9889922529486053,54.0
Impacts,-7.314236392868126e-17,1.0,-0.408248290463863,1.0,1.0
Mitigation,0.0670076251274005,0.7715936512685881,-0.21037758175546764,0.6288928618752575,18.0
