keyword,sentiment_mean,sentiment_std,subjectivity_mean,subjectivity_std,counting
'Vulkan Aschewolke',-0.06291580203810387,1.26317925996638,0.10023448698409436,0.9763949168700774,10.0
'Vulkan Eruption',-0.5896022600550102,1.156699564474525,-0.5,0.0,3.0
'Vulkan Evakuierung',-0.19999694070756327,0.3342525255243245,-0.7947194142390263,1.0,3.0
'Vulkan Lava',0.0798579016404632,0.22822381182817036,-0.354615002877013,0.6224016274083869,2.0
'Vulkan Warnstufe',-0.006571518459614484,0.413719462597743,-0.5,0.0,2.0
'Vulkan Warnung',-0.6035533905932737,0.14644660940672619,,1.0,2.0
'Vulkan ausgebrochen',0.10067312628503784,0.6594754583066695,0.5114895439190905,1.2005661976282211,13.0
'Vulkan',0.18213459519532565,0.8746324568850861,-0.39643337486685837,0.22893275859100928,11.0
'Vulkanausbruch',0.10211369871234786,0.9287083538182539,0.09479936555182324,0.87682586292145,14.0
