topic,sentiment_mean,sentiment_std,subjectivity_mean,subjectivity_std,counting
Hazard,-0.04579145395884773,0.9276140743602574,0.09481233924356637,0.9885411374838472,79.0
Impacts,-0.31572700914523844,1.0,-0.3535533905932738,1.0,1.0
Mitigation,0.0926129646187334,0.9088840771854977,-0.16533079007284,0.778694931533669,30.0
