week,sentiment_mean,sentiment_std,subjectivity_mean,subjectivity_std,counting
2025-39,1.5,1.0,,1.0,1.0
2025-40,-0.43,0.8061017305526642,0.0,1.0,2.0
2025-41,-0.2661880071103396,0.7957722615202226,-0.47322929577523476,0.2656819002449301,9.0
2025-42,0.6310999528214689,0.3905942548058876,0.0025197929036316013,0.6321590045050646,5.0
2025-43,0.0,1.0,,1.0,1.0
2025-44,0.3414531517274488,1.0,0.6301260378126045,1.0,1.0
2025-45,0.16602514716892175,0.9419017960078258,-0.5773502691896257,0.0,3.0
2025-46,-0.11663536374728668,0.8938022938912756,0.2621056000665388,1.0944969312867956,17.0
