domain,sentiment_mean,sentiment_std,subjectivity_mean,subjectivity_std,counting
www.spektrum.de,0.08541666666666665,0.20918575610102028,0.0,0.0,2.0
www.stern.de,0.22916666666666669,0.1355287997274216,0.041666666666666664,0.05892556509887896,2.0
www.bild.de,0.0,1.0,0.0,1.0,1.0
www.focus.de,0.0,1.0,0.0,1.0,1.0
