keyword,sentiment_mean,sentiment_std,subjectivity_mean,subjectivity_std,counting
'Vulkan Aschewolke',0.6910533905932738,0.022702922699080346,-0.35355339059327373,0.49999999999999994,2.0
'Vulkan Eruption',0.0,0.9999999999999999,,1.0,2.0
'Vulkan Lava',-0.7071067811865475,1.0,0.7071067811865475,1.0,1.0
'Vulkanausbruch',0.0875,1.0,0.125,1.0,1.0
