topic,sentiment_mean,sentiment_std,subjectivity_mean,subjectivity_std,counting
Hazard,0.2264942830656241,0.6614122408100546,0.23411675639654192,0.8711657993142733,9.0
Mitigation,-0.7071067811865476,1.0,,1.0,1.0
