topic,sentiment_mean,sentiment_std,subjectivity_mean,subjectivity_std,counting
Hazard,0.1369642857142857,0.529370655931566,0.010416666666666666,0.42792553692379137,14.0
