topic,sentiment_mean,sentiment_std,subjectivity_mean,subjectivity_std,counting
Hazard,0.013527507066409213,0.876819529734058,0.0975773883690819,0.9339375892473667,41.0
Mitigation,-0.3995576779856664,0.1420468940289163,-0.5,1.0,2.0
