topic,sentiment_mean,sentiment_std,subjectivity_mean,subjectivity_std,counting
Hazard,-0.07953013986207742,0.974755813183552,0.06992304955075036,1.0232484551179024,104.0
Impacts,-0.07770612717542819,1.0,-0.30151134457776363,1.0,1.0
Mitigation,0.17158620882725256,0.852032580147295,-0.08467308696242191,0.7668684433069076,41.0
