week,sentiment_mean,sentiment_std,subjectivity_mean,subjectivity_std,counting
2025-41,-0.7071067811865475,1.0,,1.0,1.0
2025-42,0.29392135623730953,0.6187350870401045,0.03125,0.580723327698598,5.0
