topic,sentiment_mean,sentiment_std,subjectivity_mean,subjectivity_std,counting
Hazard,-0.012908137932556595,0.911113151158637,0.10492936378927985,0.9776224252536904,68.0
Impacts,-0.31572700914523844,1.0,-0.3535533905932738,1.0,1.0
Mitigation,0.03540999545775027,0.913707566096976,-0.14167146685459206,0.8108392721544133,29.0
