week,sentiment_mean,sentiment_std,subjectivity_mean,subjectivity_std,counting
2025-39,0.14166666666666666,1.0,0.0,1.0,1.0
2025-40,0.13999999999999999,1.0,0.0,1.0,1.0
2025-41,-0.12158870445595138,0.5529045007363753,-0.09622504486493762,0.23570226039551584,7.0
2025-42,0.49739085290499857,0.415721374654083,0.17558756729740643,0.7208716232240387,5.0
