keyword,sentiment_mean,sentiment_std,subjectivity_mean,subjectivity_std,counting
'Vulkan Aschewolke',0.8444029849802865,0.19416615346744587,-0.5773502691896257,1.0,2.0
'Vulkan Eruption',-0.23570226039551587,0.816496580927726,,1.0,3.0
'Vulkan Lava',0.035648294564419876,1.0,1.1547005383792515,1.0,1.0
'Vulkan Warnung',-0.7071067811865476,1.0,,1.0,1.0
'Vulkan',0.09030926311814355,0.5691855177860884,-0.08247860988423225,0.21821789023599236,11.0
'Vulkanausbruch',0.0875,1.0,0.125,1.0,2.0
