topic,sentiment_mean,sentiment_std,subjectivity_mean,subjectivity_std,counting
Hazard,-0.028609757165367938,0.9407203501486722,0.11503702459196741,0.9875555010499663,52.0
Impacts,-7.314236392868126e-17,1.0,-0.408248290463863,1.0,1.0
Mitigation,0.08268016579876446,0.7833535402472058,-0.21474218818996935,0.6308308651599212,18.0
