topic,sentiment_mean,sentiment_std,subjectivity_mean,subjectivity_std,counting
Hazard,0.00026914872656452873,0.9427238806086446,0.1660702900234175,0.9994574087535418,48.0
Impacts,-7.314236392868126e-17,1.0,-0.408248290463863,1.0,1.0
Mitigation,-0.06562756157708519,0.6483576243697701,-0.38592252901112195,0.3916604924612292,16.0
