keyword,sentiment_mean,sentiment_std,subjectivity_mean,subjectivity_std,counting
'Vulkan Aschewolke',-0.07915225613483738,1.2813934175502348,0.11524568378201744,0.9648724837960049,10.0
'Vulkan Eruption',-0.5896022600550102,1.156699564474525,-0.5,0.0,3.0
'Vulkan Evakuierung',-0.14606100844832168,0.4029148010851603,-0.7947194142390263,1.0,3.0
'Vulkan Lava',0.1674418175218021,0.24117913191724036,-0.21486475259056512,0.5077479316823198,3.0
'Vulkan Warnstufe',-0.018918502032096718,0.6827772412106738,-0.4862215245116989,0.04952953581222322,6.0
'Vulkan Warnung',-0.6035533905932737,0.14644660940672619,,1.0,2.0
'Vulkan ausgebrochen',0.0720514236338227,0.6689051237926744,0.5733001920746666,1.247077599354506,13.0
'Vulkan',0.21447097173312377,0.9197074761308992,-0.4730249233866884,0.051622655773460896,11.0
'Vulkanausbruch',0.09078253652628802,0.9394436524843685,0.11349307493771212,0.8960312750153473,14.0
