keyword,sentiment_mean,sentiment_std,subjectivity_mean,subjectivity_std,counting
'Vulkan Aschewolke',0.8283495943870127,0.21686907616652637,-0.28867513459481287,0.408248290463863,2.0
'Vulkan Eruption',0.0,0.9999999999999999,,1.0,2.0
'Vulkan Lava',0.035648294564419876,1.0,1.1547005383792515,1.0,1.0
'Vulkan',0.01720656458269431,0.4590374915427025,-0.07216878364870322,0.2041241452319315,8.0
'Vulkanausbruch',0.0875,1.0,0.125,1.0,1.0
