topic,sentiment_mean,sentiment_std,subjectivity_mean,subjectivity_std,counting
Hazard,-0.001693268405062753,0.9362424176644913,0.1660702900234175,0.9994574087535418,49.0
Impacts,-7.314236392868126e-17,1.0,-0.408248290463863,1.0,1.0
Mitigation,-0.06881158711082201,0.6548714127361571,-0.38592252901112195,0.3916604924612292,16.0
