topic,sentiment_mean,sentiment_std,subjectivity_mean,subjectivity_std,counting
Hazard,-0.019973825231267017,0.9600582575778156,0.049586286329837664,0.9307996379727822,55.0
Impacts,-7.314236392868126e-17,1.0,-0.408248290463863,1.0,1.0
Mitigation,0.03916887663180976,0.7596093136684626,0.04636243681559493,1.005343456843894,19.0
