topic,sentiment_mean,sentiment_std,subjectivity_mean,subjectivity_std,counting
Hazard,-0.0682396166744625,0.9518307629471285,0.0900606328967022,1.0049709654937493,91.0
Impacts,-0.3721042037676254,1.0,-0.31622776601683794,1.0,1.0
Mitigation,0.17122424008894319,0.8811843263000884,-0.17031331334470834,0.7670429216784477,32.0
