topic,sentiment_mean,sentiment_std,subjectivity_mean,subjectivity_std,counting
Hazard,-0.07758708680185554,0.9682688719658533,0.07762517966210121,1.023218712552438,101.0
Impacts,-0.07770612717542819,1.0,-0.30151134457776363,1.0,1.0
Mitigation,0.16862023944580182,0.8637396139119732,-0.10388909657331087,0.7560557447897415,39.0
