topic,sentiment_mean,sentiment_std,subjectivity_mean,subjectivity_std,counting
Hazard,-0.03643850499827349,0.9126753947941617,0.10563505588085871,0.9740446794183996,65.0
Impacts,-0.31572700914523844,1.0,-0.3535533905932738,1.0,1.0
Mitigation,0.10569876471535834,0.8895532106953622,-0.13700505779984581,0.7975053892069811,27.0
