week,sentiment_mean,sentiment_std,subjectivity_mean,subjectivity_std,counting
2025-39,0.7071067811865476,1.0,,1.0,1.0
2025-40,-0.43,0.8061017305526642,0.0,1.0,2.0
2025-41,-0.2581668116955943,0.5909443038389165,-0.11547005383792515,0.2581988897471611,9.0
2025-42,0.5038122091423081,0.4193824739246585,0.23411675639654192,0.8711657993142733,5.0
2025-43,0.0,1.0,,1.0,1.0
2025-45,-5.551115123125783e-17,1.0,,1.0,3.0
2025-46,1.0,1.0,,1.0,1.0
