topic,sentiment_mean,sentiment_std,subjectivity_mean,subjectivity_std,counting
Hazard,0.0034009201499002883,0.8826343763259168,0.1113981311533734,0.9455338763987254,38.0
Mitigation,-0.3995576779856664,0.1420468940289163,-0.5,1.0,2.0
