topic,sentiment_mean,sentiment_std,subjectivity_mean,subjectivity_std,counting
Hazard,-0.022742149780708678,0.9604430254365949,0.04209662917159172,0.9321226239114206,56.0
Impacts,-7.314236392868126e-17,1.0,-0.408248290463863,1.0,1.0
Mitigation,0.03916887663180976,0.7596093136684626,0.04636243681559493,1.005343456843894,19.0
