topic,sentiment_mean,sentiment_std,subjectivity_mean,subjectivity_std,counting
Hazard,0.3124393627249992,0.6702700155277814,0.23411675639654192,0.8711657993142733,10.0
Mitigation,-0.7071067811865476,1.0,,1.0,1.0
