topic,sentiment_mean,sentiment_std,subjectivity_mean,subjectivity_std,counting
Hazard,-0.04305151755644118,0.9222952469198086,0.10378666699272748,0.9794612028216984,62.0
Impacts,-0.3368165348543039,1.0,-0.3779644730092272,1.0,1.0
Mitigation,0.10754903823172014,0.8849415451097683,-0.14878931082180352,0.8186372639910517,25.0
