topic,sentiment_mean,sentiment_std,subjectivity_mean,subjectivity_std,counting
Hazard,0.0034795378990634673,0.9230433850322467,0.16272350686108586,0.9609719010815793,43.0
Mitigation,-0.1598909835203721,0.5648483867023701,-0.5479211024571644,0.1444786170392476,11.0
