topic,sentiment_mean,sentiment_std,subjectivity_mean,subjectivity_std,counting
Hazard,-0.05767443537346082,0.9729151401406738,0.06316263472752644,1.0222753822216206,107.0
Impacts,-0.07770612717542819,1.0,-0.30151134457776363,1.0,1.0
Mitigation,0.1263598366097517,0.870475854004804,-0.0731059063016763,0.7800762305377493,42.0
