topic,sentiment_mean,sentiment_std,subjectivity_mean,subjectivity_std,counting
Hazard,-0.05180672700028546,0.9484803893260191,0.058975065504743546,0.9514842462818323,59.0
Impacts,-7.314236392868126e-17,1.0,-0.408248290463863,1.0,1.0
Mitigation,0.11516623005589688,0.7920833152330741,-0.022331574503015764,0.9337154338196371,20.0
