keyword,sentiment_mean,sentiment_std,subjectivity_mean,subjectivity_std,counting
'Vulkan Aschewolke',0.20166608493139787,1.0557128037118617,0.24354895989205205,0.8948687091326043,6.0
'Vulkan Eruption',-0.2938131328517721,0.8711937046997752,,1.0,3.0
'Vulkan Lava',0.13346556734496326,1.0,0.011529012205587285,1.0,1.0
'Vulkan Warnstufe',-1.0507024008577288,1.0,-0.5773502691896257,1.0,1.0
'Vulkan Warnung',-0.5,1.0,,1.0,1.0
'Vulkan ausgebrochen',0.06242589337283085,0.7546599723133733,0.5354859616854059,1.0563015057941654,7.0
'Vulkan',0.00990421228591471,0.881369296980207,-0.39435774647936234,0.30625777610404126,11.0
'Vulkanausbruch',0.15345697053443286,0.9020210770900587,-0.06801556460613886,1.0452852679075315,9.0
