week,sentiment_mean,sentiment_std,subjectivity_mean,subjectivity_std,counting
2025-39,0.7071067811865476,1.0,,1.0,1.0
2025-40,-0.2835533905932737,0.5989949493661165,0.0,1.0,2.0
2025-41,-0.1697784640472759,0.566582385653813,-0.09622504486493762,0.23570226039551584,9.0
2025-42,0.5038122091423081,0.4193824739246585,0.23411675639654192,0.8711657993142733,5.0
2025-43,0.7071067811865475,1.0,,1.0,1.0
2025-45,-0.7071067811865476,1.0,,1.0,2.0
