topic,sentiment_mean,sentiment_std,subjectivity_mean,subjectivity_std,counting
Hazard,0.003492836910708404,0.8791504024595668,0.10711358764747442,0.9266877732549937,37.0
Mitigation,-0.3995576779856664,0.1420468940289163,-0.5,1.0,2.0
