topic,sentiment_mean,sentiment_std,subjectivity_mean,subjectivity_std,counting
Hazard,-0.08272643262375973,0.9534066130337212,0.08982987552780433,1.0272147864439116,97.0
Impacts,-0.3721042037676254,1.0,-0.31622776601683794,1.0,1.0
Mitigation,0.19098046569748575,0.8985636472759947,-0.1465536438756801,0.7327334329407884,36.0
