topic,sentiment_mean,sentiment_std,subjectivity_mean,subjectivity_std,counting
Hazard,-0.06414305607386149,0.9543391004503126,0.07664890246684783,1.0011647922152673,93.0
Impacts,-0.3721042037676254,1.0,-0.31622776601683794,1.0,1.0
Mitigation,0.14349323214173243,0.8968073857823642,-0.10601468632109753,0.8300725644840741,34.0
