topic,sentiment_mean,sentiment_std,subjectivity_mean,subjectivity_std,counting
Hazard,-0.022929547336785077,0.9373400407228613,0.11503702459196741,0.9875555010499663,52.0
Impacts,-7.314236392868126e-17,1.0,-0.408248290463863,1.0,1.0
Mitigation,0.0006490205705067661,0.6957544280122625,-0.21474218818996935,0.6308308651599212,17.0
