topic,sentiment_mean,sentiment_std,subjectivity_mean,subjectivity_std,counting
Hazard,-0.05134806662432023,0.9841758598760566,0.06164927025851657,1.0259658479093983,111.0
Impacts,-0.2855717846202229,0.6299275090899271,-0.29509323958628825,0.009076571123678942,5.0
Mitigation,0.13808408744266104,0.8478976227862896,-0.06536843393158623,0.783940596611414,43.0
