topic,sentiment_mean,sentiment_std,subjectivity_mean,subjectivity_std,counting
Hazard,-0.03234782461252302,0.9140704488571235,0.09957014608191914,0.9699375552042133,67.0
Impacts,-0.31572700914523844,1.0,-0.3535533905932738,1.0,1.0
Mitigation,0.08273002635356973,0.8951712609766163,-0.12978412134957296,0.8270425655136089,28.0
