topic,sentiment_mean,sentiment_std,subjectivity_mean,subjectivity_std,counting
Hazard,0.011906986343171883,0.9224435741451605,0.1388581478818386,0.9519963450091813,42.0
Mitigation,-0.2600343771754952,0.3631737079246637,-0.5982398047463421,0.17015633314631062,7.0
