topic,sentiment_mean,sentiment_std,subjectivity_mean,subjectivity_std,counting
Hazard,0.15783535476263505,0.6829197553707175,0.23411675639654192,0.8711657993142733,7.0
