keyword,sentiment_mean,sentiment_std,subjectivity_mean,subjectivity_std,counting
'Vulkan Aschewolke',-0.05887535603383078,1.1590947463668626,0.04504799220621556,0.9378899060006408,10.0
'Vulkan Eruption',-0.4942656931317862,1.0167890460416598,-0.5773502691896258,0.0,3.0
'Vulkan Lava',0.24123650661240506,1.0,0.0854894084850003,1.0,1.0
'Vulkan Warnstufe',-0.29911535597133276,1.0,-0.5,1.0,1.0
'Vulkan Warnung',-0.5,1.0,,1.0,1.0
'Vulkan ausgebrochen',0.11121088112373176,0.6453604756311943,0.4324502413712804,1.2135123015516627,13.0
'Vulkan',0.09707462723471716,0.8359922582707336,-0.330361145722382,0.26100077231608465,11.0
'Vulkanausbruch',0.06708574773110902,0.9009973922030032,0.0064989200019098,0.8323381898431474,14.0
