topic,sentiment_mean,sentiment_std,subjectivity_mean,subjectivity_std,counting
Hazard,-0.06004915758915541,0.9920224379749699,0.05903286683253726,1.0314366506170352,113.0
Impacts,-0.2702288265556855,0.6590866113194138,-0.2894307213451891,0.017084581217426398,5.0
Mitigation,0.1473524577851437,0.8330022368755144,-0.06370298739008648,0.783462241325571,44.0
