topic,sentiment_mean,sentiment_std,subjectivity_mean,subjectivity_std,counting
Hazard,-0.0726558682956385,0.9574360566798792,0.08858249266025447,1.0258226316191945,96.0
Impacts,-0.3721042037676254,1.0,-0.31622776601683794,1.0,1.0
Mitigation,0.16527368889935967,0.8911901358870189,-0.14364421406808223,0.7291551962915941,35.0
