keyword,sentiment_mean,sentiment_std,subjectivity_mean,subjectivity_std,counting
'Vulkan Aschewolke',-0.0387450116770597,1.1294057480399824,0.002788253378290214,0.9208158270016222,10.0
'Vulkan Eruption',-0.4942656931317862,1.0167890460416598,-0.5773502691896258,0.0,3.0
'Vulkan Lava',0.24123650661240506,1.0,0.0854894084850003,1.0,1.0
'Vulkan Warnstufe',-0.29911535597133276,1.0,-0.5,1.0,1.0
'Vulkan Warnung',-0.5,1.0,,1.0,1.0
'Vulkan ausgebrochen',0.11750618600361228,0.6847614234450627,0.524961939683891,1.0371362270042583,12.0
'Vulkan',0.11983761123713231,0.8269732552703395,-0.33915887980572235,0.2665578589573222,11.0
'Vulkanausbruch',0.03165194756421948,0.9020318894880317,-0.040251181001364746,0.9423845274054525,11.0
