topic,sentiment_mean,sentiment_std,subjectivity_mean,subjectivity_std,counting
Hazard,0.08020806713882979,0.8243587253653827,0.18396854675411256,0.9564893631462539,26.0
Mitigation,-0.7753512004288644,0.38940540206221247,-0.5773502691896257,1.0,2.0
