0,1,2,3,4,word,summary
46049.300792682625,13.575047776218232,0.00011426724541360733,-3.2943833404623646e-05,8.881784197001252e-16,summaryOfAllWords,39141.417036867184
-5.158710147128999,-0.885455794662847,-0.007906294094659774,0.0586403569712642,-2.042810365310288e-14,Guatemala,7.282991950814671
182.32539185040025,-117.13071593145821,0.20051255615430866,-0.038500982138717055,-1.7541523789077473e-14,Der,227.8804789793591
-6.165822257992101,-0.26133166682757913,0.008253025451009005,0.05049162715068081,-1.9317880628477724e-14,guatemala der,6.098208267627087
801.723240828202,-501.1609677161777,1.561238276276934,-0.4994740868383798,-3.6193270602780103e-14,Vulkan,956.670564968405
146.16740629809829,-94.71467159320115,0.09842739154477156,0.012492051200936436,-2.2537527399890678e-14,der vulkan,185.33766378232528
10.845994052657435,-10.809499400133452,-0.10092285912232385,0.08428209306111742,-1.942890293094024e-14,brodelt,26.114568173899453
-6.675629551010815,0.054501939230551244,0.01833243314828814,0.04533108777920815,-1.865174681370263e-14,vulkan brodel+t,5.498520739800831
2.119280494388004,-5.398335366306377,-0.06102732229336641,0.09209220588081166,-2.653433028854124e-14,Zeit,15.846447165587044
-7.778791537975856,0.7374850797613539,0.04684892430380801,0.030303171987625027,-1.6431300764452317e-14,brodel+t zeit,4.201117744430448
-8.048448126391776,0.9042803639154431,0.0558103534192273,0.025425539457616962,-1.5765166949677223e-14,kreisförmig,3.8840661985898244
-8.048448126391776,0.9042803639154431,0.0558103534192273,0.025425539457616962,-1.5765166949677223e-14,zeit kreisförmig,3.8840661985898244
-3.4867379465689377,-1.9211193891137284,-0.060124529815063575,0.052326968041342625,-1.2101430968414206e-14,premium,9.249637183169954
-8.301294125524237,1.060589893885879,0.06521260444560525,0.02021686947840018,-1.4988010832439613e-14,kreisförmig premium,3.5868284171916835
-8.42543717949819,1.1372964709956266,0.07024399996423072,0.017389027653499922,-1.454392162258955e-14,Ruinen,3.4409111534635324
-8.42543717949819,1.1372964709956266,0.07024399996423072,0.017389027653499922,-1.454392162258955e-14,premium ruine+n,3.4409111534635324
-8.301294125524237,1.060589893885879,0.06521260444560525,0.02021686947840018,-1.4988010832439613e-14,präkolumbischen,3.5868284171916835
-8.301294125524237,1.060589893885879,0.06521260444560525,0.02021686947840018,-1.4988010832439613e-14,ruine+n präkolumbisch+en,3.5868284171916835
-6.972332669563347,0.23826700371157195,0.024970156504581884,0.04189343400193457,-1.8096635301390052e-14,Großstadt,5.149534803652929
-7.970521811187203,0.8560881066952621,0.05311642190047666,0.026900459331596144,-1.5987211554602254e-14,präkolumbisch+en großstadt,3.975683974490078
-7.564555257813479,0.6049158151346332,0.04039007970725314,0.03376948859401366,-1.6986412276764895e-14,Regenwald,4.453038325241243
-7.564555257813479,0.6049158151346332,0.04039007970725314,0.03376948859401366,-1.6986412276764895e-14,großstadt regen+wald,4.453038325241243
-1.1196966053814545,-3.3895713261987983,-0.04579020429159594,0.0774556595581605,-2.2870594307278225e-14,aktive,12.035181975501798
-6.675629551010815,0.054501939230551244,0.01833243314828814,0.04533108777920815,-1.865174681370263e-14,regen+wald aktiv+e,5.498520739800831
50.98656606673036,-35.699253715122275,-0.05206912868891931,0.08615052413763442,-2.7533531010703882e-14,Vulkane,73.3455408454945
3.9753311227603163,-6.548978828372929,-0.06716260132044784,0.08837211177377356,-2.453592884421596e-14,aktiv+e vulkan+e,18.030215396791643
-7.1900011438097255,0.3730531113431219,0.03026891681888394,0.0391245611951174,-1.7763568394002505e-14,bunte,4.893526332777002
-7.1900011438097255,0.3730531113431219,0.03026891681888394,0.0391245611951174,-1.7763568394002505e-14,vulkan+e bunt+e,4.893526332777002
-7.564555257813479,0.6049158151346332,0.04039007970725314,0.03376948859401366,-1.6986412276764895e-14,Kolonialstädte,4.453038325241243
-7.564555257813479,0.6049158151346332,0.04039007970725314,0.03376948859401366,-1.6986412276764895e-14,bunt+e kolonialstädte,4.453038325241243
-7.398712403009119,0.502265472110845,0.035738914972150926,0.03624162057672378,-1.7319479184152442e-14,kolonialstädte guatemala,4.648068039132458
-8.285455890211207,1.05080163717803,0.06459156604726088,0.020563918216668222,-1.4988010832439613e-14,besitzt,3.6054457168722367
-8.285455890211207,1.05080163717803,0.06459156604726088,0.020563918216668222,-1.4988010832439613e-14,guatemala besitz+t,3.6054457168722367
-7.131538340078868,0.3368540312801218,0.028807057883011897,0.03989073809554765,-1.787459069646502e-14,Geschichte,4.962285257385669
-8.524384261285878,1.1984130463717724,0.074475864296487,0.01498774474348697,-1.4210854715202004e-14,besitz+t geschichte,3.3246211015332787
-8.652530621580059,1.2775323615515588,0.08027866806435005,0.011660112883767898,-1.3655743202889425e-14,Geologie,3.1740318965206735
-8.652530621580059,1.2775323615515588,0.08027866806435005,0.011660112883767898,-1.3655743202889425e-14,geschichte geologie,3.1740318965206735
-8.71413403234097,1.315552387012047,0.0832088071273637,0.00996406243241265,-1.3322676295501878e-14,Zentralamerikas,3.101647722645388
-8.71413403234097,1.315552387012047,0.0832088071273637,0.00996406243241265,-1.3322676295501878e-14,geologie zentralamerika+s,3.101647722645388
-8.804322771679582,1.3711951282323847,0.0876775362564371,0.007356565612468675,-1.2989609388114332e-14,bieten,2.995686368764523
-8.804322771679582,1.3711951282323847,0.0876775362564371,0.007356565612468675,-1.2989609388114332e-14,zentralamerika+s biet+en,2.995686368764523
-8.87263836220102,1.4133261681613496,0.09121397408749352,0.005274842111438659,-1.2545520178264269e-14,Schwitzend,2.9154326941594944
-8.91540462741138,1.4396925530642857,0.09349864320297988,0.00392126128633891,-1.2323475573339238e-14,plagen,2.865197495110726
-8.91540462741138,1.4396925530642857,0.09349864320297988,0.00392126128633891,-1.2323475573339238e-14,schwitz+end plag+en,2.865197495110726
19.766451256444178,-16.359826725232832,-0.3163251948427507,0.024267548118099613,2.708944180085382e-14,Wanderer,36.620379611062326
-8.969159478236856,1.4728241472614165,0.0964519523677913,0.0021612555767694733,-1.2101430968414206e-14,plag+en wanderer,2.802059811406576
-8.995833025810551,1.4892601257105855,0.09795255313967158,0.0012624917739935473,-1.1879386363489175e-14,bergauf,2.770732711241949
-8.995833025810551,1.4892601257105855,0.09795255313967158,0.0012624917739935473,-1.1879386363489175e-14,wanderer bergauf,2.770732711241949
-7.387159165884995,0.4963076627007288,0.013358745813619899,0.025094024818252295,-1.0658141036401503e-14,Ihnen,4.6609910274650135
-9.035689496171505,1.5138138535891745,0.10024003944475388,-0.0001134500470660188,-1.1657341758564144e-14,folgen,2.723925729273547
-9.035689496171505,1.5138138535891745,0.10024003944475388,-0.0001134500470660188,-1.1657341758564144e-14,ihnen folg+en,2.723925729273547
9.261315448960953,-9.829616031052497,-0.1753468606173137,0.04811374317505991,2.4424906541753444e-15,zwei,24.251291327121375
-9.052603308461615,1.5242316221753487,0.10122763228051165,-0.0007097078162948307,-1.1546319456101628e-14,folg+en zwei,2.704063462728559
-9.064107099916002,1.5313164617871349,0.10190521138998734,-0.001119571714064932,-1.1546319456101628e-14,gesattelte,2.6905546982856805
-9.064107099916002,1.5313164617871349,0.10190521138998734,-0.001119571714064932,-1.1546319456101628e-14,zwei gesattelt+e,2.6905546982856805
-9.087886071299634,1.545959318900491,0.10332116258930754,-0.00197812234185428,-1.1435297153639112e-14,Pferde,2.6626323743507467
-9.087886071299634,1.545959318900491,0.10332116258930754,-0.00197812234185428,-1.1435297153639112e-14,gesattelt+e pferd+e,2.6626323743507467
-9.119191369465103,1.565232785376564,0.10521759672318776,-0.003132378790353652,-1.1213252548714081e-14,Führer,2.62587450533249
-9.119191369465103,1.565232785376564,0.10521759672318776,-0.003132378790353652,-1.1213252548714081e-14,pferd+e führer,2.62587450533249
-3.0781653926812034,-2.174640942204307,-0.09808037733492778,0.037727816478967904,-2.3314683517128287e-15,Berg,9.730410421826639
-9.176978455431636,1.6007973440526608,0.10881873733400929,-0.005338105637308341,-1.0769163338864018e-14,bequem,2.5580293593577332
-9.176978455431636,1.6007973440526608,0.10881873733400929,-0.005338105637308341,-1.0769163338864018e-14,berg bequem,2.5580293593577332
-9.187110874172285,1.607031465043479,0.10946408501134827,-0.005735328308211475,-1.0769163338864018e-14,hinaufreiten,2.5461343312152502
-9.187110874172285,1.607031465043479,0.10946408501134827,-0.005735328308211475,-1.0769163338864018e-14,bequem hinauf+reit+en,2.5461343312152502
-9.204884105968299,1.6179653638147078,0.11060643982120616,-0.006439925722781414,-1.0658141036401503e-14,wolle,2.5252700485152957
-9.204884105968299,1.6179653638147078,0.11060643982120616,-0.006439925722781414,-1.0658141036401503e-14,hinauf+reit+en woll+e,2.5252700485152957
-9.213937909579288,1.6235344934840525,0.1111935033120221,-0.006802750217367499,-1.0547118733938987e-14,frohlocken,2.5146420094399526
-9.213937909579288,1.6235344934840525,0.1111935033120221,-0.006802750217367499,-1.0547118733938987e-14,woll+e frohlock+en,2.5146420094399526
-8.560979947887331,1.2210116982049368,0.076094493612933,0.014063650818802351,-1.3988810110276972e-14,Gleich,3.281614061891836
-6.005707516923878,-0.3605420790026037,0.005383421310703185,0.051948969618955274,-1.9539925233402755e-14,Beginn,6.286561166375334
-9.244805852105348,1.6425183130106948,0.11322168148174419,-0.00806005030171909,-1.0325074129013956e-14,gleich beginn,2.4784088015194445
-9.26498634991752,1.654926311269432,0.11457043270677086,-0.008899460023529478,-1.021405182655144e-14,au…,2.4547223136870264
-9.26498634991752,1.654926311269432,0.11457043270677086,-0.008899460023529478,-1.021405182655144e-14,beginn au…,2.4547223136870264
-9.270006119875177,1.6580123382688217,0.11490878489717693,-0.009110452417324364,-1.021405182655144e-14,+9349,2.4488306601380163
-9.270006119875177,1.6580123382688217,0.11490878489717693,-0.009110452417324364,-1.021405182655144e-14,au… +9349,2.4488306601380163
106.42077948427674,-70.07174717940211,-0.002199494219200543,0.004483792350985137,-6.106226635438361e-15,chars,138.57147389170106
-9.275881863425926,1.6616243988446442,0.11530629726165204,-0.009358549787893185,-1.0103029524088925e-14,+9349 char+s,2.441934466526578
-7.56771898149242,0.6068738243494876,0.04048163581571393,0.033720627746718926,-1.6986412276764895e-14,Welche,4.449317933876441
-4.5616373654302675,-1.254621352560069,-0.0888827819757741,0.026638114607623834,6.661338147750939e-16,Kanareninsel,7.984837921545992
-9.184258010564026,1.6052762541298162,0.10928195199881807,-0.0056231621526138705,-1.0769163338864018e-14,welche kanareninsel,2.5494834411737775
-9.152154758833596,1.5855219044491045,0.1072554468679342,-0.004378327273449507,-1.099120794378905e-14,Richtige,2.587172573418507
-9.152154758833596,1.5855219044491045,0.1072554468679342,-0.004378327273449507,-1.099120794378905e-14,kanareninsel richtig+e,2.587172573418507
-7.68885524001174,0.681837752646429,0.04407180813546861,0.03179846809718779,-1.6653345369377348e-14,Inseln,4.3068710043981415
-7.785517120769651,0.7416461545887727,0.04706060836946151,0.03018888592990615,-1.6431300764452317e-14,ewigen,4.193209523064109
-7.785517120769651,0.7416461545887727,0.04706060836946151,0.03018888592990615,-1.6431300764452317e-14,insel+n ewig+en,4.193209523064109
-7.832689898804732,0.7708303286045828,0.048561521322977794,0.029377290937235106,-1.63202784619898e-14,Frühlings,4.137742532882505
-7.832689898804732,0.7708303286045828,0.048561521322977794,0.029377290937235106,-1.63202784619898e-14,ewig+en frühling+s,4.137742532882505
57.15641596129517,-39.53036634377045,-0.14307164648790455,0.032219286395245406,2.4424906541753444e-15,Die,80.60792432422731
-7.8901580473669295,0.8063806589102738,0.050429233722510305,0.02836422123495281,-1.6209256159527285e-14,frühling+s der,4.07017177325845
-7.906899118752305,0.8167361465345628,0.05098164745120688,0.02806391223763875,-1.609823385706477e-14,Kanaren,4.050488091539892
-7.906899118752305,0.8167361465345628,0.05098164745120688,0.02806391223763875,-1.609823385706477e-14,der kanaren,4.050488091539892
-7.930063883817597,0.8310645909963106,0.05175236446129186,0.027644408974503175,-1.609823385706477e-14,Spaniens,4.0232519070999135
-7.930063883817597,0.8310645909963106,0.05175236446129186,0.027644408974503175,-1.609823385706477e-14,kanaren spanien+s,4.0232519070999135
-7.95318858582422,0.845367624492384,0.05252919460072447,0.027220964289865406,-1.5987211554602254e-14,Sonneninseln,3.99606317685206
-7.95318858582422,0.845367624492384,0.05252919460072447,0.027220964289865406,-1.5987211554602254e-14,spanien+s sonne+n+insel+n,3.99606317685206
-5.796077158146491,-0.4902054673466365,-0.11381634927498932,-0.0033884613879550315,1.4432899320127035e-14,Küste,6.532858859509474
-7.979656139046609,0.8617374787754648,0.053427607793769205,0.02673047178734711,-1.5987211554602254e-14,sonne+n+insel+n küste,3.9649445482015984
-7.046032135194175,0.28600883123146703,-0.03755180477791414,0.008419749850271576,1.3322676295501878e-15,Afrikas,5.061642943007784
-7.980804554372622,0.8624477400106998,0.05346681659247604,0.02670904659171243,-1.5987211554602254e-14,küste afrika+s,3.9635943355686982
-7.970443719618373,0.856039808410773,0.05311376665610926,0.02690190934741784,-1.5987211554602254e-14,locken,3.97577578867706
-7.970443719618373,0.856039808410773,0.05311376665610926,0.02690190934741784,-1.5987211554602254e-14,afrika+s lock+en,3.97577578867706
6.101814079982557,-7.871805048507408,-0.19539220022947243,0.03362726658978889,1.021405182655144e-14,Jahr,20.534353477821753
-7.953842609708374,0.8457721404316154,0.052551274646800136,0.02720891956331978,-1.5987211554602254e-14,lock+en jahr,3.9952942173345325
-7.9435866555240775,0.8394287396647648,0.05220572519396169,0.02739736035226895,-1.609823385706477e-14,Millionen,4.0073525461268655
-7.9435866555240775,0.8394287396647648,0.05220572519396169,0.02739736035226895,-1.609823385706477e-14,jahr million+en,4.0073525461268655
2.1999957741013514,-5.459107597083927,-0.25861705680723834,-0.006376693105725306,3.219646771412954e-14,Deutsche,15.94675682081079
-7.915875448426885,0.8222884824522967,0.05127942142926027,0.027901904781065943,-1.609823385706477e-14,million+en deutsch+e,4.039934048698064
-7.86303589647731,0.7896030982596911,0.04954230160823843,0.02884574015867592,-1.63202784619898e-14,besonders,4.102061609666631
-7.86303589647731,0.7896030982596911,0.04954230160823843,0.02884574015867592,-1.63202784619898e-14,deutsch+e besonders,4.102061609666631
-7.746796537975337,0.71768935265824,0.04584963164292366,0.030842087751829624,-1.6542323066914832e-14,daheim,4.238739151053395
-7.746796537975337,0.71768935265824,0.04584963164292366,0.030842087751829624,-1.6542323066914832e-14,besonders daheim,4.238739151053395
-7.682065062457652,0.677636071468692,0.04386609371129363,0.03190893598344106,-1.6764367671839864e-14,kalt,4.314855536143282
-7.682065062457652,0.677636071468692,0.04386609371129363,0.03190893598344106,-1.6764367671839864e-14,daheim kalt,4.314855536143282
3.636241941967956,-6.342257929507483,-0.18726483265449967,0.031116445159360854,1.021405182655144e-14,Doch,17.632901589979102
-7.342212596821187,0.4672895552812091,0.034217807560224064,0.03704590672178596,-1.7430501486614958e-14,gleicht,4.7145139375853455
-7.342212596821187,0.4672895552812091,0.034217807560224064,0.03704590672178596,-1.7430501486614958e-14,doch gleich+t,4.7145139375853455
-6.5305384544141365,-0.03537492642473916,0.015305477321654506,0.046888046071125754,-1.887379141862766e-14,rauen,5.669186450926709
-6.5305384544141365,-0.03537492642473916,0.015305477321654506,0.046888046071125754,-1.887379141862766e-14,gleich+t rau+en,5.669186450926709
3.9753311227603163,-6.548978828372929,-0.06716260132044784,0.08837211177377356,-2.453592884421596e-14,Vulkanlandschaften,18.030215396791643
-4.77215798396889,-1.12505638570159,-0.01309342770118814,0.061230545805961156,-2.0761170560490427e-14,rau+en vulkan+landschaft+en,7.737765953269621
-7.88160312791889,0.8010887383585499,0.0501484097980216,0.02851676738099343,-1.6209256159527285e-14,grünen,4.080230475584151
-7.88160312791889,0.8010887383585499,0.0501484097980216,0.02851676738099343,-1.6209256159527285e-14,vulkan+landschaft+en grün+en,4.080230475584151
-8.072363405811522,0.9190687941320963,0.05665529910948039,0.024961365095505835,-1.5654144647214707e-14,Oasen,3.8559499414961103
-8.072363405811522,0.9190687941320963,0.05665529910948039,0.024961365095505835,-1.5654144647214707e-14,grün+en oase+n,3.8559499414961103
-8.331606725891035,1.0793223023912875,0.06641404490930919,0.019544243959800634,-1.4876988529977098e-14,pass…,3.551197670407258
-8.331606725891035,1.0793223023912875,0.06641404490930919,0.019544243959800634,-1.4876988529977098e-14,welche pass…,3.551197670407258
-8.413065622559401,1.129653529243972,0.06972912814906213,0.017679745203669606,-1.454392162258955e-14,pass… insel+n,3.455451915105137
-9.194101256835138,1.611332078722741,0.10991180067235334,-0.006011254162695812,-1.0658141036401503e-14,+5699,2.5379280959413175
-9.194101256835138,1.611332078722741,0.10991180067235334,-0.006011254162695812,-1.0658141036401503e-14,gleich+t +5699,2.5379280959413175
-9.202233169850826,1.6163346469700106,0.11043520913815069,-0.006334192687797752,-1.0658141036401503e-14,+5699 chars,2.528381964919058
-9.006986594323537,1.4961319917251514,0.09858715847746097,0.0008814860687181118,-1.1879386363489175e-14,Magisches,2.757633722548162
-5.5691608925432,-0.6304281223366885,-0.016782454642528873,0.048124511670644465,-1.554312234475219e-14,Bali,6.7997557172119505
-8.97830644783747,1.4784607402034737,0.09696386054354889,0.0018549972642442313,-1.199040866595169e-14,magisch+es bali,2.7913168570375038
3.725222939640794,-6.394442537153703,-0.1337198130744407,0.05624232487080949,-5.218048215738236e-15,Mount,17.736110755715412
-8.959739637250038,1.4670190608724818,0.09592766371563793,0.0024745548955473554,-1.2101430968414206e-14,bali mount,2.813123436301995
-8.94002445355482,1.4548682425910466,0.09483973076189453,0.0031234941473411992,-1.2212453270876722e-14,Batur,2.8362795712203877
-8.94002445355482,1.4548682425910466,0.09483973076189453,0.0031234941473411992,-1.2212453270876722e-14,mount batur,2.8362795712203877
-6.531531972306907,-0.03475946302074595,0.015325750760281392,0.046877639424210346,-1.887379141862766e-14,Reisterrassen,5.668017794166257
-8.91540462741138,1.4396925530642857,0.09349864320297988,0.00392126128633891,-1.2323475573339238e-14,batur reis+terrasse+n,2.865197495110726
-8.851291031849906,1.4001626718980515,0.0900942632650345,0.00593572190448869,-1.2656542480726785e-14,Inseltraum,2.9405095413806968
-8.851291031849906,1.4001626718980515,0.0900942632650345,0.00593572190448869,-1.2656542480726785e-14,reis+terrasse+n insel+traum,2.9405095413806968
-8.799274341121055,1.3680811025466422,0.08742151813290996,0.00750664123646343,-1.2989609388114332e-14,Gili,3.0016173358947746
-8.799274341121055,1.3680811025466422,0.08742151813290996,0.00750664123646343,-1.2989609388114332e-14,insel+traum gili,3.0016173358947746
-7.710836684782921,0.6954393115019841,0.04474150988787837,0.031438559740037175,-1.6653345369377348e-14,Vergiss,4.281023312485781
-8.77295062272774,1.351842554542897,0.08609807280340995,0.008281090467027723,-1.3100631690576847e-14,gili vergis+s,3.0325435107075913
-7.539260150953434,0.5892605284393673,0.03966197317028489,0.034157782392335884,-1.6986412276764895e-14,Alltag,4.482784357395802
-7.539260150953434,0.5892605284393673,0.03966197317028489,0.034157782392335884,-1.6986412276764895e-14,vergis+s alltag,4.482784357395802
19.31077948570021,-16.058885222593055,-0.10767723857702391,0.09104534251388746,-2.142730437526552e-14,Auf,36.074882993017255
-7.428892417442311,0.5209473128917539,0.0365642872051954,0.03580435036977604,-1.7319479184152442e-14,alltag auf,4.612575733492036
-7.727903760197766,0.7059996652172957,0.04526548294014866,0.031156667287097577,-1.6653345369377348e-14,auf bali,4.260954540082859
-7.283328174905127,0.43083510250049883,0.032664943710417074,0.03786490643955333,-1.7541523789077473e-14,wartet,4.78376554912956
-7.283328174905127,0.43083510250049883,0.032664943710417074,0.03786490643955333,-1.7541523789077473e-14,bali wart+et,4.78376554912956
14.987663980610034,-13.38562483337423,-0.22983101519614288,0.02826739994293643,1.5765166949677223e-14,Leben,30.991826722337112
-7.063053276936046,0.29444682743621486,0.02713132808252025,0.040766851164369906,-1.7985612998927536e-14,wart+et leben,5.0428329195990536
-6.832254905906199,0.1515139561507528,0.021757541347744505,0.04356137558959349,-1.8318679906315083e-14,Farben,5.314293182702466
-6.832254905906199,0.1515139561507528,0.021757541347744505,0.04356137558959349,-1.8318679906315083e-14,leben farbe+n,5.314293182702466
-1.165456873616403,-3.36119679255382,-0.04550517824924798,0.0773135753303711,-2.2870594307278225e-14,nie,11.98133929574751
-5.792387182705648,-0.4927300029609567,0.0017524450933446428,0.053786166113690824,-1.9761969838327786e-14,farbe+n nie,6.537508934581842
-5.465901530001508,-0.6950624402034786,-0.003419509728477141,0.05639096526747267,-2.0095036745715333e-14,gesehen,6.921594347693977
-5.465901530001508,-0.6950624402034786,-0.003419509728477141,0.05639096526747267,-2.0095036745715333e-14,nie ge+seh+en,6.921594347693977
-4.45069977082044,-1.3243234231915753,-0.01706282006556993,0.0632063736457307,-2.098321516541546e-14,hast,8.115966023463837
-4.45069977082044,-1.3243234231915753,-0.01706282006556993,0.0632063736457307,-2.098321516541546e-14,ge+seh+en hab+st,8.115966023463837
-1.8217115016239518,-2.954278806243629,-0.04115355455989646,0.07514885462246543,-2.2648549702353193e-14,Vom,11.209177029055596
-0.28552094514476245,-3.9068246490115457,-0.05061085890176067,0.07986631685225032,-2.3314683517128287e-14,Vulkanfeuer,13.016698354013446
-0.28552094514476245,-3.9068246490115457,-0.05061085890176067,0.07986631685225032,-2.3314683517128287e-14,von vulkan+feuer,13.016698354013446
-5.638977071990727,-0.587799889338628,-0.0007329001966292908,0.05503957571286784,-1.9872992140790302e-14,türkisen,6.717982643161748
-5.638977071990727,-0.587799889338628,-0.0007329001966292908,0.05503957571286784,-1.9872992140790302e-14,vulkan+feuer türkisen,6.717982643161748
-1.8818930154799212,-2.917465422616702,-0.1329075758101684,0.03061987991541181,4.218847493575595e-15,Meer,11.1384838803782
-6.218291559614063,-0.22882217005781458,0.00922202661720041,0.04999838915903289,-1.9206858326015208e-14,türkisen meer,6.036486267972868
-6.605579445263894,0.011110338186404611,0.01685415134641327,0.04609226881844945,-1.8762769116165146e-14,Gili-Inseln,5.580917711186196
-6.605579445263894,0.011110338186404611,0.01685415134641327,0.04609226881844945,-1.8762769116165146e-14,meer gili-insel+n,5.580917711186196
-7.085499034553987,0.3083459432533,0.027676260917782733,0.04048219695481456,-1.7985612998927536e-14,üppigen,5.016433520279561
-7.085499034553987,0.3083459432533,0.027676260917782733,0.04048219695481456,-1.7985612998927536e-14,gili-insel+n üppig+en,5.016433520279561
-7.247207091822442,0.4084719488898578,0.03172828889739275,0.03835790907751749,-1.765254609153999e-14,Grün,4.826246746364823
-7.247207091822442,0.4084719488898578,0.03172828889739275,0.03835790907751749,-1.765254609153999e-14,üppig+en grün,4.826246746364823
-7.398712403009119,0.502265472110845,0.035738914972150926,0.03624162057672378,-1.7319479184152442e-14,grün reis+terrasse+n,4.648068039132458
-7.6795887321111085,0.6761037369703997,0.04379120640389045,0.03194914014801761,-1.6764367671839864e-14,Gold,4.317767445085812
-7.6795887321111085,0.6761037369703997,0.04379120640389045,0.03194914014801761,-1.6764367671839864e-14,reis+terrasse+n gold,4.317767445085812
-8.804322771679582,1.3711951282323847,0.0876775362564371,0.007356565612468675,-1.2989609388114332e-14,balinesischen,2.995686368764523
-8.804322771679582,1.3711951282323847,0.0876775362564371,0.007356565612468675,-1.2989609388114332e-14,gold balinesisch+en,2.995686368764523
-8.868472011027457,1.4107571747910557,0.09099437368771318,0.00540458490740562,-1.2656542480726785e-14,Tempel,2.9203268671509766
-8.868472011027457,1.4107571747910557,0.09099437368771318,0.00540458490740562,-1.2656542480726785e-14,balinesisch+en tempel,2.9203268671509766
-6.684925730832815,0.06026018396891608,0.01853103996218909,0.0452287042785171,-1.8540724511240114e-14,besten,5.487586121775868
-8.880823559980191,1.4183730286689809,0.09164692133622343,0.005018865695688532,-1.2545520178264269e-14,packst,2.905817715850734
-8.880823559980191,1.4183730286689809,0.09164692133622343,0.005018865695688532,-1.2545520178264269e-14,gut+esten pack+st,2.905817715850734
-8.804322771679582,1.3711951282323847,0.0876775362564371,0.007356565612468675,-1.2989609388114332e-14,Koff…,2.995686368764523
-8.804322771679582,1.3711951282323847,0.0876775362564371,0.007356565612468675,-1.2989609388114332e-14,pack+st koff…,2.995686368764523
-8.77295062272774,1.351842554542897,0.08609807280340995,0.008281090467027723,-1.3100631690576847e-14,koff… vergis+s,3.0325435107075913
-8.783703270354543,1.3584758932114762,0.08663635512915882,0.00796637130027197,-1.2989609388114332e-14,der…,3.0199107222136155
-8.783703270354543,1.3584758932114762,0.08663635512915882,0.00796637130027197,-1.2989609388114332e-14,gold der…,3.0199107222136155
-8.814216361093706,1.3772975627136679,0.08818134835437688,0.007060988434104031,-1.2878587085651816e-14,+503,2.98406336862753
-8.814216361093706,1.3772975627136679,0.08818134835437688,0.007060988434104031,-1.2878587085651816e-14,der… +503,2.98406336862753
-8.837833119386826,1.3918632757706075,0.0893952811417098,0.006347447399026165,-1.27675647831893e-14,+503 chars,2.9563190690358936
12.737522794988298,-11.982408568797927,-0.08330810035589252,0.09401587848737494,-2.5091040356528538e-14,Seit,28.340258512394556
1.690610612714817,-5.132212024325467,-0.05968542084785877,0.08446540623616162,-2.398081733190338e-14,2023,15.341897477704853
1.075095395948738,-4.750531281215299,-0.05716412075267488,0.08317657375892416,-2.375877272697835e-14,seit 2023,14.617654005766488
1.4658138728763745,-4.992815394231878,-0.05879323341845333,0.08400811808163855,-2.3869795029440866e-14,aktiv,15.077391107844052
-2.0432704393406382,-2.816901307595272,-0.03956457128396914,0.07436010631728471,-2.2537527399890678e-14,2023 aktiv,10.948488004607366
3.254871204561086,-6.102216728668411,-0.06508781676900288,0.08727158566371476,-2.4424906541753444e-14,Indonesischer,17.18248445899085
-2.8743622042639334,-2.301598530665672,-0.03298377084316758,0.07109896110875939,-2.2093438190040615e-14,aktiv indonesisch+er,9.970624440201611
16.15694250028437,-14.102776496113446,-0.0802661989882895,0.09691114314995157,-2.6645352591003757e-14,indonesisch+er vulkan,32.363733889152385
50.955109302434565,-35.68008186573788,-0.06851774799206288,0.07819391934636158,-2.2648549702353193e-14,spuckt,73.30867705710202
16.276872099776075,-14.177143074782226,-0.08026845577971822,0.09693762120026773,-2.6645352591003757e-14,vulkan spuck+t,32.50484875880449
6.540195154594276,-8.138961313398944,-0.09311730836005178,0.06917930652763368,-1.4765966227514582e-14,zehn,21.047881877370337
-0.7842604749113065,-3.5975661965315617,-0.0478118120656562,0.07846473142321854,-2.3092638912203256e-14,spuck+t zehn,12.42986535591289
32.546902779372346,-24.270380334812184,-0.17371849754982815,0.039881416678191534,4.218847493575595e-15,Kilometer,51.65113734607434
3.537751343434886,-6.2766943462050016,-0.08193515299590758,0.05186384301914957,-9.658940314238862e-15,zehn kilo+meter,17.514835520300625
29.481063588631603,-22.377452492486,-0.2520553626355503,0.01690766608070362,2.1760371282653068e-14,hohe,48.04788573030753
11.474505878036314,-11.205618554231785,-0.21777521739134773,0.03129540694503566,1.3322676295501878e-14,kilo+meter hoch+e,26.85728231984917
18.854372285724047,-15.775388426590318,-0.11468828214768345,0.06386372363919937,-1.0769163338864018e-14,Aschesäule,35.537602006235645
2.6110921766131234,-5.702817989648121,-0.07456457176001273,0.08067945856864446,-2.0872192862952943e-14,hoch+e asche+säule,16.424863745114454
3.1231845342879367,-6.019890787221934,-0.09446136500466187,0.0526817086034424,-8.43769498715119e-15,Hier,17.027150345927144
-8.301294125524237,1.060589893885879,0.06521260444560525,0.02021686947840018,-1.4988010832439613e-14,asche+säule hier,3.5868284171916835
2.911372829671299,-5.889266189440395,-0.12165466016636874,0.04738064153073211,-3.3306690738754696e-15,finden,16.778251376504112
1.1993810818306283,-4.82691728297949,-0.08178816785643621,0.05836960563241937,-1.1879386363489175e-14,hier find+en,14.763504867011216
43.01792376422712,-30.76051335812348,-0.12622357737782208,0.03520828343136367,0.0,Sie,63.97046387115868
1.3945153723526076,-4.948302648618103,-0.09968328601733528,0.06294888243956902,-1.1435297153639112e-14,find+en sie,14.99327455047021
2.698982591264361,-5.757356137088342,-0.1056336531473685,0.06622921233821966,-1.199040866595169e-14,Informationen,16.528250120730824
1.6500932972532336,-5.106861425395184,-0.1030001458260358,0.06365192480941757,-1.1324274851176597e-14,sie information+en,15.294034295328553
5.887285726260085,-7.734730718482938,-0.1171406553888451,0.06938867399158229,-1.199040866595169e-14,Thema,20.279922311081037
5.887285726260085,-7.734730718482938,-0.1171406553888451,0.06938867399158229,-1.199040866595169e-14,information+en thema,20.279922311081037
-8.179249820512178,0.9851541149452452,0.06054150344082676,0.022816633615524,-1.532107773982716e-14,thema seit,3.7302931740507197
7.0811930695178305,-8.475009965345421,-0.1120691764585093,0.07407003331835897,-1.432187701766452e-14,Lesen,21.68471347115073
6.661829288709097,-8.214105798420121,-0.08975451187425236,0.060319986226419,-1.1879386363489175e-14,les+en sie,21.190868004471735
-7.3347620639660605,0.46267717363314453,0.03401951980407161,0.03715060236172002,-1.7430501486614958e-14,sie indonesisch+er,4.723276138161061
15.352154544271805,-13.603643463714178,-0.07243906763777873,0.0970867827614098,-2.7533531010703882e-14,Lewotobi,31.41674644342382
11.456080662999284,-11.187815826138047,-0.07872149890685982,0.09521446627213234,-2.5979218776228663e-14,vulkan lewotobi,26.83246616821121
10.075798723984242,-10.331695980485495,-0.06647065102172925,0.09193365256224939,-2.6201263381153694e-14,Laki-Laki,25.208266696027273
10.075798723984242,-10.331695980485495,-0.06647065102172925,0.09193365256224939,-2.6201263381153694e-14,lewotobi laki-laki,25.208266696027273
25.09711862280523,-19.649553118240583,-0.1656907155979414,0.056858124467817656,-2.55351295663786e-15,indonesischen,42.88467079494657
-6.44987365750679,-0.08534626642975152,0.013679577755748629,0.04772173035418473,-1.8984813721090177e-14,laki-laki indonesisch+en,5.764071640534293
43.58940089637953,-31.11971595170365,-0.18385010524443957,0.051007515091829506,8.881784197001252e-16,Insel,64.64531818267496
12.748402405368328,-11.991036957571339,-0.1578930391369649,0.05952221806397594,-3.885780586188048e-15,indonesisch+en insel,28.353931518140005
1.050129779849721,-4.73431657297761,-0.05405303335041724,0.06233020595001022,-1.6542323066914832e-14,Flores,14.587912015797261
-2.5686113663800523,-2.4904873301201724,-0.06719365960546769,0.056946934024007245,-1.2989609388114332e-14,insel flore+s,10.329958849309879
19.572739048290224,-16.222914620178116,-0.1558349897553899,0.04975247088249244,-8.881784197001252e-16,erneut,36.38389164138307
-4.152927163549112,-1.508096313603414,-0.037773452322990966,-0.026232750288056588,1.3766765505351941e-14,flore+s erneut,8.465902237461803
92.3944699257696,-61.40891339249829,-0.2648409387729391,-0.05791620626330132,4.773959005888173e-14,ausgebrochen,122.08525532020124
9.04740997236663,-9.727405312340084,-0.3929179425566278,-0.038671977001320246,5.928590951498336e-14,erneut aus+ge+brech+en,24.015273805733237
0.08979570051317332,-4.143208142904058,-0.1863709772340995,0.017467363251098662,1.509903313490213e-14,knapp,13.460020800834718
-7.370152183872458,0.4865110061103177,-0.07044797968492499,-0.01681384660626607,1.4210854715202004e-14,der knapp,4.680474619680124
-7.48450865436492,0.5577247197294155,-0.049893586921002236,-0.009854153333443454,9.325873406851315e-15,1.600,4.54579259529238
-7.48450865436492,0.5577247197294155,-0.049893586921002236,-0.009854153333443454,9.325873406851315e-15,knapp 1.600,4.54579259529238
25.960307034395537,-20.18790338682208,-0.20177677837581562,0.04039109101197956,7.549516567451064e-15,Meter,43.90191459851559
-7.5785032501487315,0.6160399167595814,-0.034795551765538585,-0.005099863239482798,5.773159728050814e-15,1.600 meter,4.435203857157565
10.437814715526233,-10.570192190994058,-0.27998061381488365,0.0030616496563563647,3.086420008457935e-14,meter hoch+e,25.64126627681231
1.5672435396149549,-5.0554565574548995,-0.10075544451600765,0.06438758884018685,-1.1879386363489175e-14,Feuerberg,15.196536832348697
-7.718020866971198,0.7023537775877986,-0.015072582761274399,0.00046173756174123365,1.5543122344752192e-15,hoch+e feuer+berg,4.2711798641812395
-2.0725424771518455,-2.798150468037156,-0.04409452066311312,0.05821821691216901,-1.609823385706477e-14,spuckte,10.913731570519206
-7.820829938710011,0.7658365963409532,-0.0023142519992596505,0.0035307641768698265,-1.1102230246251565e-15,feuer+berg spuck+te,4.150373322685746
-7.931970262807626,0.8343943255130601,0.010072341352074299,0.005987116668996404,-3.4416913763379853e-15,spuck+te asche+säule,4.01981158264568
-5.444081989142118,-0.7084250261136038,0.01805891852076945,0.024457827422378516,-1.1102230246251565e-14,asche+säule zehn,6.947243699903869
6.091671785104477,-7.865097023661475,-0.1901296571399782,0.03601616090337376,8.659739592076221e-15,hoch,20.522207328871026
-4.096025862273437,-1.5498059435943357,-0.1990863017088071,-0.020598207510249326,3.064215547965432e-14,kilo+meter hoch,8.535925485321231
-8.254561274120782,1.033197163781385,0.04001290921796591,0.00897997314923474,-7.993605777301127e-15,Gip…,3.640940091438916
-8.254561274120782,1.033197163781385,0.04001290921796591,0.00897997314923474,-7.993605777301127e-15,hoch gip…,3.640940091438916
-8.23221229136692,1.0189331859120425,0.04699320067194443,0.013561358056499134,-1.0436096431476471e-14,+1703,3.6674610640801197
-9.076528666503132,1.54024015869173,0.08684868924054001,-0.01013980246712214,-6.5503158452884236e-15,gip… +1703,2.6752725171921106
-9.08941227293084,1.548121670602074,0.08837161192648235,-0.01020554744425926,-6.661338147750939e-15,+1703 char+s,2.6601726443192866
-5.497555626533468,-0.675444568473563,-0.002937080768691161,0.056148558207276295,-2.0095036745715333e-14,asche+säule der,6.884355189780182
-4.894607560792921,-1.050595761868292,0.02491394334110758,0.06328911967949553,-2.5979218776228663e-14,der lewotobi,7.59453179038664
-5.5875378914991,-0.6213407026416098,0.054265472536725035,0.032537330814188484,-1.8207657603852567e-14,laki-laki flore+s,6.77949667357205
9.00355021265684,-9.675580469481243,-0.22286967354478152,-0.01846733690802942,3.197442310920451e-14,riesige,23.95100346421779
-6.939642352106154,0.20568576084628987,0.19575146663986784,-0.07180210454195735,2.886579864025407e-15,erneut riesig+e,5.194895472686359
0.06663044817545583,-4.125169259434582,-0.10953927226115745,0.0023594134945476262,1.1546319456101628e-14,riesig+e asche+säule,13.430986194884891
24.426499793372702,-19.234633573539565,-0.17117928232231872,0.010126013657267357,1.509903313490213e-14,Himmel,42.09609593202005
-2.822795922238736,-2.337182712257,0.09297385165545025,-0.07428227751091149,1.5765166949677223e-14,asche+säule himmel,10.033545530805132
-5.5767564347369705,-0.6488936584471543,0.24744247059958538,-0.16316117689135004,2.9753977059954195e-14,geschleudert,6.803687502805246
-5.5767564347369705,-0.6488936584471543,0.24744247059958538,-0.16316117689135004,2.9753977059954195e-14,himmel ge+schleuder+t,6.803687502805246
-5.772479965042408,-0.6258509169862059,0.5781758729723534,-0.3407363211378278,5.5067062021407764e-14,nahe,6.625961908354949
-6.312145647430571,-0.3200124016426127,0.6340238096941201,-0.3800127939694882,6.283862319378386e-14,der nah+e,6.006276574153903
23.12010788504038,-18.581761583598418,0.6992983112869645,-0.4716024128687252,8.704148513061227e-14,Flughafen,40.64378476600211
-5.743550587702241,-0.7903572120089213,0.8098174100796364,-0.5132065508772741,9.015010959956271e-14,nah+e flug+hafen,6.737800772285179
4.559755679511563,-6.916404145846524,0.12384296779186582,-0.11293812352571263,2.5757174171303632e-14,wurde,18.72103757504595
-3.2859481048009496,-2.1018641479886777,0.4083919749128977,-0.22513130157174202,3.3084646133829665e-14,flug+hafen werd+e,9.51662768868229
1.4326443903161028,-4.978623847253425,0.14602768742952646,-0.08586553775669661,1.354472090042691e-14,geschlossen,15.042235816923858
-6.612597119615769,-0.05086137232723287,0.44103214155770165,-0.24105331900052815,3.530509218307998e-14,werd+e ge+schließ+en,5.608627349735635
15.99344223395547,-14.002030557528183,-0.1309887673855668,0.06500010080984191,-9.2148511043888e-15,Behörden,32.17161205239664
-7.344513264788723,0.45665413667958576,0.19540024968424693,-0.07023613708582437,2.4424906541753444e-15,ge+schließ+en behörde+n,4.718548640815902
-0.3705024277088498,-3.852893080614727,-0.05885185622005111,0.02871316714955818,-3.885780586188048e-15,warnen,12.91607343167103
-2.2928295101258573,-2.660930280122511,-0.04873410509770118,0.009986113664902312,1.7763568394002505e-15,behörde+n warn+en,10.65422728761874
-2.886083020915178,-2.2935168836955504,-0.013444386499435405,0.029704868228259417,-9.43689570931383e-15,weiteren,9.95647083178778
-6.977892244617245,0.23753053499189125,0.11329317490893867,-0.016523937352808184,-7.438494264988549e-15,warn+en weit+er+en,5.145408958889972
-5.091013113393003,-0.9283844100098539,0.04412027810167493,0.024293142065071677,-1.4099832412739488e-14,Gefahren,7.363272809918384
-6.574506016602827,-0.010777921256306833,0.0869476094347465,-0.00027091853409157846,-1.021405182655144e-14,weit+er+en gefahr+en,5.619028401493446
6.293075667572378,-7.988344115852751,-0.16443127402691832,0.033740453948973306,6.439293542825908e-15,Kopiere,20.758375553566477
6.2169641124358,-7.94077182381066,-0.1585587344557488,0.037072222429209926,4.440892098500626e-15,aktuellen,20.668629637913494
6.2169641124358,-7.94077182381066,-0.1585587344557488,0.037072222429209926,4.440892098500626e-15,kopier+e aktuell+en,20.668629637913494
6.765739363681501,-8.280998556663066,-0.15747109420616623,0.03990091927556556,3.3306690738754696e-15,Link,21.314312943055977
6.765739363681501,-8.280998556663066,-0.15747109420616623,0.03990091927556556,3.3306690738754696e-15,aktuell+en link,21.314312943055977
7.310245362822837,-8.618616513575265,-0.15694582091353224,0.04243733937532969,2.4424906541753444e-15,Zur,21.95499225823403
7.310245362822837,-8.618616513575265,-0.15694582091353224,0.04243733937532969,2.4424906541753444e-15,link zu,21.95499225823403
7.771073568866122,-8.90437665022839,-0.15687942040382707,0.0440896273473408,1.7763568394002505e-15,Merkliste,22.49722758284161
7.771073568866122,-8.90437665022839,-0.15687942040382707,0.0440896273473408,1.7763568394002505e-15,zu merk+liste,22.49722758284161
9.496087645398038,-9.974187627588181,-0.15855646596530534,0.04787143226988541,4.440892098500626e-16,hinzufügen,24.527037391494712
-2.1958109778364374,-2.721341230647481,-0.061672618483769225,0.04278870216894935,-8.548717289613705e-15,merk+liste hinzu+füg+en,10.768468541339352
-4.425539921234262,-1.3386749455830445,-0.03670056762506018,0.016802682296432545,-1.9984014443252818e-15,hinzu+füg+en der,8.144905996338906
-9.169516752798444,1.543947584843457,0.40753935859892887,-0.20931747928856526,2.7755575615628914e-14,Behörd…,2.5950460043465395
-9.169516752798444,1.543947584843457,0.40753935859892887,-0.20931747928856526,2.7755575615628914e-14,ge+schließ+en behörd…,2.5950460043465395
-9.198819443704242,1.5706477149340081,0.3772064521359415,-0.18805154761800477,2.375877272697835e-14,+1797,2.555998943058045
-9.198819443704242,1.5706477149340081,0.3772064521359415,-0.18805154761800477,2.375877272697835e-14,behörd… +1797,2.555998943058045
-9.214874450516275,1.5848597571566057,0.36085174082205296,-0.17663494024908458,2.1538326677728037e-14,+1797 char+s,2.5348253908912985
-9.076528666503132,1.54024015869173,0.08684868924054001,-0.01013980246712214,-6.5503158452884236e-15,+2329,2.6752725171921106
-9.076528666503132,1.54024015869173,0.08684868924054001,-0.01013980246712214,-6.5503158452884236e-15,gip… +2329,2.6752725171921106
-9.08941227293084,1.548121670602074,0.08837161192648235,-0.01020554744425926,-6.661338147750939e-15,+2329 char+s,2.6601726443192866
-5.780853437317687,-0.49850133165810906,-0.07569951936465005,0.015517136620985132,3.1086244689504383e-15,laki-laki erneut,6.550229475371546
1.8674915988788339,-5.241083540546715,-0.09346967656176089,0.023955345282248422,1.7763568394002505e-15,nan,15.549574052970048
-8.189104297033719,0.9941091469864538,-0.002080563180105424,-0.010170419233863044,3.774758283725532e-15,aus+ge+brech+en nan,3.717100955196416
-8.17774802379701,0.9866121707565405,0.015667984532684753,-0.0005214896166955731,-1.6653345369377348e-15,nan auf,3.7307307152918616
-4.941364752582722,-1.019830102404598,-0.019046916419491598,0.05607102809282877,-1.8207657603852567e-14,auf indonesisch+en,7.538501254966082
-0.28552094514476245,-3.9068246490115457,-0.05061085890176067,0.07986631685225032,-2.3314683517128287e-14,flore+s vulkan,13.016698354013446
-4.856123842533637,-1.0721154979856853,-0.06860814520646437,0.053876979824638335,-1.1546319456101628e-14,zweimal,7.638404522151637
-5.809972034765953,-0.4803553723715588,-0.06724073920483073,0.01918710723983961,8.881784197001252e-16,laki-laki zweimal,6.515933549027024
-5.664886915720539,-0.580252518058237,-0.2172210987301401,-0.0508504679943592,4.374278717023117e-14,zweimal aus+ge+brech+en,6.691639905059239
28.355534849051228,-21.667185794266963,-0.11775318744995007,0.021928696595300147,4.218847493575595e-15,Nach,46.71728698585084
68.03799861517395,-46.278117021858826,-0.13159822932236317,0.03277250149852974,4.440892098500626e-16,Ausbruch,93.41186302346061
14.92629632115045,-13.343598085126384,-0.18737423526942182,0.04733104927365586,3.774758283725532e-15,nach ausbruch,30.9175936097939
-8.462691415967779,1.1618004906917903,0.04964434432576728,0.004799916150044024,-7.549516567451064e-15,gestern,3.396305553906894
-8.462691415967779,1.1618004906917903,0.04964434432576728,0.004799916150044024,-7.549516567451064e-15,ausbruch gestern,3.396305553906894
-6.129396819642931,-0.2837152446463804,0.00397382012224716,0.049008962972563797,-1.8318679906315083e-14,Abend,6.140953809693886
-8.399686936034263,1.1218990564595026,0.06218543111889707,0.014303490307991034,-1.2434497875801753e-14,gestern abend,3.470896367338744
-2.0623702922662126,-2.8057956522803624,-0.13930592762855365,0.03346018260568582,3.9968028886505635e-15,brach,10.926238639082333
-8.331606725891035,1.0793223023912875,0.06641404490930919,0.019544243959800634,-1.4876988529977098e-14,abend brech,3.551197670407258
-2.3190224991431307,-2.6452652343775163,-0.01707308440056133,0.042096729414336856,-1.3433698597964394e-14,heute,10.623750245708177
-8.179249820512178,0.9851541149452452,0.06054150344082676,0.022816633615524,-1.532107773982716e-14,brech heute,3.7302931740507197
-6.888430769822933,0.18768624794316535,-0.006975008223240056,0.027677130095790117,-9.2148511043888e-15,Früh,5.247444180885127
-8.048448126391776,0.9042803639154431,0.0558103534192273,0.025425539457616962,-1.5765166949677223e-14,heute früh,3.8840661985898244
-7.912623239980011,0.8202768298296896,0.051171407259200954,0.027960681586184276,-1.609823385706477e-14,früh erneut,4.0437578714501425
-2.5446047896245165,-2.5055817839042063,-0.10232145374559214,0.040202231364089944,-2.7755575615628914e-15,schleuderte,10.358259637987636
-6.351756071232351,-0.145903974290984,0.007418376186182546,0.04651718936170714,-1.7763568394002505e-14,erneut schleuder+te,5.879360793007183
-4.77215798396889,-1.12505638570159,-0.01309342770118814,0.061230545805961156,-2.0761170560490427e-14,Vulkangestein,7.737765953269621
-4.77215798396889,-1.12505638570159,-0.01309342770118814,0.061230545805961156,-2.0761170560490427e-14,schleuder+te vulkan+gestein,7.737765953269621
-7.3347620639660605,0.46267717363314453,0.03401951980407161,0.03715060236172002,-1.7430501486614958e-14,vulkan+gestein zehn,4.723276138161061
-7.612735217910432,0.6347331739459592,0.04179636192709178,0.03301813689702949,-1.687538997430238e-14,Kilom…,4.396381456014982
-7.612735217910432,0.6347331739459592,0.04179636192709178,0.03301813689702949,-1.687538997430238e-14,zehn kilom…,4.396381456014982
-7.912623239980011,0.8202768298296896,0.051171407259200954,0.027960681586184276,-1.609823385706477e-14,+850,4.0437578714501425
-7.912623239980011,0.8202768298296896,0.051171407259200954,0.027960681586184276,-1.609823385706477e-14,kilom… +850,4.0437578714501425
-8.048448126391776,0.9042803639154431,0.0558103534192273,0.025425539457616962,-1.5765166949677223e-14,+850 chars,3.8840661985898244
1.2476831597023992,-4.857552649630767,-0.05789633301556839,0.08354979305903751,-2.375877272697835e-14,Über,14.820728513536347
-6.915571134011701,0.20311457055793047,0.023650643073551372,0.04257946700896248,-1.8207657603852567e-14,aus+ge+brech+en über,5.216296630910588
-0.28552094514476245,-3.9068246490115457,-0.05061085890176067,0.07986631685225032,-2.3314683517128287e-14,über vulkan,13.016698354013446
-6.053418865602351,-0.330978410758755,0.006225078397625622,0.05152203712227443,-1.942890293094024e-14,ragt,6.230434933807902
-6.053418865602351,-0.330978410758755,0.006225078397625622,0.05152203712227443,-1.942890293094024e-14,laki-laki rag+t,6.230434933807902
-6.5305384544141365,-0.03537492642473872,0.015305477321654576,0.04688804607112592,-1.887379141862766e-14,rag+t asche+säule,5.669186450926709
0.1712537567140764,-4.188766803815952,-0.013137145367063126,-0.0012455767120276504,1.5543122344752192e-15,Höhe,13.553606424295335
-0.9431750559769192,-3.4980423484091383,-0.002872196095633023,-0.014121827084613372,5.10702591327572e-15,kilo+meter höhe,12.242511786242494
-6.716443350179307,0.0393804089361427,0.3496242822170774,-0.17722111904241528,2.2870594307278225e-14,örtliche,5.472595606990159
-6.716443350179307,0.0393804089361427,0.3496242822170774,-0.17722111904241528,2.2870594307278225e-14,der örtlich+e,5.472595606990159
-5.992680157312678,-0.49020694663044706,0.5797684558877815,-0.3413609790305809,5.5067062021407764e-14,örtlich+e flug+hafen,6.367341038134685
-6.201196980672039,-0.2458304850145825,0.13785492417032538,-0.035181446682222325,-3.552713678800501e-15,gesperrt,6.060284918090287
-6.201196980672039,-0.2458304850145825,0.13785492417032538,-0.035181446682222325,-3.552713678800501e-15,werd+e ge+sperr+t,6.060284918090287
-5.792387182705648,-0.4927300029609567,0.0017524450933446428,0.053786166113690824,-1.9761969838327786e-14,Weil,6.537508934581842
-3.8960715103976087,-1.6672106074137392,-0.06439356862664851,0.0461303397729166,-9.325873406851315e-15,indonesische,8.767945937796974
-4.911911850921747,-1.0384289571350958,-0.011273125219933858,0.06032272754622338,-2.0650148258027912e-14,weil indonesisch+e,7.573345830425394
-0.28552094514476245,-3.9068246490115457,-0.05061085890176067,0.07986631685225032,-2.3314683517128287e-14,indonesisch+e vulkan,13.016698354013446
43.11593617740097,-30.819379403995573,-0.07287745509881804,0.08793744373671213,-2.5424107263916085e-14,seit,64.0848500306836
4.430293402028605,-6.831104241024828,-0.06835660527613686,0.08901338256908034,-2.4646951146678475e-14,vulkan seit,18.565548254034375
7.191587854799177,-8.544359111645335,-0.14265584100683298,0.06002208352376627,-5.662137425588298e-15,immer,21.81503147052396
-7.513099774965935,0.5730691697807755,0.0389162031328117,0.03455499091478455,-1.709743457922741e-14,2023 immer,4.513548219235972
-6.454244020491302,-0.08263879420708564,0.013766661829030274,0.04767712312924226,-1.8984813721090177e-14,ausbricht,5.758930792790689
-7.997601005766216,0.8728356656673522,0.05404245571016572,0.026394311735095873,-1.587618925213974e-14,immer aus+brech+t,3.943846548360928
2.9853187138667483,-5.9367709761435155,-0.14815938910006377,0.08924222375617857,-1.532107773982716e-14,gilt,16.866049913627993
-8.205600402539401,1.0006249848649962,0.06406378489777925,0.04260700381964526,-2.2870594307278225e-14,aus+brech+t gelt,3.6997386783554567
2.319446888691555,-5.522087394656822,-0.09333874397983556,0.0779145741806004,-1.765254609153999e-14,schon,16.08172587075689
-8.258764894138546,1.0323814978126493,0.06858667507328176,0.06196442941998015,-3.042011087472929e-14,gelt schon,3.6378157168948944
-8.302569293814898,1.0573922038404326,0.07371525883087221,0.09005702889945252,-4.118927421359331e-14,länger,3.5873976454990837
-8.302569293814898,1.0573922038404326,0.07371525883087221,0.09005702889945252,-4.118927421359331e-14,schon lang+er,3.5873976454990837
1.647823753806458,-5.123738978685481,-0.14390394177133387,0.27839699156552905,-8.404388296412435e-14,höchste,15.300770906877775
-8.253734899412926,1.0190551963604497,0.07985623069486647,0.1664068437456951,-6.94999613415348e-14,lang+er hoch+st+e,3.649062217052159
37.47752218085178,-27.39707674296015,-0.0878400910440596,0.5066660715590546,-1.745270594710746e-13,Warnstufe,57.48909439206542
10.618154829943457,-10.731930292982392,-0.13807636948886928,0.4856747360558665,-1.5998313784848506e-13,hoch+st+e warn+stufe,25.879703132086615
4.021383566061537,-6.578545015262073,-0.09196049135853408,0.10697802189286243,-2.842170943040401e-14,Stand,18.084874154721653
-7.966714820572742,0.852022120871823,0.057425738521739295,0.06356107563384124,-2.9753977059954195e-14,15.10.2025,3.981044974028876
-7.966714820572742,0.852022120871823,0.057425738521739295,0.06356107563384124,-2.9753977059954195e-14,stand 15.10.2025,3.981044974028876
-7.657977150416576,0.6627304129343972,0.04314069459891698,0.03229815044721517,-1.6764367671839864e-14,12:32,4.343180568946109
-7.657977150416576,0.6627304129343972,0.04314069459891698,0.03229815044721517,-1.6764367671839864e-14,15.10.2025 12:32,4.343180568946109
8.564148609434465,-9.39481618204503,-0.11422976601993684,0.08094125155157902,-1.6542323066914832e-14,Uhr,23.429751142939338
-7.3347620639660605,0.46267717363314453,0.03401951980407161,0.03715060236172002,-1.7430501486614958e-14,12:32 uhr,4.723276138161061
-6.915571134011701,0.20311457055793047,0.023650643073551372,0.04257946700896248,-1.8207657603852567e-14,uhr über,5.216296630910588
-7.700571531019115,0.6890875524600131,0.04442804784460934,0.03160707282990057,-1.6653345369377348e-14,+1625,4.293093940124527
-7.700571531019115,0.6890875524600131,0.04442804784460934,0.03160707282990057,-1.6653345369377348e-14,2023 +1625,4.293093940124527
-7.912623239980011,0.8202768298296896,0.051171407259200954,0.027960681586184276,-1.609823385706477e-14,+1625 chars,4.0437578714501425
-0.4937936090390824,-3.7785126358784056,-0.14094228626800992,0.03560559174371412,3.3306690738754696e-15,vulkan aus+ge+brech+en,12.771930810347804
-2.6776146245111168,-2.4313187745635045,-0.08319128560453774,0.19042233348271545,-5.928590951498336e-14,Höchste,10.206015233006754
-5.99435392832996,-0.37247529060600604,-0.03230837280124825,0.15147765733737423,-5.10702591327572e-14,aus+ge+brech+en hoch+st+e,6.3023568210700835
-8.049920095979452,0.899518129617709,0.059001323986869025,0.11989691696388079,-5.0182080713057076e-14,warn+stufe gelt,3.885265242144336
-8.174361289926306,0.9783421844397437,0.062291565121421505,0.09624839566444109,-4.207745263329343e-14,gelt der,3.7379898798612126
-8.616311521905029,1.2542967161257454,0.07871472379414518,0.040297773781698326,-2.375877272697835e-14,flore+s brech,3.217035423036221
-8.656866923445623,1.279228098152049,0.08113565721286206,0.041022225165344914,-2.4313884239290928e-14,binnen,3.1694342199831476
-8.656866923445623,1.279228098152049,0.08113565721286206,0.041022225165344914,-2.4313884239290928e-14,brech binnen,3.1694342199831476
-7.421788574784399,0.515643559492454,0.03730556759064124,0.058894852231748396,-2.5646151868841116e-14,kurzer,4.621393471650539
-8.69302208739418,1.301154082426433,0.08404219748242281,0.04711286454779348,-2.6867397195928788e-14,binnen kurz+er,3.1271536607008734
-7.382360536110655,0.4909858275134731,0.03694974922780658,0.06394867846433316,-2.7533531010703882e-14,kurz+er zeit,4.66789231554229
-6.626405879055545,0.02288944206531296,0.01900419933919026,0.07138558569573977,-2.808864252301646e-14,gleich,5.556997060974911
-8.74181299220615,1.330342458112572,0.08867738009443657,0.0606489031268959,-3.2307490016592055e-14,zeit gleich,3.0703053180381095
-8.763366657403532,1.3428989660119321,0.09123551554098977,0.07061736656962944,-3.6193270602780103e-14,gleich zweimal,3.0453683621486904
-8.745318043860005,1.3306686921163637,0.093937559037371,0.08267417137312151,-4.085620730620576e-14,Anwohner,3.0671493597825554
3.9773162542681444,-6.552150295321823,-0.1605956035253296,0.026931498388040563,8.43769498715119e-15,Touristen,18.03343577397565
-8.65737978844707,1.2750034209373724,0.09143640401123287,0.10060118795247859,-4.707345624410664e-14,anwohner tourist+en,3.1712030775130406
-7.792626284527511,0.7412088987700542,0.047013602641011634,0.11641900578452892,-4.7628567756419216e-14,sollen,4.187337969436927
-8.552058991785811,1.2065688591456414,0.09006393631404044,0.13536040043568454,-5.939693181744587e-14,tourist+en soll+en,3.296749374264148
-8.10935647240784,0.8951796642461023,0.08879269835435644,0.3441074574344254,-1.346700528870315e-13,Evakuierungen,3.836938408677253
-8.10935647240784,0.8951796642461023,0.08879269835435644,0.3441074574344254,-1.346700528870315e-13,soll+en evakuierung+en,3.836938408677253
-8.310546483949016,1.0596292122565178,0.07732510712240628,0.11927173985563302,-5.218048215738236e-14,vorbereiten,3.5794257779053207
-8.310546483949016,1.0596292122565178,0.07732510712240628,0.11927173985563302,-5.218048215738236e-14,evakuierung+en vor+bereit+en,3.5794257779053207
-8.544635008617188,1.212819088225123,0.04631944838393025,-0.000886951108358576,-5.10702591327572e-15,späten,3.2997754721993005
-8.544635008617188,1.212819088225123,0.04631944838393025,-0.000886951108358576,-5.10702591327572e-15,ausbruch spät+en,3.2997754721993005
-8.60837281822099,1.2519699448922936,0.05339116265419322,-0.0003450162621323402,-6.106226635438361e-15,Dienstagabend,3.2249878436930306
-8.60837281822099,1.2519699448922936,0.05339116265419322,-0.0003450162621323402,-6.106226635438361e-15,spät+en dienstag+abend,3.2249878436930306
-8.711901586465313,1.315560669965833,0.06399900153584051,-0.00015772138255616686,-7.438494264988549e-15,dienstag+abend brech,3.103510613386425
-8.78284423535597,1.3591366939069445,0.07076608679966429,-0.00047610472852536653,-8.104628079763643e-15,frühen,3.0202678019452867
-8.78284423535597,1.3591366939069445,0.07076608679966429,-0.00047610472852536653,-8.104628079763643e-15,brech früh+en,3.0202678019452867
-8.818700453369559,1.3811613930272115,0.07406103603633815,-0.0007645402442985685,-8.43769498715119e-15,Mittwochmorgen,2.978194473650553
-8.818700453369559,1.3811613930272115,0.07406103603633815,-0.0007645402442985685,-8.43769498715119e-15,früh+en mittwoch+morgen,2.978194473650553
-8.88512359117117,1.4219618464346913,0.07998080300119159,-0.0015128428955413636,-8.881784197001252e-15,mittwoch+morgen erneut,2.900254014614973
-7.469616946548857,0.5464712553595725,0.03262851511878924,0.03259908285969475,-1.5654144647214707e-14,Vul…,4.564508986997907
-8.979047997043063,1.4796528991553592,0.08802862498276134,-0.0030217306990368495,-9.2148511043888e-15,schleuder+te vul…,2.7900445343922913
-8.996618297549805,1.4904444929084697,0.08950131416026427,-0.0033604562762908387,-9.325873406851315e-15,+1292,2.7694280938512996
-8.996618297549805,1.4904444929084697,0.08950131416026427,-0.0033604562762908387,-9.325873406851315e-15,vul… +1292,2.7694280938512996
-9.013230612576086,1.5006474485995378,0.09088598228437667,-0.0036967332693438916,-9.325873406851315e-15,+1292 char+s,2.74993585034135
-9.109789751818102,1.5594450634797192,0.10464413673447595,-0.0027828150699886443,-1.1213252548714081e-14,Podcast,2.6369133720212496
-8.281421372475311,1.0483081790304227,0.06443409367422856,0.0206518480246257,-1.4988010832439613e-14,Buchmesse,3.6101881911221607
-9.077325810714246,1.539456733573582,0.10268975999889801,-0.001594933221282853,-1.1435297153639112e-14,podcast buch+messe,2.675032526545935
-9.052603308461615,1.5242316221753487,0.10122763228051165,-0.0007097078162948307,-1.1546319456101628e-14,buch+messe sie,2.704063462728559
-9.017745019854305,1.5027599168056305,0.09920333019271299,0.0005110233565002766,-1.176836406102666e-14,sie schon,2.74499906518594
-8.962910745119169,1.4689733315278874,0.09610383512741943,0.002369321337285492,-1.2101430968414206e-14,gewöhnen,2.809398941681566
-8.962910745119169,1.4689733315278874,0.09610383512741943,0.002369321337285492,-1.2101430968414206e-14,schon gewöhn+en,2.809398941681566
-8.900470037258138,1.43048577304674,0.0926944134250414,0.00439852368958539,-1.2434497875801753e-14,Sprache,2.882739939217457
-8.900470037258138,1.43048577304674,0.0926944134250414,0.00439852368958539,-1.2434497875801753e-14,gewöhn+en sprache,2.882739939217457
-8.868472011027457,1.4107571747910557,0.09099437368771318,0.00540458490740562,-1.2656542480726785e-14,schreiben,2.9203268671509766
-8.868472011027457,1.4107571747910557,0.09099437368771318,0.00540458490740562,-1.2656542480726785e-14,sprache schreib+en,2.9203268671509766
-8.738740533165794,1.330735956892098,0.08440637668977588,0.009267773092800666,-1.3211653993039363e-14,Darumherumreden,3.072736623824839
-8.738740533165794,1.330735956892098,0.08440637668977588,0.009267773092800666,-1.3211653993039363e-14,schreib+en darumherumrede+n,3.072736623824839
2.5513614002717873,-5.674425098150445,-0.11896945833022289,0.20159336175589335,-5.928590951498336e-14,gibt,16.358967553866762
-8.62976450310093,1.263479174526579,0.07921962091992615,0.012270495654670598,-1.3766765505351941e-14,darumherumrede+n geb+t,3.200783537641293
-8.553173852599958,1.2161915165645052,0.07574671907981931,0.014262465276961945,-1.3988810110276972e-14,Gespräch,3.290787599023269
-8.553173852599958,1.2161915165645052,0.07574671907981931,0.014262465276961945,-1.3988810110276972e-14,geb+t gespräch,3.290787599023269
-8.413065622559401,1.129653529243972,0.06972912814906213,0.017679745203669606,-1.454392162258955e-14,Patrick,3.455451915105137
-8.413065622559401,1.129653529243972,0.06972912814906213,0.017679745203669606,-1.454392162258955e-14,gespräch patrick,3.455451915105137
-8.301294125524237,1.060589893885879,0.06521260444560525,0.02021686947840018,-1.4988010832439613e-14,Bahners,3.5868284171916835
-8.301294125524237,1.060589893885879,0.06521260444560525,0.02021686947840018,-1.4988010832439613e-14,patrick bahners,3.5868284171916835
-8.159394758363701,0.9728794562778147,0.05980566037853918,0.023223984664554942,-1.5432100042289676e-14,stellt,3.753634295891563
-8.159394758363701,0.9728794562778147,0.05980566037853918,0.023223984664554942,-1.5432100042289676e-14,bahners stell+t,3.753634295891563
-7.997601005766216,0.8728356656673522,0.05404245571016572,0.026394311735095873,-1.587618925213974e-14,Annette,3.943846548360928
-7.997601005766216,0.8728356656673522,0.05404245571016572,0.026394311735095873,-1.587618925213974e-14,stell+t annette,3.943846548360928
-7.740769941269884,0.713960503801446,0.045662820479310376,0.030942726514325412,-1.6542323066914832e-14,Pehnt,4.245825604508112
-7.740769941269884,0.713960503801446,0.045662820479310376,0.030942726514325412,-1.6542323066914832e-14,annette pehnt,4.245825604508112
-9.077325810714246,1.539456733573582,0.10268975999889801,-0.001594933221282853,-1.1435297153639112e-14,Buch,2.675032526545935
-9.077325810714246,1.539456733573582,0.10268975999889801,-0.001594933221282853,-1.1435297153639112e-14,pehnt buch,2.675032526545935
-6.5305384544141365,-0.03537492642473916,0.015305477321654506,0.046888046071125754,-1.887379141862766e-14,Einen,5.669186450926709
-6.5305384544141365,-0.03537492642473916,0.015305477321654506,0.046888046071125754,-1.887379141862766e-14,buch ein+en,5.669186450926709
-4.77215798396889,-1.12505638570159,-0.01309342770118814,0.061230545805961156,-2.0761170560490427e-14,ein+en vulkan,7.737765953269621
-6.675629551010815,0.054501939230551244,0.01833243314828814,0.04533108777920815,-1.865174681370263e-14,besteigen,5.498520739800831
-6.675629551010815,0.054501939230551244,0.01833243314828814,0.04533108777920815,-1.865174681370263e-14,vulkan besteig+en,5.498520739800831
-7.700571531019115,0.6890875524600131,0.04442804784460934,0.03160707282990057,-1.6653345369377348e-14,F.A.Z.-Stand,4.293093940124527
-7.700571531019115,0.6890875524600131,0.04442804784460934,0.03160707282990057,-1.6653345369377348e-14,besteig+en f.a.z.-stand,4.293093940124527
-9.077325810714246,1.539456733573582,0.10268975999889801,-0.001594933221282853,-1.1435297153639112e-14,f.a.z.-stand buch+messe,2.675032526545935
19.952777912966187,-16.467100316460762,-0.24902538212689046,0.024937193569927824,1.887379141862766e-14,Eine,36.83539498883823
-6.27343047052138,-0.19351796524493414,-0.01664917997486612,0.03593850581623264,-1.1102230246251565e-14,Frau,5.970980266199949
-8.514368057683154,1.1922272934634373,0.07403800545848385,0.015237183234166358,-1.4210854715202004e-14,ein frau,3.3363923746982977
-8.720431367301302,1.3194383538920231,0.08351378375100582,0.009786915103594876,-1.3322676295501878e-14,Schwester,3.094248658331703
-8.720431367301302,1.3194383538920231,0.08351378375100582,0.009786915103594876,-1.3322676295501878e-14,frau schwester,3.094248658331703
-8.778365329208619,1.3551829461494767,0.08636873831767317,0.00812288600481851,-1.3100631690576847e-14,wählt,3.026181998348279
-8.778365329208619,1.3551829461494767,0.08636873831767317,0.00812288600481851,-1.3100631690576847e-14,schwester wähl+t,3.026181998348279
-8.83323188985059,1.389025594242306,0.08915751168394434,0.006487357158518482,-1.27675647831893e-14,erfolgreicher,2.9617243855328956
-8.83323188985059,1.389025594242306,0.08915751168394434,0.006487357158518482,-1.27675647831893e-14,wähl+t erfolgreich+er,2.9617243855328956
-8.892746906556628,1.425724353676057,0.09228122982026926,0.004643390684792751,-1.2545520178264269e-14,Komponist,2.8918118422514025
-8.892746906556628,1.425724353676057,0.09228122982026926,0.004643390684792751,-1.2545520178264269e-14,erfolgreich+er komponist,2.8918118422514025
-8.962910745119169,1.4689733315278874,0.09610383512741943,0.002369321337285492,-1.2101430968414206e-14,Uraufführung,2.809398941681566
-8.962910745119169,1.4689733315278874,0.09610383512741943,0.002369321337285492,-1.2101430968414206e-14,komponist uraufführung,2.809398941681566
-9.015091169194285,1.5011250084298442,0.0990509632697548,0.0006026795151497476,-1.176836406102666e-14,Spitzenpolitiker,2.7481157135502805
-9.015091169194285,1.5011250084298442,0.0990509632697548,0.0006026795151497476,-1.176836406102666e-14,uraufführung spitze+n+politiker,2.7481157135502805
-9.068582169246517,1.5340723623984895,0.10217009530133023,-0.0012799708455326873,-1.1546319456101628e-14,wiedergewählt,2.685299765576525
-9.068582169246517,1.5340723623984895,0.10217009530133023,-0.0012799708455326873,-1.1546319456101628e-14,spitze+n+politiker wieder+ge+wähl+t,2.685299765576525
-8.514368057683154,1.1922272934634373,0.07403800545848385,0.015237183234166358,-1.4210854715202004e-14,wieder+ge+wähl+t frau,3.3363923746982977
-9.188524997506846,1.6079014814759003,0.10955449124999711,-0.005791022341456394,-1.0769163338864018e-14,Schwa…,2.5444742346193747
-9.188524997506846,1.6079014814759003,0.10955449124999711,-0.005791022341456394,-1.0769163338864018e-14,frau schwa…,2.5444742346193747
-9.199552754920278,1.6146857567685617,0.11026237684722667,-0.006227513281217671,-1.0658141036401503e-14,+362,2.5315285078840915
-9.199552754920278,1.6146857567685617,0.11026237684722667,-0.006227513281217671,-1.0658141036401503e-14,schwa… +362,2.5315285078840915
-9.206198688763735,1.6187740117213216,0.1106914626814815,-0.0064924420083293174,-1.0658141036401503e-14,+362 char+s,2.5237268763503122
-6.506900915923149,-0.04824858556771838,-0.03992335199678356,0.019607042011135598,-2.55351295663786e-15,Eigentlich,5.695971834651463
-8.216976596117682,1.0084756446433014,0.06195785958811692,0.022030894492634928,-1.5210055437364645e-14,eigentlich seit,3.68594342185921
-6.72807844005516,0.08698938585962201,0.019460572492437156,0.044749143040118636,-1.8540724511240114e-14,710.000,5.436828076889515
-8.117496421325036,0.9469754525724068,0.05827399289309537,0.024070009093052288,-1.554312234475219e-14,seit 710.000,3.8028900024162433
29.383755077572,-22.304650736172714,-0.09661971171659367,0.08599800871620678,-2.1316282072803006e-14,Jahren,47.9270735626844
-7.912623239980011,0.8202768298296896,0.051171407259200954,0.027960681586184276,-1.609823385706477e-14,710.000 jahr+en,4.0437578714501425
3.1080017819284933,-6.011142087075939,-0.06463526744265902,0.08703353461112559,-2.4313884239290928e-14,erloschen,17.00967030361958
-7.657977150416576,0.6627304129343972,0.04314069459891698,0.03229815044721517,-1.6764367671839864e-14,jahr+en erlösch+en,4.343180568946109
-6.802826850761445,0.13328736928860696,0.021100944384115902,0.04390130361535322,-1.84297022087776e-14,Zombie,5.3489069002359715
-6.802826850761445,0.13328736928860696,0.021100944384115902,0.04390130361535322,-1.84297022087776e-14,erlösch+en zombie,5.3489069002359715
-5.268474701830919,-0.8174232921242388,-0.006342501571076603,0.057857379556387506,-2.0317081350640365e-14,-Vulkan,7.153857572750359
-5.268474701830919,-0.8174232921242388,-0.006342501571076603,0.057857379556387506,-2.0317081350640365e-14,zombie -vulkan,7.153857572750359
-5.8720336491821685,-0.4420109192355963,-0.03699158196179844,0.033094448119640615,-7.771561172376096e-15,ausbrechen,6.443030967718986
-7.398712403009119,0.502265472110845,0.035738914972150926,0.03624162057672378,-1.7319479184152442e-14,-vulkan aus+brech+en,4.648068039132458
40.87129178101527,-29.43473923286599,-0.19113772086795605,0.03852272296994097,6.439293542825908e-15,Ein,61.447310166842826
-6.165822257992101,-0.26133166682757913,0.008253025451009005,0.05049162715068081,-1.9317880628477724e-14,aus+brech+en ein,6.098208267627087
16.15694250028437,-14.102776496113446,-0.0802661989882895,0.09691114314995157,-2.6645352591003757e-14,ein vulkan,32.363733889152385
-4.78048404674089,-1.1257926376707617,-0.00418453562402428,0.14657500768820125,-5.262457136723242e-14,Iran,7.7310356279541645
-7.016438488106362,0.265580608019913,0.026012686053875106,0.041350444013433574,-1.8096635301390052e-14,vulkan iran,5.097659028450145
-8.216976596117682,1.0084756446433014,0.06195785958811692,0.022030894492634928,-1.5210055437364645e-14,iran seit,3.68594342185921
7.298729438601331,-8.60974112014328,-0.08514192751353365,0.08708732658563666,-2.2093438190040615e-14,Jahrtausenden,21.940635877257876
4.142412792517401,-6.652416715485678,-0.08103699544604348,0.08222978835977343,-2.0761170560490427e-14,seit jahr+tausend+en,18.226701117195585
-7.657977150416576,0.6627304129343972,0.04314069459891698,0.03229815044721517,-1.6764367671839864e-14,jahr+tausend+en erlösch+en,4.343180568946109
-0.37221646786777285,-3.853066209781009,-0.05014112556137353,0.07963069210905559,-2.3203661214665772e-14,galt,12.914689427764529
-7.261924480494923,0.41758382727605126,0.0321084874312757,0.0381578839805506,-1.765254609153999e-14,erlösch+en gelt,4.8089378977659125
20.273627823554833,-16.656412311109133,-0.13077676170409075,0.07386130262724853,-1.2545520178264269e-14,zeigt,37.20803600048046
-7.366413417164082,0.48227122655825827,0.03486555676086099,0.036703657181598605,-1.7430501486614958e-14,gelt zeig+t,4.686052707266647
-5.506564827359713,-0.6698610807649521,-0.0027990567873495825,0.05607918451494731,-2.0095036745715333e-14,Anzeichen,6.873756421728288
-8.493658365051704,1.17943681777966,0.07313957849718727,0.0157482813627366,-1.432187701766452e-14,zeig+t anzeichen,3.3607312655448767
5.157648715558167,-7.281285549160392,-0.05996935418958422,0.0684716195742299,-1.8318679906315083e-14,Aktivität,19.42097652871658
-5.786586078284164,-0.4963249157663654,0.0016566061028325252,0.05383456005294774,-1.9761969838327786e-14,anzeichen aktivität,6.54433337787918
16.9822572063476,-14.619781410110779,-0.20112290414912548,0.04180451309153213,7.327471962526033e-15,Forscher,33.33740408150247
-5.1911364347290085,-0.8653576555301199,-0.007448726040886089,0.058411363887739945,-2.042810365310288e-14,beobachten,7.244843378264801
-7.88160312791889,0.8010887383585499,0.0501484097980216,0.02851676738099343,-1.6209256159527285e-14,forscher beobacht+en,4.080230475584151
-7.398712403009119,0.502265472110845,0.035738914972150926,0.03624162057672378,-1.7319479184152442e-14,Bewegungen,4.648068039132458
-7.398712403009119,0.502265472110845,0.035738914972150926,0.03624162057672378,-1.7319479184152442e-14,beobacht+en bewegung+en,4.648068039132458
-4.77215798396889,-1.12505638570159,-0.01309342770118814,0.061230545805961156,-2.0761170560490427e-14,Vulkanspitze,7.737765953269621
-4.77215798396889,-1.12505638570159,-0.01309342770118814,0.061230545805961156,-2.0761170560490427e-14,bewegung+en vulkan+spitze,7.737765953269621
-7.513099774965935,0.5730691697807755,0.0389162031328117,0.03455499091478455,-1.709743457922741e-14,vulkan+spitze warn+en,4.513548219235972
-6.2171244854379095,-0.22954526965518207,0.009200314491331477,0.05000944737013379,-1.9206858326015208e-14,möglichen,6.0378591448036065
-7.942227544975561,0.8385881080085045,0.052160044344289516,0.027422262626314038,-1.609823385706477e-14,warn+en möglich+en,4.008950511104029
-8.179249820512178,0.9851541149452452,0.06054150344082676,0.022816633615524,-1.532107773982716e-14,möglich+en gefahr+en,3.7302931740507197
-7.849048999976328,0.7809505895767503,0.049088741478210324,0.02909167437018291,-1.63202784619898e-14,nahegelegene,4.1185073791175695
-7.849048999976328,0.7809505895767503,0.049088741478210324,0.02909167437018291,-1.63202784619898e-14,gefahr+en nahe+ge+leg+en+e,4.1185073791175695
-7.1900011438097255,0.3730531113431219,0.03026891681888394,0.0391245611951174,-1.7763568394002505e-14,Städte,4.893526332777002
-7.1900011438097255,0.3730531113431219,0.03026891681888394,0.0391245611951174,-1.7763568394002505e-14,nahe+ge+leg+en+e stadt+e,4.893526332777002
-7.3347620639660605,0.46267717363314453,0.03401951980407161,0.03715060236172002,-1.7430501486614958e-14,Grenzregion,4.723276138161061
-7.3347620639660605,0.46267717363314453,0.03401951980407161,0.03715060236172002,-1.7430501486614958e-14,vulkan grenz+region,4.723276138161061
-7.88160312791889,0.8010887383585499,0.0501484097980216,0.02851676738099343,-1.6209256159527285e-14,Iran-Pakistan,4.080230475584151
-7.88160312791889,0.8010887383585499,0.0501484097980216,0.02851676738099343,-1.6209256159527285e-14,grenz+region iran-pakistan,4.080230475584151
-8.3739786541023,1.1055043060397587,0.06812239719468016,0.01858499501268644,-1.4765966227514582e-14,iran-pakistan 710.000,3.501393389332999
12.831440631374324,-12.041461976246326,-0.13422071825873638,0.07044706806316352,-1.0658141036401503e-14,Jahre,28.451114839181322
-8.471986690683007,1.166051230496186,0.07220923115876374,0.01627652862236773,-1.432187701766452e-14,710.000 jahr+e,3.3862012592145097
-8.57138967325253,1.2274393738465517,0.07656041098068847,0.013797067772631934,-1.3988810110276972e-14,jahr+e erlösch+en,3.2693809219139456
-8.73273208116187,1.327028569427124,0.08411248605516386,0.009438814381657015,-1.3322676295501878e-14,unerwartete,3.079796091529252
-8.73273208116187,1.327028569427124,0.08411248605516386,0.009438814381657015,-1.3322676295501878e-14,zeig+t un+erwart+et+e,3.079796091529252
-8.799274341121055,1.3680811025466422,0.08742151813290996,0.00750664123646343,-1.2989609388114332e-14,un+erwart+et+e anzeichen,3.0016173358947746
-6.527677489864613,-0.03603078621197664,-0.053722532398402495,-0.03219187922936939,1.7763568394002505e-14,Laut,5.671885020599782
-8.946731099141134,1.4590018339795456,0.09520840718882759,0.002903760592224667,-1.2212453270876722e-14,Bericht,2.8284023031460888
-8.946731099141134,1.4590018339795456,0.09520840718882759,0.002903760592224667,-1.2212453270876722e-14,laut bericht,2.8284023031460888
-8.987193573775096,1.4839368923534328,0.09746390020533041,0.001555497923632937,-1.199040866595169e-14,Live,2.780879258851598
-8.987193573775096,1.4839368923534328,0.09746390020533041,0.001555497923632937,-1.199040866595169e-14,bericht live,2.780879258851598
-9.001460715641874,1.4927274862108686,0.09827222103788269,0.0010706372602245912,-1.1879386363489175e-14,Science,2.7641233973507826
-9.001460715641874,1.4927274862108686,0.09827222103788269,0.0010706372602245912,-1.1879386363489175e-14,live science,2.7641233973507826
-9.040622750638514,1.5168525347281985,0.10052703714149622,-0.0002865864126657576,-1.1657341758564144e-14,science forscher,2.7181324282021433
-9.081597899250838,1.542087376519349,0.10294469095526296,-0.0017495805372956877,-1.1435297153639112e-14,forscher 2023,2.6700160872701137
-9.100049922383256,1.5534486871939057,0.10405361352095546,-0.0024233306181006935,-1.1324274851176597e-14,+1925,2.6483495934065084
-9.100049922383256,1.5534486871939057,0.10405361352095546,-0.0024233306181006935,-1.1324274851176597e-14,2023 +1925,2.6483495934065084
-9.111696492781284,1.5606189052213064,0.10476016558013188,-0.0028535055760289217,-1.1213252548714081e-14,+1925 chars,2.634674561896611
1.2721712933683111,-4.872737714218209,-0.05799859070096589,0.08360198149930916,-2.375877272697835e-14,Geophysik,14.849542362652608
-7.398712403009119,0.502265472110845,0.035738914972150926,0.03624162057672378,-1.7319479184152442e-14,Erwacht,4.648068039132458
-7.398712403009119,0.502265472110845,0.035738914972150926,0.03624162057672378,-1.7319479184152442e-14,geophysik erwach+t,4.648068039132458
-4.77215798396889,-1.12505638570159,-0.01309342770118814,0.061230545805961156,-2.0761170560490427e-14,erwach+t vulkan,7.737765953269621
-7.107401728688353,0.3219085043395129,0.02821201651364738,0.04020210209222666,-1.787459069646502e-14,vulkan leben,4.990672993873869
-7.016438488106362,0.265580608019913,0.026012686053875106,0.041350444013433574,-1.8096635301390052e-14,südlichen,5.097659028450145
-7.016438488106362,0.265580608019913,0.026012686053875106,0.041350444013433574,-1.8096635301390052e-14,vulkan südlich+en,5.097659028450145
-7.657977150416576,0.6627304129343972,0.04314069459891698,0.03229815044721517,-1.6764367671839864e-14,südlich+en iran,4.343180568946109
-7.849048999976328,0.7809505895767503,0.049088741478210324,0.02909167437018291,-1.63202784619898e-14,zeigten,4.1185073791175695
-7.849048999976328,0.7809505895767503,0.049088741478210324,0.02909167437018291,-1.63202784619898e-14,iran zeig+ten,4.1185073791175695
-8.072363405811522,0.9190687941320963,0.05665529910948039,0.024961365095505835,-1.5654144647214707e-14,Zeichen,3.8559499414961103
-8.072363405811522,0.9190687941320963,0.05665529910948039,0.024961365095505835,-1.5654144647214707e-14,zeig+ten zeichen,3.8559499414961103
-8.301294125524237,1.060589893885879,0.06521260444560525,0.02021686947840018,-1.4988010832439613e-14,Wiedererwachens,3.5868284171916835
-8.301294125524237,1.060589893885879,0.06521260444560525,0.02021686947840018,-1.4988010832439613e-14,zeichen wiedererwachen+s,3.5868284171916835
-8.580224199923412,1.2328942146694755,0.07695776554430203,0.01356950635904538,-1.3877787807814457e-14,wiedererwachen+s seit,3.258999009363133
-8.621894439330006,1.2586207952829223,0.07885642520845343,0.012479505530498787,-1.3766765505351941e-14,hunderttausenden,3.210031532568009
-8.621894439330006,1.2586207952829223,0.07885642520845343,0.012479505530498787,-1.3766765505351941e-14,seit hundert+tausend+en,3.210031532568009
-8.493658365051704,1.17943681777966,0.07313957849718727,0.0157482813627366,-1.432187701766452e-14,hundert+tausend+en jahr+en,3.3607312655448767
5.398154007769037,-7.431376383946855,-0.11573577564533581,0.06897591690475204,-1.199040866595169e-14,mehr,19.704362728289233
-8.331606725891035,1.0793223023912875,0.06641404490930919,0.019544243959800634,-1.4876988529977098e-14,jahr+en mehr,3.551197670407258
-8.252295870318486,1.0303068995338474,0.06330592882762748,0.021280983613907994,-1.509903313490213e-14,mehr aktiv,3.644424933745377
-2.552750042986972,-2.5010048969267094,-0.035653930916565234,0.07242142239233604,-2.220446049250313e-14,letzte,10.349031732289143
-8.023550677081742,0.8888837875214728,0.0549398975642551,0.025902940782505154,-1.587618925213974e-14,der letzt+e,3.913337599963225
-7.8148282517517,0.7597802173750892,0.04798985339304532,0.029686674134527666,-1.6431300764452317e-14,letzt+e ausbruch,4.158744573334073
-7.107401728688353,0.3219085043395129,0.02821201651364738,0.04020210209222666,-1.787459069646502e-14,iranischen,4.990672993873869
-7.107401728688353,0.3219085043395129,0.02821201651364738,0.04020210209222666,-1.787459069646502e-14,ausbruch iranisch+en,4.990672993873869
142.0580749017091,-92.16663083368833,0.09403796173076753,0.017229753865480674,-2.353672812205332e-14,Vulkans,180.5024666365755
-4.77215798396889,-1.12505638570159,-0.01309342770118814,0.061230545805961156,-2.0761170560490427e-14,iranisch+en vulkan+s,7.737765953269621
-6.802826850761445,0.13328736928860696,0.021100944384115902,0.04390130361535322,-1.84297022087776e-14,Taftan,5.3489069002359715
-6.802826850761445,0.13328736928860696,0.021100944384115902,0.04390130361535322,-1.84297022087776e-14,vulkan+s tafta+n,5.3489069002359715
-7.8148282517517,0.7597802173750892,0.04798985339304532,0.029686674134527666,-1.6431300764452317e-14,710,4.158744573334073
-7.8148282517517,0.7597802173750892,0.04798985339304532,0.029686674134527666,-1.6431300764452317e-14,tafta+n 710,4.158744573334073
-4.53976864676277,-1.2691098304712516,-0.01599208352395655,0.06267387037139972,-2.098321516541546e-14,000,8.011174572866903
-7.942227544975561,0.8385881080085045,0.052160044344289516,0.027422262626314038,-1.609823385706477e-14,710 000,4.008950511104029
-6.914037865988313,0.20364111245107352,-0.009165089663479564,0.02596194056586767,-8.43769498715119e-15,000 jahr+en,5.217270410555291
-8.198431206981322,0.9970117315913809,0.06125861465454327,0.022419083433050716,-1.532107773982716e-14,stattgefunden,3.7077443223067394
-8.198431206981322,0.9970117315913809,0.06125861465454327,0.022419083433050716,-1.532107773982716e-14,jahr+en statt+ge+find+en,3.7077443223067394
-8.518332667616752,1.195670361661001,0.06036106664526561,0.007806038340865663,-9.880984919163893e-15,damals,3.3311872872781336
-8.518332667616752,1.195670361661001,0.06036106664526561,0.007806038340865663,-9.880984919163893e-15,seit damals,3.3311872872781336
-8.5365391340653,1.207538807487496,0.05103970032740586,0.001999390714387008,-6.772360450213455e-15,ließen,3.3094456669061523
-8.5365391340653,1.207538807487496,0.05103970032740586,0.001999390714387008,-6.772360450213455e-15,damals lass+en,3.3094456669061523
-8.309289557784798,1.0678106923563668,0.025673495059080245,-0.0008398293271240712,-2.7755575615628914e-15,Spuren,3.5761663700667143
-8.309289557784798,1.0678106923563668,0.025673495059080245,-0.0008398293271240712,-2.7755575615628914e-15,lass+en spur+en,3.5761663700667143
-8.025598312598127,0.8929969944608285,-0.01734149901933149,-0.011568916951488522,6.217248937900877e-15,spur+en weit+er+en,3.9093162102237065
19.90830641638371,-16.481348210784553,-0.470058375598403,-0.053862104469515795,7.327471962526033e-14,Eruption,36.8047338559946
-7.575733460724269,0.6109393745001777,-0.12623833082867372,-0.05083554594489778,3.3084646133829665e-14,weit+er+en eruption,4.440100576786527
-7.568360727710694,0.6091012762052501,0.003523997492002315,0.01471543681749578,-5.773159728050814e-15,nachweisen,4.447540543762047
-7.568360727710694,0.6091012762052501,0.003523997492002315,0.01471543681749578,-5.773159728050814e-15,eruption nach+weis+en,4.447540543762047
-4.77215798396889,-1.12505638570159,-0.01309342770118814,0.061230545805961156,-2.0761170560490427e-14,nach+weis+en vulkan,7.737765953269621
-6.675629551010815,0.054501939230551244,0.01833243314828814,0.04533108777920815,-1.865174681370263e-14,vulkan gelt,5.498520739800831
-7.4579739468490915,0.538948534344946,0.03736828480793611,0.035377820108505036,-1.7208456881689926e-14,erlosch…,4.578375627082935
-7.4579739468490915,0.538948534344946,0.03736828480793611,0.035377820108505036,-1.7208456881689926e-14,gelt erlosch…,4.578375627082935
-7.88160312791889,0.8010887383585499,0.0501484097980216,0.02851676738099343,-1.6209256159527285e-14,+1661,4.080230475584151
-7.88160312791889,0.8010887383585499,0.0501484097980216,0.02851676738099343,-1.6209256159527285e-14,erlosch… +1661,4.080230475584151
-8.048448126391776,0.9042803639154431,0.0558103534192273,0.025425539457616962,-1.5765166949677223e-14,+1661 chars,3.8840661985898244
0.46927666914241684,-4.374473359426718,-0.08117006508029782,0.06894845385566126,-1.5765166949677223e-14,Bilder,13.904572180510987
-4.2155369086279855,-1.470180971854678,-0.12193426693267452,0.014767649899834227,8.659739592076221e-15,Woche,8.392520046655022
-8.7660692912238,1.351029176371352,-0.03573239368671708,-0.055676097910339145,2.4202861936828413e-14,bild+er woche,3.038629479598319
-8.66383213688977,1.2858458125327612,-0.08424128751007699,-0.07500552152467269,3.68594044175552e-14,Heißer,3.159788217567225
-8.66383213688977,1.2858458125327612,-0.08424128751007699,-0.07500552152467269,3.68594044175552e-14,woche heiß+er,3.159788217567225
-8.40241169121719,1.1103165841491784,-0.21631538401597297,-0.12811041877302567,7.149836278586008e-14,Lavasee,3.4742443927877815
-8.40241169121719,1.1103165841491784,-0.21631538401597297,-0.12811041877302567,7.149836278586008e-14,heiß+er lavase+e,3.4742443927877815
-7.196455216503857,0.3783560060597173,-0.08859205718974525,-0.021017955567923418,1.7985612998927536e-14,Kilauea-Caldera,4.88505872119655
-8.68130177684017,1.2988717367935727,-0.02320998288624479,-0.04439292724575697,1.865174681370263e-14,lavase+e kilauea-caldera,3.1381736087514303
-8.69162893014557,1.304711140145491,0.028458827638855308,-0.017880715660536225,3.1086244689504383e-15,kilauea-caldera der,3.126401008783154
-8.578500124652717,1.2352647272895336,-0.026825022435931545,-0.040833150458444184,1.7763568394002505e-14,europäische,3.2590523580103214
-8.578500124652717,1.2352647272895336,-0.026825022435931545,-0.040833150458444184,1.7763568394002505e-14,der europäisch+e,3.2590523580103214
-8.645043094820362,1.2745975621002767,0.055503531337590145,-0.0011166500237338936,-6.106226635438361e-15,Erderkundungssatellit,3.181902995357217
-8.645043094820362,1.2745975621002767,0.055503531337590145,-0.0011166500237338936,-6.106226635438361e-15,europäisch+e erderkundung+s+satellit,3.181902995357217
-8.504128921809993,1.1859036356097266,0.07359265607850282,0.015490654178245605,-1.4210854715202004e-14,Sentinel-2,3.348425768363944
-8.504128921809993,1.1859036356097266,0.07359265607850282,0.015490654178245605,-1.4210854715202004e-14,erderkundung+s+satellit sentinel-2,3.348425768363944
-6.469357149936409,-0.07246328909305122,-0.10022173359789877,-0.009475922299738999,1.509903313490213e-14,lieferte,5.740543617528679
-8.3739786541023,1.1055043060397587,0.06812239719468016,0.01858499501268644,-1.4765966227514582e-14,sentinel-2 liefer+te,3.501393389332999
-8.138825120615206,0.9601624210152799,0.05905015645654327,0.023641607827983725,-1.554312234475219e-14,Ansicht,3.7778157963506116
-8.138825120615206,0.9601624210152799,0.05905015645654327,0.023641607827983725,-1.554312234475219e-14,liefer+te ansicht,3.7778157963506116
-7.131198703474187,0.33849032932179846,-0.014864211780767238,0.017682196004406483,-4.773959005888173e-15,Ausbruchs,4.961642694595669
-7.740769941269884,0.713960503801446,0.045662820479310376,0.030942726514325412,-1.6542323066914832e-14,ansicht ausbruch+s,4.245825604508112
-6.802826850761445,0.13328736928860696,0.021100944384115902,0.04390130361535322,-1.84297022087776e-14,Kilauea-Vulkans,5.3489069002359715
-6.802826850761445,0.13328736928860696,0.021100944384115902,0.04390130361535322,-1.84297022087776e-14,ausbruch+s kilauea-vulkan+s,5.3489069002359715
14.446125415880704,-13.041900594160705,-0.08942481891418877,0.09207847193926058,-2.375877272697835e-14,Hawaii,30.350678142325613
-7.1900011438097255,0.3730531113431219,0.03026891681888394,0.0391245611951174,-1.7763568394002505e-14,kilauea-vulkan+s hawaii,4.893526332777002
-7.621989519149549,0.6392541187631426,-0.12999035605162507,-0.05418516648561163,3.4638958368304884e-14,Lavaflüsse,4.385862452005795
-7.621989519149549,0.6392541187631426,-0.12999035605162507,-0.05418516648561163,3.4638958368304884e-14,hawaii lavaflüss+e,4.385862452005795
-6.589334784116835,0.0027180034730140967,-0.07127044597305994,0.0022596191882461834,7.327471962526033e-15,innerhalb,5.599006406325374
-8.113238556530787,0.9472086838406399,-0.00902660004782481,-0.010694364019153229,4.884981308350689e-15,lavaflüss+e innerhalb,3.8062799197296195
-8.696729594736928,1.3083629573673656,0.0078253800591698,-0.02900987982729571,9.547918011776346e-15,Caldera,3.1201095101320426
-8.696729594736928,1.3083629573673656,0.0078253800591698,-0.02900987982729571,9.547918011776346e-15,innerhalb caldera,3.1201095101320426
-8.306445412958958,1.0665198007714316,-0.052479204498176675,-0.041086980595722924,2.0872192862952943e-14,caldera zeig+t,3.5791407128489348
27.652317497090007,-21.271426547423925,-0.4049652615747865,-0.045619614346005574,6.23945339839338e-14,Lava,45.910572903125384
-8.315886300813485,1.0727882001308082,-0.014685916225474056,-0.022071114116165056,9.547918011776346e-15,lava kilauea-caldera,3.5678736811277783
-8.163589991792765,0.9760010830100716,0.05236422049959849,0.01916072553464496,-1.3100631690576847e-14,kilauea-caldera hawaii,3.748412295386755
-7.997601005766216,0.8728356656673522,0.05404245571016572,0.026394311735095873,-1.587618925213974e-14,hawaii seit,3.943846548360928
-7.849048999976328,0.7809505895767503,0.049088741478210324,0.02909167437018291,-1.63202784619898e-14,Dezember,4.1185073791175695
-7.849048999976328,0.7809505895767503,0.049088741478210324,0.02909167437018291,-1.63202784619898e-14,seit dezember,4.1185073791175695
-7.4579739468490915,0.538948534344946,0.03736828480793611,0.035377820108505036,-1.7208456881689926e-14,2024,4.578375627082935
-7.4579739468490915,0.538948534344946,0.03736828480793611,0.035377820108505036,-1.7208456881689926e-14,dezember 2024,4.578375627082935
36.02812357691042,-26.424693648435504,-0.09321093905839914,0.0826795955787513,-2.0761170560490427e-14,bricht,55.745146694354595
-7.107401728688353,0.3219085043395129,0.02821201651364738,0.04020210209222666,-1.787459069646502e-14,2024 brech+t,4.990672993873869
33.74117531352155,-25.008491227052133,-0.13910855072139947,0.06378241340143621,-8.548717289613705e-15,brech+t vulkan,53.05514005032993
25.09264747202832,-19.643639749037185,-0.08593666404442885,0.09313271515807998,-2.4980018054066022e-14,Kilauea,42.87788374856553
19.779431556904886,-16.349018019017066,-0.08567483896437084,0.09464717369977649,-2.531308496145357e-14,vulkan kilauea,36.62611298850804
-7.564555257813479,0.6049158151346332,0.04039007970725314,0.03376948859401366,-1.6986412276764895e-14,Abständen,4.453038325241243
-7.564555257813479,0.6049158151346332,0.04039007970725314,0.03376948859401366,-1.6986412276764895e-14,kilauea abstand+en,4.453038325241243
-8.048448126391776,0.9042803639154431,0.0558103534192273,0.025425539457616962,-1.5765166949677223e-14,abstand+en zwei,3.8840661985898244
13.88205679491805,-12.707837512319985,-0.2904498807859779,0.0007763188490091388,3.2862601528904634e-14,drei,29.694919817658803
-8.23492076478021,1.0195673947504902,0.06264004599432374,0.02165165601961483,-1.5210055437364645e-14,zwei drei,3.664849567071248
-3.1828842274654416,-2.109585015399692,-0.05949961803005296,0.055462377812008135,-1.3322676295501878e-14,Wochen,9.607191571950102
-8.316670310268664,1.070092182644303,0.06581991415589775,0.019877071918561477,-1.4876988529977098e-14,drei woche+n,3.5687544706888525
-8.486894299133239,1.1759395677644013,0.06357502758505107,0.011007333621904746,-1.1435297153639112e-14,produziert,3.368307692105867
-8.486894299133239,1.1759395677644013,0.06357502758505107,0.011007333621904746,-1.1435297153639112e-14,woche+n produzier+t,3.368307692105867
3.8577037716045517,-6.477771236741219,-0.15971793442810583,0.044511681481045416,1.9984014443252818e-15,mehrere,17.8925733317825
-8.572088567727196,1.230149182502927,0.040175412340087716,-0.005487272102829743,-2.7755575615628914e-15,produzier+t mehrere,3.267302089560587
-2.932735023028693,-2.266243023509239,-0.13934385357571094,0.01926252210376054,9.103828801926284e-15,Stunden,9.902213555534804
-8.596112560995683,1.2457275455163557,0.022158700369435,-0.01617576026232413,3.3306690738754696e-15,mehrere stunde+n,3.2386478312090077
-8.600931798426718,1.249193580942596,-0.003662424737011713,-0.02993650801426333,1.1102230246251565e-14,hochaufschießende,3.232685213110056
-8.600931798426718,1.249193580942596,-0.003662424737011713,-0.02993650801426333,1.1102230246251565e-14,stunde+n hoch+auf+schieß+end+e,3.232685213110056
25.860054782697237,-20.149234185336127,-0.3556370858343004,-0.029290338524555783,5.084821452783217e-14,Lavafontänen,43.79608479361054
-8.331642313573147,1.0683652107168813,-0.20617797002484164,-0.11967509873361894,6.727951529228449e-14,hoch+auf+schieß+end+e lavafontäne+n,3.55651089016594
-7.217967071039322,0.3925313238759722,-0.028780686050583745,0.0083625298206405,2.220446049250313e-16,La…,4.859401466283505
-8.737521206427605,1.3336816310304112,-0.017720440702361957,-0.04464904968683123,1.8207657603852567e-14,lavafontäne+n la…,3.072060774875798
-8.781634498432636,1.3609892983796892,-0.0011725583007565765,-0.03849982606222316,1.3988810110276972e-14,+855,3.020207099269607
-8.781634498432636,1.3609892983796892,-0.0011725583007565765,-0.03849982606222316,1.3988810110276972e-14,la… +855,3.020207099269607
-8.817940736885095,1.3833301307555113,0.011371887299017627,-0.03401644290570405,1.0880185641326534e-14,+855 char+s,2.9775992809210683
258.85862519110015,-164.62651518496904,0.059181481301992994,-0.18822756679583091,4.9960036108132044e-14,Vulkanausbruch,317.9533415645283
24.154388646354366,-19.06260785140879,-0.12158814692244614,0.07716539713136726,-1.4988010832439613e-14,Philippinen,41.7742307934585
-6.859255803688668,0.16398957327937058,-0.17058440891363758,-0.052653699479934646,3.885780586188048e-14,vulkan+ausbruch philippinen,5.284466230688716
-3.6991675315720762,-1.8024744559951764,-0.25531734140704354,-0.042556914217958985,4.5075054799781356e-14,Plötzlich,9.006263076353394
-7.549627619723066,0.5939465628426168,-0.13715547600443861,-0.05541249299312878,3.597122599785507e-14,philippinen plötzlich,4.471224198341327
-5.037754126779699,-0.9698518030148726,-0.228122467547378,-0.046259871132393104,4.3298697960381105e-14,regnet,7.42991126383575
-7.8247798137034685,0.7653012707540983,-0.1207862606942518,-0.056502899999859815,3.441691376337985e-14,plötzlich regn+et,4.147111086468852
-5.081832656044118,-0.9424259402510917,-0.22706458528009504,-0.04639552849562775,4.3076653355456074e-14,schwarze,7.377999275906986
-8.020158662133792,0.8869543442049603,-0.10777076174165676,-0.057247983149791806,3.3306690738754696e-14,regn+et schwarz+e,3.9169804001211905
52.80766060629851,-36.83219360350328,-0.1306363395019436,0.04365957922005355,-2.9976021664879227e-15,Asche,75.49015807778505
-8.155109645759238,0.9709627251117596,-0.09798690165337254,-0.05773727482206807,3.219646771412954e-14,schwarz+e asche,3.7580374282280826
4.517940755223144,-6.890360825580158,-0.2038912899025384,0.02597211685197633,1.3988810110276972e-14,Mit,18.67104619159342
-8.23023789972798,1.0177212357890435,-0.09222499467381978,-0.05799712223310602,3.175237850427948e-14,asche mit,3.669558309870068
-4.493156239391424,-1.3053584361667707,-0.21364793345623131,-0.032175676437911443,3.6415315207705135e-14,beeindruckender,8.069575088803655
-4.493156239391424,-1.3053584361667707,-0.21364793345623131,-0.032175676437911443,3.6415315207705135e-14,mit beeindruck+end+er,8.069575088803655
-3.5382178127561614,-1.8937137490323113,-0.1803641024023159,-0.005833917000470354,2.3092638912203256e-14,zugleich,9.191251277049721
-4.236172776265969,-1.4621198532325095,-0.1903949155269571,-0.018107938454760778,2.864375403532904e-14,beeindruck+end+er zugleich,8.37062438432998
-3.991849114659092,-1.6126406950272645,-0.18088621034079555,-0.010839839583107549,2.4868995751603507e-14,beunruhigender,8.657603856470818
-3.991849114659092,-1.6126406950272645,-0.18088621034079555,-0.010839839583107549,2.4868995751603507e-14,zugleich beunruhig+end+er,8.657603856470818
-3.1660354589459505,-2.1230901474429964,-0.16359944921028366,0.0056595237996531905,1.687538997430238e-14,Kraft,9.62846109260225
-3.1660354589459505,-2.1230901474429964,-0.16359944921028366,0.0056595237996531905,1.687538997430238e-14,beunruhig+end+er kraft,9.62846109260225
-2.4862165312662636,-2.5439697193452306,-0.15547192663748757,0.015351865603437265,1.2434497875801753e-14,kraft brech+t,10.42802647313586
-0.7069786745794708,-3.6452654946299936,-0.10953741764995797,0.04927205249433621,-5.329070518200751e-15,vulkan mount,12.520582787584283
3.2417633178484024,-6.095425999755486,-0.1521772621278188,0.04616119466107817,6.661338147750939e-16,Kanlaon,17.16762596580608
-2.2757050914761976,-2.6725003702365604,-0.11004433785110299,0.038607745164357554,-1.3322676295501878e-15,mount kanlaon,10.67473975447134
-5.911726430179549,-0.41755579940706644,-0.08537520987104383,0.008510994771493172,6.8833827526759706e-15,zentralphilippinischen,6.396333238527487
-5.911726430179549,-0.41755579940706644,-0.08537520987104383,0.008510994771493172,6.8833827526759706e-15,kanlaon zentralphilippinisch+en,6.396333238527487
-6.718442894441994,0.08246467968975812,-0.08252836810321672,-0.006177633678438193,1.176836406102666e-14,zentralphilippinisch+en insel,5.447239802763014
-3.191841283941317,-2.1068006875831364,-0.1650074255575851,0.021451657704189244,1.1324274851176597e-14,Negros,9.597931485560093
-3.191841283941317,-2.1068006875831364,-0.1650074255575851,0.021451657704189244,1.1324274851176597e-14,insel negro+s,9.597931485560093
14.055018274855723,-12.803474215911077,-0.19048354317483554,0.07199254616775723,-4.6629367034256575e-15,Mehr,29.892458415081887
11.320032773026135,-11.107216694727262,-0.18804337339282545,0.0446109769586379,5.10702591327572e-15,Video,26.67419197955379
1.1577615373115258,-4.803176996359065,-0.15278426212840787,0.03817563342907261,3.774758283725532e-15,mehr video,14.715499511954288
1.5638619318246345,-5.054693237014662,-0.14671857070182667,0.04271155013158558,1.3322676295501878e-15,anzeigen,15.193186785202931
1.5638619318246345,-5.054693237014662,-0.14671857070182667,0.04271155013158558,1.3322676295501878e-15,video anzeige+n,15.193186785202931
-8.394685899777574,1.1215820837809862,-0.019862900537990023,-0.02829479443138819,1.2434497875801753e-14,anzeige+n mit,3.475184762947479
1.6607986819387612,-5.126896457548307,-0.27387604237306823,-0.01542898995608932,3.708144902248023e-14,gewaltige,15.313414654962962
-4.887731833909259,-1.0657855513966399,-0.25062498860344007,-0.05471052265420108,4.884981308350689e-14,ein gewaltig+e,7.607928908874653
8.99514255465309,-9.662687274043703,-0.14002273970991147,0.0640161469849895,-7.438494264988549e-15,rund,23.937166783118577
-8.575868707712072,1.2336114552267654,0.002697523537783783,-0.025333334457453286,8.881784197001252e-15,gewaltig+e rund,3.2622062779743013
-6.752575699522322,0.10395741539865178,-0.02872714299911685,0.019864730624246752,-3.885780586188048e-15,rund zwei,5.406990860759931
-3.7135312667273395,-1.782817884527454,-0.14987740172772357,0.006843607847753674,1.4876988529977098e-14,zwei kilo+meter,8.98386703302547
-8.703977065181547,1.3128652132149032,0.0066977844190120595,-0.029998017398523053,9.992007221626409e-15,+154,3.1115759723648115
-8.703977065181547,1.3128652132149032,0.0066977844190120595,-0.029998017398523053,9.992007221626409e-15,kilo+meter +154,3.1115759723648115
-8.726979395895405,1.3270916539163942,0.007499892891528054,-0.0308472610738894,1.021405182655144e-14,+154 chars,3.0845319493247407
-0.4770500439863987,-3.787648390083404,-0.09667773617843971,0.05670111811758895,-9.547918011776346e-15,video zeig+t,12.7910460752387
-1.486538577621907,-3.161899125146235,-0.11166734724355987,0.04344140280868178,-2.886579864025407e-15,Naturschauspiel,11.603329672342463
-5.765879282030093,-0.509156866224044,0.001315724429156645,0.054006648518113404,-1.9761969838327786e-14,zeig+t natur+schau+spiel,6.568692974127233
-4.77215798396889,-1.12505638570159,-0.01309342770118814,0.061230545805961156,-2.0761170560490427e-14,natur+schau+spiel vulkan,7.737765953269621
-3.8193571955555097,-1.7157127370062093,-0.024076750581960953,0.06668766529605753,-2.142730437526552e-14,vulkan brech+t,8.858766800524508
-7.536998646837054,0.588539260170764,0.02836594424051611,0.028407658778210245,-1.3655743202889425e-14,spektakulärer,4.485068634529009
-7.536998646837054,0.588539260170764,0.02836594424051611,0.028407658778210245,-1.3655743202889425e-14,brech+t spektakulär+er,4.485068634529009
74.18978745258474,-50.14977627413175,-0.41180668658981057,-0.09441118537291511,7.882583474838611e-14,Aschewolke,100.67994708749762
-7.643704529868853,0.652536653821437,-0.1317921980018511,-0.05578861342244637,3.552713678800501e-14,spektakulär+er asche+wolke,4.360405394545712
-8.218560016329544,1.0121984585311359,0.005756253981559226,-0.0073347088365679596,1.9984014443252818e-15,Nahe,3.6825477348065574
-8.218560016329544,1.0121984585311359,0.005756253981559226,-0.0073347088365679596,1.9984014443252818e-15,asche+wolke nahe,3.6825477348065574
-4.567252319168951,-1.252002491109876,-0.11828845874503796,0.012332895552199444,9.103828801926284e-15,philippinischen,7.978638881512111
-8.242714711344643,1.0261672910055535,0.033708458323767315,0.006184764407773186,-6.217248937900877e-15,nahe philippinisch+en,3.654702562306636
-4.200204056728261,-1.479609431329632,-0.01996203936897329,0.06464668683066416,-2.120525977034049e-14,Hauptstadt,8.410682140825063
-7.970521811187203,0.8560881066952621,0.05311642190047666,0.026900459331596144,-1.5987211554602254e-14,philippinisch+en haupt+stadt,3.975683974490078
-5.728474837192878,-0.532336549046688,0.0007047161254807865,0.05431495134151207,-1.9872992140790302e-14,Manila,6.6126959197017126
-7.564555257813479,0.6049158151346332,0.04039007970725314,0.03376948859401366,-1.6986412276764895e-14,haupt+stadt manila,4.453038325241243
-6.675629551010815,0.054501939230551244,0.01833243314828814,0.04533108777920815,-1.865174681370263e-14,manila brech+t,5.498520739800831
-1.4586075169162207,-3.1794241825005325,-0.043623897031367515,0.07637676143025472,-2.275957200481571e-14,Taal,11.63641158773185
-6.802826850761445,0.13328736928860696,0.021100944384115902,0.04390130361535322,-1.84297022087776e-14,vulkan taal,5.3489069002359715
-1.5870916251925014,-3.0997562481960244,-0.042768081627557436,0.07595111073073993,-2.275957200481571e-14,Wissenschaftler,11.485234670801434
-6.756010845616648,0.10556904069235928,-0.007864097652341473,0.030286951546789287,-1.0103029524088925e-14,filmen,5.403255189155219
-8.030691508648896,0.8954643494393162,0.014482587050998141,0.004621839126149021,-3.4416913763379853e-15,wissenschaftler film+en,3.9037376252069675
-7.927491900338632,0.8254266907450223,-0.1579984139556282,-0.0787672149064689,4.6851411639181606e-14,film+en asche+wolke,4.028077112737741
-3.5365047921964985,-1.8905692044133775,-0.10411593256209176,0.030535914936109812,8.881784197001252e-16,ausgestoßen,9.191172324148617
-7.107910300551784,0.32143859089040205,-0.12771714745625687,-0.038004517824098805,2.864375403532904e-14,asche+wolke aus+ge+stoß+en,4.9902412750825516
-8.677972979827134,1.2955120257583903,0.046361092089866635,-0.007692554878347472,-2.6645352591003757e-15,aus+ge+stoß+en zwei,3.1428821116751604
-4.221225810340998,-1.468752414259694,-0.1588601731800223,-0.002970957866036638,1.9539925233402755e-14,schießt,8.386873222232452
-8.83641231515383,1.3926101961374107,0.06718264044757735,-0.0054737909126974515,-5.88418203051333e-15,höhe schieß+t,2.9570983040315344
-5.951734063692484,-0.3925473592601896,-0.07437321846284796,0.01321371894832743,3.774758283725532e-15,Zugang,6.349170803460371
-6.092247458635288,-0.3053673898659075,-0.06879187877667359,0.013422743200312172,3.1086244689504383e-15,stern+statt,6.183820495623758
-6.092247458635288,-0.3053673898659075,-0.06879187877667359,0.013422743200312172,3.1086244689504383e-15,zugang stern+statt,6.183820495623758
-6.240790438777048,-0.213225711528779,-0.06307011019020617,0.013446426112806142,2.4424906541753444e-15,"11,96",6.00903172017566
-6.240790438777048,-0.213225711528779,-0.06307011019020617,0.013446426112806142,2.4424906541753444e-15,"stern+statt 11,96",6.00903172017566
-6.511066061814682,-0.04561876564210765,-0.052959931288539486,0.013022201849602458,1.3322676295501878e-15,Alles,5.691025493229604
-6.511066061814682,-0.04561876564210765,-0.052959931288539486,0.013022201849602458,1.3322676295501878e-15,"11,96 alle+s",5.691025493229604
-6.092247458635288,-0.3053673898659075,-0.06879187877667359,0.013422743200312172,3.1086244689504383e-15,stern+,6.183820495623758
-6.092247458635288,-0.3053673898659075,-0.06879187877667359,0.013422743200312172,3.1086244689504383e-15,alle+s stern+,6.183820495623758
-6.685084720438609,0.06226786206780188,-0.04659696405668255,0.01243375821534577,8.881784197001252e-16,erstklassigen,5.486289958135274
-6.685084720438609,0.06226786206780188,-0.04659696405668255,0.01243375821534577,8.881784197001252e-16,stern+ erstklassig+en,5.486289958135274
-6.7863743617734,0.1250550364885452,-0.042902906104356354,0.011989680872798466,6.661338147750939e-16,Inhalten,5.3671262637748764
-6.7863743617734,0.1250550364885452,-0.042902906104356354,0.011989680872798466,6.661338147750939e-16,erstklassig+en inhalt+en,5.3671262637748764
-6.871863150999712,0.178042207136607,-0.03977927535990535,0.011558433002458356,4.440892098500626e-16,GEO,5.266554616527571
-6.871863150999712,0.178042207136607,-0.03977927535990535,0.011558433002458356,4.440892098500626e-16,inhalt+en geo,5.266554616527571
-6.920906313327131,0.20843760927094745,-0.03798186439161307,0.011288085508324964,2.220446049250313e-16,Capital,5.208859940022687
-6.920906313327131,0.20843760927094745,-0.03798186439161307,0.011288085508324964,2.220446049250313e-16,geo capital,5.208859940022687
-0.516880577961647,-3.7620580560846935,-0.04317121122528005,-0.0008287504997651976,5.10702591327572e-15,/li,12.743852814673534
-6.967514475749774,0.23732233945491332,-0.03626843695875592,0.0110158173313711,2.220446049250313e-16,capital /li,5.1540306424713975
-7.0226543775869095,0.27149253311809174,-0.03423308816544182,0.010674544934930912,0.0,/li woche+n,5.089165767313247
-6.4702536009816125,-0.07099819308634503,-0.037553315087460445,0.021551898948203953,-3.4416913763379853e-15,testen,5.739109297520379
-7.0593599660715345,0.29423779029632424,-0.03287230490805219,0.010435918234382922,0.0,woche+n test+en,5.045987096557231
-7.1237827344909626,0.3341561280437455,-0.030470566448589705,0.009995096285713824,-2.220446049250313e-16,"2,99",4.970204562988069
-7.1237827344909626,0.3341561280437455,-0.030470566448589705,0.009995096285713824,-2.220446049250313e-16,"test+en 2,99",4.970204562988069
-7.0226543775869095,0.27149253311809174,-0.03423308816544182,0.010674544934930912,0.0,"2,99 woche",5.089165767313247
-6.967514475749774,0.23732233945491332,-0.03626843695875592,0.0110158173313711,2.220446049250313e-16,woche /li,5.1540306424713975
-7.227322470391789,0.3983060685203692,-0.026567620103606845,0.009228174220050692,-3.3306690738754696e-16,jederzeit,4.848411044689027
-7.227322470391789,0.3983060685203692,-0.026567620103606845,0.009228174220050692,-3.3306690738754696e-16,/li jederzeit,4.848411044689027
-7.268712864644412,0.4239479276595044,-0.024990059331704312,0.008901500467147924,-3.3306690738754696e-16,kündbar,4.799724901961008
-7.268712864644412,0.4239479276595044,-0.024990059331704312,0.008901500467147924,-3.3306690738754696e-16,jederzeit künd+bar,4.799724901961008
-6.967514475749774,0.23732233945491332,-0.03626843695875592,0.0110158173313711,2.220446049250313e-16,künd+bar /li,5.1540306424713975
-7.319636433611818,0.45549381798690947,-0.023033658039389678,0.008483852830181219,-4.440892098500626e-16,/ul,4.739826238904208
-7.319636433611818,0.45549381798690947,-0.023033658039389678,0.008483852830181219,-4.440892098500626e-16,/li /ul,4.739826238904208
0.23367026448295292,-4.245340490719062,-0.2946201342635992,-0.031427015731636754,4.551914400963142e-14,Zwei,13.635942099439612
7.638036330690255,-8.864943720636584,-0.4388681359044335,-0.06914233769146133,7.571721027943568e-14,hoch+e asche+wolke,22.362913930120875
-8.516520911700539,1.1969173496341379,-0.0280735244524317,-0.03835743428521135,1.709743457922741e-14,asche+wolke video,3.33193112997227
-5.920299445389399,-0.4133063099071079,-0.11538516898914629,-0.006315727717903907,1.5765166949677223e-14,spektakulären,6.3867600922297045
-8.517115732407174,1.1968075265021194,0.021120466349672448,-0.012776791221568534,2.220446049250313e-15,zeig+t spektakulär+en,3.3315607886620002
-8.44646957730775,1.1516131544607122,0.05172617077720312,0.006652698020895128,-8.43769498715119e-15,Vulkauausbruch,3.415463347766582
-8.44646957730775,1.1516131544607122,0.05172617077720312,0.006652698020895128,-8.43769498715119e-15,spektakulär+en vulkauausbruch,3.415463347766582
-8.285455890211207,1.05080163717803,0.06459156604726088,0.020563918216668222,-1.4988010832439613e-14,Zeitrafferaufnahmen,3.6054457168722367
-8.285455890211207,1.05080163717803,0.06459156604726088,0.020563918216668222,-1.4988010832439613e-14,vulkauausbruch zeitraffer+aufnahme+n,3.6054457168722367
2.3632568593022185,-5.5496021064194085,-0.12586695396759517,0.055530586361896714,-5.773159728050814e-15,zeigen,16.13341122734413
-7.8148282517517,0.7597802173750892,0.04798985339304532,0.029686674134527666,-1.6431300764452317e-14,zeitraffer+aufnahme+n zeig+en,4.158744573334073
-7.265459568415082,0.4197724617724923,0.0322001038438848,0.03810966556562343,-1.765254609153999e-14,zeig+en ausbruch,4.804780357916136
64.05192109608907,-43.80146756862072,-0.06833681945238676,0.06273473846314943,-1.765254609153999e-14,ausbruch vulkan+s,88.71915153629075
-4.055015122321981,-1.5696168624129663,-0.02157064671069632,0.06544497813313101,-2.1316282072803006e-14,vulkan+s taal,8.581503071045763
-7.700571531019115,0.6890875524600131,0.04442804784460934,0.03160707282990057,-1.6653345369377348e-14,taal philippinen,4.293093940124527
-1.3934385764652983,-3.220064871984848,-0.10950992953832046,0.07477249090619605,-1.4432899320127035e-14,Sonntag,11.713087669718306
-8.232776639152735,1.0183199421005986,0.061497043904027354,0.021139876770709682,-1.4876988529977098e-14,philippinen sonntag,3.667327338426041
-8.401644640806875,1.1254213757496287,0.015202021900768498,-0.01041348005746472,1.9984014443252818e-15,sonntag zwei,3.4673028138295456
-8.436862680535603,1.1476303921048077,-0.028886386382265962,-0.03492492853348035,1.5987211554602254e-14,erzeugte,3.4255999804206727
-8.436862680535603,1.1476303921048077,-0.028886386382265962,-0.03492492853348035,1.5987211554602254e-14,asche+wolke erzeug+te,3.4255999804206727
-4.745375302011744,-1.173403392737653,-0.35845652067734557,-0.10257033221098465,7.882583474838611e-14,der asche+wolke,7.785450632373297
-8.19197458140364,0.9956871251114612,0.007078348744313595,-0.005552382363100142,1.1102230246251565e-15,gigantisch,3.7138444972716322
-8.19197458140364,0.9956871251114612,0.007078348744313595,-0.005552382363100142,1.1102230246251565e-15,asche+wolke gigantisch,3.7138444972716322
-8.053230198883515,0.9078433069988483,0.04699659793183372,0.02064598379688219,-1.2989609388114332e-14,gigantisch ein,3.8781107412448304
-7.970521811187203,0.8560881066952621,0.05311642190047666,0.026900459331596144,-1.5987211554602254e-14,ein video,3.975683974490078
-7.265459568415082,0.4197724617724923,0.0322001038438848,0.03810966556562343,-1.765254609153999e-14,zeig+t ausbruch,4.804780357916136
-7.265459568415082,0.4197724617724923,0.0322001038438848,0.03810966556562343,-1.765254609153999e-14,südlich,4.804780357916136
-7.265459568415082,0.4197724617724923,0.0322001038438848,0.03810966556562343,-1.765254609153999e-14,taal südlich,4.804780357916136
-7.849048999976328,0.7809505895767503,0.049088741478210324,0.02909167437018291,-1.63202784619898e-14,südlich manila,4.1185073791175695
-8.072363405811522,0.9190687941320963,0.05665529910948039,0.024961365095505835,-1.5654144647214707e-14,manila haupt+stadt,3.8559499414961103
-8.346124170102616,1.088293132865995,0.06699551458804717,0.01921812003419609,-1.4765966227514582e-14,haupt+stadt philippinen,3.534133554707018
-3.410972159397901,-1.9681996976997236,-0.09406691376165058,0.03659441131992447,-2.4424906541753444e-15,Bis,9.338784340702464
-8.072363405811522,0.9190687941320963,0.05665529910948039,0.024961365095505835,-1.5654144647214707e-14,bis zwei,3.8559499414961103
-7.942227544975561,0.8385881080085045,0.052160044344289516,0.027422262626314038,-1.609823385706477e-14,Kilometern,4.008950511104029
-7.942227544975561,0.8385881080085045,0.052160044344289516,0.027422262626314038,-1.609823385706477e-14,zwei kilo+meter+n,4.008950511104029
-7.513099774965935,0.5730691697807755,0.0389162031328117,0.03455499091478455,-1.709743457922741e-14,kilo+meter+n hoch,4.513548219235972
-7.1900011438097255,0.3730531113431219,0.03026891681888394,0.0391245611951174,-1.7763568394002505e-14,hoch spuck+te,4.893526332777002
-0.28552094514476245,-3.9068246490115457,-0.05061085890176067,0.07986631685225032,-2.3314683517128287e-14,spuck+te vulkan,13.016698354013446
-7.016438488106362,0.265580608019913,0.026012686053875106,0.041350444013433574,-1.8096635301390052e-14,vulkan sonntag,5.097659028450145
-7.8148282517517,0.7597802173750892,0.04798985339304532,0.029686674134527666,-1.6431300764452317e-14,sonntag asche,4.158744573334073
-7.997601005766216,0.8728356656673522,0.05404245571016572,0.026394311735095873,-1.587618925213974e-14,gen,3.943846548360928
-7.997601005766216,0.8728356656673522,0.05404245571016572,0.026394311735095873,-1.587618925213974e-14,asche gen,3.943846548360928
-8.159394758363701,0.9728794562778147,0.05980566037853918,0.023223984664554942,-1.5432100042289676e-14,+974,3.753634295891563
-8.159394758363701,0.9728794562778147,0.05980566037853918,0.023223984664554942,-1.5432100042289676e-14,gen +974,3.753634295891563
-8.252295870318486,1.0303068995338474,0.06330592882762748,0.021280983613907994,-1.509903313490213e-14,+974 chars,3.644424933745377
-8.843358924636746,1.39843798893549,0.03643694644552395,-0.022260049909757582,3.774758283725532e-15,Meine,2.9480757117763847
-8.809438716663083,1.377707461084148,0.027837135257727214,-0.024821000034910837,5.773159728050814e-15,mein+e frau,2.987813399064235
-2.9354223648575104,-2.2632421086918986,-0.04967207143205467,0.06242572995044811,-1.6986412276764895e-14,kommt,9.898491642055037
-8.77726586691307,1.358012603486442,0.019023799466604083,-0.027618888114822406,7.771561172376096e-15,frau komm+t,3.0255200220366687
-3.5870823682890114,-1.863659645034892,-0.1813329038056452,-0.010468171777228915,2.4868995751603507e-14,zurück,9.133885921499932
-8.676119163183028,1.295737499673464,-0.013119863258353529,-0.03885018398583738,1.554312234475219e-14,komm+t zurück,3.1442455226758734
-8.549474314115303,1.2163910948808572,-0.062344011196158136,-0.05769440706058823,2.8199664825478976e-14,Giftige,3.2936097171640446
-8.549474314115303,1.2163910948808572,-0.062344011196158136,-0.05769440706058823,2.8199664825478976e-14,zurück giftig+e,3.2936097171640446
-8.255533409421904,1.023016959510303,-0.1959090462313207,-0.11107590363471491,6.306066779870889e-14,Lavamassen,3.645105542245973
-8.255533409421904,1.023016959510303,-0.1959090462313207,-0.11107590363471491,6.306066779870889e-14,giftig+e lavamasse+n,3.645105542245973
-8.488620076425365,1.1796014909915782,-0.032623859656671104,-0.03934049502321699,1.7985612998927536e-14,begraben,3.364760357077873
-8.488620076425365,1.1796014909915782,-0.032623859656671104,-0.03934049502321699,1.7985612998927536e-14,lavamasse+n begrab+en,3.364760357077873
-8.49787184102407,1.1851764011028725,0.010025591280121343,-0.017641662793267416,5.10702591327572e-15,Lebensgrundlage,3.354027011046941
-8.49787184102407,1.1851764011028725,0.010025591280121343,-0.017641662793267416,5.10702591327572e-15,begrab+en leben+s+grund+lage,3.354027011046941
-8.389559247974194,1.115995900179272,0.0565058901657135,0.011767680288195857,-1.0880185641326534e-14,Grindavíks,3.4826052824663662
-8.389559247974194,1.115995900179272,0.0565058901657135,0.011767680288195857,-1.0880185641326534e-14,leben+s+grund+lage grindavík+s,3.4826052824663662
-8.252295870318486,1.0303068995338474,0.06330592882762748,0.021280983613907994,-1.509903313490213e-14,Bewohnern,3.644424933745377
-8.252295870318486,1.0303068995338474,0.06330592882762748,0.021280983613907994,-1.509903313490213e-14,grindavík+s bewohner+n,3.644424933745377
-8.048448126391776,0.9042803639154431,0.0558103534192273,0.025425539457616962,-1.5765166949677223e-14,bewohner+n nach,3.8840661985898244
-7.740769941269884,0.713960503801446,0.045662820479310376,0.030942726514325412,-1.6542323066914832e-14,800,4.245825604508112
-7.740769941269884,0.713960503801446,0.045662820479310376,0.030942726514325412,-1.6542323066914832e-14,nach 800,4.245825604508112
-7.564555257813479,0.6049158151346332,0.04039007970725314,0.03376948859401366,-1.6986412276764895e-14,800 jahr+en,4.453038325241243
-2.8187990312287585,-2.335436525954323,-0.05719194308602422,0.05975261901100415,-1.509903313490213e-14,jahr+en brech+t,10.035639262462011
-8.389559247974194,1.115995900179272,0.0565058901657135,0.011767680288195857,-1.0880185641326534e-14,Grindavík,3.4826052824663662
-8.389559247974194,1.115995900179272,0.0565058901657135,0.011767680288195857,-1.0880185641326534e-14,vulkan grindavík,3.4826052824663662
-7.657977150416576,0.6627304129343972,0.04314069459891698,0.03229815044721517,-1.6764367671839864e-14,grindavík gleich,4.343180568946109
-7.912623239980011,0.8202768298296896,0.051171407259200954,0.027960681586184276,-1.609823385706477e-14,neunmal,4.0437578714501425
-7.912623239980011,0.8202768298296896,0.051171407259200954,0.027960681586184276,-1.609823385706477e-14,gleich neunmal,4.0437578714501425
-8.205072879247943,1.0015315897122967,0.055662099154162925,0.019214809681043447,-1.354472090042691e-14,Viele,3.699709278692497
-5.164153093654434,-0.8845626803894193,-0.15994640149051226,-0.01570569705599238,2.4202861936828413e-14,Bewohner,7.277653107848911
-7.415039533733101,0.5147397116355656,-0.03952192147347396,-0.0025687312612067033,5.551115123125783e-15,viel+e bewohner,4.627499913124013
-8.343198569438584,1.0891058759199963,0.018124036863361226,-0.006260108383200506,0.0,verlieren,3.5361149866555017
-8.343198569438584,1.0891058759199963,0.018124036863361226,-0.006260108383200506,0.0,bewohner verlier+en,3.5361149866555017
-8.150357191666258,0.9600059933579317,-0.18270332844787351,-0.09992881695276642,5.750955267558311e-14,verlier+en lava,3.7677156048927265
-7.7215092696134136,0.7007824734535699,-0.12985230781214419,-0.05742630317478874,3.597122599785507e-14,all,4.268861377502162
-8.383388169347958,1.1128342861276503,-0.08305798468723469,-0.06020087417414606,3.1530333899354446e-14,lava all,3.48929626633013
-8.56997262533853,1.2300682576880184,-0.015048163692730973,-0.03428092343394283,1.4210854715202004e-14,Besitz,3.269056322685072
-8.56997262533853,1.2300682576880184,-0.015048163692730973,-0.03428092343394283,1.4210854715202004e-14,all besitz,3.269056322685072
-8.699733528445208,1.3099451528305168,0.021279512196607703,-0.02210235745277671,5.551115123125783e-15,verlassen,3.116743953976862
-8.699733528445208,1.3099451528305168,0.021279512196607703,-0.02210235745277671,5.551115123125783e-15,besitz verlass+en,3.116743953976862
-8.793969136609846,1.3676136498873823,0.042135933132907394,-0.016349503226579905,8.881784197001252e-16,Zuhause,3.0063015847709913
-8.793969136609846,1.3676136498873823,0.042135933132907394,-0.016349503226579905,8.881784197001252e-16,verlass+en zuhause,3.0063015847709913
-7.956555553524854,0.8490456672273683,0.025164361218500922,0.012890768735862007,-7.66053886991358e-15,oft,3.991220542070663
-8.836894233944523,1.3938477835733314,0.05035152521089012,-0.014480498421978658,-6.661338147750939e-16,zuhause oft,2.9560103089464254
-8.874484480667201,1.4168155697935776,0.05698679264316692,-0.013183802973968633,-1.887379141862766e-15,oft immer,2.9119716348857665
-6.667863532767263,0.04969148074065277,0.01816695787248246,0.04541637002877562,-1.865174681370263e-14,Warum,5.5076555228805955
-9.213937909579288,1.6235344934840525,0.1111935033120221,-0.006802750217367499,-1.0547118733938987e-14,plötzlich,2.5146420094399526
-9.213937909579288,1.6235344934840525,0.1111935033120221,-0.006802750217367499,-1.0547118733938987e-14,warum plötzlich,2.5146420094399526
-7.410420953260281,0.5095133039861799,0.03605804668388486,0.0360726209462286,-1.7319479184152442e-14,Lissabon,4.6342985034865025
-9.187110874172285,1.607031465043479,0.10946408501134827,-0.005735328308211475,-1.0769163338864018e-14,plötzlich lissabon,2.5461343312152502
-7.246329027742107,0.40792831455117984,0.03170566766936425,0.03836980639499908,-1.765254609153999e-14,Portugal,4.827279423751934
-9.163315613824594,1.5923902144394377,0.10795521525031024,-0.004807519797501821,-1.0880185641326534e-14,lissabon portugal,2.5740694250658005
-7.644798699820317,0.6545753310023303,0.04274668546058226,0.03250934735314184,-1.6764367671839864e-14,vielseitigsten,4.358677265313791
-7.644798699820317,0.6545753310023303,0.04274668546058226,0.03250934735314184,-1.6764367671839864e-14,portugal vielseitig+st+en,4.358677265313791
-7.785517120769651,0.7416461545887727,0.04706060836946151,0.03018888592990615,-1.6431300764452317e-14,Reisedestinationen,4.193209523064109
-7.785517120769651,0.7416461545887727,0.04706060836946151,0.03018888592990615,-1.6431300764452317e-14,vielseitig+st+en reise+destination+en,4.193209523064109
24.109551349592703,-19.03414490441902,-0.09524056952062253,0.08923934596209503,-2.2426505097428162e-14,Europas,41.72116785425701
-7.894531798918208,0.8090861516100589,0.05057318884123213,0.02828599259855022,-1.6209256159527285e-14,reise+destination+en europa+s,4.065029221857574
-1.7709816384494168,-2.9857340313972034,-0.041508458611666244,0.07532512855949197,-2.2648549702353193e-14,Was,11.268866548433618
-1.0997069906047265,-3.402232535992899,-0.12694776312214337,0.03865104031792555,6.661338147750939e-16,etwa,12.05871292040076
-8.184106799964677,0.9881566726407269,0.060722502505151155,0.02271634492947717,-1.532107773982716e-14,was etwa,3.7245834786952114
-8.122902337217965,0.9503178485271264,0.05847002806542831,0.023961869256013138,-1.554312234475219e-14,etwa haupt+stadt,3.7965347261012874
-8.060524418027903,0.9117480453107119,0.05623592749226983,0.025191842997985818,-1.5765166949677223e-14,haupt+stadt lissabon,3.869868522552995
-7.93495322023022,0.8340887842300635,0.051915988129895826,0.027555270230687604,-1.609823385706477e-14,Kunstverständnis,4.017503269631089
-7.93495322023022,0.8340887842300635,0.051915988129895826,0.027555270230687604,-1.609823385706477e-14,lissabon kunst+verständnis,4.017503269631089
-4.8450827285535905,-1.0798531505141882,-0.012151066133886751,0.06076071920554359,-2.0650148258027912e-14,liegt,7.651969966298116
-7.797046952173332,0.7487794790484843,0.047424831988889804,0.02999214223319477,-1.6431300764452317e-14,kunst+verständnis lieg+t,4.179652325465751
-7.730932474396801,0.7078736705614204,0.045358835200985465,0.031106416830052074,-1.6542323066914832e-14,Oder,4.2573931627091195
-7.6009779772543755,0.6274570991961483,0.041450807225391004,0.03320293157692849,-1.687538997430238e-14,Algarve,4.4102071939316305
-7.6009779772543755,0.6274570991961483,0.041450807225391004,0.03320293157692849,-1.687538997430238e-14,oder algarve,4.4102071939316305
-7.351223364613748,0.4728677760552098,0.03445832798236968,0.03691886634727723,-1.7430501486614958e-14,preisgekrönten,4.703916851153808
-7.351223364613748,0.4728677760552098,0.03445832798236968,0.03691886634727723,-1.7430501486614958e-14,algarve preis+ge+krön+t+en,4.703916851153808
-7.063053276936046,0.29444682743621486,0.02713132808252025,0.040766851164369906,-1.7985612998927536e-14,Stränden,5.0428329195990536
-7.063053276936046,0.29444682743621486,0.02713132808252025,0.040766851164369906,-1.7985612998927536e-14,preis+ge+krön+t+en strand+en,5.0428329195990536
-6.824364458444693,0.14564598339478385,-0.011507303133396873,0.09395684922893613,-3.26405569239796e-14,Und,5.323992123146292
-7.061925673860711,0.29374857293388734,0.027104061142025265,0.04078108818550966,-1.7985612998927536e-14,zuletzt,5.044159145129619
-8.09536017225567,0.9332885143630394,0.05747609399968656,0.024509732697224094,-1.5654144647214707e-14,und zuletzt,3.828913949264684
-7.740769941269884,0.713960503801446,0.045662820479310376,0.030942726514325412,-1.6542323066914832e-14,Azoren,4.245825604508112
-7.740769941269884,0.713960503801446,0.045662820479310376,0.030942726514325412,-1.6542323066914832e-14,zuletzt azoren,4.245825604508112
-4.77215798396889,-1.12505638570159,-0.01309342770118814,0.061230545805961156,-2.0761170560490427e-14,azoren vulkan,7.737765953269621
-6.675629551010815,0.054501939230551244,0.01833243314828814,0.04533108777920815,-1.865174681370263e-14,überragten,5.498520739800831
-6.675629551010815,0.054501939230551244,0.01833243314828814,0.04533108777920815,-1.865174681370263e-14,vulkan überrag+ten,5.498520739800831
-7.564555257813479,0.6049158151346332,0.04039007970725314,0.03376948859401366,-1.6986412276764895e-14,Außenpo…,4.453038325241243
-7.564555257813479,0.6049158151346332,0.04039007970725314,0.03376948859401366,-1.6986412276764895e-14,überrag+ten außenpo…,4.453038325241243
-7.912623239980011,0.8202768298296896,0.051171407259200954,0.027960681586184276,-1.609823385706477e-14,außenpo… portugal,4.0437578714501425
-9.14218671843078,1.5793871040593592,0.10663468633557349,-0.003998172629648012,-1.099120794378905e-14,nicht…,2.5988756197514395
-9.14218671843078,1.5793871040593592,0.10663468633557349,-0.003998172629648012,-1.099120794378905e-14,und nicht…,2.5988756197514395
-9.155393611305023,1.587515137211985,0.10745800131098016,-0.004502489734790102,-1.099120794378905e-14,+10928,2.58337003606501
-9.155393611305023,1.587515137211985,0.10745800131098016,-0.004502489734790102,-1.099120794378905e-14,nicht… +10928,2.58337003606501
-9.166416522748149,1.5942983767433152,0.10815053147516332,-0.004927437972388229,-1.0880185641326534e-14,+10928 char+s,2.57042893603386
-6.139480523448909,-0.28417470540564604,-0.1973195681042979,-0.049936759464797614,4.107825191113079e-14,regn+et asche,6.13230538044519
-3.6824105817455504,-1.8128947058551925,-0.25560705596053157,-0.04251532523701175,4.5075054799781356e-14,asche vulkan+ausbruch,9.025995065839378
0.8075605818726679,-4.587517869920392,-0.17682721844563543,0.025397847881450716,1.1102230246251565e-14,geht,14.304186691984118
-6.930815335265216,0.2085532286716738,-0.16753158992788786,-0.05293522216349786,3.863576125695545e-14,vulkan+ausbruch geh+t,5.200171506615716
-7.22372614775805,0.3909729989603039,-0.15411401750849285,-0.054102159900144706,3.752553823233029e-14,AUF,4.855129070241646
-7.22372614775805,0.3909729989603039,-0.15411401750849285,-0.054102159900144706,3.752553823233029e-14,geh+t auf,4.855129070241646
-3.431203431348915,-1.9690993700637969,-0.2598266904777855,-0.04190477742066359,4.529709940470639e-14,Haut,9.321797932099539
-7.549627619723066,0.5939465628426168,-0.13715547600443861,-0.05541249299312878,3.597122599785507e-14,auf haut,4.471224198341327
-7.700340253582711,0.6878077775209199,-0.128450133629594,-0.056013690770065405,3.530509218307998e-14,haut plötzlich,4.293691541235711
-6.397557528494575,-0.12350165283789938,-0.18848267986722983,-0.05088446020909723,4.04121180963557e-14,Meteorologin,5.828318408680293
-6.397557528494575,-0.12350165283789938,-0.18848267986722983,-0.05088446020909723,4.04121180963557e-14,plötzlich meteorologi+n,5.828318408680293
-6.719916615815622,0.07721958907174509,-0.17630050094731503,-0.052110665582364935,3.930189507173054e-14,meteorologi+n schwarz+e,5.448601759802672
-6.895699216458759,0.1866845474180967,-0.169039987960071,-0.052796862291161886,3.885780586188048e-14,Flecken,5.24153716816542
-6.895699216458759,0.1866845474180967,-0.169039987960071,-0.052796862291161886,3.885780586188048e-14,schwarz+e flecken,5.24153716816542
-5.432910776491592,-0.7239628424662077,-0.21817469995195313,-0.04750960173813504,4.263256414560601e-14,flecken haut,6.964518987158827
-7.223726147758049,0.39097299896030346,-0.15411401750849318,-0.05410215990014497,3.752553823233029e-14,haut mit,4.855129070241647
-3.6824105817455504,-1.8128947058551925,-0.25560705596053157,-0.04251532523701175,4.5075054799781356e-14,Vul,9.025995065839378
-3.6824105817455504,-1.8128947058551925,-0.25560705596053157,-0.04251532523701175,4.5075054799781356e-14,brech+t vul,9.025995065839378
-2.6221573006112138,-2.461630264514801,-0.1821156684878113,0.0016806223843621113,2.042810365310288e-14,...,10.269060447081602
-8.8092742621674,1.37770551451362,-0.035901822031902016,-0.058297584007269435,2.531308496145357e-14,vul ...,2.987854234598436
-7.12752494006184,0.33507202711901973,-0.10238801563393499,-0.02602060265266098,2.1316282072803006e-14,... mehr,4.966427431170912
-7.700340253582711,0.6878077775209199,-0.128450133629594,-0.056013690770065405,3.530509218307998e-14,anzeige+n plötzlich,4.293691541235711
-7.839660774904189,0.777663376675763,-0.009498128197502953,-0.0007998994457108187,1.3322676295501878e-15,zentralphilippi…,4.128126111864411
-7.839660774904189,0.777663376675763,-0.009498128197502953,-0.0007998994457108187,1.3322676295501878e-15,kanlaon zentralphilippi…,4.128126111864411
-8.20140731311599,1.0017519566496462,-0.003182699315717616,-0.011246373928293366,4.440892098500626e-15,+95,3.702615935822454
-8.20140731311599,1.0017519566496462,-0.003182699315717616,-0.011246373928293366,4.440892098500626e-15,zentralphilippi… +95,3.702615935822454
-8.257413353099999,1.0364352260496457,-0.0020675867792068203,-0.013018027779571558,4.884981308350689e-15,+95 char+s,3.63674378304185
13.548403367047833,-12.493201166735496,-0.22191366045711405,0.0008473700817875768,2.4646951146678475e-14,Wie,29.29837969910453
-2.2441873916138846,-2.6990465761660363,-0.22363228485631487,0.005218068312894442,2.398081733190338e-14,Neapel,10.715318540559652
-6.997377966618666,0.25000602386350135,-0.1646163640101111,-0.05319852215331551,3.8413716652030416e-14,wie neapel,5.12176260620343
-3.6824105817455504,-1.8128947058551925,-0.25560705596053157,-0.04251532523701175,4.5075054799781356e-14,neapel vulkan+ausbruch,9.025995065839378
-6.215409934001801,-0.23313541482775246,-0.1558228382680225,-0.03144481588022019,2.9531932455029164e-14,vorbereitet,6.040945707608447
-6.859255803688668,0.16398957327937058,-0.17058440891363758,-0.052653699479934646,3.885780586188048e-14,vulkan+ausbruch vor+bereit+et,5.284466230688716
-6.997377966618666,0.25000602386350135,-0.1646163640101111,-0.05319852215331551,3.8413716652030416e-14,vor+bereit+et neapel,5.12176260620343
-7.140534996156139,0.34174607384033706,-0.15004125742834717,-0.00946272429701801,2.0872192862952943e-14,neapel sonntag,4.951749795241451
0.4570095467379147,-4.368433913756661,-0.1487359237611428,0.053178093103466745,-2.220446049250313e-15,Erde,13.890844293341816
-7.452204470493954,0.5355137857259731,-0.13512367012601578,-0.015354618986228492,2.1316282072803006e-14,sonntag erde,4.584790861283533
-7.5147286676820695,0.5743770972679791,-0.13190855144571817,-0.016718257471088207,2.1316282072803006e-14,gebebt,4.511180070743048
-7.5147286676820695,0.5743770972679791,-0.13190855144571817,-0.016718257471088207,2.1316282072803006e-14,erde ge+beb+t,4.511180070743048
-6.997377966618665,0.2500060238635009,-0.16461636401011134,-0.05319852215331558,3.8413716652030416e-14,kleineres,5.121762606203431
-6.997377966618665,0.2500060238635009,-0.16461636401011134,-0.05319852215331558,3.8413716652030416e-14,ein klein+er+es,5.121762606203431
2.444589526490569,-5.600801528400307,-0.14605621900659643,0.046354921551092165,0.0,Beben,16.229482230967573
-7.145409977771928,0.34219780853912596,-0.157855640116594,-0.05378829777273121,3.774758283725532e-14,klein+er+es beben,4.947384134102873
-4.288106304863323,-1.426940900977891,-0.1536246809133791,-0.0012527837455384196,1.8207657603852567e-14,spüren,8.308008257356287
-7.470533125111345,0.5446863168669398,-0.14149284364483594,-0.055094865163266116,3.6415315207705135e-14,beben spür+en,4.564395201652922
-7.627883878320937,0.6443670457012254,-0.12724567689557215,-0.02671284494186987,2.4424906541753444e-14,spür+en erde,4.378144892023533
-7.670090110102458,0.6711804633916381,-0.122419998704528,-0.01427157546527837,1.9317880628477724e-14,Phlegräischen,4.32814545454509
-7.670090110102458,0.6711804633916381,-0.122419998704528,-0.01427157546527837,1.9317880628477724e-14,erde phlegräisch+en,4.32814545454509
-7.1020103793328,0.3201655053701544,-0.10483520991251553,0.02040899365370771,4.884981308350689e-15,Felder,4.99593018424562
-7.72331937711121,0.7049667477119366,-0.11517922582084447,0.007399335681938551,1.0658141036401503e-14,phlegräisch+en feld+er,4.265101525643588
-6.962076192962904,0.23354164739729555,-0.099963359383474,0.03291813474388749,-2.220446049250313e-16,liegen,5.160506568389733
-7.74421101569599,0.7181839744895937,-0.11163911166698592,0.019679113672242315,5.995204332975845e-15,feld+er lieg+en,4.240379364742703
-8.151726714343985,0.9714253189253785,-0.08303224168148544,0.021046671686670956,1.9984014443252818e-15,gelten,3.760643108560665
-8.151726714343985,0.9714253189253785,-0.08303224168148544,0.021046671686670956,1.9984014443252818e-15,sie gelt+en,3.760643108560665
-3.729402358930532,-1.7713543133152192,-0.054720041228763824,0.07505055092996485,-2.0872192862952943e-14,Supervulkan,8.964474176834074
-8.81043673838721,1.3793816567677433,-0.018280136423169613,0.03544055994090576,-1.0658141036401503e-14,gelt+en supervulkan,2.985952088384378
-8.804885616382354,1.3747979087394617,-0.012396977568729269,0.06821366698885145,-2.3203661214665772e-14,Tilmann,2.99307399252515
-8.790287664781575,1.3641648535482696,-0.00852155875551254,0.09674557404312746,-3.397282455352979e-14,Kleinjung,3.0110714786102797
-8.790287664781575,1.3641648535482696,-0.00852155875551254,0.09674557404312746,-3.397282455352979e-14,tilmann kleinjung,3.0110714786102797
-8.443071025259922,1.0993609526635877,0.004972972151784341,0.39578278777243736,-1.4344081478157023e-13,Evakuierungsübung,3.445525316139146
-8.443071025259922,1.0993609526635877,0.004972972151784341,0.39578278777243736,-1.4344081478157023e-13,kleinjung evakuierung+s+übung,3.445525316139146
3.9053426834801943,-6.506132496593176,-0.10652731354602235,0.09139938315227948,-2.1094237467877974e-14,dabei,17.94807660772261
-8.827513036216526,1.3837401294553604,0.0034102713295117576,0.13632885598745498,-4.96269692007445e-14,evakuierung+s+übung dabei,2.9691142460815043
-8.909195881479828,1.4380532782921853,0.0034828544717427218,0.08516782240686327,-3.11972669919669e-14,10.11.2025,2.871107841956049
-8.909195881479828,1.4380532782921853,0.0034828544717427218,0.08516782240686327,-3.11972669919669e-14,stand 10.11.2025,2.871107841956049
-8.951905409527573,1.4656257505380605,0.0041573626593435775,0.06157531824268586,-2.275957200481571e-14,11:27,2.8202976371705017
-8.951905409527573,1.4656257505380605,0.0041573626593435775,0.06157531824268586,-2.275957200481571e-14,10.11.2025 11:27,2.8202976371705017
-8.971109020329038,1.4778714052155013,0.004651118318370465,0.05184885442105993,-1.9317880628477724e-14,11:27 uhr,2.797531460915192
-8.993681019365148,1.4921635193889158,0.005398753333701448,0.04116154625733802,-1.554312234475219e-14,uhr neapel,2.77082528672406
-9.226929795829557,1.6366225961961711,0.024007430825622955,-0.026744725456781446,6.8833827526759706e-15,+4294,2.496548920064753
-9.226929795829557,1.6366225961961711,0.024007430825622955,-0.026744725456781446,6.8833827526759706e-15,gelt+en +4294,2.496548920064753
-9.23183409099366,1.6396336967861596,0.024589632321874902,-0.027535062913598838,7.105427357601002e-15,+4294 chars,2.490795763110192
-8.23492076478021,1.0195673947504902,0.06264004599432374,0.02165165601961483,-1.5210055437364645e-14,sterbendes,3.664849567071248
-8.23492076478021,1.0195673947504902,0.06264004599432374,0.02165165601961483,-1.5210055437364645e-14,ein sterb+end+es,3.664849567071248
-7.997601005766216,0.8728356656673522,0.05404245571016572,0.026394311735095873,-1.587618925213974e-14,Mädchen,3.943846548360928
-7.997601005766216,0.8728356656673522,0.05404245571016572,0.026394311735095873,-1.587618925213974e-14,sterb+end+es mädchen,3.943846548360928
-7.740769941269884,0.713960503801446,0.045662820479310376,0.030942726514325412,-1.6542323066914832e-14,mädchen werd+e,4.245825604508112
-7.1900011438097255,0.3730531113431219,0.03026891681888394,0.0391245611951174,-1.7763568394002505e-14,Gesicht,4.893526332777002
-7.1900011438097255,0.3730531113431219,0.03026891681888394,0.0391245611951174,-1.7763568394002505e-14,werd+e gesicht,4.893526332777002
-0.1303831918587477,-4.002626605756497,-0.0731802646270436,0.06980803167977642,-1.6986412276764895e-14,Vulkankatastrophe,13.19899517578532
-4.77215798396889,-1.12505638570159,-0.01309342770118814,0.061230545805961156,-2.0761170560490427e-14,gesicht vulkan+katastrophe,7.737765953269621
-4.611406023559556,-1.2247026086708375,-0.015115015199687165,0.06223743188163296,-2.0872192862952943e-14,Armero,7.92689202176762
-7.740769941269884,0.713960503801446,0.045662820479310376,0.030942726514325412,-1.6542323066914832e-14,vulkan+katastrophe armero,4.245825604508112
-7.997601005766216,0.8728356656673522,0.05404245571016572,0.026394311735095873,-1.587618925213974e-14,armero premium,3.943846548360928
-8.252295870318486,1.0303068995338474,0.06330592882762748,0.021280983613907994,-1.509903313490213e-14,13.,3.644424933745377
-8.252295870318486,1.0303068995338474,0.06330592882762748,0.021280983613907994,-1.509903313490213e-14,premium 13.,3.644424933745377
-7.2732874688386255,0.4265931629947586,-0.014206303261255132,0.014235111863321446,-3.552713678800501e-15,November,4.7944602058650085
-8.316670310268664,1.070092182644303,0.06581991415589775,0.019877071918561477,-1.4876988529977098e-14,13. november,3.5687544706888525
-8.437502884530133,1.1447501704672036,0.07074912071216954,0.017103515650089985,-1.4432899320127035e-14,1985,3.4267300322359455
-8.437502884530133,1.1447501704672036,0.07074912071216954,0.017103515650089985,-1.4432899320127035e-14,november 1985,3.4267300322359455
-8.493658365051704,1.17943681777966,0.07313957849718727,0.0157482813627366,-1.432187701766452e-14,zerstörte,3.3607312655448767
-8.493658365051704,1.17943681777966,0.07313957849718727,0.0157482813627366,-1.432187701766452e-14,1985 zerstör+te,3.3607312655448767
-8.6741164923694,1.2908557591131433,0.08129453950918808,0.011073309585641953,-1.354472090042691e-14,zerstör+te ausbruch,3.148667803405103
-7.294289924851728,0.4376215322742105,0.03295156281340825,0.03771389639483979,-1.7541523789077473e-14,Nevado,4.7708737749962555
-8.756226823843367,1.34152490453449,0.08526714207632005,0.008766186385302523,-1.3211653993039363e-14,ausbruch nevado,3.052191908129075
-7.223722513461503,0.3939318125709148,0.031125652980042315,0.0386747091307139,-1.765254609153999e-14,del,4.853866685000977
-7.223722513461503,0.3939318125709148,0.031125652980042315,0.0386747091307139,-1.765254609153999e-14,nevado del,4.853866685000977
-7.170264863945878,0.36083300274655583,0.029772117815664786,0.039385137777965575,-1.7763568394002505e-14,Ruiz,4.916738320573389
-7.170264863945878,0.36083300274655583,0.029772117815664786,0.039385137777965575,-1.7763568394002505e-14,del ruiz,4.916738320573389
-8.859986758318879,1.405524941499856,0.0905487366376928,0.005667678825272901,-1.2656542480726785e-14,Schlammlawine,2.9302945130264844
-8.859986758318879,1.405524941499856,0.0905487366376928,0.005667678825272901,-1.2656542480726785e-14,ruiz schlamm+lawine,2.9302945130264844
-8.929698001677277,1.448503279398781,0.09427488743795925,0.003459792214122074,-1.2323475573339238e-14,kolumbianische,2.848408651894422
-8.929698001677277,1.448503279398781,0.09427488743795925,0.003459792214122074,-1.2323475573339238e-14,schlamm+lawine kolumbianisch+e,2.848408651894422
6.065182468346752,-7.848940121290921,-0.19566802504962313,0.04564055567345704,5.773159728050814e-15,Stadt,20.491162965048623
-8.97830644783747,1.4784607402034737,0.09696386054354889,0.0018549972642442313,-1.199040866595169e-14,kolumbianisch+e stadt,2.7913168570375038
-6.482511243316569,-0.06512720326956689,0.01433267807644062,0.04738706714144737,-1.887379141862766e-14,stadt armero,5.725680217005437
-9.017745019854305,1.5027599168056305,0.09920333019271299,0.0005110233565002766,-1.176836406102666e-14,Etwa,2.74499906518594
-9.030672195197639,1.5107232955902976,0.09994903555147983,6.198783808787287e-05,-1.176836406102666e-14,23.000,2.7298177881276913
-9.030672195197639,1.5107232955902976,0.09994903555147983,6.198783808787287e-05,-1.176836406102666e-14,etwa 23.000,2.7298177881276913
29.093595126540816,-22.137391190102466,-0.2559141497337457,0.022089755892360105,2.042810365310288e-14,Menschen,47.592067329387774
-9.04787013582271,1.5213164328949522,0.10095023322670693,-0.0005420931496983063,-1.1657341758564144e-14,23.000 mensch+en,2.7096216638278916
-7.212319031741765,0.38773221004176284,-0.09898448192285964,-0.026610211081352763,2.1094237467877974e-14,starben,4.866619161200896
-4.774449078799152,-1.1253238778953105,-0.15027875416534464,-0.005687959801873185,1.9539925233402755e-14,mensch+en sterb+en,7.735740996906451
-9.096054660791854,1.550988853369325,0.10381242297127069,-0.0022766444042862308,-1.1324274851176597e-14,tagelange,2.653040783370414
-9.096054660791854,1.550988853369325,0.10381242297127069,-0.0022766444042862308,-1.1324274851176597e-14,der tagelang+e,2.653040783370414
-9.115470039332008,1.5629419516750216,0.10499020431265968,-0.002993712227174969,-1.1213252548714081e-14,Todeskampf,2.6302438602444007
-9.115470039332008,1.5629419516750216,0.10499020431265968,-0.002993712227174969,-1.1213252548714081e-14,tagelang+e tod+es+kampf,2.6302438602444007
-9.092000534161752,1.5484927001935616,0.10356829398929496,-0.0021282536299460537,-1.1324274851176597e-14,13-jährigen,2.657801133990535
-9.092000534161752,1.5484927001935616,0.10356829398929496,-0.0021282536299460537,-1.1324274851176597e-14,tod+es+kampf 13-jährig+en,2.657801133990535
-9.066353427714416,1.5326998384938486,0.10203808235775422,-0.001200018944753297,-1.1546319456101628e-14,Omayra,2.687916900260066
-9.066353427714416,1.5326998384938486,0.10203808235775422,-0.001200018944753297,-1.1546319456101628e-14,13-jährig+en omayra,2.687916900260066
-9.050246383729968,1.5227799905013888,0.10108939838969139,-0.0006261686005203,-1.1657341758564144e-14,Sánchez,2.706831210854855
-9.050246383729968,1.5227799905013888,0.10108939838969139,-0.0006261686005203,-1.1657341758564144e-14,omayra sánchez,2.706831210854855
-9.030672195197639,1.5107232955902976,0.09994903555147983,6.198783808787287e-05,-1.176836406102666e-14,bewegte,2.7298177881276913
-9.030672195197639,1.5107232955902976,0.09994903555147983,6.198783808787287e-05,-1.176836406102666e-14,sánchez beweg+te,2.7298177881276913
3.5690053907570896,-6.296820301534497,-0.09854428365476015,0.07232236694581574,-1.509903313490213e-14,Welt,17.551957225922155
-8.998659793376602,1.4910017841270198,0.0981129862824398,0.0011662222389070692,-1.1879386363489175e-14,beweg+te welt,2.7674128687158506
-8.981297076757691,1.4803035690774227,0.0971318347647758,0.0017544266010587686,-1.199040866595169e-14,Zeitbombe,2.787804455537606
-8.950032959587794,1.4610368484682352,0.09539044991198323,0.0027951948500148753,-1.2212453270876722e-14,nennt,2.8245241484085915
-8.950032959587794,1.4610368484682352,0.09539044991198323,0.0027951948500148753,-1.2212453270876722e-14,zeit+bombe nenn+t,2.8245241484085915
-8.929698001677277,1.448503279398781,0.09427488743795925,0.003459792214122074,-1.2323475573339238e-14,Ramon,2.848408651894422
-8.929698001677277,1.448503279398781,0.09427488743795925,0.003459792214122074,-1.2323475573339238e-14,nenn+t ramon,2.848408651894422
-8.908020479298816,1.435140521526751,0.09310013865047104,0.004157857093692693,-1.2434497875801753e-14,Antonio,2.8738709961131224
-8.908020479298816,1.435140521526751,0.09310013865047104,0.004157857093692693,-1.2434497875801753e-14,ramon antonio,2.8738709961131224
-8.876755218242927,1.4158645839430102,0.0914314780937836,0.00514627548989904,-1.2545520178264269e-14,Rodriguez,2.910596694769112
-8.876755218242927,1.4158645839430102,0.0914314780937836,0.00514627548989904,-1.2545520178264269e-14,antonio rodriguez,2.910596694769112
-8.828570935605212,1.386151008706916,0.08891728053155673,0.006628640856805777,-1.27675647831893e-14,Bürgermeister,2.967199902548944
-8.828570935605212,1.386151008706916,0.08891728053155673,0.006628640856805777,-1.27675647831893e-14,rodriguez bürger+meister,2.967199902548944
-8.73273208116187,1.327028569427124,0.08411248605516386,0.009438814381657015,-1.3322676295501878e-14,kleinen,3.079796091529252
-8.73273208116187,1.327028569427124,0.08411248605516386,0.009438814381657015,-1.3322676295501878e-14,bürger+meister klein+en,3.079796091529252
-8.681067046479047,1.2951455713107063,0.08162411248308674,0.010882660822480045,-1.354472090042691e-14,kolumbianischen,3.1405008227673608
-8.681067046479047,1.2951455713107063,0.08162411248308674,0.010882660822480045,-1.354472090042691e-14,klein+en kolumbianisch+en,3.1405008227673608
-8.553173852599958,1.2161915165645052,0.07574671907981931,0.014262465276961945,-1.3988810110276972e-14,kolumbianisch+en stadt,3.290787599023269
-8.346124170102616,1.088293132865995,0.06699551458804717,0.01921812003419609,-1.4765966227514582e-14,armero nevado,3.534133554707018
-3.451114385775621,-1.9440125772414478,-0.02775226271891954,0.06850859324891061,-2.1760371282653068e-14,Ausbrüche,9.292028320010072
-7.513099774965935,0.5730691697807755,0.0389162031328117,0.03455499091478455,-1.709743457922741e-14,5321,4.513548219235972
-7.513099774965935,0.5730691697807755,0.0389162031328117,0.03455499091478455,-1.709743457922741e-14,ausbruch+e 5321,4.513548219235972
-7.1900011438097255,0.3730531113431219,0.03026891681888394,0.0391245611951174,-1.7763568394002505e-14,5321 meter,4.893526332777002
-6.5305384544141365,-0.03537492642473916,0.015305477321654506,0.046888046071125754,-1.887379141862766e-14,hohen,5.669186450926709
-6.5305384544141365,-0.03537492642473916,0.015305477321654506,0.046888046071125754,-1.887379141862766e-14,meter hoch+en,5.669186450926709
-4.77215798396889,-1.12505638570159,-0.01309342770118814,0.061230545805961156,-2.0761170560490427e-14,hoch+en vulkan+s,7.737765953269621
-6.802826850761445,0.13328736928860696,0.021100944384115902,0.04390130361535322,-1.84297022087776e-14,töteten,5.3489069002359715
-6.802826850761445,0.13328736928860696,0.021100944384115902,0.04390130361535322,-1.84297022087776e-14,vulkan+s töt+eten,5.3489069002359715
-0.1037602592805964,-4.019179678795005,-0.06934806767614288,0.07178658171456731,-1.8207657603852567e-14,bereits,13.23035051619612
-7.4579739468490915,0.538948534344946,0.03736828480793611,0.035377820108505036,-1.7208456881689926e-14,töt+eten bereits,4.578375627082935
-8.023550677081742,0.8888837875214728,0.0549398975642551,0.025902940782505154,-1.587618925213974e-14,bereits jahr+en,3.913337599963225
-8.179249820512178,0.9851541149452452,0.06054150344082676,0.022816633615524,-1.532107773982716e-14,1595,3.7302931740507197
-8.179249820512178,0.9851541149452452,0.06054150344082676,0.022816633615524,-1.532107773982716e-14,jahr+en 1595,3.7302931740507197
-8.331606725891035,1.0793223023912875,0.06641404490930919,0.019544243959800634,-1.4876988529977098e-14,184…,3.551197670407258
-8.331606725891035,1.0793223023912875,0.06641404490930919,0.019544243959800634,-1.4876988529977098e-14,1595 184…,3.551197670407258
-8.413065622559401,1.129653529243972,0.06972912814906213,0.017679745203669606,-1.454392162258955e-14,+5007,3.455451915105137
-8.413065622559401,1.129653529243972,0.06972912814906213,0.017679745203669606,-1.454392162258955e-14,184… +5007,3.455451915105137
-8.482947436641439,1.172821298714128,0.07267852381135886,0.016010194307068033,-1.432187701766452e-14,+5007 char+s,3.3733193928382303
-7.568843776148851,0.6092644390150239,0.007410685894074939,0.016688907854501063,-6.994405055138486e-15,Vulnado,4.447050166009088
-8.504128921809993,1.1859036356097266,0.07359265607850282,0.015490654178245605,-1.4210854715202004e-14,tobt,3.348425768363944
-8.504128921809993,1.1859036356097266,0.07359265607850282,0.015490654178245605,-1.4210854715202004e-14,vulnado tob+t,3.348425768363944
-8.400374916190001,1.121813111626603,0.06920415396762677,0.01797584982475459,-1.4654943925052066e-14,tob+t hawaii,3.4703679565272507
-6.982220786270079,0.2461321180170084,-0.01644649099141783,0.02063525581721789,-5.662137425588298e-15,Aufnahme,5.136921158495598
-8.269131699698397,1.040712607972489,0.06395621472939003,0.020918517035254477,-1.509903313490213e-14,hawaii aufnahme,3.6246344860492363
-8.09536017225567,0.9332885143630394,0.05747609399968656,0.024509732697224094,-1.5654144647214707e-14,aufnahme zeig+t,3.828913949264684
-7.1900011438097255,0.3730531113431219,0.03026891681888394,0.0391245611951174,-1.7763568394002505e-14,natur+schau+spiel der,4.893526332777002
-6.802826850761445,0.13328736928860696,0.021100944384115902,0.04390130361535322,-1.84297022087776e-14,Kīlauea-Vulkan,5.3489069002359715
-6.802826850761445,0.13328736928860696,0.021100944384115902,0.04390130361535322,-1.84297022087776e-14,der kīlauea-vulkan,5.3489069002359715
-7.016438488106362,0.265580608019913,0.026012686053875106,0.041350444013433574,-1.8096635301390052e-14,Pazifik,5.097659028450145
-7.016438488106362,0.265580608019913,0.026012686053875106,0.041350444013433574,-1.8096635301390052e-14,kīlauea-vulkan pazifik,5.097659028450145
-7.611703599893392,0.6363946840049897,-0.0122456071006945,0.005320060270024119,-5.551115123125783e-16,pazifik erneut,4.396297489576736
-8.155928166393531,0.9734105146486562,0.004423442054189486,-0.005460692235977498,1.3322676295501878e-15,Diesmal,3.7562135890458324
-5.343568675715861,-0.7718447403007942,-0.1427881685757671,0.0013516927972647523,1.5987211554602254e-14,kam,7.065793546691455
-8.309289557784798,1.067810692356367,0.02567349505908019,-0.0008398293271241128,-2.7755575615628914e-15,diesmal komm,3.5761663700667143
-8.516286251192883,1.1950884852253545,0.04900095733307895,0.0019091353656870771,-6.439293542825908e-15,komm spektakulär+en,3.333215288190936
-8.641238425450688,1.2718999318885642,0.06106020825630132,0.002026813534777877,-7.882583474838611e-15,Naturereignis,3.1865666307408604
-8.641238425450688,1.2718999318885642,0.06106020825630132,0.002026813534777877,-7.882583474838611e-15,spektakulär+en natur+ereignis,3.1865666307408604
-8.597376415787597,1.243484246450366,0.07773436773339815,0.01312419909451185,-1.3877787807814457e-14,Beobachter,3.238842838944515
-8.597376415787597,1.243484246450366,0.07773436773339815,0.01312419909451185,-1.3877787807814457e-14,natur+ereignis beobachter,3.238842838944515
-8.493658365051704,1.17943681777966,0.07313957849718727,0.0157482813627366,-1.432187701766452e-14,beobachter film+en,3.3607312655448767
-7.837365249805263,0.7740027944094483,0.04452478894265574,0.02712213471181387,-1.509903313490213e-14,konnten,4.132091016443264
-8.413065622559401,1.129653529243972,0.06972912814906213,0.017679745203669606,-1.454392162258955e-14,film+en könn+en,3.455451915105137
-8.23492076478021,1.0195673947504902,0.06264004599432374,0.02165165601961483,-1.5210055437364645e-14,vergangenen,3.664849567071248
-7.246210289548795,0.4078548003352074,0.031702609197572854,0.03837141492203256,-1.765254609153999e-14,Wochenende,4.827419069899158
-7.970521811187203,0.8560881066952621,0.05311642190047666,0.026900459331596144,-1.5987211554602254e-14,vergeh+en+en woche+n+ende,3.975683974490078
-6.683418572175763,0.06118547247906836,-0.03763152746360041,0.016952085785854176,-1.7763568394002505e-15,sorgte,5.488290564118885
-7.564555257813479,0.6049158151346332,0.04039007970725314,0.03376948859401366,-1.6986412276764895e-14,woche+n+ende sorg+te,4.453038325241243
-6.675629551010815,0.054501939230551244,0.01833243314828814,0.04533108777920815,-1.865174681370263e-14,Klauea-Vulkan,5.498520739800831
-6.675629551010815,0.054501939230551244,0.01833243314828814,0.04533108777920815,-1.865174681370263e-14,sorg+te klauea-vulka+n,5.498520739800831
-7.107401728688353,0.3219085043395129,0.02821201651364738,0.04020210209222666,-1.787459069646502e-14,klauea-vulka+n hawaii,4.990672993873869
-7.88160312791889,0.8010887383585499,0.0501484097980216,0.02851676738099343,-1.6209256159527285e-14,beeindruckendes,4.080230475584151
-7.88160312791889,0.8010887383585499,0.0501484097980216,0.02851676738099343,-1.6209256159527285e-14,hawaii beeindruck+end+es,4.080230475584151
-8.252295870318486,1.0303068995338474,0.06330592882762748,0.021280983613907994,-1.509903313490213e-14,beeindruck+end+es natur+schau+spiel,3.644424933745377
-8.425410537868775,1.1399052013161806,0.023014796172408272,-0.007429658556239924,0.0,direkter,3.439485098849767
-8.425410537868775,1.1399052013161806,0.023014796172408272,-0.007429658556239924,0.0,natur+schau+spiel direkt+er,3.439485098849767
-7.7826785881295315,0.742471879232629,-0.018136604004378415,-0.0032611086276743695,3.3306690738754696e-15,Nähe,4.195084094158925
-8.44357345188333,1.1518335836908602,-0.011705823647766532,-0.026351439059710064,1.0880185641326534e-14,direkt+er nähe,3.4177089219624106
-8.212621105295602,0.9973532442149184,-0.1903889165303636,-0.10642898222275328,6.061817714453355e-14,Lavaausbruch,3.6951073956953047
-8.212621105295602,0.9973532442149184,-0.1903889165303636,-0.10642898222275328,6.061817714453355e-14,nähe lavaausbruch,3.6951073956953047
-8.593359447139308,1.2444434427772915,-0.02764995301497148,-0.04202698944496991,1.84297022087776e-14,formte,3.2415860208677336
-8.593359447139308,1.2444434427772915,-0.02764995301497148,-0.04202698944496991,1.84297022087776e-14,lavaausbruch form+te,3.2415860208677336
-8.748212778443413,1.339981521354994,0.020793651690338977,-0.025038623009198093,6.661338147750939e-15,seltener,3.059715171733831
-8.748212778443413,1.339981521354994,0.020793651690338977,-0.025038623009198093,6.661338147750939e-15,form+te selten+er,3.059715171733831
-8.806332142415455,1.375542954785724,0.035240354968442966,-0.020719942348642852,3.3306690738754696e-15,selten+er vulnado,2.991605703696287
-8.87324265676159,1.4164094011912376,0.04968713451041483,-0.017002904852104327,2.220446049250313e-16,Phänomen,2.9132296302568745
-8.87324265676159,1.4164094011912376,0.04968713451041483,-0.017002904852104327,2.220446049250313e-16,ein phänomen,2.9132296302568745
-8.959600488297548,1.469118154915391,0.06548623008365254,-0.013911796002313844,-2.6645352591003757e-15,+852,2.812088143008401
-8.959600488297548,1.469118154915391,0.06548623008365254,-0.013911796002313844,-2.6645352591003757e-15,phänomen +852,2.812088143008401
-8.976052438147107,1.479160073963946,0.06819398613095676,-0.013512312550498107,-3.1086244689504383e-15,+852 char+s,2.7928190970075852
-3.8193571955555097,-1.7157127370062093,-0.024076750581960953,0.06668766529605753,-2.142730437526552e-14,Sakurajima,8.858766800524508
-6.675629551010815,0.054501939230551244,0.01833243314828814,0.04533108777920815,-1.865174681370263e-14,vulkan sakurajima,5.498520739800831
-7.564555257813479,0.6049158151346332,0.04039007970725314,0.03376948859401366,-1.6986412276764895e-14,sakurajima brech+t,4.453038325241243
-6.191606687159295,-0.24417604107050028,-0.020013390145441748,0.03581354714347125,-1.0658141036401503e-14,Japan,6.067209652554425
-7.841296965505854,0.7783575588484091,0.0039691325681223966,0.006049634364354049,-2.6645352591003757e-15,brech+t japan,4.1263909957836304
1.8930637884355477,-5.283924826561806,-0.35784981700246954,-0.03843985207850657,5.5289106626332796e-14,Aschewolken,15.593414950775824
-7.703918687873374,0.6893329615354622,-0.1369292292557276,-0.060342303868928804,3.774758283725532e-14,japan asche+wolke+n,4.289833163749325
-7.55840025212379,0.6012688772770582,0.03769335891988952,0.032564932824538054,-1.6209256159527285e-14,Kagoshima,4.460186806421349
-7.55840025212379,0.6012688772770582,0.03769335891988952,0.032564932824538054,-1.6209256159527285e-14,asche+wolke+n kagoshima,4.460186806421349
-6.802826850761445,0.13328736928860696,0.021100944384115902,0.04390130361535322,-1.84297022087776e-14,kagoshima auf,5.3489069002359715
-4.77215798396889,-1.12505638570159,-0.01309342770118814,0.061230545805961156,-2.0761170560490427e-14,Vulkaninsel,7.737765953269621
-4.77215798396889,-1.12505638570159,-0.01309342770118814,0.061230545805961156,-2.0761170560490427e-14,auf vulkan+insel,7.737765953269621
-6.675629551010815,0.054501939230551244,0.01833243314828814,0.04533108777920815,-1.865174681370263e-14,vulkan+insel sakurajima,5.498520739800831
-7.002624483656365,0.25702605837133197,0.025684519348380036,0.041521458614030074,-1.8096635301390052e-14,Südwesten,5.113906532638322
-7.88160312791889,0.8010887383585499,0.0501484097980216,0.02851676738099343,-1.6209256159527285e-14,sakurajima süd+westen,4.080230475584151
-7.2570142177707835,0.4146324085846951,0.030547966941444807,0.03748975820865166,-1.7208456881689926e-14,Japans,4.814663798531995
-7.740769941269884,0.713960503801446,0.045662820479310376,0.030942726514325412,-1.6542323066914832e-14,süd+westen japan+s,4.245825604508112
-7.107401728688353,0.3219085043395129,0.02821201651364738,0.04020210209222666,-1.787459069646502e-14,japan+s erneut,4.990672993873869
-4.77215798396889,-1.12505638570159,-0.01309342770118814,0.061230545805961156,-2.0761170560490427e-14,erneut vulkan,7.737765953269621
-7.814908883717738,0.7607574814891529,0.033002024624248394,0.021917917935512215,-1.1879386363489175e-14,Minamidake-Krater,4.15813751038517
-7.814908883717738,0.7607574814891529,0.033002024624248394,0.021917917935512215,-1.1879386363489175e-14,der minamidake-krat+er,4.15813751038517
-8.253530807577533,1.0316199444828738,0.05557275150129673,0.01716926080341875,-1.27675647831893e-14,minamidake-krat+er schleuder+te,3.642671372972565
-8.446335982851732,1.1518608709039684,0.04592684865643931,0.003608072150032452,-6.661338147750939e-15,schleuder+te mehrere,3.4154372629710035
-8.494247943965988,1.182269510441335,0.031298508630734245,-0.006336708293986391,-1.4432899320127035e-15,tausend,3.3586719867865362
-8.494247943965988,1.182269510441335,0.031298508630734245,-0.006336708293986391,-1.4432899320127035e-15,mehrere tausend,3.3586719867865362
-8.5220861811319,1.200157916036335,0.01088209290406729,-0.01837438315480405,5.329070518200751e-15,tausend meter,3.3255550467345625
-8.512185046045548,1.1940856218342268,-0.037847922193812646,-0.043196875072628274,1.9984014443252818e-14,Rauch-,3.337092799602716
-8.512185046045548,1.1940856218342268,-0.037847922193812646,-0.043196875072628274,1.9984014443252818e-14,hoch+e rauch+-,3.337092799602716
-8.27558512001054,1.0345970470436827,-0.20127193909169266,-0.11464453675249957,6.483702463810914e-14,rauch+- asche+wolke,3.6219536907308254
-1.7478528525633,-3.0112238541697125,-0.2638474600368542,-0.0062966368928737936,3.2862601528904634e-14,asche+wolke himmel,11.301582224295245
-7.867906056859072,0.7951214933668243,-0.006810292883642766,-0.0004094216882663433,8.881784197001252e-16,WELT,4.094925989639064
-7.867906056859072,0.7951214933668243,-0.006810292883642766,-0.0004094216882663433,8.881784197001252e-16,der welt,4.094925989639064
-7.946917085996404,0.8438319141839035,0.004574367576832078,0.0026144874294183607,-1.5543122344752192e-15,ePaper,4.00212694885216
-7.946917085996404,0.8438319141839035,0.004574367576832078,0.0026144874294183607,-1.5543122344752192e-15,welt epaper,4.00212694885216
-7.827819994045795,0.7703853871880533,-0.01322371270525146,-0.002296134610270985,2.220446049250313e-15,epaper der,4.14201849353796
-8.035430934114984,0.8983598531253798,0.0157012150453346,0.0050727214560226976,-3.6637359812630166e-15,vollständige,3.898185872938292
-8.035430934114984,0.8983598531253798,0.0157012150453346,0.0050727214560226976,-3.6637359812630166e-15,der vollständig+e,3.898185872938292
-8.116486451217202,0.9482756111044055,0.024717107503000185,0.006619550502284292,-5.329070518200751e-15,Ausgabe,3.8030105279302875
-8.116486451217202,0.9482756111044055,0.024717107503000185,0.006619550502284292,-5.329070518200751e-15,vollständig+e ausgabe,3.8030105279302875
0.7951927310216114,-4.577183944227583,-0.12479050485826929,0.049730124658758285,-3.774758283725532e-15,steht,14.28831358949057
-8.160661537953557,0.9754764959153206,0.029253012340430873,0.007223136691996073,-6.106226635438361e-15,ausgabe steh+t,3.7511412334084557
-8.191464450200971,0.9944428516658876,0.03228201373641837,0.0075550095810996,-6.5503158452884236e-15,steh+t ihnen,3.7149733293991165
-8.220518124663155,1.0123319239113413,0.0350485600236254,0.007805695455859293,-6.994405055138486e-15,ihnen bereits,3.680859315501655
-8.269820564653873,1.042688515985452,0.0395637052419653,0.008102127790294955,-7.549516567451064e-15,Vorabend,3.622969587796693
-8.269820564653873,1.042688515985452,0.0395637052419653,0.008102127790294955,-7.549516567451064e-15,bereits vorabend,3.622969587796693
-8.322466372273329,1.0751038120908842,0.044167126640409685,0.008253212705976263,-8.215650382226158e-15,Verfügung,3.561153789733418
-8.322466372273329,1.0751038120908842,0.044167126640409685,0.008253212705976263,-8.215650382226158e-15,vorabend verfügung,3.561153789733418
-8.387171583121335,1.1149447480878059,0.04956578102982742,0.008225524879066307,-8.770761894538737e-15,verfügung sie,3.4851774986137913
-8.400448891550111,1.1231200286426921,0.05064281171848671,0.008192615453928812,-8.881784197001252e-15,sie immer,3.4695873356759854
-8.419697797639076,1.1349722358687355,0.05218750993570925,0.008129168744118509,-9.103828801926284e-15,hochaktuell,3.4469853169311957
-8.419697797639076,1.1349722358687355,0.05218750993570925,0.008129168744118509,-9.103828801926284e-15,immer hochaktuell,3.4469853169311957
-8.455991731762593,1.157319657436239,0.05505003294578864,0.007960332352037938,-9.325873406851315e-15,informiert,3.4043689999380886
-8.455991731762593,1.157319657436239,0.05505003294578864,0.007960332352037938,-9.325873406851315e-15,hochaktuell informier+t,3.4043689999380886
-8.489658249490276,1.1780492275629566,0.057652388820240486,0.007748224217034208,-9.547918011776346e-15,Weitere,3.3648377620772587
-8.510800949940666,1.1910674034501985,0.059263209180537596,0.0075886156958518275,-9.658940314238862e-15,weit+er+e information+en,3.340012006385305
-8.545566037421796,1.2124730775442591,0.061876471726303506,0.007283186226243396,-9.880984919163893e-15,https,3.299190913619447
-8.545566037421796,1.2124730775442591,0.061876471726303506,0.007283186226243396,-9.880984919163893e-15,information+en http+s,3.299190913619447
-8.559669904227155,1.221157061000333,0.06292511691409508,0.007144356577144267,-9.992007221626409e-15,//epaper.welt.de,3.282630221375057
-8.559669904227155,1.221157061000333,0.06292511691409508,0.007144356577144267,-9.992007221626409e-15,http+s //epaper.welt.d+e,3.282630221375057
-7.903633498661938,0.814402774530572,-0.11568573676743651,-0.05680772607102609,3.397282455352979e-14,Nordlichter,4.054229860715364
-8.924002000387718,1.4487912354173729,-0.024684342640044064,-0.059504712001318016,2.4424906541753444e-14,der nordlicht+er,2.8529117326193782
-7.787306130533404,0.7419655885530587,-0.12314228080568775,-0.056356497468363756,3.4638958368304884e-14,kamen,4.191251819942038
-8.894737630831333,1.4306526359984986,-0.028203145455508796,-0.059495019820083095,2.4868995751603507e-14,nordlicht+er komm+en,2.8873346676789744
-8.879094882063256,1.4209544866017343,-0.03005388432074023,-0.05948693330750178,2.4868995751603507e-14,zaghaft,2.905736200853402
-8.879094882063256,1.4209544866017343,-0.03005388432074023,-0.05948693330750178,2.4868995751603507e-14,komm+en zaghaft,2.905736200853402
-8.854213680125122,1.405525325102245,-0.03295548459384709,-0.05947009863061152,2.531308496145357e-14,zaghaft premium,2.9350073582116787
-8.8274382728537,1.388917133933967,-0.0360215989745548,-0.05944678232289653,2.5757174171303632e-14,Wenn,2.9665093561794533
-8.8274382728537,1.388917133933967,-0.0360215989745548,-0.05944678232289653,2.5757174171303632e-14,premium wenn,2.9665093561794533
-8.798512755339964,1.3709704449111606,-0.039270206221218566,-0.05941586636977725,2.5979218776228663e-14,Nordlichtern,3.000543682987473
-8.798512755339964,1.3709704449111606,-0.039270206221218566,-0.05941586636977725,2.5979218776228663e-14,wenn nordlicht+ern,3.000543682987473
-8.736870936529094,1.332709756815999,-0.04598174041212866,-0.05933168301053922,2.6867397195928788e-14,Rede,3.0730811244391014
-8.736870936529094,1.332709756815999,-0.04598174041212866,-0.05933168301053922,2.6867397195928788e-14,nordlicht+ern rede,3.0730811244391014
-8.629152900621929,1.265806563882201,-0.057066797827615895,-0.05913237290179098,2.7977620220553945e-14,entspannt,3.1998630932717242
-8.629152900621929,1.265806563882201,-0.057066797827615895,-0.05913237290179098,2.7977620220553945e-14,rede entspann+t,3.1998630932717242
-8.574505989046807,1.2318478124580674,-0.06240144162642716,-0.05900953935350782,2.864375403532904e-14,zurücklehnen,3.2641913343166733
-8.574505989046807,1.2318478124580674,-0.06240144162642716,-0.05900953935350782,2.864375403532904e-14,entspann+t zurück+lehn+en,3.2641913343166733
-6.1446051128486525,-0.27286114231642467,-0.06371370775528623,0.01495774738668184,1.9984014443252818e-15,Ich,6.122201631809865
-8.484553678305556,1.175927959746538,-0.070794260267543,-0.05878067319478772,2.9531932455029164e-14,zurück+lehn+en ich,3.3700918338012995
-8.355042581499564,1.0953775107518988,-0.08210282540372246,-0.05840302679722857,3.064215547965432e-14,Dosis,3.52258645448698
-8.355042581499564,1.0953775107518988,-0.08210282540372246,-0.05840302679722857,3.064215547965432e-14,ich dosis,3.52258645448698
-8.296316147883351,1.058840072003461,-0.08695508477869611,-0.05821647609811517,3.108624468950438e-14,Aurora,3.591741582704836
-8.296316147883351,1.058840072003461,-0.08695508477869611,-0.05821647609811517,3.108624468950438e-14,dosis aurora,3.591741582704836
-8.21839847999816,1.0103531232745606,-0.09314885987408075,-0.05795686723126495,3.175237850427948e-14,Borealis,3.683501372746758
-8.21839847999816,1.0103531232745606,-0.09314885987408075,-0.05795686723126495,3.175237850427948e-14,aurora boreali+s,3.683501372746758
-7.94897784449501,0.8426365504404929,-0.1126610985547554,-0.056980667169624744,3.375077994860476e-14,Wunschliste,4.000820159964734
-7.94897784449501,0.8426365504404929,-0.1126610985547554,-0.056980667169624744,3.375077994860476e-14,auf wunsch+liste,4.000820159964734
-7.402979855228861,0.5026135868961012,-0.14508011997527354,-0.054823074876110475,3.6637359812630166e-14,Platz,4.643971409627227
-7.402979855228861,0.5026135868961012,-0.14508011997527354,-0.054823074876110475,3.6637359812630166e-14,wunsch+liste platz,4.643971409627227
-3.6824105817455504,-1.8128947058551925,-0.25560705596053157,-0.04251532523701175,4.5075054799781356e-14,platz vulkan+ausbruch,9.025995065839378
-5.660110502180415,-0.5825646676627088,-0.21193974341807773,-0.04826292583124592,4.218847493575595e-14,Beispiel,6.696926156405931
-7.117678096995206,0.3249266145091463,-0.15915248715697822,-0.05367742678285607,3.7969627442180354e-14,vulkan+ausbruch beispiel,4.980051759685041
-4.946657137414346,-1.0265309721157259,-0.23027038141950074,-0.04598243953757847,4.3298697960381105e-14,Diese,7.537196773671015
-7.727065156143575,0.7044509498508549,-0.12684218892627752,-0.056119438554627546,3.5083047578154947e-14,Sichtung,4.26221127380205
-7.727065156143575,0.7044509498508549,-0.12684218892627752,-0.056119438554627546,3.5083047578154947e-14,dieser+e sichtung,4.26221127380205
-8.127679553290616,0.9538888497364579,-0.10003270083457255,-0.057639973266427544,3.241851231905457e-14,sichtung knapp,3.7903431509975114
-8.275180737934626,1.0456888322158158,-0.08866201471741643,-0.05814733881666215,3.1308289294429414e-14,ausgehen,3.6166311355613576
-8.275180737934626,1.0456888322158158,-0.08866201471741643,-0.05814733881666215,3.1308289294429414e-14,knapp aus+geh+en,3.6166311355613576
-8.373215171565295,1.1066824363111343,-0.08056770791337678,-0.058458975019133635,3.042011087472929e-14,Reisen,3.501187557914299
-8.484553678305556,1.175927959746538,-0.070794260267543,-0.05878067319478772,2.9531932455029164e-14,Hohen,3.3700918338012995
-8.484553678305556,1.175927959746538,-0.070794260267543,-0.05878067319478772,2.9531932455029164e-14,reise+n hoch+en,3.3700918338012995
-8.525300195472129,1.2012615561441988,-0.06705027445271287,-0.05888816219033101,2.90878432451791e-14,Norden,3.3221193928236574
-8.525300195472129,1.2012615561441988,-0.06705027445271287,-0.05888816219033101,2.90878432451791e-14,hoch+en norden,3.3221193928236574
-8.568644004245229,1.2282044249241189,-0.06296279786966404,-0.05899559249904689,2.864375403532904e-14,litten,3.271092187417535
-8.568644004245229,1.2282044249241189,-0.06296279786966404,-0.05899559249904689,2.864375403532904e-14,norden leid+en,3.271092187417535
-8.608118080530726,1.2527363644149914,-0.0591422273354722,-0.05908667011946943,2.8199664825478976e-14,leid+en immer,3.224623755627476
-8.695414390784377,1.3069673031251743,-0.05034125852139701,-0.05926228131980517,2.731148640577885e-14,Erwartungsdruck,3.121871299003679
-8.695414390784377,1.3069673031251743,-0.05034125852139701,-0.05926228131980517,2.731148640577885e-14,immer erwartung+s+druck,3.121871299003679
-8.77788529953341,1.3581693514978077,-0.041547571053288296,-0.059390373984867253,2.6201263381153694e-14,Spektakels,3.0248159475239254
-8.77788529953341,1.3581693514978077,-0.041547571053288296,-0.059390373984867253,2.6201263381153694e-14,erwartung+s+druck spektakel+s,3.0248159475239254
-8.8274382728537,1.388917133933967,-0.0360215989745548,-0.05944678232289653,2.5757174171303632e-14,spektakel+s nordlicht+er,2.9665093561794533
-8.862706507789216,1.4107922950034533,-0.03197081647471843,-0.05947638108341706,2.5091040356528538e-14,gewahr,2.9250158339233083
-8.862706507789216,1.4107922950034533,-0.03197081647471843,-0.05947638108341706,2.5091040356528538e-14,nordlicht+er gewahr,2.9250158339233083
-8.939949207462755,1.4586729408714205,-0.022735112265807614,-0.05950688169203816,2.4202861936828413e-14,abstrakte,2.8341549035085296
-8.939949207462755,1.4586729408714205,-0.022735112265807614,-0.05950688169203816,2.4202861936828413e-14,gewahr abstrakt+e,2.8341549035085296
-8.961449250759767,1.4719923316762609,-0.020070817158115886,-0.059506165990869234,2.375877272697835e-14,Trophäe,2.8088686447070317
-8.961449250759767,1.4719923316762609,-0.020070817158115886,-0.059506165990869234,2.375877272697835e-14,abstrakt+e trophäe,2.8088686447070317
-8.977660744480293,1.482032956981565,-0.01803369791407078,-0.05950275563916138,2.353672812205332e-14,einfangen,2.7898036231032206
-8.977660744480293,1.482032956981565,-0.01803369791407078,-0.05950275563916138,2.353672812205332e-14,trophäe ein+fang+en,2.7898036231032206
-9.00414539208586,1.4984314629082163,-0.014652190376768404,-0.0594916291917969,2.3092638912203256e-14,mitnehmen,2.7586598188327605
-9.00414539208586,1.4984314629082163,-0.014652190376768404,-0.0594916291917969,2.3092638912203256e-14,ein+fang+en mit+nehm+en,2.7586598188327605
-9.03997871486746,1.5206082761586037,-0.009968078313531373,-0.059464979084704175,2.2648549702353193e-14,Insofern,2.7165282605396657
-9.06755276868182,1.5376650384660837,-0.006275116001023068,-0.059434796372579826,2.220446049250313e-14,+2755,2.6841122969073927
-9.06755276868182,1.5376650384660837,-0.006275116001023068,-0.059434796372579826,2.220446049250313e-14,insofern +2755,2.6841122969073927
-9.076182810310062,1.5430018072704317,-0.00510301723038438,-0.05942353070477033,2.19824158875781e-14,+2755 chars,2.673967724622915
64.75266476080462,-44.25357669415725,-0.23210526432405645,-0.009332894128836335,2.7533531010703882e-14,Indonesien,89.55268141974285
-4.263867098928673,-1.440143196780419,-0.019240411028148115,0.06428838236686406,-2.120525977034049e-14,vulkan+e indonesien,8.33578022604515
16.15694250028437,-14.102776496113446,-0.0802661989882895,0.09691114314995157,-2.6645352591003757e-14,indonesien vulkan,32.363733889152385
68.9902638913574,-46.86363004737476,-0.06325693703734458,0.05974144953020659,-1.7430501486614958e-14,Semeru,94.52983689892595
45.436977573747654,-32.25896606250321,-0.08849488929520649,0.07583813189701293,-1.9317880628477724e-14,vulkan semeru,66.81605713096974
-0.9275855642296982,-3.5083476311759108,-0.10357815681845182,0.05081556581972363,-6.5503158452884236e-15,semeru spuck+t,12.260951937476438
-5.0581650640783,-0.9467437174100062,-0.04087571514561252,0.04368564114349743,-1.1102230246251565e-14,2.000,7.4006869359487215
-5.717898410380107,-0.5388908581097289,0.0005330479422510359,0.05440153633349965,-1.9872992140790302e-14,spuck+t 2.000,6.625138160791133
-6.110929910972225,-0.29534330903335526,0.007254643181624595,0.050999219172851315,-1.942890293094024e-14,2.000 meter,6.162781087371089
-6.3591558333111,-0.1398014577893707,-0.053629833813017155,0.015802260154836746,4.440892098500626e-16,Jakarta,5.869759403446204
-8.048448126391776,0.9042803639154431,0.0558103534192273,0.025425539457616962,-1.5765166949677223e-14,asche+säule jakarta,3.8840661985898244
-5.146415548930459,-0.8918079029145334,-0.057398594059287524,0.03431333779154428,-5.773159728050814e-15,jakarta indonesien,7.296709539568804
-1.6094927563916297,-3.0864888804730373,-0.1357901467272694,0.03114964954134245,4.440892098500626e-15,semeru insel,11.459056145482082
38.77740727125715,-28.13842323455565,-0.21321426161318782,0.03376729801054547,1.0880185641326534e-14,Java,58.98459758726404
19.672337647684785,-16.293225920766474,-0.2483340467789212,0.021080178672648213,2.020605904817785e-14,insel java,36.50543144125782
-1.6046349229341317,-3.1123860218986903,-0.3308083973211976,-0.05895946233194109,5.972999872483342e-14,java aus+ge+brech+en,11.476516621489614
5.011727792816409,-7.1983908958214755,-0.2258730633927812,0.0264062154335133,1.6431300764452317e-14,kilometerhohe,19.252986380640433
-6.77863759283287,0.11836031998236196,-0.11564260733464599,-0.02389386811495502,2.19824158875781e-14,aus+ge+brech+en kilometerhoh+e,5.377113768540426
-0.8221030464537247,-3.631176633502402,-0.48264012987831306,-0.10941773193816899,9.57012247226885e-14,kilometerhoh+e asche+wolke,12.41470349606095
-7.435963030094705,0.5275863487310954,-0.06761264306095259,-0.004604432304275988,9.547918011776346e-15,geworfen,4.602894755233437
-7.435963030094705,0.5275863487310954,-0.06761264306095259,-0.004604432304275988,9.547918011776346e-15,himmel ge+werf+en,4.602894755233437
1.5237695333887924,-5.030619302594317,-0.15153280404413205,0.09061026751720425,-1.5432100042289676e-14,der behörde+n,15.146384225067594
-8.80045948662199,1.3718659679109204,0.03630418411341464,-0.01981602623251223,2.886579864025407e-15,behörde+n kopier+e,2.998535854350897
-7.391404117857396,0.49694795305477957,0.037777569025077645,0.055112473495474074,-2.4424906541753444e-14,rufen,4.657072219286214
-7.391404117857396,0.49694795305477957,0.037777569025077645,0.055112473495474074,-2.4424906541753444e-14,behörde+n ruf+en,4.657072219286214
-7.313128145149015,0.44689142800492565,0.03880432445976331,0.08353525734261609,-3.47499806707674e-14,ruf+en ausbruch,4.749958030214504
-5.39597252852786,-0.7394104886305208,-0.0020681960312710773,0.07861584634473257,-2.8310687127941492e-14,ausbruch semeru,7.004382968288777
-6.722839122314134,0.07757614238215416,0.02919620336872157,0.1349627762344985,-5.218048215738236e-14,semeru java,5.446197443780938
-6.3170795670936535,-0.17955938504385394,0.02538546829541341,0.1878670247476283,-7.09432512735475e-14,java hoch+st+e,5.926503433481805
-3.9395621384895696,-1.6411176247356294,-0.06362881390092459,0.07830681074068699,-2.098321516541546e-14,Zuvor,8.717212985240444
-0.28552094514476245,-3.9068246490115457,-0.05061085890176067,0.07986631685225032,-2.3314683517128287e-14,zuvor vulkan,13.016698354013446
-4.77215798396889,-1.12505638570159,-0.01309342770118814,0.061230545805961156,-2.0761170560490427e-14,vulkan kilometerhoh+e,7.737765953269621
-6.053418865602351,-0.330978410758755,0.006225078397625622,0.05152203712227443,-1.942890293094024e-14,kilometerhoh+e asche+säule,6.230434933807902
-8.159394758363701,0.9728794562778147,0.05980566037853918,0.023223984664554942,-1.5432100042289676e-14,gespuc…,3.753634295891563
-8.159394758363701,0.9728794562778147,0.05980566037853918,0.023223984664554942,-1.5432100042289676e-14,asche+säule gespuc…,3.753634295891563
-8.316670310268664,1.070092182644303,0.06581991415589775,0.019877071918561477,-1.4876988529977098e-14,+1017,3.5687544706888525
-8.316670310268664,1.070092182644303,0.06581991415589775,0.019877071918561477,-1.4876988529977098e-14,gespuc… +1017,3.5687544706888525
-8.400374916190001,1.121813111626603,0.06920415396762677,0.01797584982475459,-1.4654943925052066e-14,+1017 char+s,3.4703679565272507
-5.281417683920534,-0.8081352284885326,-0.0745522791166308,0.02394688165327421,0.0,gespuckt,7.137854784097718
-8.048448126391776,0.9042803639154431,0.0558103534192273,0.025425539457616962,-1.5765166949677223e-14,asche+säule ge+spuck+t,3.8840661985898244
-8.747469906493496,1.336681284759259,0.0489584603905379,0.060831260604226,-2.7755575615628914e-14,südostasiatischen,3.0620804531561014
-8.747469906493496,1.336681284759259,0.0489584603905379,0.060831260604226,-2.7755575615628914e-14,behörde+n südostasiatisch+en,3.0620804531561014
-8.755169377188116,1.3356375190416454,0.0659802628244289,0.1253425568328948,-5.295763827461997e-14,Inselstaat,3.05607483018034
-8.755169377188116,1.3356375190416454,0.0659802628244289,0.1253425568328948,-5.295763827461997e-14,südostasiatisch+en insel+staat,3.05607483018034
-7.36272622435367,0.46547806426824767,-0.045006588782472864,0.24305933235600663,-8.248957072964913e-14,hoben,4.6977380030950595
-8.704317412776208,1.2940872970409427,0.07515824825533093,0.20122518189141886,-8.149037000748649e-14,insel+staat heb+en,3.121153493643408
-6.893647653641293,0.11468389586215322,-0.03649852660213791,0.4933156230371527,-1.7386092565629951e-13,heb+en warn+stufe,5.281098165754827
-8.797577264846039,1.352791500602381,0.08484180047084286,0.1880311165896392,-7.782663402622347e-14,+909,3.0109862132184015
-8.797577264846039,1.352791500602381,0.08484180047084286,0.1880311165896392,-7.782663402622347e-14,warn+stufe +909,3.0109862132184015
-8.846942436587682,1.3871068757633092,0.08563481192867892,0.1590266840365553,-6.7390537594747e-14,+909 chars,2.9509702587136295
-7.497818235270186,0.5644031621501906,-0.1302191427351369,-0.002254987561920087,1.5987211554602254e-14,indonesischer,4.530801151653571
-7.497818235270186,0.5644031621501906,-0.1302191427351369,-0.002254987561920087,1.5987211554602254e-14,warn+stufe indonesisch+er,4.530801151653571
-6.930815335265216,0.2085532286716738,-0.16753158992788786,-0.05293522216349786,3.863576125695545e-14,indonesisch+er insel,5.200171506615716
1.76874360696487,-5.200172471752468,-0.3146253859986454,-0.033334254685185596,4.8405723873656825e-14,java vulkan+ausbruch,15.443702764722222
0.527459925028559,-4.420708676288097,-0.24685441118037038,-0.00822899637019078,3.1530333899354446e-14,vulkan+ausbruch der,13.978118681461929
4.499056353853614,-6.874907823126502,-0.1483910665758184,0.051537932715369564,-1.7763568394002505e-15,semeru indonesisch+en,18.64694306672173
-3.950516775189092,-1.6344972911790605,-0.12252246898370922,0.017427641830294317,7.771561172376096e-15,java spuck+t,8.704342520458322
4.076989294032375,-6.6113903222993144,0.005707242837412932,-0.05909863698453538,2.020605904817785e-14,derzeit,18.14974484080497
-6.5137012108826635,-0.049488232876432114,-0.167232074561536,-0.0431008349364673,3.5083047578154947e-14,spuck+t derzeit,5.690642933827429
-6.5698897203472235,-0.017963544832941825,-0.20163902966438976,-0.054938188961238324,4.3298697960381105e-14,derzeit kilometerhoh+e,5.626218411001587
-6.129004667080352,-0.31939984292956236,-0.38830680683717345,-0.09697873622203333,8.038014698286133e-14,kilometerhoh+e asche+wolke+n,6.159433826924385
-6.74969379914804,0.09557295644000519,-0.22646148948870098,0.02672969736868827,1.687538997430238e-14,Regierung,5.413471419863253
-6.74969379914804,0.09557295644000519,-0.22646148948870098,0.02672969736868827,1.687538997430238e-14,der regierung,5.413471419863253
-6.778592139225912,0.1118314765131152,-0.17190355399519164,0.18813816529267652,-4.785061236134425e-14,regierung hoch+st+e,5.380336980001396
-5.3396502761451785,-0.7807411321940858,-0.16392384502853716,0.19289842644699123,-5.062616992290714e-14,ausgerufen,7.073638008482644
-5.3396502761451785,-0.7807411321940858,-0.16392384502853716,0.19289842644699123,-5.062616992290714e-14,warn+stufe aus+ge+ruf+en,7.073638008482644
-3.872157059096269,-1.6832162738737213,-0.12264332479495622,0.06674315152655319,-9.992007221626409e-15,300,8.796578001786264
-7.253412700006345,0.4136785585495555,-0.09474135291053093,0.07304809463872913,-1.532107773982716e-14,mehr 300,4.8179605941107155
-7.266806838983793,0.4222933480553759,-0.09265000572379858,0.06079706077765824,-1.1213252548714081e-14,300 mensch+en,4.8020499733918856
1.8299892001793516,-5.22157518366042,-0.17911446231659317,0.03278835083173055,8.659739592076221e-15,wurden,15.5072493987972
-6.845129496857846,0.1613722042504615,-0.037229727456362736,0.026850840013151092,-5.440092820663267e-15,mensch+en werd+en,5.298053965465435
2.095766646275486,-5.38699646711088,-0.18659980137440135,0.02622651723904015,1.199040866595169e-14,Sicherheit,15.820290826135755
-8.245111972501721,1.028963894620584,-0.028051100478491228,-0.025892772998889955,1.2656542480726785e-14,werd+en sicherheit,3.651094385608293
-3.4991580846267674,-1.9138649297531551,-0.1092699454128595,0.028421133237313836,2.220446049250313e-15,gebracht,9.235180246888017
-3.4991580846267674,-1.9138649297531551,-0.1092699454128595,0.028421133237313836,2.220446049250313e-15,sicherheit ge+bring+t,9.235180246888017
-7.717361677144799,0.7020606266507192,-0.025953042038094724,-0.005060179393559381,4.884981308350689e-15,19.11.2025,4.271877385723485
-7.717361677144799,0.7020606266507192,-0.025953042038094724,-0.005060179393559381,4.884981308350689e-15,stand 19.11.2025,4.271877385723485
-7.2416158414767535,0.407188832657583,-0.0283976151135798,0.007917923933008504,4.440892098500626e-16,15:39,4.8315797969106065
-7.2416158414767535,0.407188832657583,-0.0283976151135798,0.007917923933008504,4.440892098500626e-16,19.11.2025 15:39,4.8315797969106065
-6.763178778591737,0.11057928369283498,-0.03191215244020814,0.018025924699003333,-2.886579864025407e-15,15:39 uhr,5.394485096725197
-3.235538208484952,-2.0767699373771458,-0.04319335556680972,0.04483971943263566,-1.1324274851176597e-14,uhr der,9.545188250699914
-8.761561157747398,1.34877311705564,-0.0064480182012965764,0.03574498914897255,-1.2212453270876722e-14,wur…,3.0436429611021802
-8.761561157747398,1.34877311705564,-0.0064480182012965764,0.03574498914897255,-1.2212453270876722e-14,mensch+en wur…,3.0436429611021802
-8.789441106583647,1.3661556332670368,-0.004740548936537137,0.02811285178055793,-9.658940314238862e-15,+1438,3.01079684013596
-8.789441106583647,1.3661556332670368,-0.004740548936537137,0.02811285178055793,-9.658940314238862e-15,wur… +1438,3.01079684013596
-8.814673585490016,1.3818502280102218,-0.0031210938171044034,0.021691145723884545,-7.438494264988549e-15,+1438 chars,2.981089227879382
-7.848954349715518,0.7789834322955209,0.05384416777784215,0.06868606024806675,-3.11972669919669e-14,warn+stufe ausbruch,4.119606131540503
-7.3347620639660605,0.46267717363314453,0.03401951980407161,0.03715060236172002,-1.7430501486614958e-14,indonesischem,4.723276138161061
-7.3347620639660605,0.46267717363314453,0.03401951980407161,0.03715060236172002,-1.7430501486614958e-14,ausbruch indonesisch+em,4.723276138161061
-4.77215798396889,-1.12505638570159,-0.01309342770118814,0.061230545805961156,-2.0761170560490427e-14,indonesisch+em vulkan,7.737765953269621
-6.675629551010815,0.054501939230551244,0.01833243314828814,0.04533108777920815,-1.865174681370263e-14,vulkan nan,5.498520739800831
3.51445360437428,-6.264550427970141,-0.15156909380475672,0.06118016410392095,-4.884981308350689e-15,Osten,17.488494631331754
-7.3347620639660605,0.46267717363314453,0.03401951980407161,0.03715060236172002,-1.7430501486614958e-14,nan osten,4.723276138161061
-5.644592821310881,-0.5840298498530827,-0.11274123481547918,-0.00033055964337097565,1.3100631690576847e-14,osten indonesisch+en,6.711045176371201
-4.77215798396889,-1.12505638570159,-0.01309342770118814,0.061230545805961156,-2.0761170560490427e-14,java vulkan,7.737765953269621
2.6062321912325466,-5.706311888850738,-0.2181380845600796,0.013569147330254086,2.020605904817785e-14,semeru aus+ge+brech+en,16.422343388539936
-6.520318114605345,-0.040601807635939124,-0.09247410340086903,-0.006738657655481341,1.3100631690576847e-14,aus+ge+brech+en rund,5.68045587869056
-8.196212697102412,0.9968732471481712,0.04217208364708219,0.01251927738531157,-9.547918011776346e-15,rund 300,3.7096727904091313
-8.267958151962912,1.0411058927788173,0.04718279568021565,0.012166657756899941,-9.992007221626409e-15,300 kilo+meter,3.6253983040531885
-7.347782233583114,0.4729053939863488,-0.07316549145363513,-0.0007384151451550747,8.659739592076221e-15,beliebten,4.706639786618009
-8.48678886900289,1.1765815608018741,0.05257428284663923,0.005206115127092112,-8.104628079763643e-15,kilo+meter belieb+t+en,3.3680417711208306
-5.900443779879522,-0.42769072179237133,-0.14957601209137464,-0.02254963433688045,2.55351295663786e-14,Urlaubsinsel,6.41116032391078
-8.511451001350821,1.1922418311759844,0.046186559758083945,0.0006599875249955374,-5.662137425588298e-15,belieb+t+en urlaub+s+insel,3.3388202107909946
-8.363641997070406,1.1010861918109758,0.03564316102156631,0.001978221765365617,-4.884981308350689e-15,urlaub+s+insel bali,3.512455350469521
-6.169465353248375,-0.2580196910555692,-0.016446339327143317,0.03801448493636963,-1.1879386363489175e-14,entfernt,6.093327712138299
-8.285488687676978,1.053008570745259,0.02672863920819228,0.0007360771119663267,-3.4416913763379853e-15,bali entfern+t,3.6041955060136917
14.74369443510037,-13.244037837107712,-0.30447151753699486,0.0015646409576417601,3.419486915845482e-14,Bei,30.709743406567352
-7.525220971082771,0.5799882435186641,-0.12227023527848081,-0.0472767768863184,3.1308289294429414e-14,bei eruption,4.499345732647203
-7.486310204708143,0.5580980516893082,0.006575158718024804,0.018749644100285928,-7.66053886991358e-15,eruption heute,4.544154021886841
-7.1900011438097255,0.3730531113431219,0.03026891681888394,0.0391245611951174,-1.7763568394002505e-14,heute spuck+te,4.893526332777002
-7.4579739468490915,0.538948534344946,0.03736828480793611,0.035377820108505036,-1.7208456881689926e-14,+1115,4.578375627082935
-7.4579739468490915,0.538948534344946,0.03736828480793611,0.035377820108505036,-1.7208456881689926e-14,vulkan +1115,4.578375627082935
-7.740769941269884,0.713960503801446,0.045662820479310376,0.030942726514325412,-1.6542323066914832e-14,+1115 char+s,4.245825604508112
25.92018244052497,-20.187705633221707,-0.36250492685321545,-0.029459213628970016,5.1514348342607263e-14,vulkan+ausbruch indonesien,43.86744627803677
-7.204968586835468,0.36133995348972237,-0.28345113027364316,-0.11606043586136268,7.505107646466058e-14,indonesien asche+wolke,4.8864789391966195
-7.740133296543238,0.707886421002438,-0.1752543082204664,-0.08051370034275467,4.951594689828198e-14,fliegt,4.249217723496878
-7.740133296543238,0.707886421002438,-0.1752543082204664,-0.08051370034275467,4.951594689828198e-14,asche+wolke flieg+t,4.249217723496878
0.28940121174881206,-4.280429464992174,-0.2980379242144821,-0.03268405630804373,4.6407322429331543e-14,2000,13.701791881686495
-7.914384018593102,0.8181025908412307,-0.150431689517472,-0.07452067558695682,4.440892098500626e-14,flieg+t 2000,4.043088542524008
-4.941068697035564,-1.0345378202422904,-0.2625842509134401,-0.06104379512171236,5.262457136723242e-14,2000 meter,7.546113505416579
-0.6253276883054344,-3.696709128013485,-0.13536426858489006,0.03749326546696154,1.9984014443252818e-15,meter hoch,12.617043925889917
-6.627943676637427,0.02346246793157425,-0.14039586121304765,-0.032571922325529426,2.8199664825478976e-14,hoch himmel,5.555152182868145
-7.017302499371109,0.2610561673127112,-0.17716757503898412,-0.05981784483950278,4.218847493575595e-14,himmel indonesien,5.09898631509759
-1.0594523738225092,-3.4277865599507593,-0.1412444634283598,0.03213303960419373,4.6629367034256575e-15,Mittwoch,12.106367647353405
-4.550831406813451,-1.2615618994132372,-0.09988978037624238,0.021429905946345227,3.774758283725532e-15,indonesien mittwoch,7.9976614978976395
0.8794914035336934,-4.634780112867029,-0.20878017128031495,0.010921912186625062,1.9984014443252818e-14,mittwoch vulkan,14.390173347853471
-2.029958244870043,-2.8248783525206975,-0.10975998508681539,0.04057800183312504,-2.1094237467877974e-15,Videos,10.963893238603093
-6.927819954210977,0.21237040870364599,-0.07573514832074807,-0.0077310389841308315,1.1546319456101628e-14,video+s zeig+en,5.200851917675033
-8.251686554603614,1.0310315989312182,-0.0911868626267919,-0.05839938404032209,3.175237850427948e-14,zeig+en dabei,3.6443176201695615
-8.247775017908678,1.0281996155038433,-0.09806946547318722,-0.06171491012739942,3.375077994860476e-14,dabei rund,3.649123318279707
-6.642727494903157,0.028102308170074863,-0.1891245677336333,-0.05653507500345083,4.241051954068098e-14,rund 2000,5.540064937379331
-8.471705588815578,1.1638269714009337,-0.0274226761126157,0.1450761961018764,-4.9182879990894435e-14,behörde+n heb+en,3.3873303937097496
-8.646768810304504,1.274566206231874,-0.011336725941785086,0.10828389593330064,-3.774758283725532e-14,Feuer…,3.1802478246226062
-8.646768810304504,1.274566206231874,-0.011336725941785086,0.10828389593330064,-3.774758283725532e-14,warn+stufe feuer…,3.1802478246226062
-8.71127494842506,1.3161953239481297,-0.009351317333259501,0.07862672966876605,-2.731148640577885e-14,+648,3.103512410918924
-8.71127494842506,1.3161953239481297,-0.009351317333259501,0.07862672966876605,-2.731148640577885e-14,feuer… +648,3.103512410918924
-8.743368218838494,1.3366330268605005,-0.00805541677186307,0.06537619837878421,-2.2648549702353193e-14,+648 char+s,3.06547858862831
-5.266358660176254,-0.8189675364225022,-0.12433985756769245,-6.648085848276822e-05,1.4432899320127035e-14,spuck+t riesig+e,7.156281859902725
-3.6824105817455504,-1.8128947058551925,-0.25560705596053157,-0.04251532523701175,4.5075054799781356e-14,asche+säule vulkan+ausbruch,9.025995065839378
-7.117678096995206,0.3249266145091463,-0.15915248715697822,-0.05367742678285607,3.7969627442180354e-14,vulkan+ausbruch urlaub+s+insel,4.980051759685041
1.7480861660004265,-5.203298899879732,-0.39532247520305275,-0.06922273429751155,7.083222897108499e-14,ein asche+wolke,15.427662349474119
-7.876751677502423,0.7923013975691893,-0.17441866351075247,-0.08499678913342205,5.10702591327572e-14,verdunkelte,4.0886288549074035
-7.876751677502423,0.7923013975691893,-0.17441866351075247,-0.08499678913342205,5.10702591327572e-14,asche+wolke verdunkel+te,4.0886288549074035
-8.170297406198873,0.9781753949274516,-0.12756352241541535,-0.07326086079737106,4.1300296516055823e-14,verdunkel+te himmel,3.7412823094463086
-6.128955178593672,-0.28439059328176475,-0.12233010359774063,-0.01352069083494489,1.9095836023552692e-14,himmel java,6.14148430899136
-8.366357868011113,1.101296232984585,-0.09994646374094235,-0.0679959488834521,3.6193270602780103e-14,Gleichzeitig,3.509822947874834
-8.315341164884556,1.0713194633977026,-0.07228987655563245,-0.05160349843494859,2.708944180085382e-14,flossen,3.569020086101141
-8.315341164884556,1.0713194633977026,-0.07228987655563245,-0.05160349843494859,2.708944180085382e-14,gleichzeitig fließ+en,3.569020086101141
-8.261761545795082,1.0386582383076335,-0.060163717688933895,-0.04305697080122903,2.2648549702353193e-14,Glutlawinen,3.631785419459814
-8.261761545795082,1.0386582383076335,-0.060163717688933895,-0.04305697080122903,2.2648549702353193e-14,fließ+en glut+lawine+n,3.631785419459814
-5.767587320744004,-0.5066019997756581,-0.057695438377202965,0.024610320109866426,-2.220446049250313e-15,herab,6.56580140119433
-8.131764609150888,0.9584461588286628,-0.05307514749007175,-0.03399825238819225,1.84297022087776e-14,glut+lawine+n herab,3.784544188662928
-8.04707975854765,0.9061041801819063,-0.050111358198570016,-0.029136793881524802,1.6431300764452317e-14,herab jakarta,3.8841012832978574
-7.539916501178968,0.5921082527158537,-0.043224307926217065,-0.008171243554245571,7.993605777301127e-15,indonesien nach,4.480595128047627
6.84871441613306,-8.332327004663483,-0.1555143911455099,0.053449593153190554,-1.7763568394002505e-15,vulkan+s semeru,21.411874841641307
-0.6422790798740081,-3.6876914643429672,-0.1637096231958477,0.024053048820983258,1.021405182655144e-14,semeru indonesien,12.597839710196103
-7.962895273060697,0.8541713968484701,-0.023156007006804598,0.026648612532526907,-6.994405055138486e-15,indonesien behörde+n,3.983028553653726
-8.028196970353966,0.8903885859305274,-0.012830510357218106,0.11887554630280654,-4.141131881851834e-14,behörde+n hoch+st+e,3.9084003598820694
-8.379931618810925,1.111923816223098,-0.10343761889743075,-0.015357460641127998,1.7541523789077473e-14,zuvor kilometerhoh+e,3.4926432847841578
-8.673077624893478,1.2936698491893663,-0.06873085940005788,-0.039758447607616945,2.2426505097428162e-14,himmel belieb+t+en,3.1478132209539034
-8.730426364426789,1.3294425409288344,-0.05492116360320804,-0.03873347060252787,2.042810365310288e-14,Ur…,3.080248440295487
-8.730426364426789,1.3294425409288344,-0.05492116360320804,-0.03873347060252787,2.042810365310288e-14,belieb+t+en ur…,3.080248440295487
-8.755007821491432,1.3447310942180357,-0.049542002403050456,-0.03860734523122432,1.9761969838327786e-14,+1344,3.0513108168095484
-8.755007821491432,1.3447310942180357,-0.049542002403050456,-0.03860734523122432,1.9761969838327786e-14,ur… +1344,3.0513108168095484
-8.781843140667743,1.3613974566998959,-0.04400010422992547,-0.038651916548729515,1.9095836023552692e-14,+1344 chars,3.019732045886155
-7.265459568415082,0.4197724617724923,0.0322001038438848,0.03810966556562343,-1.765254609153999e-14,warn+stufe indonesien,4.804780357916136
-8.101690115700322,0.9398409010568614,0.002346408136693373,-0.004377540702652408,1.3322676295501878e-15,asche+säule ein,3.8199949164750318
-5.386946511187232,-0.742771952760195,-0.07984633508388843,0.019779209621761357,1.9984014443252818e-15,ein riesig+e,7.013715967541822
1.5454233181886874,-5.0970949425128556,-0.47322985879660184,-0.1040516070051956,9.259260025373806e-14,riesig+e asche+wolke,15.199329632168787
-4.671096778890959,-1.1922042808309565,-0.18551133025285607,-0.021136636147346424,2.90878432451791e-14,verdunkelt,7.85876469710907
-7.230882680242843,0.39864090476359637,-0.1102165635928406,-0.032684743628417,2.4646951146678475e-14,asche+wolke verdunkel+t,4.845076193689705
-7.461345749391841,0.5434314172380352,-0.041487308513859,-0.004922276830260107,6.661338147750939e-15,verdunkel+t himmel,4.573023286465325
-8.69336520135543,1.30611965520071,-0.035608428057961196,-0.05150508346833248,2.2648549702353193e-14,anzeige+n ein,3.1240826574864116
-8.678836873053399,1.2958427555513667,0.05038829886855736,-0.005606519910353831,-3.885780586188048e-15,Lawinen,3.141979949523458
-8.62815132684452,1.2634973822841897,0.06536222234414463,0.004985447085036558,-9.43689570931383e-15,heißen,3.2021232567800553
-8.62815132684452,1.2634973822841897,0.06536222234414463,0.004985447085036558,-9.43689570931383e-15,lawine+n heiß+en,3.2021232567800553
-8.588644002183667,1.2384668790799853,0.07247741377711242,0.01076837368825867,-1.2434497875801753e-14,Gasen,3.248899844569163
-8.588644002183667,1.2384668790799853,0.07247741377711242,0.01076837368825867,-1.2434497875801753e-14,heiß+en gas+en,3.248899844569163
-8.534185589407219,1.2044658819248837,0.07490645967074835,0.014742220318462073,-1.4099832412739488e-14,Aschepartikeln,3.3131024737639194
-8.534185589407219,1.2044658819248837,0.07490645967074835,0.014742220318462073,-1.4099832412739488e-14,gas+en asche+partikel+n,3.3131024737639194
-0.206756084452568,-3.9554047695893346,-0.10632781606661365,0.05356640764784602,-7.216449660063518e-15,Gestein,13.109149984974849
-8.301294125524237,1.060589893885879,0.06521260444560525,0.02021686947840018,-1.4988010832439613e-14,asche+partikel+n gestein,3.5868284171916835
-8.159394758363701,0.9728794562778147,0.05980566037853918,0.023223984664554942,-1.5432100042289676e-14,stürzen,3.753634295891563
-8.159394758363701,0.9728794562778147,0.05980566037853918,0.023223984664554942,-1.5432100042289676e-14,gestein stürz+en,3.753634295891563
-7.849048999976328,0.7809505895767503,0.049088741478210324,0.02909167437018291,-1.63202784619898e-14,hoher,4.1185073791175695
-7.849048999976328,0.7809505895767503,0.049088741478210324,0.02909167437018291,-1.63202784619898e-14,stürz+en hoch+er,4.1185073791175695
-7.612735217910432,0.6347331739459592,0.04179636192709178,0.03301813689702949,-1.687538997430238e-14,Geschwindigkeit,4.396381456014982
-7.612735217910432,0.6347331739459592,0.04179636192709178,0.03301813689702949,-1.687538997430238e-14,hoch+er geschwindigkeit,4.396381456014982
-4.77215798396889,-1.12505638570159,-0.01309342770118814,0.061230545805961156,-2.0761170560490427e-14,geschwindigkeit vulkan,7.737765953269621
-7.3347620639660605,0.46267717363314453,0.03401951980407161,0.03715060236172002,-1.7430501486614958e-14,semeru herab,4.723276138161061
-7.740769941269884,0.713960503801446,0.045662820479310376,0.030942726514325412,-1.6542323066914832e-14,Quel…,4.245825604508112
-7.970521811187203,0.8560881066952621,0.05311642190047666,0.026900459331596144,-1.5987211554602254e-14,+35,3.975683974490078
-7.970521811187203,0.8560881066952621,0.05311642190047666,0.026900459331596144,-1.5987211554602254e-14,quel… +35,3.975683974490078
-8.072363405811522,0.9190687941320963,0.05665529910948039,0.024961365095505835,-1.5654144647214707e-14,+35 chars,3.8559499414961103
-5.326726783987383,-0.7900411901976128,-0.2209541295354025,-0.04716629691600173,4.263256414560601e-14,Hunderte,7.089578478142433
-7.582318956510914,0.614306567224546,-0.1353176183204023,-0.055543451089443474,3.574918139293004e-14,indonesien hundert+e,4.432714972736922
-5.121931811725977,-0.9131970091270412,-0.1881619572669891,-0.02856117950179986,3.219646771412954e-14,bringen,7.328579931781786
-7.8247798137034685,0.7653012707540983,-0.1207862606942518,-0.056502899999859815,3.441691376337985e-14,hundert+e bring+en,4.147111086468852
-7.916550546543473,0.823630430982103,-0.0959617049638829,-0.047396000345080624,2.8199664825478976e-14,bring+en java,4.038420832939846
-7.774994127743042,0.736614762577172,-0.08508230011507584,-0.03689216020529376,2.3314683517128287e-14,java sicherheit,4.204595413639957
-5.117822826897293,-0.911827777447082,-0.13905289157163297,-0.005004458216697302,1.7985612998927536e-14,sicherheit nach,7.331429231211958
0.06454178329237159,-4.130298025036701,-0.21653550452990997,0.0033617291540214214,2.375877272697835e-14,hunderte,13.43170612167552
-4.668035772562967,-1.1935967790031667,-0.18002619165651837,-0.018492821426557702,2.7533531010703882e-14,java hundert+e,7.862108777161198
-7.232969405535104,0.40030496344119415,-0.10328345592581481,-0.029307997105292017,2.2648549702353193e-14,hundert+e mensch+en,4.842436884136328
-4.752757281593178,-1.1364481660109322,-0.1024840178307254,0.017624516513446518,5.551115123125783e-15,mensch+en sicherheit,7.760114889738255
-6.714996474825083,0.07856753887922752,-0.12231906800025212,-0.02569990553102156,2.353672812205332e-14,Fast,5.452159112985367
-4.7391369634598,-1.1479520405943648,-0.1607443653962063,-0.010230707250894772,2.2426505097428162e-14,900,7.777659371965832
-4.7391369634598,-1.1479520405943648,-0.1607443653962063,-0.010230707250894772,2.2426505097428162e-14,fast 900,7.777659371965832
-4.701999359833479,-1.1708131420357168,-0.15872308748652358,-0.008782427246146012,2.1538326677728037e-14,900 mensch+en,7.821271952581409
-8.701553253435792,1.311416168581843,-0.020932317481087745,-0.044317565710270374,1.84297022087776e-14,hätten,3.1143560648314637
-8.701553253435792,1.311416168581843,-0.020932317481087745,-0.044317565710270374,1.84297022087776e-14,mensch+en hab+en,3.1143560648314637
-5.463863793478338,-0.6972918619029067,-0.13707885687681748,-0.00923074088254022,1.9317880628477724e-14,Nacht,6.924288200527379
-8.747462310578808,1.3398223483435991,-0.0182775493241861,-0.04550302353046627,1.865174681370263e-14,hab+en nacht,3.060375556234575
-5.201172784373985,-0.8597342996387036,-0.13139290364793263,-0.002515944055496603,1.6209256159527285e-14,Notunterkünften,7.233153042459392
-5.201172784373985,-0.8597342996387036,-0.13139290364793263,-0.002515944055496603,1.6209256159527285e-14,nacht not+unterkunft+en,7.233153042459392
-1.9458307457854627,-2.876799415599008,-0.06250983939461437,0.06391146986433727,-1.609823385706477e-14,Schulen,11.062827615581213
-8.840996350253722,1.3976837089050944,-0.012042987421063522,-0.04771014154866768,1.865174681370263e-14,not+unterkunft+en schule+n,2.9504050873529675
-8.818064945285634,1.3835183703807976,-0.010427749192069888,-0.04549107244891189,1.7541523789077473e-14,Moscheen,2.9773603550626535
-8.818064945285634,1.3835183703807976,-0.010427749192069888,-0.04549107244891189,1.7541523789077473e-14,schule+n moschee+n,2.9773603550626535
-8.780507202409503,1.3603040407004443,-0.008345480524324586,-0.04219855326453412,1.6209256159527285e-14,Gemeindesälen,3.0215149812044984
-8.780507202409503,1.3603040407004443,-0.008345480524324586,-0.04219855326453412,1.6209256159527285e-14,moschee+n gemeinde+saal+en,3.0215149812044984
-8.732955413897402,1.330895814614657,-0.0064339996483229744,-0.038488651353682526,1.4654943925052066e-14,verbracht,3.077426739192484
-8.732955413897402,1.330895814614657,-0.0064339996483229744,-0.038488651353682526,1.4654943925052066e-14,gemeinde+saal+en verbring,3.077426739192484
-8.689126791686078,1.3037792893717135,-0.005180210263846463,-0.03540895155840226,1.3322676295501878e-14,sagte,3.128965755215698
-8.689126791686078,1.3037792893717135,-0.005180210263846463,-0.03540895155840226,1.3322676295501878e-14,verbring sag+te,3.128965755215698
-8.662291358963131,1.2871726380017905,-0.0045932857947032085,-0.033651082359371115,1.2656542480726785e-14,Sultan,3.1605238141136303
-8.662291358963131,1.2871726380017905,-0.0045932857947032085,-0.033651082359371115,1.2656542480726785e-14,sag+te sultan,3.1605238141136303
-8.627885862381554,1.2658781464435316,-0.004000583976143446,-0.03151624453776489,1.176836406102666e-14,Syafaat,3.200985630683514
-8.627885862381554,1.2658781464435316,-0.004000583976143446,-0.03151624453776489,1.176836406102666e-14,sultan syafaat,3.200985630683514
-8.53341297335249,1.2073923138606406,-0.0030607426237407726,-0.02620608168752644,9.769962616701378e-15,Kat…,3.312094799328856
-8.53341297335249,1.2073923138606406,-0.0030607426237407726,-0.02620608168752644,9.769962616701378e-15,syafaat kat…,3.312094799328856
-8.498135861873891,1.1855490717645432,-0.0029023496219177797,-0.02439186945502605,9.103828801926284e-15,kat… kopier+e,3.3535859430192385
3.018601332659639,-5.958244098122426,-0.1729085986050749,0.03581254767137503,6.8833827526759706e-15,merk+liste hin+zu+füg+en,16.905641072347617
-8.747462310578808,1.3398223483435991,-0.0182775493241861,-0.04550302353046627,1.865174681370263e-14,hin+zu+füg+en nach,3.060375556234575
-8.763397013980196,1.3494575573980077,0.017585927992765926,-0.027586615593613254,7.771561172376096e-15,hätt…,3.041812355428221
-8.763397013980196,1.3494575573980077,0.017585927992765926,-0.027586615593613254,7.771561172376096e-15,mensch+en hätt…,3.041812355428221
-8.791401477405099,1.3667741295149471,0.018563765851417863,-0.028674430554378006,8.215650382226158e-15,+1285,3.008889210859042
-8.791401477405099,1.3667741295149471,0.018563765851417863,-0.028674430554378006,8.215650382226158e-15,hätt… +1285,3.008889210859042
-8.813742453338364,1.3805870943947955,0.0193727448493662,-0.029547301729147286,8.43769498715119e-15,+1285 chars,2.982625179849453
-0.7842604749113065,-3.5975661965315617,-0.0478118120656562,0.07846473142321854,-2.3092638912203256e-14,feuer+berg java,12.42986535591289
0.6609837348478074,-4.493742268154364,-0.05532177342702231,0.08224090124471405,-2.3647750424515834e-14,java brodel+t,14.130392308514029
3.9753311227603163,-6.548978828372929,-0.06716260132044784,0.08837211177377356,-2.453592884421596e-14,brodel+t vulkan,18.030215396791643
-0.25816196914179734,-3.924349007406678,-0.13460508909471414,0.03989089523103437,8.881784197001252e-16,Verletzte,13.049050436012735
-2.7323097470006736,-2.388922651800883,-0.0779404917020659,0.05041368897596035,-9.325873406851315e-15,aus+ge+brech+en verletz+t+e,10.137296865288796
-1.3146145510646008,-3.2683942185529316,-0.10644347582663607,0.047052253631460525,-4.884981308350689e-15,schwere,11.805572019719124
-1.3146145510646008,-3.2683942185529316,-0.10644347582663607,0.047052253631460525,-4.884981308350689e-15,verletz+t+e schwer+e,11.805572019719124
3.3025328439429593,-6.131975043045953,-0.12245831595860979,0.060251118763129594,-7.882583474838611e-15,Schäden,17.23858080253326
-0.8979282795955097,-3.526678618630369,-0.09962180038042988,0.05288091786802385,-7.771561172376096e-15,schwer+e schaden,12.295823207937774
-3.488340211486644,-1.9201531752350705,-0.0892503528933635,0.0381773447385916,-3.552713678800501e-15,schaden der,9.24771980841948
-6.617614944703744,0.019202685613299852,0.004695065202418358,0.03967750105736137,-1.4988010832439613e-14,der mount,5.566405511136144
-3.283583235758268,-2.047868281554042,-0.029644845966286547,0.06913978518607024,-2.1760371282653068e-14,mount semeru,9.48913467562884
-2.0348066445885156,-2.8216758009601883,-0.10032358920467245,0.04505878037604456,-4.773959005888173e-15,macht,10.95810016002034
-3.3320277812008463,-2.0172785955325536,-0.10074748635441641,0.034121065247891616,-7.771561172376096e-16,indonesien mach+t,9.431729607596756
-3.8586577458321996,-1.6906759999844518,-0.09797223409349662,0.030228436537221452,4.440892098500626e-16,mach+t behörde+n,8.8120548870662
-4.424978713780371,-1.3394377983496688,-0.093321427794069,0.026139568187522923,1.3322676295501878e-15,Sorgen,8.14566905668593
-4.424978713780371,-1.3394377983496688,-0.093321427794069,0.026139568187522923,1.3322676295501878e-15,behörde+n sorge+n,8.14566905668593
-4.392931386830514,-1.3595943888969422,-0.10485256554602959,0.02093685638444781,4.440892098500626e-15,heftigen,8.18350871743035
-4.392931386830514,-1.3595943888969422,-0.10485256554602959,0.02093685638444781,4.440892098500626e-15,nach heftig+en,8.18350871743035
-4.519777026188605,-1.2808808652795132,-0.10231838713265061,0.020634616925328458,4.440892098500626e-15,heftig+en ausbruch,8.034230410253672
-4.616858839944437,-1.220626718899863,-0.0998978378240342,0.02060667866893153,3.9968028886505635e-15,ausbruch brodel+t,7.919974953148641
-7.036942245213027,0.2783767374229047,0.024841798211628102,0.04024692775801436,-1.7541523789077473e-14,1.000,5.07348859533683
-7.036942245213027,0.2783767374229047,0.024841798211628102,0.04024692775801436,-1.7541523789077473e-14,mehr 1.000,5.07348859533683
-6.959015711770527,0.2301118005438858,0.023100645099234943,0.041261286184147504,-1.765254609153999e-14,1.000 mensch+en,5.165147014794327
-5.925407293159156,-0.40881967251228035,-0.043245961912262335,0.029064043884113797,-5.551115123125783e-15,mensch+en schon,6.380169620272032
-1.138736378010588,-3.378743603049521,-0.14366546880257547,0.030496382742240074,5.551115123125783e-15,Flucht,12.013137931983803
-5.209485820074114,-0.8527902419851667,-0.046808787099041245,0.03863084043966342,-8.659739592076221e-15,schon flucht,7.222563619689318
-7.3254795338487995,0.45697605618616066,0.03304975337349084,0.03690912365673936,-1.7319479184152442e-14,hin+zu+füg+en der,4.734167800970673
-8.28726610869035,1.0548763094893117,0.0010773320059140196,-0.012669338618963046,4.440892098500626e-15,sch…,3.601660416665502
-8.28726610869035,1.0548763094893117,0.0010773320059140196,-0.012669338618963046,4.440892098500626e-15,mensch+en sch…,3.601660416665502
-9.352197674002259,1.708687704618511,0.11880029567967834,-0.013701210650243923,-8.992806499463768e-15,+1581,2.3522838820337406
-9.352197674002259,1.708687704618511,0.11880029567967834,-0.013701210650243923,-8.992806499463768e-15,sch… +1581,2.3522838820337406
-9.355632858793626,1.7108306957508654,0.11868853416374381,-0.014054684143569151,-8.770761894538737e-15,+1581 chars,2.3482351198247935
-8.461174983245256,1.1602088872674756,0.06012946663983065,0.010397096276827248,-1.0769163338864018e-14,schaden hier,3.398449429042334
-7.942227544975561,0.8385881080085045,0.052160044344289516,0.027422262626314038,-1.609823385706477e-14,thema feuer+berg,4.008950511104029
-0.28552094514476245,-3.9068246490115457,-0.05061085890176067,0.07986631685225032,-2.3314683517128287e-14,sie vulkan,13.016698354013446
-5.526038373822596,-0.6577923262599588,-0.0024996198563121963,0.05592864973901021,-2.0095036745715333e-14,java komm+t,6.85084702793508
-0.34032106620927394,-3.8724583481790558,-0.06991286549932431,0.07026888946343697,-1.7541523789077473e-14,Ruhe,12.951984107694956
-7.251216823596084,0.4128665470156685,-0.012504039151706586,0.0156987530864387,-4.3298697960381105e-15,komm+t ruhe,4.820453425073652
-3.4984035209711015,-1.9170613154556135,-0.16337175031740048,0.0025999866643097794,1.7985612998927536e-14,Tag,9.237419202664487
-5.4739192145557825,-0.6915781744190275,-0.14508021287748996,-0.013248117062091651,2.1538326677728037e-14,schweren,6.9127186497307695
-5.4739192145557825,-0.6915781744190275,-0.14508021287748996,-0.013248117062091651,2.1538326677728037e-14,tag schwer+en,6.9127186497307695
-4.592665620614776,-1.2586347655302155,-0.3126274080148985,-0.07951660536242483,6.505906924303417e-14,schwer+en eruption,7.960223011154994
-7.685146351722641,0.6815696929949779,-0.06998877801296126,-0.02628123087478922,1.7541523789077473e-14,eruption feuer+berg,4.309984300006099
-7.868199814662113,0.7955336575719674,-0.031541570656534436,-0.013058279680284456,8.43769498715119e-15,feuer+berg zwei,4.094420118188402
-6.899680128042219,0.19496564583478992,-0.07450144081803119,-0.006435443735103727,1.0880185641326534e-14,himmel ge+spuck+t,5.233940707786052
-7.54756875141593,0.5968232608206603,-0.025496097835177207,0.0005707098461553671,2.6645352591003757e-15,+1402,4.471635151384207
-9.059305818162297,1.5304055168150097,0.07439118198070768,-0.01569669733838781,-2.9976021664879227e-15,ge+spuck+t +1402,2.695072263974781
-9.073450048191386,1.5390262254521794,0.07675566784844029,-0.015389823779757051,-3.4416913763379853e-15,+1402 chars,2.6785128425738804
-9.059305818162297,1.5304055168150097,0.07439118198070768,-0.01569669733838781,-2.9976021664879227e-15,+1458,2.695072263974781
-9.059305818162297,1.5304055168150097,0.07439118198070768,-0.01569669733838781,-2.9976021664879227e-15,ge+spuck+t +1458,2.695072263974781
-9.073450048191386,1.5390262254521794,0.07675566784844029,-0.015389823779757051,-3.4416913763379853e-15,+1458 chars,2.6785128425738804
-7.117678096995206,0.3249266145091463,-0.15915248715697822,-0.05367742678285607,3.7969627442180354e-14,vulkan+ausbruch java,4.980051759685041
-7.700340253582711,0.6878077775209199,-0.128450133629594,-0.056013690770065405,3.530509218307998e-14,Indonesier,4.293691541235711
-7.700340253582711,0.6878077775209199,-0.128450133629594,-0.056013690770065405,3.530509218307998e-14,hundert+e indonesier,4.293691541235711
-7.94897784449501,0.8426365504404929,-0.1126610985547554,-0.056980667169624744,3.375077994860476e-14,indonesier bring+en,4.000820159964734
-6.604563343682767,0.011582145670937294,-0.09279188738636959,-0.00871215044725512,1.3988810110276972e-14,bring+en sicherheit,5.581358799523494
-5.2163813460584585,-0.849572878277709,-0.11645668512548654,0.004484233926921471,1.176836406102666e-14,höchsten,7.214896837764771
-5.2163813460584585,-0.849572878277709,-0.11645668512548654,0.004484233926921471,1.176836406102666e-14,semeru hoch+st+en,7.214896837764771
-5.805676392867679,-0.4843699786931537,-0.11624835196757655,-0.004736668008319674,1.509903313490213e-14,Berges,6.521621752275026
-5.805676392867679,-0.4843699786931537,-0.11624835196757655,-0.004736668008319674,1.509903313490213e-14,hoch+st+en berg+es,6.521621752275026
-5.443856507980113,-0.7135039407765871,-0.18490359912219956,-0.03187036612993552,3.3084646133829665e-14,berg+es java,6.949758455596427
-6.4668430924147655,-0.07466116169510517,-0.11423193366323535,-0.016297876473525475,1.9095836023552692e-14,verbringen,5.74381611675958
-6.4668430924147655,-0.07466116169510517,-0.11423193366323535,-0.016297876473525475,1.9095836023552692e-14,java verbring+en,5.74381611675958
-1.1886379267428548,-3.353819584153007,-0.2201561068721986,-0.00557918603765261,2.7533531010703882e-14,fast,11.95747032872888
-6.746021530635508,0.09834293458472487,-0.11231796699215643,-0.02150297566183258,2.0872192862952943e-14,verbring+en fast,5.415386888551487
-6.448315185725093,-0.08553348950639972,-0.1010665917488868,-0.009451740458868787,1.509903313490213e-14,mensch+en nacht,5.76531274504445
-8.218627603800165,1.0123934552808926,-0.0015190901781680644,-0.011101407654904031,4.218847493575595e-15,Insel…,3.682376093520079
-8.218627603800165,1.0123934552808926,-0.0015190901781680644,-0.011101407654904031,4.218847493575595e-15,indonesisch+en insel…,3.682376093520079
-8.322274385501185,1.0765751008869737,0.000621205208132164,-0.0144315958250941,5.10702591327572e-15,insel… +1402,3.5604732611089194
-8.387794606671992,1.117140820310953,0.002070870393810334,-0.016613629103337548,5.773159728050814e-15,+1402 char+s,3.4834162384060914
-7.613646807416256,0.633817219853837,-0.13353076290823593,-0.055668704308070235,3.574918139293004e-14,indonesien verletz+t+e,4.395812028685129
-7.520523926483402,0.5791836446517982,-0.08380599075986395,-0.027975770108487185,1.9761969838327786e-14,1000,4.50382267842151
-7.520523926483402,0.5791836446517982,-0.08380599075986395,-0.027975770108487185,1.9761969838327786e-14,mehr 1000,4.50382267842151
-7.516266744039294,0.5765987427984647,-0.08249664994808495,-0.027189901756522823,1.9317880628477724e-14,1000 mensch+en,4.5088049314635175
-8.83916071932268,1.396466493630512,0.010924617790583985,-0.035511485576834936,1.1546319456101628e-14,+1556,2.952642514764667
-8.83916071932268,1.396466493630512,0.010924617790583985,-0.035511485576834936,1.1546319456101628e-14,sch… +1556,2.952642514764667
-8.858053688502807,1.4081443172848351,0.011759584076477939,-0.036206739768431404,1.176836406102666e-14,+1556 chars,2.930433963123521
-7.059506432471023,0.2886981302309435,-0.1618268032367759,-0.05344540360988227,3.8191672047105385e-14,vulkan+ausbruch osten,5.048576766206064
-6.497078676820147,-0.05828804130633003,-0.1500332634380186,-0.03440367633676279,2.9976021664879227e-14,blickt,5.709434605655321
-8.045601576412912,0.9016555708233045,-0.12181461408054017,-0.06528973503319756,3.774758283725532e-14,java blick+t,3.8875882370603425
-5.220874693280855,-0.8526386265185462,-0.21521820254391782,-0.0016942564399928875,2.5757174171303632e-14,Mann,7.212506830909717
-7.8941944464493154,0.8086470194671485,-0.11457961695656295,-0.055907810749487016,3.352873534367973e-14,blick+t mann,4.065286562632847
-7.576236504923994,0.6112660427360024,-0.1260269150086603,-0.050746743661427465,3.3084646133829665e-14,Gas-,4.4395012519670125
-7.576236504923994,0.6112660427360024,-0.1260269150086603,-0.050746743661427465,3.3084646133829665e-14,mann gas+-,4.4395012519670125
-7.059343074993771,0.2846239522034706,-0.19831143936581502,-0.0711704076304257,4.884981308350689e-14,gas+- asche+wolke,5.050804227208127
9.101670309847805,-9.72934291977364,-0.15341825283510319,0.05797396666670766,-3.6637359812630166e-15,asche+wolke vulkan,24.062806550984007
-7.269981839755097,0.4149396467388038,-0.19701812240079358,-0.07633561152999138,5.062616992290714e-14,semeru eruption,4.803119866899431
-7.841406132045301,0.777211391964447,-0.09505451123123214,-0.044221005631238125,2.708944180085382e-14,eruption mittwoch,4.12674567209921
-8.204295799817523,1.0030793073314535,-0.061431149580504836,-0.04124900109644787,2.19824158875781e-14,mittwoch kilo+meter,3.699369816790769
-6.1721822807986415,-0.2557655463526891,-0.063863749312857,0.014364418166080806,2.220446049250313e-15,gigantische,6.089755564634128
-7.633811503880404,0.6498770671137906,-0.0025323971900016173,0.00958081019885811,-3.219646771412954e-15,aus+ge+brech+en gigantisch+e,4.370419390205278
-6.023948678853522,-0.36266652906670327,-0.2504571428554369,-0.07299946398332194,5.551115123125783e-14,gigantisch+e asche+wolke,6.271769667199098
-5.778343669363232,-0.5000786512214179,-0.039503118760294456,0.03343549561051713,-7.549516567451064e-15,begräbt,6.553251203245425
-8.142009791654093,0.9651206615748924,-0.018570138202306005,-0.01675152454387047,8.215650382226158e-15,asche+wolke begräb+t,3.7723744668224275
-5.743336144606113,-0.5225264189943877,-0.10510898776544461,0.0017488847696859183,1.1546319456101628e-14,Häuser,6.594727914911292
-8.285389882076108,1.053434017421926,0.012812521585646691,-0.006500806267064688,8.881784197001252e-16,begräb+t haus+er,3.604033422914322
-8.236887445325221,1.0223090291512014,0.03854681242394392,0.008952718865203213,-7.771561172376096e-15,haus+er auf,3.66169565830627
3.9753311227603163,-6.548978828372929,-0.06716260132044784,0.08837211177377356,-2.453592884421596e-14,spuck+t vulkan,18.030215396791643
-7.664167983672343,0.6641501038530246,-0.1440531012483336,-0.06253749091379834,3.930189507173054e-14,semeru asche,4.336874897016525
-7.8148282517517,0.7597802173750892,0.04798985339304532,0.029686674134527666,-1.6431300764452317e-14,asche gestein,4.158744573334073
7.303623391980128,-8.6323309028442,-0.31690109177928405,-0.018637426639052147,4.3076653355456074e-14,Drei,21.95632410798709
8.337070276718308,-9.267220240989325,-0.2783700188635376,0.00025184873450111514,3.175237850427948e-14,drei mensch+en,23.169260585991175
-6.971906861848513,0.24004915140092065,-0.053174975768336505,0.0024358264195194074,5.329070518200751e-15,verletzt,5.148833965417019
-8.179249820512178,0.9851541149452452,0.06054150344082676,0.022816633615524,-1.532107773982716e-14,werd+en verletz+t,3.7302931740507197
-6.548069851093087,-0.022809396838771256,-0.03240643959393502,0.02249815109938568,-4.440892098500626e-15,viele,5.647589951349518
-7.942227544975561,0.8385881080085045,0.052160044344289516,0.027422262626314038,-1.609823385706477e-14,verletz+t viel+e,4.008950511104029
-7.740769941269884,0.713960503801446,0.045662820479310376,0.030942726514325412,-1.6542323066914832e-14,Gebäude,4.245825604508112
-7.740769941269884,0.713960503801446,0.045662820479310376,0.030942726514325412,-1.6542323066914832e-14,viel+e gebäude,4.245825604508112
-4.929631831331091,-1.026330523253236,-0.04921389781836861,0.041319272376070776,-9.325873406851315e-15,zerstört,7.551850330967309
-7.3347620639660605,0.46267717363314453,0.03401951980407161,0.03715060236172002,-1.7430501486614958e-14,gebäude zerstör+t,4.723276138161061
-8.411549361003713,1.1287772077344072,0.06887181169341791,0.017295576187740955,-1.432187701766452e-14,weiterhin,3.457200964482581
-8.411549361003713,1.1287772077344072,0.06887181169341791,0.017295576187740955,-1.432187701766452e-14,komm+t weiterhin,3.457200964482581
-8.393604386220435,1.1191426236278765,0.045966493747523485,0.006045363034436056,-7.549516567451064e-15,weiterhin ruhe,3.4774927873877086
-4.77215798396889,-1.12505638570159,-0.01309342770118814,0.061230545805961156,-2.0761170560490427e-14,eruption vulkan,7.737765953269621
-7.740769941269884,0.713960503801446,0.045662820479310376,0.030942726514325412,-1.6542323066914832e-14,vulkan kilo+meter,4.245825604508112
-8.514368057683154,1.1922272934634373,0.07403800545848385,0.015237183234166358,-1.4210854715202004e-14,schleu…,3.3363923746982977
-8.514368057683154,1.1922272934634373,0.07403800545848385,0.015237183234166358,-1.4210854715202004e-14,himmel schleu…,3.3363923746982977
-8.597376415787597,1.243484246450366,0.07773436773339815,0.01312419909451185,-1.3877787807814457e-14,+2235,3.238842838944515
-8.597376415787597,1.243484246450366,0.07773436773339815,0.01312419909451185,-1.3877787807814457e-14,schleu… +2235,3.238842838944515
-8.645078331622384,1.272932319638931,0.07993061222488312,0.011860867978215051,-1.3655743202889425e-14,+2235 char+s,3.1827887321846973
-7.7008024702495375,0.688095629087873,-0.1284224945472937,-0.05601552242405042,3.530509218307998e-14,forscher find+en,4.293147077465074
15.860824327969638,-13.92647409449063,-0.22464355828474616,0.03565790221414374,1.2434497875801753e-14,neue,32.01892571901793
-8.568644004245229,1.2282044249241189,-0.06296279786966404,-0.05899559249904689,2.864375403532904e-14,find+en neu+e,3.271092187417535
-5.0847179262815265,-0.9312583148173426,-0.11833172229008108,0.005465559247523965,1.176836406102666e-14,Details,7.369836599314086
-8.538115982147353,1.2092285756973111,-0.06585315547445833,-0.05892069688757062,2.886579864025407e-14,neu+e detail+s,3.30703145026358
-8.462763631680371,1.1623783749558856,-0.07275859407198738,-0.05872079487608482,2.9753977059954195e-14,Pompejis,3.395747175321892
-8.462763631680371,1.1623783749558856,-0.07275859407198738,-0.05872079487608482,2.9753977059954195e-14,detail+s pompeji+s,3.395747175321892
-7.535533343095414,0.5851686661799853,-0.137939561726917,-0.055355964950514966,3.597122599785507e-14,Untergang,4.487826794568662
-8.39075508215071,1.1175931078294221,-0.07907051795942968,-0.05851212129023958,3.042011087472929e-14,pompeji+s untergang,3.4805340486225655
-7.385630181558403,0.4954134075022649,-0.09032384523837918,-0.027190426931607097,2.042810365310288e-14,birgt,4.662597622109105
-8.264290538767074,1.0389122443801126,-0.08953361321131248,-0.05811132961572611,3.1530333899354446e-14,untergang berg+t,3.629455861811744
-8.193932065767946,0.9951261066457537,-0.09503904112501167,-0.05787283169795178,3.197442310920451e-14,Geheimnisse,3.712315391546979
-8.193932065767946,0.9951261066457537,-0.09503904112501167,-0.05787283169795178,3.197442310920451e-14,berg+t geheimnis+se,3.712315391546979
-2.8408184762622497,-2.3340510436147572,-0.07653632590412959,0.22264720599771762,-7.16093850883226e-14,Noch,10.016044530311873
-8.003110510659091,0.8763403992626069,-0.10895829470037127,-0.057184466327751995,3.3306690738754696e-14,geheimnis+se noch,3.937060197408324
-7.910143180584364,0.8184561306721871,-0.11525572418603752,-0.05683266800165261,3.397282455352979e-14,noch immer,4.046562254804404
-6.772786952084749,0.11014270630212009,-0.17416600158029005,-0.05231586862090071,3.907985046680551e-14,genaue,5.386323020540033
-7.549627619723066,0.5939465628426168,-0.13715547600443861,-0.05541249299312878,3.597122599785507e-14,immer genau+e,4.471224198341327
-7.272257726370902,0.42119868793191717,-0.15173457825737663,-0.05429710366889033,3.730349362740526e-14,Zeitpunkt,4.797959690176683
-7.272257726370902,0.42119868793191717,-0.15173457825737663,-0.05429710366889033,3.730349362740526e-14,genau+e zeit+punkt,4.797959690176683
-6.139480523448909,-0.28417470540564604,-0.1973195681042979,-0.049936759464797614,4.107825191113079e-14,fatalen,6.13230538044519
-6.139480523448909,-0.28417470540564604,-0.1973195681042979,-0.049936759464797614,4.107825191113079e-14,zeit+punkt fatal+en,6.13230538044519
12.025243435056762,-11.566901723744785,-0.3523961156087554,-0.027766604249974628,5.040412531798211e-14,Vulkanausbruchs,27.515509484920845
-3.6824105817455504,-1.8128947058551925,-0.25560705596053157,-0.04251532523701175,4.5075054799781356e-14,fatal+en vulkan+ausbruch+s,9.025995065839378
-6.930815335265216,0.2085532286716738,-0.16753158992788786,-0.05293522216349786,3.863576125695545e-14,umstritten,5.200171506615716
-6.930815335265216,0.2085532286716738,-0.16753158992788786,-0.05293522216349786,3.863576125695545e-14,vulkan+ausbruch+s umstritten,5.200171506615716
-7.777649486798394,0.7359520815240774,-0.12374255058820816,-0.05631863092122792,3.4861002973229915e-14,könnten,4.202626572642597
-7.777649486798394,0.7359520815240774,-0.12374255058820816,-0.05631863092122792,3.4861002973229915e-14,doch könn+ten,4.202626572642597
-7.94897784449501,0.8426365504404929,-0.1126610985547554,-0.056980667169624744,3.375077994860476e-14,könn+ten forscher,4.000820159964734
-8.155109645759238,0.9709627251117596,-0.09798690165337254,-0.05773727482206807,3.219646771412954e-14,Rätsel,3.7580374282280826
-8.155109645759238,0.9709627251117596,-0.09798690165337254,-0.05773727482206807,3.219646771412954e-14,forscher rätsel,3.7580374282280826
-8.241827268982275,1.0249335246257665,-0.09131474796377805,-0.05803625820196305,3.1530333899354446e-14,gelöst,3.6559098475290868
-8.241827268982275,1.0249335246257665,-0.09131474796377805,-0.05803625820196305,3.1530333899354446e-14,rätsel ge+lös+t,3.6559098475290868
2.291565587247778,-5.508492323193618,-0.18773934142967214,0.02642777284851131,1.199040866595169e-14,der ausbruch,16.050719032014957
-1.2732624706068307,-3.2968489809805885,-0.16919597498342684,0.017623857964811983,1.3100631690576847e-14,Vesuv,11.855610238398016
-7.5385414201356555,0.5870420948447159,-0.13777263183725286,-0.05536803257316317,3.597122599785507e-14,ausbruch vesuv,4.484283376330769
-7.5670116416801,0.6047732682095375,-0.13618153691594806,-0.05548216086834962,3.597122599785507e-14,vesuv jahr,4.450746424279383
-0.9357728369749889,-3.5085911728641856,-0.20034702501219318,0.005199181826114674,2.1316282072803006e-14,Chr.,12.253966522592366
-3.345520444522945,-2.0103308466387984,-0.1391616164928718,0.015588906202711299,1.0436096431476471e-14,jahr chr.,9.416539759409394
-6.7643692220000275,0.10490081799826179,-0.17450860691976666,-0.052283126253746676,3.930189507173054e-14,römische,5.3962387252185895
-8.695414390784377,1.3069673031251743,-0.05034125852139701,-0.05926228131980517,2.731148640577885e-14,chr. römisch+e,3.121871299003679
-6.574857597261827,-0.01310697737634392,-0.1819526495804269,-0.05155337133591498,3.9745984281580604e-14,römisch+e stadt,5.619472792149931
14.182545751353175,-12.898527001409619,-0.31733409281497665,-0.010833345851042637,4.0190073491430667e-14,Pompeji,30.05074339049628
-2.518717432155867,-2.5363865051691072,-0.2734329417553655,-0.03987758770694452,4.618527782440651e-14,stadt pompeji,10.396218370380698
-8.010729013354172,0.8810836058387728,-0.10842889696030666,-0.05721289245385901,3.3306690738754696e-14,pompeji asche,3.92808688939913
-3.9689018284348574,-1.6262875046657173,-0.17409718116803072,-0.007373046606372665,2.2870594307278225e-14,begrub,8.68430852208843
-8.037116114719577,0.8975115627337615,-0.10657912525045436,-0.05731082000602648,3.3084646133829665e-14,asche begrab,3.8970075866937735
-8.848435592568936,1.4019416832976594,-0.03362203557192387,-0.0594655134328053,2.531308496145357e-14,begrab gelt,2.9418052278598723
-8.897276236089727,1.4322263538100253,-0.027900833515545682,-0.05949614479092505,2.4646951146678475e-14,bekanntesten,2.8843484371527097
-8.897276236089727,1.4322263538100253,-0.027900833515545682,-0.05949614479092505,2.4646951146678475e-14,gelt bekenn+t+est+en,2.8843484371527097
-5.4421276102769,-0.7085158537099745,-0.04575423401973047,0.035710452592745995,-7.66053886991358e-15,Naturkatastrophen,6.948821476945211
-8.928638168934896,1.4516642418535228,-0.02411999949901103,-0.05950557450309321,2.4202861936828413e-14,bekenn+t+est+en natur+katastrophe+n,2.847458642053291
-6.642544745629905,0.02904031788934658,-0.17935156625279253,-0.05181234098012778,3.952393967665557e-14,Menschheitsgeschichte,5.53974159479584
-8.975679442257968,1.4808059505426818,-0.01828398447425915,-0.0595033081767177,2.353672812205332e-14,natur+katastrophe+n menschheit+s+geschichte,2.7921336073837066
12.15484075537033,-11.621697235093297,-0.12862054402037423,0.07254626698712029,-1.199040866595169e-14,Das,27.654891134291137
-9.025146073473932,1.511429995526049,-0.011922488331621621,-0.05947768280172665,2.2870594307278225e-14,der genau+e,2.733967157926524
-9.036746540420378,1.5186084215892905,-0.010395852922471346,-0.05946795331917552,2.2648549702353193e-14,Datum,2.720328264435649
-9.036746540420378,1.5186084215892905,-0.010395852922471346,-0.05946795331917552,2.2648549702353193e-14,genau+e datum,2.720328264435649
-9.05256055468805,1.5283921029682752,-0.008292743975351999,-0.059452286869233636,2.2426505097428162e-14,Ereignis…,2.7017365736500163
-9.05256055468805,1.5283921029682752,-0.008292743975351999,-0.059452286869233636,2.2426505097428162e-14,datum ereignis…,2.7017365736500163
-9.069009532384571,1.5385659477297424,-0.0060778152659479445,-0.059432956815185456,2.220446049250313e-14,+5249,2.682399848280178
-9.069009532384571,1.5385659477297424,-0.0060778152659479445,-0.059432956815185456,2.220446049250313e-14,ereignis… +5249,2.682399848280178
-9.077595794176737,1.5438755134940099,-0.004910359975388176,-0.059421601340279115,2.19824158875781e-14,+5249 char+s,2.6723068098132066
-9.075165155568103,1.5381262254699732,0.10256108296397118,-0.00151690881997351,-1.1435297153639112e-14,Wild,2.677569662585462
-8.389867802695438,1.115321499849416,0.06877192156412021,0.018219405091214294,-1.4654943925052066e-14,Sumatra,3.482717638232592
-9.064107099916002,1.5313164617871349,0.10190521138998734,-0.001119571714064932,-1.1546319456101628e-14,wild sumatra,2.6905546982856805
-9.04305859481068,1.5183528752562123,0.10066906409690932,-0.0003723084610184127,-1.1657341758564144e-14,Ready,2.71527194864169
-9.04305859481068,1.5183528752562123,0.10066906409690932,-0.0003723084610184127,-1.1657341758564144e-14,sumatra ready,2.71527194864169
-9.020375618526778,1.5043804715400595,0.09935460357353834,0.0004199936832943313,-1.176836406102666e-14,Hang,2.7419097396464296
-9.020375618526778,1.5043804715400595,0.09935460357353834,0.0004199936832943313,-1.176836406102666e-14,ready hang,2.7419097396464296
-9.006986594323537,1.4961319917251514,0.09858715847746097,0.0008814860687181118,-1.1879386363489175e-14,with,2.757633722548162
-9.006986594323537,1.4961319917251514,0.09858715847746097,0.0008814860687181118,-1.1879386363489175e-14,hang with,2.757633722548162
-8.992980009667955,1.487502261719482,0.09779090545125393,0.001359454799731822,-1.199040866595169e-14,Orangutans,2.7740833989713654
-8.992980009667955,1.487502261719482,0.09779090545125393,0.001359454799731822,-1.199040866595169e-14,with orangutans,2.7740833989713654
-8.922628548229952,1.4441456186189157,0.09389015392467873,0.0036886124483280006,-1.2323475573339238e-14,01.12.2025,2.856712304171416
-8.922628548229952,1.4441456186189157,0.09389015392467873,0.0036886124483280006,-1.2323475573339238e-14,bis 01.12.2025,2.856712304171416
-8.876755218242927,1.4158645839430102,0.0914314780937836,0.00514627548989904,-1.2545520178264269e-14,150€,2.910596694769112
-8.876755218242927,1.4158645839430102,0.0914314780937836,0.00514627548989904,-1.2545520178264269e-14,01.12.2025 150€,2.910596694769112
-8.855665750278085,1.402860398883406,0.09032262408400413,0.005801071103967766,-1.2656542480726785e-14,Sofortrabatt,2.9353704624969814
-8.855665750278085,1.402860398883406,0.09032262408400413,0.005801071103967766,-1.2656542480726785e-14,150€ sofortrabatt,2.9353704624969814
-4.2973083287300815,-1.419858304898892,-0.12995735953949322,0.009967536969896044,1.1324274851176597e-14,Tage,8.296493313141468
-8.756226823843367,1.34152490453449,0.08526714207632005,0.008766186385302523,-1.3211653993039363e-14,sofortrabatt tag+e,3.052191908129075
-7.343417436400284,0.4686047662352619,0.024615556553950355,0.03208586705737995,-1.454392162258955e-14,Nächte,4.71278179185707
-8.70773516864457,1.311603654990603,0.08289996561659832,0.010143335401176803,-1.3433698597964394e-14,tag+e nacht+e,3.1091661407545335
-6.530954655154749,-0.03511709878955793,0.015313969449838538,0.046883686974312555,-1.887379141862766e-14,Ort,5.668696881651925
-8.62976450310093,1.263479174526579,0.07921962091992615,0.012270495654670598,-1.3766765505351941e-14,nacht+e ort,3.200783537641293
-8.58888454522901,1.23824132814812,0.07734902846013256,0.013345246182137773,-1.3877787807814457e-14,Orang,3.2488218853432245
-8.58888454522901,1.23824132814812,0.07734902846013256,0.013345246182137773,-1.3877787807814457e-14,ort orang,3.2488218853432245
-8.534185589407219,1.2044658819248837,0.07490645967074835,0.014742220318462073,-1.4099832412739488e-14,Utan-Abenteuer,3.3131024737639194
-8.534185589407219,1.2044658819248837,0.07490645967074835,0.014742220318462073,-1.4099832412739488e-14,orang utan-abenteuer,3.3131024737639194
-8.360242081931219,1.0970167120973016,0.0675648116271923,0.01889844939085233,-1.4765966227514582e-14,inkl.,3.51753926015698
-8.360242081931219,1.0970167120973016,0.0675648116271923,0.01889844939085233,-1.4765966227514582e-14,utan-abenteuer inkl.,3.51753926015698
-8.269131699698397,1.040712607972489,0.06395621472939003,0.020918517035254477,-1.509903313490213e-14,Flügen,3.6246344860492363
-8.269131699698397,1.040712607972489,0.06395621472939003,0.020918517035254477,-1.509903313490213e-14,inkl. flug+en,3.6246344860492363
-8.117496421325036,0.9469754525724068,0.05827399289309537,0.024070009093052288,-1.554312234475219e-14,Unterkünften,3.8028900024162433
-8.117496421325036,0.9469754525724068,0.05827399289309537,0.024070009093052288,-1.554312234475219e-14,flug+en unterkunft+en,3.8028900024162433
-7.700571531019115,0.6890875524600131,0.04442804784460934,0.03160707282990057,-1.6653345369377348e-14,Orang-Utan-Trekking,4.293093940124527
-7.700571531019115,0.6890875524600131,0.04442804784460934,0.03160707282990057,-1.6653345369377348e-14,unterkunft+en orang-utan-trekking,4.293093940124527
-4.77215798396889,-1.12505638570159,-0.01309342770118814,0.061230545805961156,-2.0761170560490427e-14,Vulkan-Hike,7.737765953269621
-4.77215798396889,-1.12505638570159,-0.01309342770118814,0.061230545805961156,-2.0761170560490427e-14,orang-utan-trekking vulkan-hik+e,7.737765953269621
-6.164171784001001,-0.2607036376552343,-0.058907378906445595,0.016968699390480547,6.661338147750939e-16,Einblicke,6.099173535994331
-7.3347620639660605,0.46267717363314453,0.03401951980407161,0.03715060236172002,-1.7430501486614958e-14,vulkan-hik+e einblick+e,4.723276138161061
-7.942227544975561,0.8385881080085045,0.052160044344289516,0.027422262626314038,-1.609823385706477e-14,einblick+e leben,4.008950511104029
-8.179249820512178,0.9851541149452452,0.06054150344082676,0.022816633615524,-1.532107773982716e-14,Locals,3.7302931740507197
-8.179249820512178,0.9851541149452452,0.06054150344082676,0.022816633615524,-1.532107773982716e-14,leben local+s,3.7302931740507197
-8.346124170102616,1.088293132865995,0.06699551458804717,0.01921812003419609,-1.4765966227514582e-14,1.424€,3.534133554707018
-8.346124170102616,1.088293132865995,0.06699551458804717,0.01921812003419609,-1.4765966227514582e-14,local+s 1.424€,3.534133554707018
-6.8346485847603535,0.1542624656879532,-0.005228951219279049,0.029818812919054603,-1.021405182655144e-14,pro,5.310767877276992
-8.437502884530133,1.1447501704672036,0.07074912071216954,0.017103515650089985,-1.4432899320127035e-14,1.424€ pro,3.4267300322359455
-8.482947436641439,1.172821298714128,0.07267852381135886,0.016010194307068033,-1.432187701766452e-14,Person,3.3733193928382303
-8.482947436641439,1.172821298714128,0.07267852381135886,0.016010194307068033,-1.432187701766452e-14,pro person,3.3733193928382303
-6.164204769861476,-0.26182793487849043,-0.0865789909833321,-0.027711027281302366,1.9984014443252818e-14,Ihr,6.099715438372128
-8.605705258548657,1.2486263409477674,0.07811394466149385,0.012906280394638184,-1.3877787807814457e-14,wolltet,3.22905546466447
-8.605705258548657,1.2486263409477674,0.07811394466149385,0.012906280394638184,-1.3877787807814457e-14,ihr woll+tet,3.22905546466447
-8.667045947370397,1.2864917578104655,0.0809605152900304,0.011266395252022878,-1.354472090042691e-14,woll+tet schon,3.1569758472171086
-8.70773516864457,1.311603654990603,0.08289996561659832,0.010143335401176803,-1.3433698597964394e-14,schon immer,3.1091661407545335
-8.744657611635663,1.3343868624052038,0.08469673257740853,0.009098681533494014,-1.3211653993039363e-14,mal,3.0657845689055794
-8.744657611635663,1.3343868624052038,0.08469673257740853,0.009098681533494014,-1.3211653993039363e-14,immer mal,3.0657845689055794
-8.819064549382983,1.3802878453478071,0.08842924701649774,0.006915430527026877,-1.2878587085651816e-14,schlauste…,2.9783677737459273
-8.819064549382983,1.3802878453478071,0.08842924701649774,0.006915430527026877,-1.2878587085651816e-14,mal schlauste…,2.9783677737459273
-8.884844341120399,1.4208520920920125,0.09186033856952,0.004892593846117947,-1.2545520178264269e-14,Linienflüge,2.901094636164207
-8.884844341120399,1.4208520920920125,0.09186033856952,0.004892593846117947,-1.2545520178264269e-14,schlauste… linie+n+flug+e,2.901094636164207
-8.946731099141134,1.4590018339795456,0.09520840718882759,0.002903760592224667,-1.2212453270876722e-14,Medan,2.8284023031460888
-8.946731099141134,1.4590018339795456,0.09520840718882759,0.002903760592224667,-1.2212453270876722e-14,linie+n+flug+e medan,2.8284023031460888
-8.971977376623764,1.4738418204833865,0.10741868184809297,-0.005132833539581088,-1.0769163338864018e-14,medan zurück,2.799154873817833
-8.987322754242292,1.4822992463428395,0.12164884962268244,-0.014570287517924902,-8.992806499463768e-15,Umstieg,2.781690319663879
-8.987322754242292,1.4822992463428395,0.12164884962268244,-0.014570287517924902,-8.992806499463768e-15,zurück umstieg,2.781690319663879
-5.988519925700233,-0.38562206843456215,0.20989221482707612,-0.08403947250510713,5.551115123125783e-15,möglich,6.314873982306814
-9.000934802514452,1.4895506230658204,0.1359706239068609,-0.02409502220359627,-7.216449660063518e-15,umstieg möglich,2.7663346748791415
-9.016985764728478,1.497620836645207,0.15605190257278936,-0.03749503369442375,-4.773959005888173e-15,möglich /li,2.7484885337729077
-9.02678417419273,1.5021135793283331,0.1711322078948874,-0.04759239935847699,-2.886579864025407e-15,Aufgabegepäck,2.7378295970783406
-9.02678417419273,1.5021135793283331,0.1711322078948874,-0.04759239935847699,-2.886579864025407e-15,/li aufgabe+gepäck,2.7378295970783406
-9.042998428546937,1.507727387289707,0.20753073722901097,-0.07208518182929158,1.7763568394002505e-15,Handgepäck,2.7211782677707994
-9.042998428546937,1.507727387289707,0.20753073722901097,-0.07208518182929158,1.7763568394002505e-15,aufgabe+gepäck hand+gepäck,2.7211782677707994
-9.048590131730974,1.5076408541324733,0.23238056021077672,-0.08890488715753637,4.884981308350689e-15,gem,2.716531148555449
-9.048590131730974,1.5076408541324733,0.23238056021077672,-0.08890488715753637,4.884981308350689e-15,hand+gepäck gem,2.716531148555449
-9.04988396373168,1.5065306935689657,0.2446232371199448,-0.0972205922403261,6.439293542825908e-15,Bestimmung,2.7160459267829653
-9.047930753377681,1.4979398631153111,0.2864971112525976,-0.1258089554014742,1.176836406102666e-14,ausgewählten,2.722333530813721
-9.047930753377681,1.4979398631153111,0.2864971112525976,-0.1258089554014742,1.176836406102666e-14,bestimmung aus+ge+wähl+t+en,2.722333530813721
-9.036217142559297,1.4809891094508718,0.3325325323653855,-0.15750210330432637,1.7985612998927536e-14,Airline,2.741331865852672
-9.036217142559297,1.4809891094508718,0.3325325323653855,-0.15750210330432637,1.7985612998927536e-14,aus+ge+wähl+t+en airline,2.741331865852672
-9.016335085676712,1.4571131251498775,0.37892917105299395,-0.18973113395550079,2.4202861936828413e-14,airline /li,2.7709228093593055
-8.987784371399007,1.4249472442589015,0.4284963636800486,-0.22449540158824477,3.086420008457935e-14,Luftverkehrssteuer,2.812257400319292
-8.987784371399007,1.4249472442589015,0.4284963636800486,-0.22449540158824477,3.086420008457935e-14,/li luft+verkehr+s+steuer,2.812257400319292
-8.645586117211954,1.0490751056190895,0.7545624952065083,-0.46356451536525983,7.882583474838611e-14,Flughafen-,3.3019491973415462
-8.645586117211954,1.0490751056190895,0.7545624952065083,-0.46356451536525983,7.882583474838611e-14,luft+verkehr+s+steuer flug+hafen+-,3.3019491973415462
-8.991032789380547,1.4091999711054215,0.48056166110866083,-0.2612978537675315,3.7969627442180354e-14,Flugsicherheitsgeb…,2.8179205198211217
-8.991032789380547,1.4091999711054215,0.48056166110866083,-0.2612978537675315,3.7969627442180354e-14,flug+hafen+- flugsicherheitsgeb…,2.8179205198211217
-9.108498934201883,1.5168605340352208,0.3689677539406997,-0.1825418930093882,2.2648549702353193e-14,+1315,2.661085227063573
-9.108498934201883,1.5168605340352208,0.3689677539406997,-0.1825418930093882,2.2648549702353193e-14,flugsicherheitsgeb… +1315,2.661085227063573
-9.129045169687886,1.534346940520478,0.35012444890294314,-0.16940607629781493,2.020605904817785e-14,+1315 chars,2.634363186480388
34.15973156720926,-25.265925349525205,-0.08416617523588164,0.0883158037960273,-2.3869795029440866e-14,Äthiopien,53.546612516560415
11.328659998883797,-11.108802755141031,-0.07863363297824974,0.09514763755952761,-2.5979218776228663e-14,vulkan äthiopien,26.68253641342539
4.195110223435261,-6.685265434395841,-0.06775010062081588,0.08868683399478346,-2.4646951146678475e-14,äthiopien brech+t,18.288819166619383
15.34638328686841,-13.600143837852965,-0.0877442662973608,0.0932012008800843,-2.4424906541753444e-14,erstmals,31.409970476813818
2.4026614646729403,-5.573756843481947,-0.06231021779956134,0.08581987686575215,-2.4202861936828413e-14,brech+t erstmals,16.179731117356937
12.334478803557705,-11.732745466001276,-0.08718467001480627,0.09828591389575358,-2.6201263381153694e-14,erstmals seit,27.866143494074702
-8.459269971702339,1.159098812517476,0.05903758449689689,0.009909920091681724,-1.0547118733938987e-14,jahr+tausend+en hier,3.4006516691256143
-6.893962612627204,0.19122487706020008,-0.08195172279890309,-0.00999689170635944,1.3100631690576847e-14,thema asche+wolke,5.240759256590447
1.7544788784815974,-5.171766469604773,-0.062242170873075923,0.08348533236656785,-2.3314683517128287e-14,äthiopien erstmals,15.41701767553343
-2.553931891823204,-2.500272117591781,-0.03564441696528897,0.072416709071003,-2.220446049250313e-14,Tausenden,10.347641169864708
-2.553931891823204,-2.500272117591781,-0.03564441696528897,0.072416709071003,-2.220446049250313e-14,seit tausend+en,10.347641169864708
-0.0007843559001283751,-4.083385742038473,-0.052106460673762726,0.08061778841343806,-2.3425705819590803e-14,tausend+en jahr+en,13.351729674410233
8.110903645177011,-9.113472347396609,-0.07536520770421229,0.09298298049256257,-2.5424107263916085e-14,jahr+en vulkan,22.89635367861795
37.23128537889792,-27.170331472469535,-0.07130519583172532,0.09161528013700024,-2.6645352591003757e-14,Hayli,57.160656449501516
28.07052421453368,-21.49007639757215,-0.07458566865518991,0.09687694087916598,-2.7755575615628914e-14,vulkan hayli,46.38176187844892
29.181815913783222,-22.179444876983144,-0.09731207414927937,0.08580486885112065,-2.120525977034049e-14,Gubbi,47.68946828654648
29.181815913783222,-22.179444876983144,-0.09731207414927937,0.08580486885112065,-2.120525977034049e-14,hayli gubbi,47.68946828654648
5.4140205158989225,-7.453664343384233,-0.2715983112331896,-0.0024673451870339605,3.219646771412954e-14,gubbi aus+ge+brech+en,19.729340403278293
-0.41538364554724794,-3.8315344722939018,-0.20395065086460407,0.006583290471404709,2.1094237467877974e-14,stieg,12.866409118267713
-1.252484882596388,-3.3119077671467507,-0.19653136385830916,0.00497877989846824,2.0872192862952943e-14,asche+wolke steig,11.881160125950553
1.5949306314999774,-5.07456032568861,-0.1583733955780215,0.03738808833949274,4.6629367034256575e-15,"8,5",15.23004200444398
-3.291547150028846,-2.042786470666132,-0.11562240026510462,0.027352176970960203,3.3306690738754696e-15,"steig 8,5",9.479551163563045
0.4200251405482085,-4.345343361117653,-0.1451932069024367,0.03836531920081243,2.6645352591003757e-15,"8,5 kilo+meter",13.84726102595312
-5.312033215659828,-0.7895165750660103,-0.0944745596324189,0.013757289010910759,5.995204332975845e-15,trieb,7.101992295853879
-6.447141492137482,-0.0853699225084541,-0.03451303788593202,0.023545816857478235,-4.551914400963142e-15,höhe treib,5.766329810669848
-6.556221246858109,-0.017826028107599257,-0.02812119858273701,0.02447112875935892,-5.662137425588298e-15,ostwärts,5.638043056501173
-6.556221246858109,-0.017826028107599257,-0.02812119858273701,0.02447112875935892,-5.662137425588298e-15,treib ostwärts,5.638043056501173
-2.1199739888157403,-2.7686945643973426,-0.07287730126995522,0.057639424098506364,-1.2545520178264269e-14,Arabische,10.8578428163923
-6.826929731050387,0.14972463599021335,-0.013093766324321354,0.026026946963879197,-7.993605777301127e-15,ostwärts arabisch+e,5.3197067265582465
0.2520531038022291,-4.239753175570025,-0.08236844877401811,0.06733193022105467,-1.509903313490213e-14,Halbinsel,13.648963222194617
-2.4647448287873566,-2.5549477976987967,-0.06320694619105907,0.059701647486940734,-1.4432899320127035e-14,arabisch+e halbinsel,10.452207613089824
-8.947365172406597,1.4606315813227897,0.07939482243596763,-0.005662169162428361,-7.216449660063518e-15,+957,2.826980008631852
-8.947365172406597,1.4606315813227897,0.07939482243596763,-0.005662169162428361,-7.216449660063518e-15,halbinsel +957,2.826980008631852
-8.963633237840993,1.4706092597612481,0.08103696553017134,-0.005807406970467728,-7.438494264988549e-15,+957 char+s,2.8078994155204597
-5.627232028630093,-0.5950786235521841,-0.0009190617978757504,0.05513333214908496,-1.9984014443252818e-14,Addis,6.731799787073648
-6.807451810558949,0.13615191471657306,0.02120372689229222,0.043848113215453705,-1.84297022087776e-14,jahr+tausend+en addis,5.3434669387885245
-8.54377969493498,1.210390537571,0.07533000869310288,0.014500496661343459,-1.4099832412739488e-14,Abeba/Brüssel,3.3018274913479266
-8.54377969493498,1.210390537571,0.07533000869310288,0.014500496661343459,-1.4099832412739488e-14,addis abeba/brüssel,3.3018274913479266
-7.016438488106362,0.265580608019913,0.026012686053875106,0.041350444013433574,-1.8096635301390052e-14,abeba/brüssel äthiopien,5.097659028450145
-8.396713373029224,1.1218663128353106,0.02952344778500371,-0.002711353900598075,-2.55351295663786e-15,"8,5 kopier+e",3.4733895369580794
-7.777743370912452,0.7383694402914913,-0.0838488538164661,-0.036367106381873904,2.2870594307278225e-14,hinzu+füg+en ein,4.201336241593292
0.5991243041524559,-4.455247660892962,-0.060961370303270576,0.07924427888372937,-2.1871393585115584e-14,erwacht,14.057524809490037
-1.1196966053814545,-3.3895713261987983,-0.04579020429159594,0.0774556595581605,-2.2870594307278225e-14,vulkan erwach+t,12.035181975501798
-4.9503691278724045,-1.0199446876948008,-0.1930344211165545,-0.0284448399300264,3.26405569239796e-14,erwach+t asche,7.5306311826500085
-6.053418865602351,-0.330978410758755,0.006225078397625622,0.05152203712227443,-1.942890293094024e-14,zieht,6.230434933807902
-6.053418865602351,-0.330978410758755,0.006225078397625622,0.05152203712227443,-1.942890293094024e-14,asche zieh+t,6.230434933807902
-6.708954041276252,0.07514364661001771,0.019047070325247772,0.044962553101705376,-1.8540724511240114e-14,zieh+t arabisch+e,5.459322950412888
-7.283328174905127,0.43083510250049883,0.032664943710417074,0.03786490643955333,-1.7541523789077473e-14,Umkreis,4.78376554912956
-7.472123597989191,0.5477068163352832,0.037762592852560034,0.03516842294732441,-1.7208456881689926e-14,Bergs,4.5617356564601055
-7.472123597989191,0.5477068163352832,0.037762592852560034,0.03516842294732441,-1.7208456881689926e-14,umkreis berg+s,4.5617356564601055
-7.539147991016448,0.5891911108337942,0.03965876012037063,0.03415949480563957,-1.6986412276764895e-14,leben,4.4829162536443645
-7.539147991016448,0.5891911108337942,0.03965876012037063,0.03415949480563957,-1.6986412276764895e-14,berg+s leb+en,4.4829162536443645
0.8961134665320927,-4.639293910805275,-0.06938992539185962,0.07653274146860706,-1.9872992140790302e-14,Tausende,14.406902824334889
-7.533738890507328,0.5858433185007463,0.03950396594466969,0.03424198201166505,-1.709743457922741e-14,leb+en tausend+e,4.4892771776018385
-4.9330281898529895,-1.0246428476036953,-0.02959588560776915,0.05095489979838037,-1.509903313490213e-14,tausend+e mensch+en,7.548105690615448
-8.9660505198254,1.4709082538245302,0.09627859129092997,0.0022648919281247105,-1.2101430968414206e-14,+1085,2.8057112692485533
-8.9660505198254,1.4709082538245302,0.09627859129092997,0.0022648919281247105,-1.2101430968414206e-14,seit +1085,2.8057112692485533
-8.984259301924133,1.482128860323774,0.0972985087072003,0.0016545967671016196,-1.199040866595169e-14,+1085 chars,2.7843254326396623
-6.165822257992101,-0.26133166682757913,0.008253025451009005,0.05049162715068081,-1.9317880628477724e-14,jahr+tausend+en ein,6.098208267627087
-8.947365172406597,1.4606315813227897,0.07939482243596763,-0.005662169162428361,-7.216449660063518e-15,+1014,2.826980008631852
-8.947365172406597,1.4606315813227897,0.07939482243596763,-0.005662169162428361,-7.216449660063518e-15,halbinsel +1014,2.826980008631852
-8.96678848288914,1.4725444443266265,0.08135363075613736,-0.005837756687871502,-7.438494264988549e-15,+1014 char+s,2.8041986794881737
-7.016438488106362,0.265580608019913,0.026012686053875106,0.041350444013433574,-1.8096635301390052e-14,Arabien,5.097659028450145
-7.016438488106362,0.265580608019913,0.026012686053875106,0.041350444013433574,-1.8096635301390052e-14,asche arabien,5.097659028450145
-4.77215798396889,-1.12505638570159,-0.01309342770118814,0.061230545805961156,-2.0761170560490427e-14,arabien vulkan,7.737765953269621
-7.657977150416576,0.6627304129343972,0.04314069459891698,0.03229815044721517,-1.6764367671839864e-14,erwach+t jahr+tausend+en,4.343180568946109
-6.9505463810749415,0.22477494178177926,0.02446078462732275,0.042158424011069284,-1.8207657603852567e-14,Abeba,5.175159309525149
-6.9505463810749415,0.22477494178177926,0.02446078462732275,0.042158424011069284,-1.8207657603852567e-14,addis abeba,5.175159309525149
-7.0112970126209975,0.26239667649598664,0.025890368187504176,0.041414196419492066,-1.8096635301390052e-14,abeba tausend+e,5.103706228823484
-6.915187258349416,0.20287683078729213,0.02364180264413869,0.04258405871302132,-1.8207657603852567e-14,tausend+e jahr+e,5.216748141167535
-5.194267592634507,-0.8634169410630044,-0.007404348578590819,0.05838915021312961,-2.0317081350640365e-14,Schlaf,7.241159668211253
-5.194267592634507,-0.8634169410630044,-0.007404348578590819,0.05838915021312961,-2.0317081350640365e-14,jahr+e schlaf,7.241159668211253
-5.993070436841797,-0.36837256811131924,0.005162357812243654,0.052061036150931474,-1.9539925233402755e-14,plötzliche,6.3014271138926485
-5.993070436841797,-0.36837256811131924,0.005162357812243654,0.052061036150931474,-1.9539925233402755e-14,schlaf plötzlich+e,6.3014271138926485
-5.040265763243186,-0.9588701688431049,-0.009547177837555668,0.05946084387170607,-2.0539125955565396e-14,plötzlich+e ausbruch,7.42233906422948
0.3324763750907067,-4.289634355199162,-0.08085267630525819,0.06844761633351225,-1.5654144647214707e-14,gubbi äthiopien,13.743601505358198
-8.3739786541023,1.1055043060397587,0.06812239719468016,0.01858499501268644,-1.4765966227514582e-14,Jahrtausen,3.501393389332999
-8.3739786541023,1.1055043060397587,0.06812239719468016,0.01858499501268644,-1.4765966227514582e-14,seit jahrtaus+en,3.501393389332999
-8.493658365051704,1.17943681777966,0.07313957849718727,0.0157482813627366,-1.432187701766452e-14,jahrtaus+en ...,3.3607312655448767
-8.534185589407219,1.2044658819248837,0.07490645967074835,0.014742220318462073,-1.4099832412739488e-14,... addis,3.3131024737639194
-7.959224462054598,0.8365127197163869,-0.2233970774169874,-0.11220999485000975,6.661338147750939e-14,jahr+tausend+en aus+ge+brech+en,3.9951627247192234
-8.459398992787708,1.1594782845315206,-0.08812528317645392,-0.06640834971485493,3.419486915845482e-14,schoss,3.400110588733285
-8.459398992787708,1.1594782845315206,-0.08812528317645392,-0.06640834971485493,3.419486915845482e-14,asche+wolke schieß,3.400110588733285
-8.640560993993592,1.2736464567692907,-0.026283040666775705,-0.04379570572584843,1.887379141862766e-14,"schieß 8,5",3.186085057130599
-8.79531226464303,1.3692382575464077,0.016466852217630792,-0.030007041123801,8.881784197001252e-15,Höh…,3.0042638570282287
-8.79531226464303,1.3692382575464077,0.016466852217630792,-0.030007041123801,8.881784197001252e-15,kilo+meter höh…,3.0042638570282287
-7.563128655852045,0.6063572403603121,-0.055124911124656235,-0.01489327079899801,1.176836406102666e-14,+780,4.453340419295082
-8.828204273511998,1.389422027634339,0.02438552319095351,-0.027748370692774128,7.105427357601002e-15,höh… +780,2.9656870382515272
-7.616565777689328,0.6395111566374174,-0.05145758650612124,-0.014723152023061705,1.1324274851176597e-14,+780 char+s,4.39046105325354
-8.482947436641439,1.172821298714128,0.07267852381135886,0.016010194307068033,-1.432187701766452e-14,jahr+tausend+en nan,3.3733193928382303
-7.016438488106362,0.265580608019913,0.026012686053875106,0.041350444013433574,-1.8096635301390052e-14,nan äthiopien,5.097659028450145
-8.947365172406597,1.4606315813227897,0.07939482243596763,-0.005662169162428361,-7.216449660063518e-15,+1654,2.826980008631852
-8.947365172406597,1.4606315813227897,0.07939482243596763,-0.005662169162428361,-7.216449660063518e-15,halbinsel +1654,2.826980008631852
-8.96678848288914,1.4725444443266265,0.08135363075613736,-0.005837756687871502,-7.438494264988549e-15,+1654 char+s,2.8041986794881737
-3.4691442287836276,-1.932834390148202,-0.0275787398649191,0.06842265731754656,-2.1649348980190553e-14,12.000,9.270814917296565
-6.053418865602351,-0.330978410758755,0.006225078397625622,0.05152203712227443,-1.942890293094024e-14,seit 12.000,6.230434933807902
-5.555157400060392,-0.6397459096071505,-0.002049051609594524,0.05570205510850519,-1.9984014443252818e-14,12.000 jahr+en,6.816590416291155
-7.1900011438097255,0.3730531113431219,0.03026891681888394,0.0391245611951174,-1.7763568394002505e-14,schlafender,4.893526332777002
-7.1900011438097255,0.3730531113431219,0.03026891681888394,0.0391245611951174,-1.7763568394002505e-14,jahr+en schlaf+end+er,4.893526332777002
-0.28552094514476245,-3.9068246490115457,-0.05061085890176067,0.07986631685225032,-2.3314683517128287e-14,schlaf+end+er vulkan,13.016698354013446
-4.976793384084547,-1.0020360065875482,-0.17684213718027583,-0.02111306436959574,2.8199664825478976e-14,äthiopien aus+ge+brech+en,7.498762617269864
-5.669132676807044,-0.568520301281866,-0.01368236284010016,0.04808051461301624,-1.587618925213974e-14,Jahrtausende,6.682174010762472
-7.648249469006462,0.65796189528101,0.02086015718846103,0.021115767289582497,-1.0103029524088925e-14,aus+ge+brech+en jahr+tausend+e,4.3539255488482835
-0.28552094514476245,-3.9068246490115457,-0.05061085890176067,0.07986631685225032,-2.3314683517128287e-14,jahr+tausend+e vulkan,13.016698354013446
-6.310712048010513,-0.17079652617243202,-0.005199702381333729,0.04096364612389808,-1.432187701766452e-14,geschlafen,5.927340458281498
-6.310712048010513,-0.17079652617243202,-0.005199702381333729,0.04096364612389808,-1.432187701766452e-14,äthiopien ge+schlaf+en,5.927340458281498
-5.608613585507839,-0.614625844545956,-0.2134763546775505,-0.04813145807409239,4.218847493575595e-14,ge+schlaf+en aus+ge+brech+en,6.757584641993474
-7.076777406632806,0.30452783280756757,-0.08010995321831037,-0.013640271896281867,1.4210854715202004e-14,Todesopfer,5.025687187159258
-7.358417663522947,0.4795257070458101,-0.0564058282848908,-0.009435980658533284,9.992007221626409e-15,tod+es+opfer schaden,4.694150642869756
-7.441891191186357,0.5311955252826426,-0.05898327430972209,-0.013158112070519586,1.1546319456101628e-14,schaden geb+t,4.5959771967132035
-7.499733487306157,0.5668182558245434,-0.06824398075403823,-0.01954293778179617,1.4876988529977098e-14,offenbar,4.528032517732018
-7.499733487306157,0.5668182558245434,-0.06824398075403823,-0.01954293778179617,1.4876988529977098e-14,geb+t offenbar,4.528032517732018
-7.508003202307288,0.5680618841130691,-0.13898787408325922,-0.05501379410626328,3.597122599785507e-14,ein kilometerhoh+e,4.520236646100851
-6.787533877923694,0.12578235076371458,-0.04766661852452376,0.009581158655841486,1.9984014443252818e-15,zog,5.365750004425896
-8.593425511875898,1.244116498556715,-0.045653479325450955,-0.051353787912799195,2.375877272697835e-14,asche+wolke zieh,3.241673827683691
-8.626848089324376,1.2652163304604438,-0.00142299032341979,-0.03011538692065888,1.1102230246251565e-14,Horn,3.2022203810297043
-8.626848089324376,1.2652163304604438,-0.00142299032341979,-0.03011538692065888,1.1102230246251565e-14,zieh horn,3.2022203810297043
-8.620652985021994,1.2608237311454418,0.02568289530479903,-0.015586870652776991,2.6645352591003757e-15,Afrika,3.2098425421814105
-8.620652985021994,1.2608237311454418,0.02568289530479903,-0.015586870652776991,2.6645352591003757e-15,horn afrika,3.2098425421814105
-8.559895418827228,1.221779481402248,0.05532702041019685,0.003114066423083525,-7.66053886991358e-15,afrika arabisch+e,3.2820986910451198
-8.269131699698397,1.040712607972489,0.06395621472939003,0.020918517035254477,-1.509903313490213e-14,24.11.2025,3.6246344860492363
-8.269131699698397,1.040712607972489,0.06395621472939003,0.020918517035254477,-1.509903313490213e-14,stand 24.11.2025,3.6246344860492363
-8.048448126391776,0.9042803639154431,0.0558103534192273,0.025425539457616962,-1.5765166949677223e-14,17:54,3.8840661985898244
-8.048448126391776,0.9042803639154431,0.0558103534192273,0.025425539457616962,-1.5765166949677223e-14,24.11.2025 17:54,3.8840661985898244
-7.88160312791889,0.8010887383585499,0.0501484097980216,0.02851676738099343,-1.6209256159527285e-14,17:54 uhr,4.080230475584151
-7.700571531019115,0.6890875524600131,0.04442804784460934,0.03160707282990057,-1.6653345369377348e-14,uhr jahr+tausend+e,4.293093940124527
-8.769835828355143,1.352978462264159,-0.04842060571978213,-0.062495467687696454,2.8199664825478976e-14,+1768,3.034381351103498
-8.769835828355143,1.352978462264159,-0.04842060571978213,-0.062495467687696454,2.8199664825478976e-14,asche+wolke +1768,3.034381351103498
-8.823624054989269,1.3867995664331314,-0.024995675419363844,-0.05345555993957109,2.220446049250313e-14,+1768 chars,2.9708840444460245
-8.216976596117682,1.0084756446433014,0.06195785958811692,0.022030894492634928,-1.5210055437364645e-14,jahr+tausend+en äthiopien,3.68594342185921
-7.942227544975561,0.8385881080085045,0.052160044344289516,0.027422262626314038,-1.609823385706477e-14,brech+t jahr+tausend+en,4.008950511104029
-0.28552094514476245,-3.9068246490115457,-0.05061085890176067,0.07986631685225032,-2.3314683517128287e-14,jahr+tausend+en vulkan,13.016698354013446
-6.314657398693169,-0.16839967954269364,-0.0039507329555507065,0.041514949084413486,-1.4654943925052066e-14,Satellitenbilder,5.922726341524026
-6.80200254339683,0.13409078912622396,-0.007580615375721869,0.029383627653486552,-9.769962616701378e-15,satellit+en+bild+er zeig+en,5.349138768835735
-8.264281413235185,1.0408090143565716,-0.011613480911141748,-0.018243977686154,7.993605777301127e-15,zeig+en gigantisch+e,3.6285870715408692
-6.04915910502775,-0.335699381328074,-0.1510225227321596,-0.025951699038078205,2.6867397195928788e-14,weit,6.236292813911162
-8.57442417335019,1.2326748087645882,0.005550723771765589,-0.023769665271650916,7.993605777301127e-15,asche+wolke weit,3.2639319735821313
2.159762945080873,-5.423604554994542,-0.13182553841359365,0.05199438821004934,-3.774758283725532e-15,Region,15.894059535321619
-8.558393041548717,1.2216272894076197,0.04079682566187322,-0.004476800269776496,-3.219646771412954e-15,weit region,3.2834329439142236
-3.601930220801961,-1.849786620151773,-0.09393584571678515,0.03479979205935277,-1.7763568394002505e-15,Afar,9.11409399339253
-6.209539439095665,-0.2334007586712108,-0.09912578783216816,-0.003716214077814837,1.2878587085651816e-14,region afar,6.046165207112129
-8.49066455147671,1.1785060998580976,0.06023218949746853,0.009062456606900767,-1.0325074129013956e-14,hinauszieht,3.3637458353920717
-8.49066455147671,1.1785060998580976,0.06023218949746853,0.009062456606900767,-1.0325074129013956e-14,afar hinaus+zieh+t,3.3637458353920717
-8.232946072406314,1.0199714044050618,0.03645798059405181,0.008026227324284763,-7.216449660063518e-15,video+s satellit+en+bild+er,3.6662738252830147
-8.056717794496038,0.9110791054035756,0.027441861523197955,0.010345143771021689,-6.994405055138486e-15,"zeig+en 8,5",3.873410918523953
-6.675629551010815,0.054501939230551244,0.01833243314828814,0.04533108777920815,-1.865174681370263e-14,vulkan lieg+t,5.498520739800831
-7.657977150416576,0.6627304129343972,0.04314069459891698,0.03229815044721517,-1.6764367671839864e-14,abgelegen…,4.343180568946109
-7.657977150416576,0.6627304129343972,0.04314069459891698,0.03229815044721517,-1.6764367671839864e-14,lieg+t abgelegen…,4.343180568946109
-8.048448126391776,0.9042803639154431,0.0558103534192273,0.025425539457616962,-1.5765166949677223e-14,+1671,3.8840661985898244
-8.048448126391776,0.9042803639154431,0.0558103534192273,0.025425539457616962,-1.5765166949677223e-14,abgelegen… +1671,3.8840661985898244
-8.179249820512178,0.9851541149452452,0.06054150344082676,0.022816633615524,-1.532107773982716e-14,+1671 chars,3.7302931740507197
-0.28552094514476245,-3.9068246490115457,-0.05061085890176067,0.07986631685225032,-2.3314683517128287e-14,äthiopien vulkan,13.016698354013446
7.069184665900188,-8.46828141343846,-0.13828377473105774,0.06183314740026963,-6.772360450213455e-15,Als,21.67091981058138
-6.802826850761445,0.13328736928860696,0.021100944384115902,0.04390130361535322,-1.84297022087776e-14,jahr+en als,5.3489069002359715
-0.28552094514476245,-3.9068246490115457,-0.05061085890176067,0.07986631685225032,-2.3314683517128287e-14,als vulkan,13.016698354013446
-7.778791537975856,0.7374850797613539,0.04684892430380801,0.030303171987625027,-1.6431300764452317e-14,gubbi letzt+e,4.201117744430448
-0.6624076056535166,-3.6733454749074164,-0.12553172624504955,0.041932983471259164,-7.771561172376096e-16,Mal,12.573234383804467
-5.816547483377383,-0.4777580784099418,0.002153202157317957,0.053583750016287825,-1.9761969838327786e-14,letzt+e mal,6.509086703681648
-0.07168373030684805,-4.038991383016931,-0.09047519063468792,0.06183006268408195,-1.2101430968414206e-14,ausbrach,13.268018014681822
-8.09536017225567,0.9332885143630394,0.05747609399968656,0.024509732697224094,-1.5654144647214707e-14,mal aus+brech,3.828913949264684
-8.285455890211207,1.05080163717803,0.06459156604726088,0.020563918216668222,-1.4988010832439613e-14,endete,3.6054457168722367
-8.285455890211207,1.05080163717803,0.06459156604726088,0.020563918216668222,-1.4988010832439613e-14,aus+brech end+ete,3.6054457168722367
-7.0838976378295175,0.3034825693789247,0.035050885493925724,0.10596109148454153,-4.241051954068098e-14,gerade,5.020326100657485
-8.387350934241326,1.1137664712816888,0.0686687071735553,0.01827753263061028,-1.4654943925052066e-14,end+ete gerade,3.4856758917671686
-7.778791537975856,0.7374850797613539,0.04684892430380801,0.030303171987625027,-1.6431300764452317e-14,gerade letzt+e,4.201117744430448
-8.580224199923412,1.2328942146694755,0.07695776554430203,0.01356950635904538,-1.3877787807814457e-14,Eiszeit,3.258999009363133
-8.580224199923412,1.2328942146694755,0.07695776554430203,0.01356950635904538,-1.3877787807814457e-14,letzt+e eis+zeit,3.258999009363133
-8.652530621580059,1.2775323615515588,0.08027866806435005,0.011660112883767898,-1.3655743202889425e-14,Rund,3.1740318965206735
-8.687900998295362,1.299363291288806,0.08194934060709713,0.010694392586620183,-1.3433698597964394e-14,rund 12.000,3.132470920647843
-6.768586968540572,0.1120800328161593,0.020344712889979785,0.0442924149182942,-1.84297022087776e-14,12.000 jahr+e,5.389180637823902
-6.236802905051204,-0.218046079343027,-0.13018863223247845,-0.019424005473681834,2.220446049250313e-14,später,6.014853852944813
-6.236802905051204,-0.218046079343027,-0.13018863223247845,-0.019424005473681834,2.220446049250313e-14,jahr+e spät+er,6.014853852944813
-8.524384261285878,1.1984130463717724,0.074475864296487,0.01498774474348697,-1.4210854715202004e-14,spät+er aktiv,3.3246211015332787
-8.449275268208634,1.1520223861680525,0.07124482400837895,0.01682303662778073,-1.4432899320127035e-14,aktiv tausend+e,3.4128938142003227
-8.331606725891035,1.0793223023912875,0.06641404490930919,0.019544243959800634,-1.4876988529977098e-14,Äthiopier,3.551197670407258
-8.331606725891035,1.0793223023912875,0.06641404490930919,0.019544243959800634,-1.4876988529977098e-14,tausend+e äthiopier,3.551197670407258
1.847202287044528,-5.229540661745604,-0.1243583628534961,0.05432970245259714,-5.551115123125783e-15,betroffen,15.526167013163988
-8.048448126391776,0.9042803639154431,0.0558103534192273,0.025425539457616962,-1.5765166949677223e-14,äthiopier betreff+en,3.8840661985898244
-3.874611878419662,-1.6805003775261986,-0.0735922895937384,0.04187686362234233,-6.661338147750939e-15,abgelegenen,8.793172563940786
-8.374901522101466,1.1074030056012303,0.04833288860324124,0.008127773314968483,-8.659739592076221e-15,ausbruch ab+ge+leg+en+en,3.4995775548410655
-7.384170898033233,0.49481499215748803,-0.0825677324072437,-0.02327893368430513,1.7985612998927536e-14,ab+ge+leg+en+en region,4.6641654730269835
-8.573183773555648,1.2314562627132444,0.024194982906316193,-0.013944073466550574,2.220446049250313e-15,Nordosten,3.2656575051767187
-8.573183773555648,1.2314562627132444,0.024194982906316193,-0.013944073466550574,2.220446049250313e-15,afar nordosten,3.2656575051767187
-5.969580655381244,-0.3816090485160939,-0.0814631645846545,0.009408026069987098,5.995204332975845e-15,Landes,6.328228089116158
-8.596499551377704,1.246483283351575,-0.01296790884149572,-0.03455802827953286,1.3988810110276972e-14,nordosten land+es,3.237865566334091
-8.574680606361495,1.2324735028802005,-0.04776258434050958,-0.05147249981287304,2.4202861936828413e-14,land+es treib,3.2637362897862885
-8.329235448893224,1.0659151975542378,-0.2125832051181194,-0.12273878214579582,6.905587213168474e-14,treib asche+wolke,3.5598372386570527
-8.714292392243149,1.3191240246776867,-0.03208234029192799,-0.05083342751442854,2.19824158875781e-14,"asche+wolke 8,5",3.099450463564888
-8.90340590981712,1.4357526024057476,0.032640709128127054,-0.027921012096616963,6.217248937900877e-15,höhe arabisch+e,2.877375805188219
-7.8333252627736485,0.7728014492006463,0.020585365829957805,0.014876737508675441,-7.882583474838611e-15,wi…,4.136119870442288
-8.984289389187385,1.4850774380798264,0.05285713071114942,-0.022273696825778223,1.7763568394002505e-15,halbinsel wi…,2.7826768555474004
-9.000225793340896,1.494784741063397,0.05639770749145101,-0.02141938467070888,1.1102230246251565e-15,+700,2.7640235884073068
-9.000225793340896,1.494784741063397,0.05639770749145101,-0.02141938467070888,1.1102230246251565e-15,wi… +700,2.7640235884073068
-9.015220693996598,1.5039170781545768,0.05961054866735768,-0.020686509907472794,4.440892098500626e-16,+700 char+s,2.746472928520349
-7.564555257813479,0.6049158151346332,0.04039007970725314,0.03376948859401366,-1.6986412276764895e-14,jahr+e ruhe,4.453038325241243
-7.1900011438097255,0.3730531113431219,0.03026891681888394,0.0391245611951174,-1.7763568394002505e-14,Schlafender,4.893526332777002
-7.1900011438097255,0.3730531113431219,0.03026891681888394,0.0391245611951174,-1.7763568394002505e-14,ruhe schlaf+end+er,4.893526332777002
-7.974814965870028,0.8610221740575006,0.008222197821751487,0.003473096318880313,-2.220446049250313e-15,aus+ge+brech+en als,3.9693647585485543
-7.135157256445051,0.34007037785979577,0.01059041504189516,0.03049952873758789,-1.2323475573339238e-14,ärmsten,4.957486029960386
-7.135157256445051,0.34007037785979577,0.01059041504189516,0.03049952873758789,-1.2323475573339238e-14,als arm+st+en,4.957486029960386
-7.19298123688037,0.3756766489547201,0.01637603027831573,0.03194338478902683,-1.354472090042691e-14,Regionen,4.889589238602023
-7.19298123688037,0.3756766489547201,0.01637603027831573,0.03194338478902683,-1.354472090042691e-14,arm+st+en region+en,4.889589238602023
-7.218594799378544,0.3913753858284159,0.020214533989526134,0.033226837332764644,-1.4432899320127035e-14,Äthiopiens,4.859554506526544
-7.218594799378544,0.3913753858284159,0.020214533989526134,0.033226837332764644,-1.4432899320127035e-14,region+en äthiopien+s,4.859554506526544
-6.915571134011701,0.20311457055793047,0.023650643073551372,0.04257946700896248,-1.8207657603852567e-14,äthiopien+s afar,5.216296630910588
-6.77249961086554,0.11450345311885402,0.020430712321712244,0.04424795871715756,-1.84297022087776e-14,afar immer,5.3845784829894106
-6.268513474510851,-0.19770590287971723,0.010163295700543265,0.04951870707952391,-1.9206858326015208e-14,immer natur+katastrophe+n,5.977408407726124
-4.77215798396889,-1.12505638570159,-0.01309342770118814,0.061230545805961156,-2.0761170560490427e-14,ausgesetzt,7.737765953269621
-4.77215798396889,-1.12505638570159,-0.01309342770118814,0.061230545805961156,-2.0761170560490427e-14,natur+katastrophe+n aus+ge+setz+t,7.737765953269621
8.110903645177011,-9.113472347396609,-0.07536520770421229,0.09298298049256257,-2.5424107263916085e-14,Vulkanausbrüche,22.89635367861795
-4.627309272082728,-1.2148444378237868,-0.01491834944477282,0.06213953667187663,-2.0872192862952943e-14,lange,7.908181634090538
-8.159394758363701,0.9728794562778147,0.05980566037853918,0.023223984664554942,-1.5432100042289676e-14,vulkan+ausbruch+e lang+e,3.753634295891563
-3.6890456875302524,-1.7965010232559604,-0.025409722394911766,0.06734823156477084,-2.1538326677728037e-14,lang+e zeit,9.012086097887149
-7.578351919807055,0.6134544229427865,0.04079015098471524,0.033555924921444914,-1.6986412276764895e-14,allerdings,4.436814129233374
-8.252295870318486,1.0303068995338474,0.06330592882762748,0.021280983613907994,-1.509903313490213e-14,zeit allerdings,3.644424933745377
-7.657977150416576,0.6627304129343972,0.04314069459891698,0.03229815044721517,-1.6764367671839864e-14,gezählt,4.343180568946109
-7.657977150416576,0.6627304129343972,0.04314069459891698,0.03229815044721517,-1.6764367671839864e-14,allerdings ge+zähl+t,4.343180568946109
-7.725388983116268,0.7057578170375098,0.02227456153431509,0.019363438772252918,-9.658940314238862e-15,gubbi erwach+t,4.263183040205027
-7.179768690399036,0.3674991611114331,0.01594091741759293,0.03206807948072226,-1.354472090042691e-14,Foto,4.905126700171174
-8.074907188150293,0.9216994480727116,0.04032925395920495,0.016347605937948238,-1.0658141036401503e-14,picture,3.8523762099521397
-8.074907188150293,0.9216994480727116,0.04032925395920495,0.016347605937948238,-1.0658141036401503e-14,foto picture,3.8523762099521397
-8.762927780985265,1.3470257432291828,0.06704637950545761,-0.0013415515621693248,-7.327471962526033e-15,alliance,3.043569953630683
-8.762927780985265,1.3470257432291828,0.06704637950545761,-0.0013415515621693248,-7.327471962526033e-15,picture alliance,3.043569953630683
-8.783388074478502,1.359241997402146,0.07410352167795325,0.0012760649403577018,-9.103828801926284e-15,Anadolu,3.019755338396837
-8.783388074478502,1.359241997402146,0.07410352167795325,0.0012760649403577018,-9.103828801926284e-15,alliance anadolu,3.019755338396837
-8.744594370508441,1.3346257142295477,0.08122757332593888,0.0072464529303389175,-1.2101430968414206e-14,anadolu als,3.0657070379456406
-7.612735217910432,0.6347331739459592,0.04179636192709178,0.03301813689702949,-1.687538997430238e-14,+1954,4.396381456014982
-7.612735217910432,0.6347331739459592,0.04179636192709178,0.03301813689702949,-1.687538997430238e-14,vulkan+ausbruch+e +1954,4.396381456014982
-7.849048999976328,0.7809505895767503,0.049088741478210324,0.02909167437018291,-1.63202784619898e-14,+1954 chars,4.1185073791175695
-7.265459568415082,0.4197724617724923,0.0322001038438848,0.03810966556562343,-1.765254609153999e-14,äthiopischem,4.804780357916136
-7.265459568415082,0.4197724617724923,0.0322001038438848,0.03810966556562343,-1.765254609153999e-14,asche äthiopisch+em,4.804780357916136
-4.77215798396889,-1.12505638570159,-0.01309342770118814,0.061230545805961156,-2.0761170560490427e-14,äthiopisch+em vulkan,7.737765953269621
-0.4718036802161496,-3.7909618456274177,-0.014678433965038713,0.056535082748308166,-1.9095836023552692e-14,behindert,12.79740952167374
-6.675629551010815,0.054501939230551244,0.01833243314828814,0.04533108777920815,-1.865174681370263e-14,vulkan behinder+t,5.498520739800831
9.867613728231326,-10.200705386454656,-0.024019100016138384,0.03664686822664907,-1.1213252548714081e-14,Flugverkehr,24.962426449090895
-7.513099774965935,0.5730691697807755,0.0389162031328117,0.03455499091478455,-1.709743457922741e-14,behinder+t flug+verkehr,4.513548219235972
-4.186874962206989,-1.4872189747510558,-0.0397711510524509,0.055032581925609086,-1.5432100042289676e-14,Indien,8.42598869894085
-5.121443221360762,-0.908554409881627,-0.008427692596571779,0.05890118866717302,-2.042810365310288e-14,flug+verkehr indien,7.326835507229466
-7.513099774965935,0.5730691697807755,0.0389162031328117,0.03455499091478455,-1.709743457922741e-14,indien der,4.513548219235972
-1.2385149560199231,-3.3153419994953226,-0.07931714758591357,0.060528494384260514,-1.2878587085651816e-14,vulkan+s hayli,11.89503080632899
-5.86284906456857,-0.44906577450289653,0.002928556520460479,0.05319188260042374,-1.965094753586527e-14,Ähthiopien,6.454617636809257
-5.86284906456857,-0.44906577450289653,0.002928556520460479,0.05319188260042374,-1.965094753586527e-14,gubbi ähthiopien,6.454617636809257
-6.605579445263894,0.011110338186404611,0.01685415134641327,0.04609226881844945,-1.8762769116165146e-14,glimpflich,5.580917711186196
-6.605579445263894,0.011110338186404611,0.01685415134641327,0.04609226881844945,-1.8762769116165146e-14,ähthiopien glimpflich,5.580917711186196
-6.941815622036889,0.21936798988231132,0.024257679938086862,0.04226402848562638,-1.8207657603852567e-14,verlaufen,5.1854282552505415
-6.941815622036889,0.21936798988231132,0.024257679938086862,0.04226402848562638,-1.8207657603852567e-14,glimpflich verlauf+en,5.1854282552505415
-7.3673618984767035,0.4828583815535068,0.03489105847403286,0.036690175400595854,-1.7430501486614958e-14,verlauf+en tausend+e,4.684937256162904
-7.4996792696013,0.5647626451884906,0.03853643657874721,0.03475706512928854,-1.709743457922741e-14,tausend+e kilo+meter,4.529330472991737
-7.609832350034829,0.6333181352702915,0.035703462924014134,0.029962641013079577,-1.509903313490213e-14,kilo+meter entfern+t,4.399584589260618
-5.635960892293276,-0.5963668087632774,0.14006751957594468,-0.032869825277186474,-4.6629367034256575e-15,Auswirkungen,6.72539335672617
-7.691252836528629,0.6840965958266056,0.031537451267449765,0.025244504447926336,-1.2878587085651816e-14,entfern+t auswirkung+en,4.303623336506504
-6.607766925693962,0.012465373212527275,0.016899831860412218,0.04606877070093515,-1.8762769116165146e-14,auswirkung+en flug+verkehr,5.578344653957153
-7.782888081208622,0.742585981275333,-0.01683967567435172,-0.002606188596419135,2.886579864025407e-15,mussten,4.1948479731582005
-7.782888081208622,0.742585981275333,-0.01683967567435172,-0.002606188596419135,2.886579864025407e-15,indien müss+en,4.1948479731582005
-3.25482606416376,-2.064976249923785,-0.09067406681966132,0.03969629984528115,-3.9968028886505635e-15,wegen,9.52249275048975
-8.562356048814255,1.2249142316440023,-0.04575894466193331,-0.049805593436263965,2.3314683517128287e-14,müss+en wegen,3.2781969301137286
-6.522864673175147,-0.05898234642400135,-0.20515099494271788,-0.1675291736841711,8.43769498715119e-14,wegen asche+wolke,5.687870686913786
-8.45714306801462,1.1601612322567263,-0.030329871023219067,-0.0366350637424306,1.6653345369377348e-14,asche+wolke mehrere,3.4017590741553474
-6.245808358848971,-0.21155687597150807,0.030698992866664304,-0.0025431408320024905,-2.7755575615628914e-15,Flüge,6.004079893690391
-8.462813902747321,1.1634906484033445,0.00850869208837228,-0.016752809276265494,5.10702591327572e-15,mehrere flug+e,3.395246296223512
-8.442780341928025,1.1505124611781061,0.027426930698332005,-0.005929523858106606,-1.1102230246251565e-15,abgesagt,3.419140598331437
-8.442780341928025,1.1505124611781061,0.027426930698332005,-0.005929523858106606,-1.1102230246251565e-15,flug+e ab+ge+sag+t,3.419140598331437
-8.198431206981322,0.9970117315913809,0.06125861465454327,0.022419083433050716,-1.532107773982716e-14,25.11.2025,3.7077443223067394
-8.198431206981322,0.9970117315913809,0.06125861465454327,0.022419083433050716,-1.532107773982716e-14,stand 25.11.2025,3.7077443223067394
-7.942227544975561,0.8385881080085045,0.052160044344289516,0.027422262626314038,-1.609823385706477e-14,14:41,4.008950511104029
-7.942227544975561,0.8385881080085045,0.052160044344289516,0.027422262626314038,-1.609823385706477e-14,25.11.2025 14:41,4.008950511104029
-7.740769941269884,0.713960503801446,0.045662820479310376,0.030942726514325412,-1.6542323066914832e-14,14:41 uhr,4.245825604508112
-8.984259301924133,1.482128860323774,0.0972985087072003,0.0016545967671016196,-1.199040866595169e-14,weg…,2.7843254326396623
-8.984259301924133,1.482128860323774,0.0972985087072003,0.0016545967671016196,-1.199040866595169e-14,müss+en weg…,2.7843254326396623
-9.001460715641874,1.4927274862108686,0.09827222103788269,0.0010706372602245912,-1.1879386363489175e-14,+1717,2.7641233973507826
-9.001460715641874,1.4927274862108686,0.09827222103788269,0.0010706372602245912,-1.1879386363489175e-14,weg… +1717,2.7641233973507826
-9.017745019854305,1.5027599168056305,0.09920333019271299,0.0005110233565002766,-1.176836406102666e-14,+1717 char+s,2.74499906518594
-2.345349547157676,-2.6290581342596337,-0.05904750235332965,0.06264364000168761,-1.5987211554602254e-14,120,10.59273936239018
-1.9657514126211915,-2.864386577122121,-0.06726972772529374,0.06146679144008829,-1.4654943925052066e-14,120 meter,11.039348716597006
-0.2211480952709053,-3.9961139326449593,-0.44926056937864545,-0.10264828688346185,8.926193117986259e-14,hoch+e lavafontäne+n,13.117815001206456
-0.28552094514476245,-3.9068246490115457,-0.05061085890176067,0.07986631685225032,-2.3314683517128287e-14,lavafontäne+n vulkan,13.016698354013446
-4.557634872768428,-1.2601449819657229,-0.1569983671949678,-0.006123472941927718,2.042810365310288e-14,kilauea aus+ge+brech+en,7.991041340744808
-3.3719636945840508,-1.992225255316796,-0.07422210646536764,0.04656564131221706,-8.326672684688674e-15,Spektakuläre,9.38462909810882
-7.860569074529636,0.7900082227041589,0.01301743788557419,0.01003431848293935,-5.218048215738236e-15,aus+ge+brech+en spektakulär+e,4.103887151070542
-3.242544497697221,-2.0727911435662363,-0.04752046080952675,0.060761588585907134,-1.6653345369377348e-14,spektakulär+e bild+er,9.537117619213689
-1.098909023963449,-3.4037342737743486,-0.14943439586310384,0.028023455044100025,7.105427357601002e-15,beim,12.060146350363773
-7.564555257813479,0.6049158151346332,0.04039007970725314,0.03376948859401366,-1.6986412276764895e-14,bild+er bei,4.453038325241243
9.330410407751199,-9.87509345473995,-0.208656634693614,0.03302904854896035,1.176836406102666e-14,bei ausbruch,24.333925090645423
-6.675629551010815,0.054501939230551244,0.01833243314828814,0.04533108777920815,-1.865174681370263e-14,vulkan+s kilauea,5.498520739800831
0.262213841009002,-4.24612661402767,-0.0717237780860516,0.07248097855324921,-1.8096635301390052e-14,kilauea hawaii,13.660974252289535
-5.7929471526770415,-0.490876721845507,-0.05821821248314159,0.023925961861848904,-1.9984014443252818e-15,glühende,6.5359612661526665
-7.842635793722344,0.7794817925170898,-0.008111632953808498,-0.0001932333589857102,8.881784197001252e-16,hawaii glüh+end+e,4.124641705912398
-7.076444855222434,0.3039014788379588,-0.09207892636590188,-0.019576790715913357,1.7763568394002505e-14,glüh+end+e lavafontäne+n,5.026280859430181
-8.251052944384243,1.0325458669334755,-0.005424624237581069,-0.014483563390732538,5.773159728050814e-15,stiegen,3.644193482377345
-8.251052944384243,1.0325458669334755,-0.005424624237581069,-0.014483563390732538,5.773159728050814e-15,lavafontäne+n steig+en,3.644193482377345
-7.925407417523056,0.8299997551576541,0.018802269008712166,0.01072611153979236,-6.106226635438361e-15,steig+en 120,4.027718603257554
-8.633448496538575,1.2675842804448443,0.052349049739792416,-0.0021847604504029554,-5.329070518200751e-15,50.000,3.1954474683690743
-8.633448496538575,1.2675842804448443,0.052349049739792416,-0.0021847604504029554,-5.329070518200751e-15,hoch 50.000,3.1954474683690743
-7.774088454783032,0.7361855638852179,-0.08201330434173756,-0.035318963376124876,2.220446049250313e-14,Tonnen,4.205596147221286
-8.685825506666161,1.2997363144179395,0.05825754434753197,-0.0018066522039664953,-6.217248937900877e-15,50.000 tonne+n,3.1340012089351497
-8.731944635985835,1.3280471806574385,0.06320537196316964,-0.0016723099538576668,-6.772360450213455e-15,Schwefeldioxid,3.0798959000727875
-8.731944635985835,1.3280471806574385,0.06320537196316964,-0.0016723099538576668,-6.772360450213455e-15,tonne+n schwefeldioxid,3.0798959000727875
-8.814939579894016,1.3789968600232811,0.07160522018043308,-0.0018608425333178288,-7.771561172376096e-15,schwefeldioxid werd+en,2.9825274339008665
-8.847960731303381,1.3992690134681611,0.07479454192051624,-0.0020794021298788136,-7.993605777301127e-15,freigesetzt,2.943786862607002
-8.847960731303381,1.3992690134681611,0.07479454192051624,-0.0020794021298788136,-7.993605777301127e-15,werd+en frei+ge+setz+t,2.943786862607002
-7.700571531019115,0.6890875524600131,0.04442804784460934,0.03160707282990057,-1.6653345369377348e-14,äthiopien mehr,4.293093940124527
-7.970521811187203,0.8560881066952621,0.05311642190047666,0.026900459331596144,-1.5987211554602254e-14,mehr 000,3.975683974490078
-7.849048999976328,0.7809505895767503,0.049088741478210324,0.02909167437018291,-1.63202784619898e-14,000 jahr+e,4.1185073791175695
-5.465901530001508,-0.6950624402034786,-0.003419509728477141,0.05639096526747267,-2.0095036745715333e-14,heißt,6.921594347693977
-7.564555257813479,0.6049158151346332,0.04039007970725314,0.03376948859401366,-1.6986412276764895e-14,jahr+e heiß+t,4.453038325241243
-4.055015122321981,-1.5696168624129663,-0.02157064671069632,0.06544497813313101,-2.1316282072803006e-14,sei,8.581503071045763
-6.802826850761445,0.13328736928860696,0.021100944384115902,0.04390130361535322,-1.84297022087776e-14,heiß+t sei,5.3489069002359715
-4.77215798396889,-1.12505638570159,-0.01309342770118814,0.061230545805961156,-2.0761170560490427e-14,sei vulkan,7.737765953269621
-7.668119470810162,0.6715707746595845,-0.03371183974757623,-0.007394132595193007,6.661338147750939e-15,gubbi mehr,4.3297812849606
-7.599355055739882,0.6254023764893502,-0.12813992669820556,-0.052535027009040045,3.397282455352979e-14,mehr aus+ge+brech+en,4.41240095188532
-6.665835598922062,0.04987483218311839,-0.01577610413441189,0.02830621756456598,-8.43769498715119e-15,möglicherweise,5.5092287227810814
-8.287454274708846,1.0544564460915977,0.020767212022213766,-0.0024532292386989056,-1.5543122344752192e-15,aus+ge+brech+en möglicherweise,3.6017527019342808
-6.481170040181839,-0.06522250776772598,-0.0006660759027377477,0.03983652133844177,-1.4432899320127035e-14,stimmt,5.726846578176116
-6.481170040181839,-0.06522250776772598,-0.0006660759027377477,0.03983652133844177,-1.4432899320127035e-14,möglicherweise stimm+t,5.726846578176116
-8.598930232552167,1.2459474832689625,0.056194559710780884,0.0016180264229859465,-7.216449660063518e-15,gar,3.2361906291871096
-8.598930232552167,1.2459474832689625,0.056194559710780884,0.0016180264229859465,-7.216449660063518e-15,stimm+t gar,3.2361906291871096
-8.565093208048987,1.2218025179289698,0.061247560370991105,0.07908944584158126,-3.574918139293004e-14,Erstmals,3.2776277130297147
-8.664230716772156,1.2864801994750363,0.05586120392182936,-0.001932496820748763,-5.88418203051333e-15,gar erstmals,3.1593352551199114
-7.970521811187203,0.8560881066952621,0.05311642190047666,0.026900459331596144,-1.5987211554602254e-14,seit 000,3.975683974490078
-6.802826850761445,0.13328736928860696,0.021100944384115902,0.04390130361535322,-1.84297022087776e-14,jahr+en sei,5.3489069002359715
-6.675629551010815,0.054501939230551244,0.01833243314828814,0.04533108777920815,-1.865174681370263e-14,sei hayli,5.498520739800831
-7.564555257813479,0.6049158151346332,0.04039007970725314,0.03376948859401366,-1.6986412276764895e-14,aus+ge+brech+en heiß+t,4.453038325241243
-8.136760961131253,0.9596237891106745,0.04807790170338978,0.01798449825252839,-1.2212453270876722e-14,doch möglicherweise,3.7798366731923223
-6.675629551010815,0.054501939230551244,0.01833243314828814,0.04533108777920815,-1.865174681370263e-14,vulkan steh+t,5.498520739800831
7.80809253826126,-8.92562087899576,-0.09841625031641954,0.08167561326855628,-1.865174681370263e-14,aktiven,22.539971359697365
-7.740769941269884,0.713960503801446,0.045662820479310376,0.030942726514325412,-1.6542323066914832e-14,steh+t aktiv+en,4.245825604508112
-7.997601005766216,0.8728356656673522,0.05404245571016572,0.026394311735095873,-1.587618925213974e-14,aktiv+en region,3.943846548360928
-5.019982488020829,-0.9702711408751652,-0.0778597543009493,0.02604615299334107,-4.440892098500626e-16,kaum,7.445476609762488
-8.331606725891035,1.0793223023912875,0.06641404490930919,0.019544243959800634,-1.4876988529977098e-14,region kaum,3.551197670407258
-8.393888149198608,1.1180577255357642,0.06555636506052145,0.01634217647095535,-1.3655743202889425e-14,erforscht,3.477854007243315
-8.393888149198608,1.1180577255357642,0.06555636506052145,0.01634217647095535,-1.3655743202889425e-14,kaum erforsch+t,3.477854007243315
-8.540061315080216,1.2111423682468045,0.017091474570839968,-0.016013310550885406,3.774758283725532e-15,riesig+e fast,3.3045001947301316
-7.2090716329206295,0.38651635968858544,-0.07856704761959586,-0.01636845502970594,1.509903313490213e-14,fast kilo+meter,4.87005216174736
-4.7302386531740765,-1.1500291936986238,-0.04731283312615135,0.04485264116863756,-1.0880185641326534e-14,23.,7.7864975957066935
-8.731687488533236,1.3301077309884848,-0.0047816909178815675,-0.03755217236591295,1.3988810110276972e-14,steig 23.,3.0789221654242427
-8.764917424376286,1.3505842936321006,0.00641718726244464,-0.0335524470391553,1.1324274851176597e-14,23. november,3.0399089902233962
-6.6572911697937736,0.04449767596543275,-0.013131135741563368,0.029824435521058283,-9.325873406851315e-15,2025,5.519328130242574
-8.825614428156358,1.3878059896364057,0.02486973018207167,-0.027339342546499956,6.8833827526759706e-15,november 2025,2.9687403549860143
-8.897374648767538,1.4316315714753953,0.043510706082580425,-0.021764768425340014,2.6645352591003757e-15,Danakil-Senke,2.8846900462730605
-8.897374648767538,1.4316315714753953,0.043510706082580425,-0.021764768425340014,2.6645352591003757e-15,2025 danakil-senk+e,2.8846900462730605
-8.96395515191893,1.4722202038020518,0.05812396321984539,-0.018138160916130606,-2.220446049250313e-16,danakil-senk+e äthiopien,2.8067412249175328
-9.030877458590671,1.5130055751762412,0.07069358227736591,-0.015768757714643918,-2.55351295663786e-15,unwirtlichen,2.7283951575102194
-9.066048484255923,1.534446034406804,0.07660299514789251,-0.014963434928710353,-3.552713678800501e-15,dünn,2.6872163270795646
-9.066048484255923,1.534446034406804,0.07660299514789251,-0.014963434928710353,-3.552713678800501e-15,un+wirtlich+en dünn,2.6872163270795646
-9.077544078443633,1.5414552221441453,0.07844460122118355,-0.014759273749376117,-3.885780586188048e-15,besiedelten,2.673756216994205
-9.077544078443633,1.5414552221441453,0.07844460122118355,-0.014759273749376117,-3.885780586188048e-15,dünn besiedel+t+en,2.673756216994205
-9.103209082729705,1.5571067324264358,0.08241092306540607,-0.014401669595887335,-4.440892098500626e-15,besiedel+t+en region,2.643703538787725
-9.124662126199961,1.5701927887373592,0.08558397628825892,-0.014201469570148482,-4.884981308350689e-15,zuerst,2.618581022752052
-9.124662126199961,1.5701927887373592,0.08558397628825892,-0.014201469570148482,-4.884981308350689e-15,region zuerst,2.618581022752052
-6.54102453822745,-0.02851180171007428,0.008601681163732847,0.04327594042454504,-1.6764367671839864e-14,sicher,5.656647423955798
-9.159496575032106,1.5914476155679804,0.09048918859946667,-0.01405455115922392,-5.551115123125783e-15,zuerst sicher,2.5777845821090506
-9.172153499997526,1.5991723708167531,0.09220264385126156,-0.014052659258143366,-5.773159728050814e-15,welche…,2.5629602884218095
-9.172153499997526,1.5991723708167531,0.09220264385126156,-0.014052659258143366,-5.773159728050814e-15,sicher welche…,2.5629602884218095
-9.18563961582616,1.6074042955662782,0.09399131087259516,-0.01407935690425956,-5.88418203051333e-15,+6527,2.547164182659554
-9.18563961582616,1.6074042955662782,0.09399131087259516,-0.01407935690425956,-5.88418203051333e-15,welche… +6527,2.547164182659554
-9.194223583689755,1.6126445275156556,0.09511085833322533,-0.014111356747164353,-5.995204332975845e-15,+6527 char+s,2.5371095658806015
-6.930815335265216,0.2085532286716738,-0.16753158992788786,-0.05293522216349786,3.863576125695545e-14,Entsteht,5.200171506615716
-6.930815335265216,0.2085532286716738,-0.16753158992788786,-0.05293522216349786,3.863576125695545e-14,vulkan+ausbruch entsteh+t,5.200171506615716
-7.700340253582711,0.6878077775209199,-0.128450133629594,-0.056013690770065405,3.530509218307998e-14,neuer,4.293691541235711
-7.700340253582711,0.6878077775209199,-0.128450133629594,-0.056013690770065405,3.530509218307998e-14,entsteh+t neu+er,4.293691541235711
-4.906258801269498,-1.0447649899052656,-0.16538122010586062,-0.01467499751738702,2.4424906541753444e-14,Ozean,7.581243256217704
-7.8471709053619145,0.779244362678472,-0.1193579365977682,-0.05658993264791723,3.441691376337985e-14,neu+er ozean,4.120736545216802
-7.222411966043778,0.39472280822022254,-0.08034032503351267,-0.017614849583689262,1.5765166949677223e-14,ausbruch kaum,4.854387343811453
-6.912504472901054,0.20289345917354717,-0.07524776776054501,-0.007116498068434753,1.1324274851176597e-14,erforschten,5.218862844943869
-6.912504472901054,0.20289345917354717,-0.07524776776054501,-0.007116498068434753,1.1324274851176597e-14,kaum erforsch+t+en,5.218862844943869
-4.530435466186426,-1.2737919965882507,-0.0719700723103943,0.03525708408489238,-4.440892098500626e-15,erforsch+t+en vulkan+s,8.02148490221162
-7.8452495919548575,0.7811032784860799,-0.053135185421751115,-0.023220078450408282,1.4654943925052066e-14,äthiopien zeig+t,4.121494773655297
-7.994638232166432,0.873638303031345,-0.05041746188963585,-0.027287051229845972,1.5765166949677223e-14,zeig+t hier,3.9457770324727726
-8.143764994098444,0.9660023134273592,-0.04703708356703666,-0.03140439099095667,1.687538997430238e-14,Größeres,3.7703732912419707
-8.143764994098444,0.9660023134273592,-0.04703708356703666,-0.03140439099095667,1.687538997430238e-14,hier groß+er+es,3.7703732912419707
-6.8734082952922435,0.17783580007796917,-0.09981871327368053,-0.018344859313962906,1.8207657603852567e-14,Gange,5.265254871093579
-8.294919160107984,1.059612798789279,-0.042728865969465485,-0.0355824576685593,1.7763568394002505e-14,groß+er+es gang+e,3.5925914767750537
-7.587579169510761,0.6216348311523774,-0.04378235565103725,-0.009931102040415741,8.659739592076221e-15,Montag,4.424528032291555
-8.504761700284234,1.189550575524104,-0.03478880311683675,-0.04125005514644885,1.887379141862766e-14,montag etwa,3.3457961604251896
-7.397193370546112,0.5014075089816332,-0.1128297340539032,-0.03871745159192255,2.708944180085382e-14,halb,4.649576034216995
-8.538645829267956,1.2105294229251993,-0.03324377606472077,-0.04213592995604769,1.9095836023552692e-14,etwa halb,3.305947044791622
-8.566093232160354,1.227486709260295,-0.034067376756020416,-0.043951566519781715,1.9761969838327786e-14,neun,3.2736836914825407
-8.566093232160354,1.227486709260295,-0.034067376756020416,-0.043951566519781715,1.9761969838327786e-14,halb neun,3.2736836914825407
-8.588671583569864,1.241397577885464,-0.036568771385107786,-0.046407302496807704,2.1094237467877974e-14,neun uhr,3.2471610259519714
-8.605264552249636,1.2516083182059456,-0.038693109714699796,-0.04837093045833192,2.19824158875781e-14,morgens,3.227675470336865
-8.605264552249636,1.2516083182059456,-0.038693109714699796,-0.04837093045833192,2.19824158875781e-14,uhr morgens,3.227675470336865
-8.66258795967746,1.2867258871012086,-0.049457951930661895,-0.05700132465206874,2.6423307986078726e-14,morgens bewohner,3.160436634498673
-8.692636197995247,1.3048512471118818,-0.06066870941786931,-0.06445160786147855,3.042011087472929e-14,bewohner ab+ge+leg+en+en,3.1253311596149693
-8.703548466872816,1.3088714451673416,-0.10481698381355228,-0.08778167065258759,4.39648317751562e-14,afar äthiopien,3.113869274770326
-8.623398847322505,1.2520354123219848,-0.1756069093947098,-0.11926010574437783,6.350475700855895e-14,äthiopien riesig+e,3.211822628254376
-8.817804992909597,1.379421588457994,-0.10230866688804419,-0.09322280836499629,4.551914400963142e-14,steigen,2.97959557851582
-8.817804992909597,1.379421588457994,-0.10230866688804419,-0.09322280836499629,4.551914400963142e-14,himmel steig+en,2.97959557851582
-7.099008870034593,0.3101259921239312,-0.1900846644665396,-0.06823823302395544,4.6851411639181606e-14,sehen,5.003668089547372
-8.858764266840671,1.4058783257758962,-0.08564139115401057,-0.08715216630141645,4.1522341120980855e-14,steig+en seh+en,2.9308711797984923
-8.912949375707825,1.440460255736585,-0.06585682450719713,-0.08032246519238681,3.6637359812630166e-14,achteinhalb,2.8666301522786295
-8.912949375707825,1.440460255736585,-0.06585682450719713,-0.08032246519238681,3.6637359812630166e-14,bis achteinhalb,2.8666301522786295
-8.949415103185652,1.4635162013734788,-0.05399210151127565,-0.07650859993276082,3.397282455352979e-14,achteinhalb kilo+meter,2.8235091145644935
-6.69009582117843,0.05795333893699395,-0.18409626185231953,-0.05519105129721101,4.1300296516055823e-14,steigt,5.48408568043559
-8.987316682031622,1.4873364891546654,-0.04279458299220125,-0.07316916906439207,3.1308289294429414e-14,hoch steig+t,2.7787640236224274
-9.002925103384843,1.4971111835991306,-0.038486221427193615,-0.07196368947491885,3.042011087472929e-14,si…,2.7603552386647503
-9.002925103384843,1.4971111835991306,-0.038486221427193615,-0.07196368947491885,3.042011087472929e-14,steig+t si…,2.7603552386647503
-9.013429104508806,1.50367938553975,-0.03567750292302995,-0.07120400592729825,2.9976021664879227e-14,+118,2.74797174071569
-9.013429104508806,1.50367938553975,-0.03567750292302995,-0.07120400592729825,2.9976021664879227e-14,si… +118,2.74797174071569
-9.023458421734105,1.5099439405181565,-0.03305991817587028,-0.0705155098844022,2.930988785010413e-14,+118 chars,2.736151360330283
-4.915205139869752,-1.0460993722062604,-0.2310002199077522,-0.045887565495322996,4.3520742565306136e-14,Fatale,7.574237723075042
-4.145210045873374,-1.5250800615196591,-0.24719444650799344,-0.0437052052455649,4.440892098500626e-14,Kettenreaktion,8.481017832865032
-6.930815335265216,0.2085532286716738,-0.16753158992788786,-0.05293522216349786,3.863576125695545e-14,fatal+e kette+n+reaktion,5.200171506615716
-3.6824105817455504,-1.8128947058551925,-0.25560705596053157,-0.04251532523701175,4.5075054799781356e-14,kette+n+reaktion vulkan+ausbruch,9.025995065839378
-3.7395231473177653,-1.7773791935448746,-0.25461524630706733,-0.04265752284671177,4.5075054799781356e-14,Pest,8.958742567307759
-7.172300962243576,0.35894539421019855,-0.1565842568605803,-0.05389594943767484,3.774758283725532e-14,vulkan+ausbruch pest,4.915707045041602
-2.3664963844739972,-2.6265042861940135,-0.2431273695528309,-0.024671737639555675,3.708144902248023e-14,Europa,10.573125734042147
-5.336253317218347,-0.7841129645942626,-0.22070809819741252,-0.047196870733938134,4.263256414560601e-14,pest europa,7.078358554961022
-3.664762243472521,-1.8210225607777812,-0.19589107577781734,-0.08073921522830722,5.1958437552457326e-14,ausgelöst,9.04541918115198
-4.7798222471344,-1.1303269412841916,-0.23407531417619953,-0.04548447223254065,4.374278717023117e-14,europa aus+ge+lös+t,7.733676297363065
-1.380035041853823,-3.2440866112952134,-0.2873910175480272,-0.037715151097590174,4.6851411639181606e-14,aus+ge+lös+t ein,11.736871559931942
6.966639729852744,-8.427396269586389,-0.33976595893508343,-0.029371566730823775,4.973799150320701e-14,ein vulkan+ausbruch,21.561896683812684
-6.241780245830018,-0.22048760126188327,-0.1939058552169284,-0.050308624654640435,4.063416270128073e-14,14.,6.011808418085048
-7.059506432471023,0.2886981302309435,-0.1618268032367759,-0.05344540360988227,3.8191672047105385e-14,vulkan+ausbruch 14.,5.048576766206064
-6.455375575762739,-0.08750264660540052,-0.1863967017526226,-0.051101051185794874,4.0190073491430667e-14,Jahrhundert,5.76021371500766
-6.455375575762739,-0.08750264660540052,-0.1863967017526226,-0.051101051185794874,4.0190073491430667e-14,14. jahr+hundert,5.76021371500766
-6.859255803688668,0.16398957327937058,-0.17058440891363758,-0.052653699479934646,3.885780586188048e-14,löst,5.284466230688716
-6.859255803688668,0.16398957327937058,-0.17058440891363758,-0.052653699479934646,3.885780586188048e-14,jahr+hundert lös+t,5.284466230688716
-4.178043301485356,-1.4984726341623724,-0.19388519549907185,-0.019082307023657815,2.930988785010413e-14,laut,8.439178289896073
-7.8247798137034685,0.7653012707540983,-0.1207862606942518,-0.056502899999859815,3.441691376337985e-14,lös+t laut,4.147111086468852
-4.167616177457684,-1.5006449296902677,-0.1376354803368272,0.007779591622450659,1.3100631690576847e-14,neuen,8.449275056269213
-6.8289602655976465,0.15066138708946575,-0.09093482830577333,-0.012895054077230444,1.509903313490213e-14,laut neu+en,5.317363926893297
1.0017575942413348,-4.7133781310428216,-0.23537523187468096,-0.0007469877196404941,2.731148640577885e-14,Studie,14.535460514825667
-6.961186099555172,0.23274558298044745,-0.08581678916172548,-0.01355611337774942,1.4876988529977098e-14,neu+en studie,5.161742092109062
-6.930815335265216,0.2085532286716738,-0.16753158992788786,-0.05293522216349786,3.863576125695545e-14,Kette,5.200171506615716
-6.930815335265216,0.2085532286716738,-0.16753158992788786,-0.05293522216349786,3.863576125695545e-14,studie kette,5.200171506615716
-8.373215171565295,1.1066824363111343,-0.08056770791337678,-0.058458975019133635,3.042011087472929e-14,Ereignissen,3.501187557914299
-8.373215171565295,1.1066824363111343,-0.08056770791337678,-0.058458975019133635,3.042011087472929e-14,kette ereignis+sen,3.501187557914299
-6.930978361536088,0.21433194080667173,-0.07554604387329085,-0.007714082098173283,1.1546319456101628e-14,bringt,5.197134331217183
-8.525300195472129,1.2012615561441988,-0.06705027445271287,-0.05888816219033101,2.90878432451791e-14,ereignis+sen bring+t,3.3221193928236574
-8.568644004245229,1.2282044249241189,-0.06296279786966404,-0.05899559249904689,2.864375403532904e-14,schließlich,3.271092187417535
-8.568644004245229,1.2282044249241189,-0.06296279786966404,-0.05899559249904689,2.864375403532904e-14,bring+t schließlich,3.271092187417535
-6.340056977276253,-0.15930198877746493,-0.19051724448609852,-0.050670582185588425,4.04121180963557e-14,Schwarzen,5.896048676369898
-8.65405460480422,1.2812772854849506,-0.054573243832926055,-0.05918377758072785,2.7755575615628914e-14,schließlich schwarz+en,3.1705518469060285
-4.682955968297438,-1.181719655291666,-0.14565995592082376,-0.0022864882060090047,1.7763568394002505e-14,Tod,7.843224751071517
-6.645631540018799,0.030962426586042646,-0.17923145393022433,-0.05182419648438563,3.952393967665557e-14,schwarz+en tod,5.536105532609607
-7.47972981094531,0.5504140675765345,-0.14099626214076116,-0.05513184007752049,3.6415315207705135e-14,tod europa,4.5535617426248605
-7.644387634287599,0.6566276144021823,-0.0582521855902675,-0.01904174682758743,1.354472090042691e-14,Forscherteam,4.35778577469098
-8.550578301432527,1.21697536674242,-0.06467988588124497,-0.058951722189772585,2.886579864025407e-14,ein forscher+team,3.292359919715436
-7.048028289938245,0.28154977002120685,-0.1623472785604511,-0.05339971695842011,3.8191672047105385e-14,sieht,5.062097759041754
-8.462763631680371,1.1623783749558856,-0.07275859407198738,-0.05872079487608482,2.9753977059954195e-14,forscher+team seh+t,3.395747175321892
-8.415957200192583,1.1332688301170564,-0.07689208320533829,-0.05858694881624367,3.019806626980426e-14,hierin,3.4508588648046166
-8.415957200192583,1.1332688301170564,-0.07689208320533829,-0.05858694881624367,3.019806626980426e-14,seh+t hierin,3.4508588648046166
-8.316638049244117,1.0714843609548748,-0.08529443371785414,-0.05828198337954754,3.108624468950438e-14,frühes,3.567810471524893
-8.316638049244117,1.0714843609548748,-0.08529443371785414,-0.05828198337954754,3.108624468950438e-14,hierin früh+es,3.567810471524893
-8.241827268982275,1.0249335246257665,-0.09131474796377805,-0.05803625820196305,3.1530333899354446e-14,früh+es beispiel,3.6559098475290868
-1.709921640237864,-3.024993628417605,-0.15464610852857538,0.057220339584902816,-2.886579864025407e-15,Folgen,11.341242815448044
-8.003110510659091,0.8763403992626069,-0.10895829470037127,-0.057184466327751995,3.3306690738754696e-14,beispiel folge+n,3.937060197408324
-7.777649486798394,0.7359520815240774,-0.12374255058820816,-0.05631863092122792,3.4861002973229915e-14,Globalisierung,4.202626572642597
-7.777649486798394,0.7359520815240774,-0.12374255058820816,-0.05631863092122792,3.4861002973229915e-14,folge+n globalisierung,4.202626572642597
-6.78203048332359,0.11589885759247887,-0.1737885658658052,-0.05235185354848769,3.907985046680551e-14,KettenreaktionVulkanausbruch,5.3754345512760615
-6.78203048332359,0.11589885759247887,-0.1737885658658052,-0.05235185354848769,3.907985046680551e-14,fatal+e kette+n+reaktion+vulkan+ausbruch,5.3754345512760615
-7.172300962243576,0.35894539421019855,-0.1565842568605803,-0.05389594943767484,3.774758283725532e-14,kette+n+reaktion+vulkan+ausbruch pest,4.915707045041602
-6.859255803688668,0.16398957327937058,-0.17058440891363758,-0.052653699479934646,3.885780586188048e-14,vulkan+ausbruch steh+t,5.284466230688716
-7.22372614775805,0.3909729989603039,-0.15411401750849285,-0.054102159900144706,3.752553823233029e-14,steh+t laut,4.855129070241646
-5.0488893888359625,-0.9529990347399058,-0.10642262127608278,0.011737856330306178,7.993605777301127e-15,Forschern,7.411761994272697
-7.582318956510914,0.614306567224546,-0.1353176183204023,-0.055543451089443474,3.574918139293004e-14,laut forscher+n,4.432714972736922
-7.814838684569295,0.7619024459476891,-0.1092076070729745,0.0083108165344188,9.769962616701378e-15,Anfang,4.157328476837993
-7.910143180584364,0.8184561306721871,-0.11525572418603752,-0.05683266800165261,3.397282455352979e-14,forscher+n anfang,4.046562254804404
-5.013206070064246,-0.9851254699617891,-0.22870631616687215,-0.046184723340370396,4.3298697960381105e-14,tödlichen,7.458821783018117
-8.127679553290616,0.9538888497364579,-0.10003270083457255,-0.057639973266427544,3.241851231905457e-14,anfang tödlich+en,3.7903431509975114
-6.78203048332359,0.11589885759247887,-0.1737885658658052,-0.05235185354848769,3.907985046680551e-14,tödlich+en kette+n+reaktion,5.3754345512760615
-7.515938650002407,0.5769001752485892,-0.0664098331149764,-0.019115895988667798,1.4654943925052066e-14,vermuten,4.508950431541327
-8.439927315889264,1.148176850360982,-0.07478973013415638,-0.05865635526628053,2.9976021664879227e-14,sie vermut+en,3.4226351419162597
-8.531753321575113,1.2052732485375461,-0.066448677171484,-0.05890462308831418,2.90878432451791e-14,Tropen,3.3145221336726367
-8.531753321575113,1.2052732485375461,-0.066448677171484,-0.05890462308831418,2.90878432451791e-14,vermut+en tropus+en,3.3145221336726367
-8.59720048577645,1.2459519613425458,-0.060208484932202065,-0.05906215804198167,2.842170943040401e-14,Standort,3.2374755153833306
-8.59720048577645,1.2459519613425458,-0.060208484932202065,-0.05906215804198167,2.842170943040401e-14,tropus+en stand+ort,3.2374755153833306
-8.649191434815444,1.2782561298298372,-0.05506338376287391,-0.05917397517363453,2.7755575615628914e-14,im…,3.1762760689223803
-8.649191434815444,1.2782561298298372,-0.05506338376287391,-0.05917397517363453,2.7755575615628914e-14,stand+ort im…,3.1762760689223803
-8.672955034369084,1.2930179098935273,-0.05265354440507865,-0.0592207495612138,2.7533531010703882e-14,+4916,3.1483055023557065
-8.672955034369084,1.2930179098935273,-0.05265354440507865,-0.0592207495612138,2.7533531010703882e-14,im… +4916,3.1483055023557065
-8.699760236142312,1.3096662294218235,-0.049889870561787675,-0.059270006708540046,2.731148640577885e-14,+4916 chars,3.1167564704053774
-7.059506432471023,0.2886981302309435,-0.1618268032367759,-0.05344540360988227,3.8191672047105385e-14,Unerwartete,5.048576766206064
-5.8104137891699725,-0.4890142701366931,-0.20758266220923405,-0.04877543291395807,4.1744385725905886e-14,Spur,6.519896721040524
-5.8104137891699725,-0.4890142701366931,-0.20758266220923405,-0.04877543291395807,4.1744385725905886e-14,un+erwart+et+e spur,6.519896721040524
-3.6824105817455504,-1.8128947058551925,-0.25560705596053157,-0.04251532523701175,4.5075054799781356e-14,spur vulkan+ausbruch,9.025995065839378
-7.318160554392137,0.4497873201324687,-0.14943952135960836,-0.054481705036936404,3.708144902248023e-14,Pest-Katastrophe,4.743886945705565
-7.318160554392137,0.4497873201324687,-0.14943952135960836,-0.054481705036936404,3.708144902248023e-14,vulkan+ausbruch pest+-+katastrophe,4.743886945705565
-7.80162116997911,0.7508799544022682,-0.12224730091756114,-0.05641252825422233,3.4638958368304884e-14,geführt,4.174389900265993
-7.80162116997911,0.7508799544022682,-0.12224730091756114,-0.05641252825422233,3.4638958368304884e-14,pest+-+katastrophe ge+führ+t,4.174389900265993
-7.361666562829885,0.47688326767455935,-0.14722309425813757,-0.05465678480113753,3.68594044175552e-14,ge+führ+t ein,4.692637654908473
-6.390780476348556,-0.12334517381765808,-0.14003428090779588,-0.027309876102588757,2.6201263381153694e-14,bislang,5.834073058435316
-7.172300962243576,0.35894539421019855,-0.1565842568605803,-0.05389594943767484,3.774758283725532e-14,ein bislang,4.915707045041602
-6.6072029405431865,0.007033597524514601,-0.1807174361791618,-0.051676884140558085,3.9745984281580604e-14,übersehener,5.5813720828829005
-6.6072029405431865,0.007033597524514601,-0.1807174361791618,-0.051676884140558085,3.9745984281580604e-14,bislang überseh+en+er,5.5813720828829005
-3.6824105817455504,-1.8128947058551925,-0.25560705596053157,-0.04251532523701175,4.5075054799781356e-14,überseh+en+er vulkan+ausbruch,9.025995065839378
-7.442280871078781,0.5270906083419438,-0.1430059221817334,-0.054981230437521386,3.6415315207705135e-14,vulkan+ausbruch schwarz+en,4.597675672372778
-7.8471709053619145,0.779244362678472,-0.1193579365977682,-0.05658993264791723,3.441691376337985e-14,begünstigt,4.120736545216802
-7.8471709053619145,0.779244362678472,-0.1193579365977682,-0.05658993264791723,3.441691376337985e-14,tod begünstig+t,4.120736545216802
-8.168348099900687,0.9792026689793949,-0.0969886626770784,-0.05778379288736413,3.219646771412954e-14,begünstig+t neu+e,3.7424460712538172
-6.766121980478255,0.10803391084424652,-0.1524610064236238,-0.041612867076585486,3.2862601528904634e-14,Daten,5.3931333159504184
-8.23023789972798,1.0177212357890435,-0.09222499467381978,-0.05799712223310602,3.175237850427948e-14,neu+e dat+en,3.669558309870068
-8.296316147883351,1.058840072003461,-0.08695508477869611,-0.05821647609811517,3.108624468950438e-14,dat+en zeig+en,3.591741582704836
-0.10559130006699391,-4.028657274031998,-0.24988246719086726,-0.012868793357571694,3.352873534367973e-14,Klima,13.233498239186428
-8.407698571898854,1.1281321234205688,-0.07760952025047603,-0.058562632622465915,3.019806626980426e-14,zeig+en klima,3.460583206010043
-8.484553678305556,1.175927959746538,-0.070794260267543,-0.05878067319478772,2.9531932455029164e-14,Hunger,3.3700918338012995
-8.484553678305556,1.175927959746538,-0.070794260267543,-0.05878067319478772,2.9531932455029164e-14,klima hunger,3.3700918338012995
-8.531753321575113,1.2052732485375461,-0.066448677171484,-0.05890462308831418,2.90878432451791e-14,hunger europa+s,3.3145221336726367
-8.580290966675783,1.2354432233614328,-0.06184542518352075,-0.05902316161778741,2.842170943040401e-14,Pestweg,3.257381199873897
-8.580290966675783,1.2354432233614328,-0.06184542518352075,-0.05902316161778741,2.842170943040401e-14,europa+s pest+weg,3.257381199873897
-8.623990799206007,1.2625991940914394,-0.05757871754115461,-0.05912134643716785,2.7977620220553945e-14,öffneten,3.205939457848971
-8.623990799206007,1.2625991940914394,-0.05757871754115461,-0.05912134643716785,2.7977620220553945e-14,pest+weg öffn+eten,3.205939457848971
-8.691021066527414,1.304238805079804,-0.050796262836029574,-0.0592543677623025,2.731148640577885e-14,der pest,3.12704205533688
-8.752298205481289,1.3422872157642796,-0.044328288775842495,-0.059354969115883754,2.6645352591003757e-14,verheerendsten,3.054925953519041
-8.752298205481289,1.3422872157642796,-0.044328288775842495,-0.059354969115883754,2.6645352591003757e-14,pest verheerend+st+en,3.054925953519041
-8.805141286224544,1.3750835099917162,-0.03853149877770889,-0.05942345867740964,2.5979218776228663e-14,Pandemien,2.9927441887718844
-8.805141286224544,1.3750835099917162,-0.03853149877770889,-0.05942345867740964,2.5979218776228663e-14,verheerend+st+en pandemie+n,2.9927441887718844
-8.848435592568936,1.4019416832976594,-0.03362203557192387,-0.0594655134328053,2.531308496145357e-14,pandemie+n menschheit+s+geschichte,2.9418052278598723
-8.909690093086045,1.4399212238293702,-0.02641453436154175,-0.05950087619140641,2.4646951146678475e-14,menschheit+s+geschichte sorg+te,2.86974604058358
-8.926328256039977,1.4502328225905403,-0.02440141456569348,-0.05950516829161265,2.4424906541753444e-14,insbesondere,2.8501755650215124
-8.926328256039977,1.4502328225905403,-0.02440141456569348,-0.05950516829161265,2.4424906541753444e-14,sorg+te insbesondere,2.8501755650215124
-8.961449250759767,1.4719923316762609,-0.020070817158115886,-0.059506165990869234,2.375877272697835e-14,insbesondere 14.,2.8088686447070317
-9.000498838171644,1.4961739909832137,-0.01512177521664769,-0.05949358161418661,2.3314683517128287e-14,tiefgreifende,2.7629476712263807
-9.000498838171644,1.4961739909832137,-0.01512177521664769,-0.05949358161418661,2.3314683517128287e-14,jahr+hundert tiefgreifend+e,2.7629476712263807
-9.025146073473932,1.511429995526049,-0.011922488331621621,-0.05947768280172665,2.2870594307278225e-14,demografische,2.733967157926524
-9.025146073473932,1.511429995526049,-0.011922488331621621,-0.05947768280172665,2.2870594307278225e-14,tiefgreifend+e demografisch+e,2.733967157926524
-9.054095545393547,1.5293416256592278,-0.008087239928694354,-0.05945061553845976,2.2426505097428162e-14,gesellschaftliche,2.6999320395021438
-9.054095545393547,1.5293416256592278,-0.008087239928694354,-0.05945061553845976,2.2426505097428162e-14,demografisch+e gesellschaftlich+e,2.6999320395021438
-9.0804005756808,1.5456097624804792,-0.00452730452977404,-0.059417700153145916,2.19824158875781e-14,Einschnitte,2.669009918329287
-9.0804005756808,1.5456097624804792,-0.00452730452977404,-0.059417700153145916,2.19824158875781e-14,gesellschaftlich+e einschnitt+e,2.669009918329287
-9.101873497564629,1.5588840335624898,-0.0015666532914801745,-0.05938462912753471,2.1538326677728037e-14,Rahmen,2.643771035580721
-9.118157283888047,1.5689469943025585,0.0007121702921323719,-0.05935565971237956,2.1316282072803006e-14,aktuel…,2.624633252353145
-9.118157283888047,1.5689469943025585,0.0007121702921323719,-0.05935565971237956,2.1316282072803006e-14,rahmen aktuel…,2.624633252353145
-9.128877879258972,1.5755703556383536,0.002228623558998555,-0.059334691008033236,2.1094237467877974e-14,+3208,2.6120346200373366
-9.128877879258972,1.5755703556383536,0.002228623558998555,-0.059334691008033236,2.1094237467877974e-14,aktuel… +3208,2.6120346200373366
-9.135790888458764,1.5798405960994926,0.0032133904231314847,-0.05932035151253583,2.1094237467877974e-14,+3208 char+s,2.6039109859368077
-4.77215798396889,-1.12505638570159,-0.01309342770118814,0.061230545805961156,-2.0761170560490427e-14,aus+ge+brech+en vulkan,7.737765953269621
-6.675629551010815,0.054501939230551244,0.01833243314828814,0.04533108777920815,-1.865174681370263e-14,verschluckt,5.498520739800831
-6.675629551010815,0.054501939230551244,0.01833243314828814,0.04533108777920815,-1.865174681370263e-14,vulkan verschluck+t,5.498520739800831
-7.612735217910432,0.6347331739459592,0.04179636192709178,0.03301813689702949,-1.687538997430238e-14,Kamera,4.396381456014982
-7.612735217910432,0.6347331739459592,0.04179636192709178,0.03301813689702949,-1.687538997430238e-14,verschluck+t kamera,4.396381456014982
-7.88160312791889,0.8010887383585499,0.0501484097980216,0.02851676738099343,-1.6209256159527285e-14,kamera der,4.080230475584151
-7.99097963332515,0.8689519400029049,0.05076570708527259,0.024928980816146782,-1.4988010832439613e-14,Explosion,3.951515227685344
-7.99097963332515,0.8689519400029049,0.05076570708527259,0.024928980816146782,-1.4988010832439613e-14,der explosion,3.951515227685344
-5.721738227582891,-0.5354119337622358,-0.028598058524221932,0.03979148451354441,-1.1102230246251565e-14,gewaltig,6.619995354366869
-8.170244554369583,0.982301063662615,0.0037134014487280875,-0.006406648250643621,1.7763568394002505e-15,explosion gewaltig,3.739360588668352
-8.012893497857695,0.8771463414509939,-0.166982251083359,-0.08651297756417899,5.062616992290714e-14,Lavamasse,3.9282291483400082
-8.012893497857695,0.8771463414509939,-0.166982251083359,-0.08651297756417899,5.062616992290714e-14,der lavamass+e,3.9282291483400082
-8.38138636250909,1.1132722550960978,-0.03201550016935018,-0.03395535869330897,1.5987211554602254e-14,verschlingt,3.4908472614585895
-8.38138636250909,1.1132722550960978,-0.03201550016935018,-0.03395535869330897,1.5987211554602254e-14,lavamass+e verschling+t,3.4908472614585895
-7.473932284409354,0.5507925314046158,-0.00490708572330667,0.013256694996581338,-4.3298697960381105e-15,sogar,4.5585052080820345
-8.554651980232862,1.2202769066743175,0.013290993823253633,-0.01872768168505862,5.10702591327572e-15,verschling+t sogar,3.287280772622103
-8.689090990208983,1.3027111790788426,0.03971191773739875,-0.01180412831860755,-4.440892098500626e-16,Livekameras,3.1296293950772593
-8.689090990208983,1.3027111790788426,0.03971191773739875,-0.01180412831860755,-4.440892098500626e-16,sogar live+kamera+s,3.1296293950772593
-8.801434372184398,1.3714950627187934,0.05741273321207249,-0.008657022728240284,-3.6637359812630166e-15,live+kamera+s ...,2.9979357953316175
-6.255801295233855,-0.20411090868562765,-0.030210277633659542,0.029494265490879232,-7.216449660063518e-15,+++McLaren-Fahrer,5.991523411072038
-8.822040485681146,1.3841099830281554,0.06032460070147036,-0.00829630656407265,-4.107825191113079e-15,... +++mclaren-fahr+er,2.973780729626938
-6.482501895544837,-0.06379271816123966,-0.01773479473987536,0.03122161054661625,-9.325873406851315e-15,Lando,5.724934211417304
-8.901556110442804,1.4327933858705089,0.07078178325926912,-0.007446876366984854,-5.662137425588298e-15,+++mclaren-fahr+er lando,2.880566784298526
-7.1117014503401075,0.32608201421252936,-0.003761867708279701,0.02380833696784315,-8.215650382226158e-15,Norris,4.984769053972528
-7.1117014503401075,0.32608201421252936,-0.003761867708279701,0.02380833696784315,-8.215650382226158e-15,lando norri+s,4.984769053972528
-7.213425765424809,0.388973919352277,0.0022686573787338987,0.024214946661961723,-9.103828801926284e-15,Formel-1-Weltmeister,4.865184668401889
-7.213425765424809,0.388973919352277,0.0022686573787338987,0.024214946661961723,-9.103828801926284e-15,norri+s formel+-+1+-+welt+meister,4.865184668401889
-7.360696338121801,0.48016096751482085,0.0068755538833284585,0.022531290945433578,-8.992806499463768e-15,+++mclaren-fahrer lando,4.691979373750847
-9.261002909889669,1.6529951776295748,0.10849240576330582,-0.011925593639068446,-8.43769498715119e-15,+378,2.459115785043594
-9.261002909889669,1.6529951776295748,0.10849240576330582,-0.011925593639068446,-8.43769498715119e-15,lando +378,2.459115785043594
-9.266129581400284,1.6561364324179497,0.10896719815891062,-0.012069938411152798,-8.43769498715119e-15,+378 chars,2.4531043915575013
-4.77215798396889,-1.12505638570159,-0.01309342770118814,0.061230545805961156,-2.0761170560490427e-14,Vulkanisches,7.737765953269621
-7.265459568415082,0.4197724617724923,0.0322001038438848,0.03810966556562343,-1.765254609153999e-14,Erbe,4.804780357916136
-7.265459568415082,0.4197724617724923,0.0322001038438848,0.03810966556562343,-1.765254609153999e-14,vulkanisch+es erbe,4.804780357916136
-5.014106961956521,-0.975084232962204,-0.00990325852073727,0.05963875250894622,-2.0539125955565396e-14,Lake,7.453114457155046
-7.657977150416576,0.6627304129343972,0.04314069459891698,0.03229815044721517,-1.6764367671839864e-14,erbe lake,4.343180568946109
-5.368803738063831,-0.7552406897792316,-0.004875283408307937,0.05712178782930169,-2.020605904817785e-14,Toba,7.035824768835642
-5.368803738063831,-0.7552406897792316,-0.004875283408307937,0.05712178782930169,-2.020605904817785e-14,lake toba,7.035824768835642
-8.048448126391776,0.9042803639154431,0.0558103534192273,0.025425539457616962,-1.5765166949677223e-14,Traumziel,3.8840661985898244
-8.048448126391776,0.9042803639154431,0.0558103534192273,0.025425539457616962,-1.5765166949677223e-14,toba traum+ziel,3.8840661985898244
-8.316670310268664,1.070092182644303,0.06581991415589775,0.019877071918561477,-1.4876988529977098e-14,dunkler,3.5687544706888525
-8.316670310268664,1.070092182644303,0.06581991415589775,0.019877071918561477,-1.4876988529977098e-14,traum+ziel dunkel+er,3.5687544706888525
-8.42543717949819,1.1372964709956266,0.07024399996423072,0.017389027653499922,-1.454392162258955e-14,Vergangenheit,3.4409111534635324
-8.42543717949819,1.1372964709956266,0.07024399996423072,0.017389027653499922,-1.454392162258955e-14,dunkel+er vergangenheit,3.4409111534635324
-8.57138967325253,1.2274393738465517,0.07656041098068847,0.013797067772631934,-1.3988810110276972e-14,vergangenheit von,3.2693809219139456
-8.605705258548657,1.2486263409477674,0.07811394466149385,0.012906280394638184,-1.3877787807814457e-14,von supervulka+n,3.22905546466447
-8.720431367301302,1.3194383538920231,0.08351378375100582,0.009786915103594876,-1.3322676295501878e-14,Tourismusziel,3.094248658331703
-8.720431367301302,1.3194383538920231,0.08351378375100582,0.009786915103594876,-1.3322676295501878e-14,supervulka+n tourismus+ziel,3.094248658331703
-8.804322771679582,1.3711951282323847,0.0876775362564371,0.007356565612468675,-1.2989609388114332e-14,tourismus+ziel der,2.995686368764523
-7.657977150416576,0.6627304129343972,0.04314069459891698,0.03229815044721517,-1.6764367671839864e-14,der lake,4.343180568946109
-8.868472011027457,1.4107571747910557,0.09099437368771318,0.00540458490740562,-1.2656542480726785e-14,toba steh+t,2.9203268671509766
-8.908020479298816,1.435140521526751,0.09310013865047104,0.004157857093692693,-1.2434497875801753e-14,Schönheit,2.8738709961131224
-8.908020479298816,1.435140521526751,0.09310013865047104,0.004157857093692693,-1.2434497875801753e-14,steh+t schönheit,2.8738709961131224
-8.956536667075778,1.4650451147671995,0.09575005646793139,0.0025806039231474932,-1.2101430968414206e-14,apokalyptische,2.816885375137587
-8.956536667075778,1.4650451147671995,0.09575005646793139,0.0025806039231474932,-1.2101430968414206e-14,schönheit apokalyptisch+e,2.816885375137587
-9.001460715641874,1.4927274862108686,0.09827222103788269,0.0010706372602245912,-1.1879386363489175e-14,Erdgeschichte,2.7641233973507826
-9.001460715641874,1.4927274862108686,0.09827222103788269,0.0010706372602245912,-1.1879386363489175e-14,apokalyptisch+e erd+geschichte,2.7641233973507826
-9.038166480885797,1.5153395871091717,0.1003840329275078,-0.00020030250334983346,-1.1657341758564144e-14,erd+geschichte zugleich,2.7210169083663587
-3.4668408485011337,-1.934989359979585,-0.1365898249036987,0.01564863828286071,1.021405182655144e-14,TTS-Player,9.273734032843578
-3.731372334833316,-1.7705899244618917,-0.1280231537229089,0.01709701052476556,8.659739592076221e-15,überspringenArtikel,8.962295633216566
-3.731372334833316,-1.7705899244618917,-0.1280231537229089,0.01709701052476556,8.659739592076221e-15,tts-player überspringenartikel,8.962295633216566
-9.124678077439434,1.568610254275207,0.10555383976843744,-0.0033375565855910116,-1.1102230246251565e-14,weiterlesenDer,2.619432420663404
-9.124678077439434,1.568610254275207,0.10555383976843744,-0.0033375565855910116,-1.1102230246251565e-14,überspringenartikel weiter+les+end+er,2.619432420663404
-9.15051989485871,1.5845157670481473,0.10715336386565488,-0.004315774101475295,-1.099120794378905e-14,weiter+les+end+er lake,2.5890919777517665
-9.178451545130834,1.6017037184953449,0.10891229676320613,-0.005395656309336482,-1.0769163338864018e-14,toba indonesisch+en,2.5562999961380766
-9.206198688763735,1.6187740117213216,0.1106914626814815,-0.0064924420083293174,-1.0658141036401503e-14,insel sumatra,2.5237268763503122
-9.226299657780483,1.6311376419705326,0.11200074463073806,-0.007302460973277334,-1.0436096431476471e-14,sumatra ort,2.500131262686781
-9.235738616410535,1.6369425253937078,0.11262159394813118,-0.007687427662591211,-1.0436096431476471e-14,Superlative,2.489051732905598
-9.235738616410535,1.6369425253937078,0.11262159394813118,-0.007687427662591211,-1.0436096431476471e-14,ort superlativ+e,2.489051732905598
-6.2144848068122345,-0.23413424105021896,-0.16091228607470645,-0.03388719431277777,3.086420008457935e-14,Gefahr,6.042250152108129
-9.25776146793364,1.6504843675103809,0.11408545659616143,-0.008597325528559723,-1.021405182655144e-14,superlativ+e gefahr,2.4632022322461844
-4.518499209877139,-1.2816689354952948,-0.10217071673576618,0.020721734105994066,4.218847493575595e-15,Wer,8.035731917036369
-9.270996451291431,1.658621150566269,0.11497567299319356,-0.009152182802643311,-1.0103029524088925e-14,wer heute,2.447668328080256
-9.286257119694728,1.6680019690248233,0.11601210374194904,-0.00979963037302584,-9.992007221626409e-15,Ufern,2.42975760886959
-9.286257119694728,1.6680019690248233,0.11601210374194904,-0.00979963037302584,-9.992007221626409e-15,heute ufer+n,2.42975760886959
-9.291711681911774,1.671354563691644,0.11638517381389896,-0.010033068303039568,-9.992007221626409e-15,ufer+n steh+t,2.4233560428516956
-9.297902955610066,1.675159740997186,0.11681032306094014,-0.010299342291337516,-9.992007221626409e-15,steh+t blick+t,2.4160899852365967
-9.310584083399853,1.6829528303674615,0.11768679137967089,-0.010849119493624364,-9.880984919163893e-15,Naturwunder,2.401207878783195
-9.310584083399853,1.6829528303674615,0.11768679137967089,-0.010849119493624364,-9.880984919163893e-15,blick+t natur+wunder,2.401207878783195
-9.32407112375222,1.6912400257296754,0.11862742431677747,-0.01144040531616743,-9.769962616701378e-15,+2341,2.3853806157802175
-9.32407112375222,1.6912400257296754,0.11862742431677747,-0.01144040531616743,-9.769962616701378e-15,natur+wunder +2341,2.3853806157802175
-9.328624776918746,1.6940377711720687,0.11894700577107856,-0.01164159336933707,-9.769962616701378e-15,+2341 chars,2.380036978911134
-9.277805726429394,1.6628070297989157,0.11543679747960373,-0.009440048550878644,-1.0103029524088925e-14,Römisches,2.4396765084450145
-9.268011938540191,1.6567863847738935,0.11477423167376269,-0.009026526639746558,-1.021405182655144e-14,Reich,2.451171200635698
-9.268011938540191,1.6567863847738935,0.11477423167376269,-0.009026526639746558,-1.021405182655144e-14,römisch+es reich,2.451171200635698
-9.26088667717523,1.6524058223915543,0.11429494883979976,-0.008727794767256197,-1.021405182655144e-14,reich als,2.459534120687145
-8.490704415621831,1.177612359017004,0.07301218106079077,0.015820677667960453,-1.432187701766452e-14,als vesuv,3.3642029111312732
-6.012824022086758,-0.3561323984594851,0.005508253294351381,0.05188567443357031,-1.9539925233402755e-14,vesuv aus+brech,6.278189496621583
-9.226299657780483,1.6311376419705326,0.11200074463073806,-0.007302460973277334,-1.0436096431476471e-14,pompejanische,2.500131262686781
-9.226299657780483,1.6311376419705326,0.11200074463073806,-0.007302460973277334,-1.0436096431476471e-14,aus+brech pompejanisch+e,2.500131262686781
-9.20880641481632,1.6203780907976284,0.11086033935267459,-0.006596783245148459,-1.0547118733938987e-14,Bauarbeiter,2.5206657151732808
-9.20880641481632,1.6203780907976284,0.11086033935267459,-0.006596783245148459,-1.0547118733938987e-14,pompejanisch+e bau+arbeiter,2.5206657151732808
-9.184258010564026,1.6052762541298162,0.10928195199881807,-0.0056231621526138705,-1.0769163338864018e-14,Mörtelmix,2.5494834411737775
-9.184258010564026,1.6052762541298162,0.10928195199881807,-0.0056231621526138705,-1.0769163338864018e-14,bau+arbeiter mörtel+mix,2.5494834411737775
-9.169479821553054,1.5961833460038368,0.1083438629134231,-0.005046190870971468,-1.0880185641326534e-14,mörtel+mix schon,2.5668326285413543
-9.160176313208597,1.5904583765372073,0.10775787803884923,-0.0046864157410954725,-1.0880185641326534e-14,schon vor+bereit+et,2.5777550140900467
-9.094035046359846,1.5497453727586792,0.10369072973668494,-0.0022026643085935847,-1.1324274851176597e-14,fror,2.6554122069370933
-9.094035046359846,1.5497453727586792,0.10369072973668494,-0.0022026643085935847,-1.1324274851176597e-14,aus+brech frier,2.6554122069370933
-9.066353427714416,1.5326998384938486,0.10203808235775422,-0.001200018944753297,-1.1546319456101628e-14,Baustelle,2.687916900260066
-9.066353427714416,1.5326998384938486,0.10203808235775422,-0.001200018944753297,-1.1546319456101628e-14,frier bau+stelle,2.687916900260066
-9.025568413980858,1.50757935686222,0.09965392498497633,0.00023978312012512895,-1.176836406102666e-14,bau+stelle zeit,2.735811465412895
-4.834362198523107,-1.087647644893416,-0.14173994601865805,-0.002385671912332882,1.7319479184152442e-14,Nun,7.664981934031797
-8.987193573775096,1.4839368923534328,0.09746390020533041,0.001555497923632937,-1.199040866595169e-14,verriet,2.780879258851598
-8.987193573775096,1.4839368923534328,0.09746390020533041,0.001555497923632937,-1.199040866595169e-14,nun verrat,2.780879258851598
-8.929698001677277,1.448503279398781,0.09427488743795925,0.003459792214122074,-1.2323475573339238e-14,verrat forscher+team,2.848408651894422
-8.823848941033361,1.38323870546175,0.08867454147188195,0.006771323439981845,-1.2878587085651816e-14,Trick,2.972747166893121
-8.823848941033361,1.38323870546175,0.08867454147188195,0.006771323439981845,-1.2878587085651816e-14,forscher+team trick,2.972747166893121
-8.77295062272774,1.351842554542897,0.08609807280340995,0.008281090467027723,-1.3100631690576847e-14,Römer,3.0325435107075913
-8.77295062272774,1.351842554542897,0.08609807280340995,0.008281090467027723,-1.3100631690576847e-14,trick römer,3.0325435107075913
-8.701231990464194,1.3075904341582716,0.08258716965137614,0.010324781648997998,-1.3433698597964394e-14,Beton,3.1168071883305704
-8.701231990464194,1.3075904341582716,0.08258716965137614,0.010324781648997998,-1.3433698597964394e-14,römer beton,3.1168071883305704
-8.659851882653097,1.282051383696247,0.08062192957360109,0.01146197619561527,-1.354472090042691e-14,selbstheilende,3.1654291037838744
-8.659851882653097,1.282051383696247,0.08062192957360109,0.01146197619561527,-1.354472090042691e-14,beton selbst+heil+end+e,3.1654291037838744
-8.534185589407219,1.2044658819248837,0.07490645967074835,0.014742220318462073,-1.4099832412739488e-14,Kräfte,3.3131024737639194
-8.534185589407219,1.2044658819248837,0.07490645967074835,0.014742220318462073,-1.4099832412739488e-14,selbst+heil+end+e kraft+e,3.3131024737639194
-8.460766150244371,1.1591204363062386,0.07173142694520179,0.01654742639937534,-1.4432899320127035e-14,verliehen,3.3993885982544656
-8.460766150244371,1.1591204363062386,0.07173142694520179,0.01654742639937534,-1.4432899320127035e-14,kraft+e verleih+en,3.3993885982544656
-8.117496421325036,0.9469754525724068,0.05827399289309537,0.024070009093052288,-1.554312234475219e-14,Methode,3.8028900024162433
-8.117496421325036,0.9469754525724068,0.05827399289309537,0.024070009093052288,-1.554312234475219e-14,bei methode,3.8028900024162433
-7.740769941269884,0.713960503801446,0.045662820479310376,0.030942726514325412,-1.6542323066914832e-14,ungelöschter,4.245825604508112
-7.740769941269884,0.713960503801446,0.045662820479310376,0.030942726514325412,-1.6542323066914832e-14,methode un+ge+lösch+t+er,4.245825604508112
-6.915571134011701,0.20311457055793047,0.023650643073551372,0.04257946700896248,-1.8207657603852567e-14,Kalk,5.216296630910588
-6.915571134011701,0.20311457055793047,0.023650643073551372,0.04257946700896248,-1.8207657603852567e-14,un+ge+lösch+t+er kalk,5.216296630910588
-0.16265188472068992,-3.9826656469935826,-0.06852784200989218,0.07187519499291667,-1.8318679906315083e-14,Vulkanasche,13.161059342979318
-4.77215798396889,-1.12505638570159,-0.01309342770118814,0.061230545805961156,-2.0761170560490427e-14,kalk vulkan+asche,7.737765953269621
-7.4579739468490915,0.538948534344946,0.03736828480793611,0.035377820108505036,-1.7208456881689926e-14,Wasser,4.578375627082935
-7.4579739468490915,0.538948534344946,0.03736828480793611,0.035377820108505036,-1.7208456881689926e-14,vulkan+asche wasser,4.578375627082935
-7.778791537975856,0.7374850797613539,0.04684892430380801,0.030303171987625027,-1.6431300764452317e-14,vermengt,4.201117744430448
-7.778791537975856,0.7374850797613539,0.04684892430380801,0.030303171987625027,-1.6431300764452317e-14,wasser vermeng+t,4.201117744430448
-8.252295870318486,1.0303068995338474,0.06330592882762748,0.021280983613907994,-1.509903313490213e-14,reaktive,3.644424933745377
-8.252295870318486,1.0303068995338474,0.06330592882762748,0.021280983613907994,-1.509903313490213e-14,der reaktiv+e,3.644424933745377
9.493374082261496,-9.97074485692642,-0.07703456285597271,0.09403361472616836,-2.5646151868841116e-14,Material,24.52304253419428
-8.387350934241326,1.1137664712816888,0.0686687071735553,0.01827753263061028,-1.4654943925052066e-14,reaktiv+e material,3.4856758917671686
-8.553173852599958,1.2161915165645052,0.07574671907981931,0.014262465276961945,-1.3988810110276972e-14,Branntkalk,3.290787599023269
-8.553173852599958,1.2161915165645052,0.07574671907981931,0.014262465276961945,-1.3988810110276972e-14,material branntkalk,3.290787599023269
-8.645078331622384,1.272932319638931,0.07993061222488312,0.011860867978215051,-1.3655743202889425e-14,genannt,3.1827887321846973
-8.645078331622384,1.272932319638931,0.07993061222488312,0.011860867978215051,-1.3655743202889425e-14,branntkalk ge+nenn+t,3.1827887321846973
-8.778365329208619,1.3551829461494767,0.08636873831767317,0.00812288600481851,-1.3100631690576847e-14,gebranntem,3.026181998348279
-8.778365329208619,1.3551829461494767,0.08636873831767317,0.00812288600481851,-1.3100631690576847e-14,ge+nenn+t ge+brenn+t+em,3.026181998348279
-8.83323188985059,1.389025594242306,0.08915751168394434,0.006487357158518482,-1.27675647831893e-14,Kalkstein,2.9617243855328956
-8.83323188985059,1.389025594242306,0.08915751168394434,0.006487357158518482,-1.27675647831893e-14,ge+brenn+t+em kalkstein,2.9617243855328956
-8.876755218242927,1.4158645839430102,0.0914314780937836,0.00514627548989904,-1.2545520178264269e-14,hergestellt,2.910596694769112
-8.876755218242927,1.4158645839430102,0.0914314780937836,0.00514627548989904,-1.2545520178264269e-14,kalkstein her+ge+stell+t,2.910596694769112
-8.943395129292158,1.4569457549365188,0.09502484177390744,0.003013189503375674,-1.2212453270876722e-14,setzt,2.8323205436804693
-8.943395129292158,1.4569457549365188,0.09502484177390744,0.003013189503375674,-1.2212453270876722e-14,her+ge+stell+t setz+t,2.8323205436804693
-8.97830644783747,1.4784607402034737,0.09696386054354889,0.0018549972642442313,-1.199040866595169e-14,hefti…,2.7913168570375038
-8.97830644783747,1.4784607402034737,0.09696386054354889,0.0018549972642442313,-1.199040866595169e-14,setz+t hefti…,2.7913168570375038
-9.001460715641874,1.4927274862108686,0.09827222103788269,0.0010706372602245912,-1.1879386363489175e-14,+3377,2.7641233973507826
-9.001460715641874,1.4927274862108686,0.09827222103788269,0.0010706372602245912,-1.1879386363489175e-14,hefti… +3377,2.7641233973507826
-9.017745019854305,1.5027599168056305,0.09920333019271299,0.0005110233565002766,-1.176836406102666e-14,+3377 char+s,2.74499906518594
-9.09797277911088,1.55647304123511,-0.0021081968658498984,-0.05939106419536305,2.1760371282653068e-14,Minuten,2.6483556625241365
-9.09797277911088,1.55647304123511,-0.0021081968658498984,-0.05939106419536305,2.1760371282653068e-14,video minute+n,2.6483556625241365
-9.087291668139738,1.549870294409904,-0.0035825996121093273,-0.05940770889136028,2.1760371282653068e-14,Gameplay,2.660909952689138
-9.087291668139738,1.549870294409904,-0.0035825996121093273,-0.05940770889136028,2.1760371282653068e-14,minute+n gameplay,2.660909952689138
-8.267033877853777,1.0406193465687692,-0.08931455218252563,-0.058120424827910716,3.1308289294429414e-14,Into,3.626225187107446
-9.069009532384571,1.5385659477297424,-0.0060778152659479445,-0.059432956815185456,2.220446049250313e-14,gameplay into,2.682399848280178
-8.253175365358974,1.0319954596782694,-0.09041774166412206,-0.0580743147456832,3.1530333899354446e-14,the,3.642545644095694
-8.253175365358974,1.0319954596782694,-0.09041774166412206,-0.0580743147456832,3.1530333899354446e-14,into the,3.642545644095694
-8.241827268982275,1.0249335246257665,-0.09131474796377805,-0.05803625820196305,3.1530333899354446e-14,Fire,3.6559098475290868
-8.241827268982275,1.0249335246257665,-0.09131474796377805,-0.05803625820196305,3.1530333899354446e-14,the fire,3.6559098475290868
-9.041581515898192,1.52159994503138,-0.009755556174685612,-0.05946346112486099,2.2648549702353193e-14,fire seh+en,2.714643899555126
-9.025146073473932,1.511429995526049,-0.011922488331621621,-0.05947768280172665,2.2870594307278225e-14,Missionen,2.733967157926524
-9.025146073473932,1.511429995526049,-0.011922488331621621,-0.05947768280172665,2.2870594307278225e-14,seh+en mission+en,2.733967157926524
-8.994946030430867,1.492736187265741,-0.01583436729672142,-0.059496293625358396,2.3314683517128287e-14,Survival-Extraction-Spiel,2.769477143740604
-8.994946030430867,1.492736187265741,-0.01583436729672142,-0.059496293625358396,2.3314683517128287e-14,mission+en survival-extraction-spiel,2.769477143740604
-8.926328256039977,1.4502328225905403,-0.02440141456569348,-0.05950516829161265,2.4424906541753444e-14,Survivalspiel,2.8501755650215124
-8.926328256039977,1.4502328225905403,-0.02440141456569348,-0.05950516829161265,2.4424906541753444e-14,survival-extraction-spiel survivalspiel,2.8501755650215124
-9.069009532384571,1.5385659477297424,-0.0060778152659479445,-0.059432956815185456,2.220446049250313e-14,survivalspiel into,2.682399848280178
-8.854213680125122,1.405525325102245,-0.03295548459384709,-0.05947009863061152,2.531308496145357e-14,fire geh+t,2.9350073582116787
-8.176262990777193,0.9841289846638586,-0.09638841083943277,-0.05781146181532086,3.219646771412954e-14,wenig,3.7331245118048986
-8.83051441539767,1.3908254208433815,-0.03567226053309553,-0.059449725987137075,2.55351295663786e-14,geh+t wenig,2.962890067007519
-5.957677189134038,-0.38982063115223253,-0.10811547838444076,-0.003436159174864506,1.3766765505351941e-14,überraschend,6.3426292563137014
-8.811652325907886,1.3791234264101067,-0.03780258254888237,-0.0594306257819225,2.5757174171303632e-14,wenig überrasch+end,2.985083076069125
-6.837257472597361,0.1561688528245191,-0.041492905587599986,0.049085615801816085,-1.2989609388114332e-14,direkt,5.307462599419559
-8.767129757997637,1.3514937085442467,-0.04272234256768387,-0.05937599081978469,2.6423307986078726e-14,überrasch+end direkt,3.0374724655419074
-4.069841799720238,-1.559440752841995,-0.07681930460752154,0.03821495508351414,-4.9960036108132044e-15,Feuer,8.563451796726852
-8.724884789566001,1.3252677866313631,-0.0472545992526667,-0.05931262033927262,2.6867397195928788e-14,direkt feuer,3.087187149694242
-6.324317347274439,-0.1614016937462699,-0.051796922416349776,0.017405565907288017,-3.3306690738754696e-16,Wir,5.91075309168269
-8.602693813732833,1.2493656748084427,-0.0596729098744933,-0.059074557946115644,2.8199664825478976e-14,Feuerwehrmann,3.231008957296754
-8.602693813732833,1.2493656748084427,-0.0596729098744933,-0.059074557946115644,2.8199664825478976e-14,wir feuer+wehr+mann,3.231008957296754
-8.424079041107714,1.13832030000764,-0.0761830954676659,-0.05861066313020079,2.9976021664879227e-14,Katastrophenhelfer,3.441295677130061
-8.424079041107714,1.13832030000764,-0.0761830954676659,-0.05861066313020079,2.9976021664879227e-14,feuer+wehr+mann katastrophe+n+helfer,3.441295677130061
-8.181285107250755,0.9872547620412675,-0.09600619937508494,-0.0578289615593604,3.197442310920451e-14,Schutzanzug,3.727209868590682
-8.181285107250755,0.9872547620412675,-0.09600619937508494,-0.0578289615593604,3.197442310920451e-14,mit schutz+anzug,3.727209868590682
-7.929853727970836,0.8307290422379596,-0.11394513990970487,-0.05690795979460371,3.375077994860476e-14,Wasserkanone,4.023345757307164
-7.929853727970836,0.8307290422379596,-0.11394513990970487,-0.05690795979460371,3.375077994860476e-14,schutz+anzug wasser+kanone,4.023345757307164
-7.613646807416256,0.633817219853837,-0.13353076290823593,-0.055668704308070235,3.574918139293004e-14,retten,4.395812028685129
-7.613646807416256,0.633817219853837,-0.13353076290823593,-0.055668704308070235,3.574918139293004e-14,wasser+kanone rett+en,4.395812028685129
-3.6824105817455504,-1.8128947058551925,-0.25560705596053157,-0.04251532523701175,4.5075054799781356e-14,rett+en vulkan+ausbruch,9.025995065839378
-6.859255803688668,0.16398957327937058,-0.17058440891363758,-0.052653699479934646,3.885780586188048e-14,verwüsteten,5.284466230688716
-6.859255803688668,0.16398957327937058,-0.17058440891363758,-0.052653699479934646,3.885780586188048e-14,vulkan+ausbruch verwüst+et+en,5.284466230688716
-7.47972981094531,0.5504140675765345,-0.14099626214076116,-0.05513184007752049,3.6415315207705135e-14,verwüst+et+en insel,4.5535617426248605
-7.672576721707662,0.6705175496037254,-0.13009942439499572,-0.05590350819978415,3.530509218307998e-14,insel mensch+en,4.326395416223146
-7.967544383465031,0.8541966295183787,-0.11140257771800188,-0.057050912304326254,3.352873534367973e-14,Tiere,3.9789514710656255
-7.967544383465031,0.8541966295183787,-0.11140257771800188,-0.057050912304326254,3.352873534367973e-14,mensch+en tier+e,3.9789514710656255
-5.011412201179646,-0.9780306846501796,-0.14331713986064287,-0.005554003816237711,1.865174681370263e-14,Für,7.456744722906377
-8.11346172092424,0.9450385966877346,-0.10108131833864917,-0.0575890736665398,3.26405569239796e-14,tier+e für,3.8070883774558153
-7.4566596971974235,0.5354894302653217,-0.1486105738724666,-0.05817881566456057,3.8413716652030416e-14,Weiterentwicklung,4.581020817904564
-7.4566596971974235,0.5354894302653217,-0.1486105738724666,-0.05817881566456057,3.8413716652030416e-14,für weiter+entwicklung,4.581020817904564
-7.7363238616823935,0.7110512032857219,-0.11466524381438398,-0.05037240378773149,3.1530333899354446e-14,Finanzierung,4.250883910789863
-7.7363238616823935,0.7110512032857219,-0.11466524381438398,-0.05037240378773149,3.1530333899354446e-14,weiter+entwicklung finanzierung,4.250883910789863
-7.916366243301285,0.8236081667703923,-0.09427953586674229,-0.04654383919172769,2.7755575615628914e-14,Angebotes,4.038591864221909
-7.916366243301285,0.8236081667703923,-0.09427953586674229,-0.04654383919172769,2.7755575615628914e-14,finanzierung angebot+es,4.038591864221909
-7.98514339806037,0.8665295540115481,-0.08663459214722856,-0.04526652685014551,2.6423307986078726e-14,erheben,3.9575350522891353
-7.98514339806037,0.8665295540115481,-0.08663459214722856,-0.04526652685014551,2.6423307986078726e-14,angebot+es erheb+en,3.9575350522891353
-8.057519579423632,0.9116554408412085,-0.07863697332139401,-0.04402102947037541,2.5091040356528538e-14,verarbeiten,3.872258492105254
-8.057519579423632,0.9116554408412085,-0.07863697332139401,-0.04402102947037541,2.5091040356528538e-14,erheb+en verarbeit+en,3.872258492105254
-8.19090548417242,0.9947139301076131,-0.06396238285017634,-0.04197667243772418,2.2648549702353193e-14,255,3.7151539110131546
-8.19090548417242,0.9947139301076131,-0.06396238285017634,-0.04197667243772418,2.2648549702353193e-14,verarbeit+en 255,3.7151539110131546
-8.207986301642329,1.0053403411311421,-0.06208538317749926,-0.04173785091782119,2.220446049250313e-14,Partner,3.695040904718332
-8.207986301642329,1.0053403411311421,-0.06208538317749926,-0.04173785091782119,2.220446049250313e-14,255 partner,3.695040904718332
-8.240473261968765,1.0255453225933566,-0.05851507979316063,-0.04129794182220339,2.1760371282653068e-14,personenbezogene,3.6567900183765274
-8.240473261968765,1.0255453225933566,-0.05851507979316063,-0.04129794182220339,2.1760371282653068e-14,partner personenbezogen+e,3.6567900183765274
-8.303051193275977,1.064443151788702,-0.05163325262907276,-0.040503677756057316,2.0650148258027912e-14,personenbezogen+e dat+en,3.583120959986499
-8.336362619751513,1.0851374715301332,-0.047965592027303744,-0.04010963932892224,1.9984014443252818e-14,Identifikationsmerkmale,3.543911727826512
-8.336362619751513,1.0851374715301332,-0.047965592027303744,-0.04010963932892224,1.9984014443252818e-14,dat+en identifikation+s+merk+mal+e,3.543911727826512
-8.421318412341506,1.1378784430707602,-0.03859037755533799,-0.03919692851839239,1.865174681370263e-14,Gerätekennungen,3.4439339555576414
-8.421318412341506,1.1378784430707602,-0.03859037755533799,-0.03919692851839239,1.865174681370263e-14,identifikation+s+merk+mal+e gerät+e+kennung+en,3.4439339555576414
-8.474184225067091,1.1706711306729825,-0.032735823125503855,-0.03869745142230947,1.7763568394002505e-14,IP-Adresse…,3.381734489202406
-8.474184225067091,1.1706711306729825,-0.032735823125503855,-0.03869745142230947,1.7763568394002505e-14,gerät+e+kennung+en ip-adresse…,3.381734489202406
-8.503985074567026,1.1891475747437759,-0.029426926023782843,-0.03843966596584375,1.7319479184152442e-14,+830,3.3466769849338105
-8.503985074567026,1.1891475747437759,-0.029426926023782843,-0.03843966596584375,1.7319479184152442e-14,ip-adresse… +830,3.3466769849338105
-8.514921345969185,1.1959263946294523,-0.028210895794667686,-0.03834943224324601,1.709743457922741e-14,+830 chars,3.3338125037278283
101.63182347165294,-67.10087886839901,0.03511049208711836,0.05573219885361429,-2.886579864025407e-14,Ätna,132.93590736867344
34.27117413992558,-25.335869269226862,-0.08732029065420091,0.10458148639410779,-2.930988785010413e-14,vulkan ätna,53.678166435457584
6.278335529359502,-7.977249889790521,-0.07652275285604175,0.09427211154883812,-2.5757174171303632e-14,ätna spuck+t,20.740129832142802
12.485203867227202,-11.825969860672448,-0.07933169087317271,0.09570909973222069,-2.6201263381153694e-14,glühendes,28.04338535122229
-1.1772552411848878,-3.35388099508681,-0.04543131975505425,0.0772767640762627,-2.2870594307278225e-14,spuck+t glüh+end+es,11.967457044998243
8.394857198429268,-9.28955279125838,-0.07574434604273582,0.0932152996718228,-2.55351295663786e-14,glüh+end+es material,23.230468740790172
-4.093200646066648,-1.545944213662326,-0.021152485640808377,0.06523751318459793,-2.1316282072803006e-14,leichter,8.53657608049367
-4.093200646066648,-1.545944213662326,-0.021152485640808377,0.06523751318459793,-2.1316282072803006e-14,material leicht+er,8.53657608049367
3.1440953781482985,-6.03255454655133,-0.032960355991876536,0.057418480900237504,-1.7319479184152442e-14,Ascheregen,17.05171107439773
-4.429790568449978,-1.3372851106611736,-0.0173110707155769,0.06332978852900907,-2.098321516541546e-14,leicht+er asche+regen,8.140566221025498
-6.490952933164772,-0.05989761778724789,0.014502646400469402,0.04729992427131486,-1.887379141862766e-14,asche+regen auf,5.7157503358195925
35.47922193030827,-26.08339518494319,-0.07844929971966041,0.07295127984354462,-1.8984813721090177e-14,Sizilien,55.098826640690376
-3.6741896811064114,-1.8057112710890313,-0.02555938903930352,0.06742238551630414,-2.1538326677728037e-14,auf sizilien,9.029565125220188
8.550722734896542,-9.384289826877499,-0.05218803135493494,0.03486935371751464,-7.216449660063518e-15,rumort,23.41294556866708
-2.181538213954063,-2.7311692216459824,-0.03853970641419001,0.07385173485433014,-2.2426505097428162e-14,sizilien rumor+t,10.785800889535098
1.3702785500885888,-4.932978890595017,-0.06764360822831175,0.06706312295261084,-1.6764367671839864e-14,spuck+t asche,14.964660035596994
-2.436245625740664,-2.5732411633234906,-0.036581408826385456,0.07288096597846663,-2.2315482794965646e-14,asche glüh+end+es,10.486110904677258
-4.166161355862088,-1.5021938170308347,-0.017194342981580374,0.09431882406813177,-3.219646771412954e-14,Zivilschutz,8.451500422758158
-4.166161355862088,-1.5021938170308347,-0.017194342981580374,0.09431882406813177,-3.219646771412954e-14,der zivil+schutz,8.451500422758158
4.227579524238594,-6.708317795023461,-0.06325333493671939,0.13755827298273765,-4.2743586448068527e-14,erhöhte,18.32853683808451
-4.464542390843398,-1.3227797689235552,-0.007149216006963624,0.15941571491630382,-5.684341886080802e-14,zivil+schutz erhöh+te,8.103340208819567
-4.5329865611538835,-1.28849530059574,-0.0008417962910834548,0.2223415653336386,-8.038014698286133e-14,kurzzeitig,8.027072194766257
-4.5329865611538835,-1.28849530059574,-0.0008417962910834548,0.2223415653336386,-8.038014698286133e-14,erhöh+te kurzzeitig,8.027072194766257
-3.7167368246478762,-1.8788368327890317,0.005127062630113116,0.5455811955239421,-1.9773072068574038e-13,kurzzeitig warn+stufe,9.031664659703052
-5.198977297458268,-0.8822983947970275,0.01137247693928721,0.2586647231571803,-9.481304630298837e-14,noch geb+t,7.247003670906402
-6.619763496300804,0.009238041541879127,0.030763739193762935,0.17542433429577664,-6.705747068735946e-14,gravierenden,5.5697864657363505
-6.619763496300804,0.009238041541879127,0.030763739193762935,0.17542433429577664,-6.705747068735946e-14,geb+t gravierend+en,5.5697864657363505
-6.562667317449411,-0.02045095589464463,0.024465194633234474,0.12402275185160079,-4.773959005888173e-14,gravierend+en folge+n,5.6339803062612
-8.117496421325036,0.9469754525724068,0.05827399289309537,0.024070009093052288,-1.554312234475219e-14,hin+zu+füg+en auf,3.8028900024162433
-8.698363180947592,1.2989459288627514,0.09501593895273389,0.11350298346592663,-5.206945985491984e-14,kei…,3.1237529959823784
-8.698363180947592,1.2989459288627514,0.09501593895273389,0.11350298346592663,-5.206945985491984e-14,geb+t kei…,3.1237529959823784
-8.745239396098361,1.32930020448978,0.09570657054113088,0.09782846066593988,-4.651834473179406e-14,+1123,3.0679302226859173
-8.745239396098361,1.32930020448978,0.09570657054113088,0.09782846066593988,-4.651834473179406e-14,kei… +1123,3.0679302226859173
-8.785165253933979,1.3549155582626013,0.09645911222474549,0.08579236341658923,-4.2299497238218464e-14,+1123 chars,3.0205092818087094
-8.285455890211207,1.05080163717803,0.06459156604726088,0.020563918216668222,-1.4988010832439613e-14,asche+regen hier,3.6054457168722367
3.9753311227603163,-6.548978828372929,-0.06716260132044784,0.08837211177377356,-2.453592884421596e-14,thema vulkan,18.030215396791643
-7.88160312791889,0.8010887383585499,0.0501484097980216,0.02851676738099343,-1.6209256159527285e-14,sie ätna,4.080230475584151
6.680284486483352,-8.22750835723258,-0.06918289693378041,0.11448401918513017,-3.3861802251067274e-14,der ätna,21.213617619102067
18.52646985546161,-15.572513288417372,-0.08269185632518167,0.10520723222852359,-2.942091015256665e-14,italienischen,35.152047869675805
15.216790341948336,-13.520152369186853,-0.08217684005006244,0.10336352623963874,-2.864375403532904e-14,ätna italienisch+en,31.25768243992369
10.939727488003019,-10.86780895830176,-0.08350116029770369,0.09747548562750154,-2.6201263381153694e-14,Mittelmeerinsel,26.224982378330836
10.939727488003019,-10.86780895830176,-0.08350116029770369,0.09747548562750154,-2.6201263381153694e-14,italienisch+en mittelmeer+insel,26.224982378330836
7.261177441104248,-8.585034031924517,-0.058561693668766505,0.04941950912237726,-1.1657341758564144e-14,mittelmeer+insel sizilien,21.895778761877292
-5.012646992174627,-0.975989171934553,-0.00992306592666542,0.05964864743956089,-2.0539125955565396e-14,sizilien zeig+t,7.454832088889904
-4.055015122321982,-1.5696168624129654,-0.021570646710696438,0.06544497813313103,-2.1316282072803006e-14,zeig+t erhöh+t+e,8.581503071045761
-1.535800255066734,-3.1315599574036326,-0.043112078174923095,0.07612216623194434,-2.275957200481571e-14,erhöh+t+e aktivität,11.545585069823069
-2.489290201008009,-2.5403518551066973,-0.036161663649843384,0.07267297671634358,-2.2315482794965646e-14,vulkan glüh+end+es,10.423698583029365
-4.955883451599519,-1.0111733783368653,-0.010687814559288952,0.06003056814803688,-2.0539125955565396e-14,geringe,7.521613645592263
-4.955883451599519,-1.0111733783368653,-0.010687814559288952,0.06003056814803688,-2.0539125955565396e-14,material gering+e,7.521613645592263
-5.359588869372247,-0.7609518712202021,-0.005011589036718098,0.0571901654949237,-2.020605904817785e-14,Mengen,7.046665624953638
-5.359588869372247,-0.7609518712202021,-0.005011589036718098,0.0571901654949237,-2.020605904817785e-14,gering+e menge+n,7.046665624953638
-5.776195558210465,-0.5027638833791794,0.0014853180904367824,0.053921039734843676,-1.9761969838327786e-14,menge+n asche,6.556556839613842
-5.958228406965312,-0.3899624297397306,0.004556841646401147,0.052367853952758656,-1.9539925233402755e-14,asche aus+ge+stoß+en,6.342414534239504
-2.585392334751969,-2.48124936366785,-0.13337833465685828,0.03173949212682456,3.9968028886505635e-15,teilte,10.31071842823543
-6.279384928318452,-0.19097031828882693,0.010368855225799598,0.04941387711198395,-1.9206858326015208e-14,aus+ge+stoß+en teil+te,5.964619980001112
-1.4411103301749488,-3.1898458882675196,-0.10055713708494149,0.04904568836838108,-6.217248937900877e-15,nationale,11.656682992033476
-3.963706853875614,-1.6253258143558633,-0.08510685692574552,0.03534064694270768,-2.9976021664879227e-15,teil+te national+e,8.68835933992826
-0.8370908514376403,-3.564340038774279,-0.09367768110050738,0.056081344425459506,-9.658940314238862e-15,italienische,12.367383515021265
-1.4894463331387442,-3.1597229137098988,-0.08470066128487229,0.05632902808500467,-1.0769163338864018e-14,national+e italienisch+e,11.599754814534354
-8.837833119386826,1.3918632757706075,0.0893952811417098,0.006347447399026165,-1.27675647831893e-14,+939,2.9563190690358936
-8.837833119386826,1.3918632757706075,0.0893952811417098,0.006347447399026165,-1.27675647831893e-14,italienisch+e +939,2.9563190690358936
-8.859986758318879,1.405524941499856,0.0905487366376928,0.005667678825272901,-1.2656542480726785e-14,+939 chars,2.9302945130264844
-8.837833119386826,1.3918632757706075,0.0893952811417098,0.006347447399026165,-1.27675647831893e-14,+993,2.9563190690358936
-8.837833119386826,1.3918632757706075,0.0893952811417098,0.006347447399026165,-1.27675647831893e-14,italienisch+e +993,2.9563190690358936
-8.859986758318879,1.405524941499856,0.0905487366376928,0.005667678825272901,-1.2656542480726785e-14,+993 chars,2.9302945130264844
-8.637491015728607,1.268248784356762,0.07957763906539417,0.012064306442273022,-1.3655743202889425e-14,asche+regen sizilien,3.191704311026951
-5.687735796853979,-0.5574790903749398,-0.04117342976053297,0.0782875618863536,-2.353672812205332e-14,sizilien ätna,6.6604710970643195
-8.117496421325036,0.9469754525724068,0.05827399289309537,0.024070009093052288,-1.554312234475219e-14,material auf,3.8028900024162433
-8.837833119386826,1.3918632757706075,0.0893952811417098,0.006347447399026165,-1.27675647831893e-14,+900,2.9563190690358936
-8.837833119386826,1.3918632757706075,0.0893952811417098,0.006347447399026165,-1.27675647831893e-14,italienisch+e +900,2.9563190690358936
-8.859986758318879,1.405524941499856,0.0905487366376928,0.005667678825272901,-1.2656542480726785e-14,+900 chars,2.9302945130264844
-8.613876275834777,1.25367083153272,0.07848791418369816,0.012691408649838035,-1.3766765505351941e-14,passenden,3.2194536447148314
-8.613876275834777,1.25367083153272,0.07848791418369816,0.012691408649838035,-1.3766765505351941e-14,der pass+end+en,3.2194536447148314
-8.524384261285878,1.1984130463717724,0.074475864296487,0.01498774474348697,-1.4210854715202004e-14,Anlaufstellen,3.3246211015332787
-8.524384261285878,1.1984130463717724,0.074475864296487,0.01498774474348697,-1.4210854715202004e-14,pass+end+en anlauf+stelle+n,3.3246211015332787
-8.252295870318486,1.0303068995338474,0.06330592882762748,0.021280983613907994,-1.509903313490213e-14,Eifel,3.644424933745377
-8.252295870318486,1.0303068995338474,0.06330592882762748,0.021280983613907994,-1.509903313490213e-14,anlauf+stelle+n eifel,3.644424933745377
-7.942227544975561,0.8385881080085045,0.052160044344289516,0.027422262626314038,-1.609823385706477e-14,Reisemobil,4.008950511104029
-7.942227544975561,0.8385881080085045,0.052160044344289516,0.027422262626314038,-1.609823385706477e-14,eifel reise+mobil,4.008950511104029
-7.513099774965935,0.5730691697807755,0.0389162031328117,0.03455499091478455,-1.709743457922741e-14,Wälder,4.513548219235972
-7.513099774965935,0.5730691697807755,0.0389162031328117,0.03455499091478455,-1.709743457922741e-14,reise+mobil wald+er,4.513548219235972
-6.915571134011701,0.20311457055793047,0.023650643073551372,0.04257946700896248,-1.8207657603852567e-14,Wein,5.216296630910588
-6.915571134011701,0.20311457055793047,0.023650643073551372,0.04257946700896248,-1.8207657603852567e-14,wald+er wein,5.216296630910588
-4.77215798396889,-1.12505638570159,-0.01309342770118814,0.061230545805961156,-2.0761170560490427e-14,wein vulkan+e,7.737765953269621
-5.828608848555213,-0.4702838071520645,0.0023542459986233694,0.053482173149340714,-1.9761969838327786e-14,vulkan+e der,6.494897715743545
-7.265459568415082,0.4197724617724923,0.0322001038438848,0.03810966556562343,-1.765254609153999e-14,idyllische,4.804780357916136
-7.265459568415082,0.4197724617724923,0.0322001038438848,0.03810966556562343,-1.765254609153999e-14,der idyllisch+e,4.804780357916136
-7.8148282517517,0.7597802173750892,0.04798985339304532,0.029686674134527666,-1.6431300764452317e-14,Naturregion,4.158744573334073
-7.8148282517517,0.7597802173750892,0.04798985339304532,0.029686674134527666,-1.6431300764452317e-14,idyllisch+e natur+region,4.158744573334073
-8.138825120615206,0.9601624210152799,0.05905015645654327,0.023641607827983725,-1.554312234475219e-14,westlich,3.7778157963506116
-8.138825120615206,0.9601624210152799,0.05905015645654327,0.023641607827983725,-1.554312234475219e-14,natur+region westlich,3.7778157963506116
-8.360242081931219,1.0970167120973016,0.0675648116271923,0.01889844939085233,-1.4765966227514582e-14,Bonn,3.51753926015698
-8.360242081931219,1.0970167120973016,0.0675648116271923,0.01889844939085233,-1.4765966227514582e-14,westlich bonn,3.51753926015698
-8.42543717949819,1.1372964709956266,0.07024399996423072,0.017389027653499922,-1.454392162258955e-14,zählt,3.4409111534635324
-8.42543717949819,1.1372964709956266,0.07024399996423072,0.017389027653499922,-1.454392162258955e-14,bonn zähl+t,3.4409111534635324
-8.562374982738662,1.22187310268627,0.07615678968225742,0.0140280222053327,-1.3988810110276972e-14,beliebtesten,3.279974658356722
-8.562374982738662,1.22187310268627,0.07615678968225742,0.0140280222053327,-1.3988810110276972e-14,zähl+t belieb+t+est+en,3.279974658356722
-8.667045947370397,1.2864917578104655,0.0809605152900304,0.011266395252022878,-1.354472090042691e-14,Urlaubszielen,3.1569758472171086
-8.667045947370397,1.2864917578104655,0.0809605152900304,0.011266395252022878,-1.354472090042691e-14,belieb+t+est+en urlaub+s+ziel+en,3.1569758472171086
-8.778365329208619,1.3551829461494767,0.08636873831767317,0.00812288600481851,-1.3100631690576847e-14,Deutschen,3.026181998348279
-8.778365329208619,1.3551829461494767,0.08636873831767317,0.00812288600481851,-1.3100631690576847e-14,urlaub+s+ziel+en deutsch+en,3.026181998348279
-2.2114912029821507,-2.717428001200116,-0.1963887634085799,-0.0017268791251899979,2.3314683517128287e-14,Gut,10.752850403931438
-7.497955551555929,0.5636957520124497,0.03848779710683817,0.03478293676472837,-1.709743457922741e-14,vier,4.531357537738481
-8.922628548229952,1.4441456186189157,0.09389015392467873,0.0036886124483280006,-1.2323475573339238e-14,gut vier,2.856712304171416
-8.94002445355482,1.4548682425910466,0.09483973076189453,0.0031234941473411992,-1.2212453270876722e-14,vier jahr+e,2.8362795712203877
-6.07000085530778,-0.3211083883195269,-0.12586114315635913,-0.014134591721624939,1.9761969838327786e-14,verheerenden,6.210931265528473
-8.084308291736098,0.9293969729822606,-0.023555098810083684,-0.017019236547234712,8.881784197001252e-15,jahr+e verheerend+en,3.840229765297294
-9.022983305469424,1.5059868829033305,0.09950479729480866,0.00032958279281081887,-1.176836406102666e-14,Ahrflut,2.738847336979098
-9.022983305469424,1.5059868829033305,0.09950479729480866,0.00032958279281081887,-1.176836406102666e-14,verheerend+en ahrflut,2.738847336979098
-9.061842951516528,1.5299220875030834,0.10177147245634066,-0.0010386235949750092,-1.1546319456101628e-14,ahrflut region,2.693213435079287
-9.094035046359846,1.5497453727586792,0.10369072973668494,-0.0022026643085935847,-1.1324274851176597e-14,urlaubsreif,2.6554122069370933
-9.094035046359846,1.5497453727586792,0.10369072973668494,-0.0022026643085935847,-1.1324274851176597e-14,region urlaub+s+reif,2.6554122069370933
-7.984182614962677,0.8645369620542049,0.05358225943604039,0.02664595493652075,-1.5987211554602254e-14,Zwar,3.9596226939939543
-9.130053889222125,1.5719193149525732,0.10588442188869684,-0.003539434755640874,-1.1102230246251565e-14,läuft,2.61312062047067
-9.130053889222125,1.5719193149525732,0.10588442188869684,-0.003539434755640874,-1.1102230246251565e-14,zwar lauf+t,2.61312062047067
-9.140487500865522,1.578341275495447,0.10652926138587623,-0.003933664259443633,-1.1102230246251565e-14,überall,2.600870625250085
-9.140487500865522,1.578341275495447,0.10652926138587623,-0.003933664259443633,-1.1102230246251565e-14,lauf+t überall,2.600870625250085
-9.16795282544296,1.59524373088551,0.10824744306676254,-0.00498695881378286,-1.0880185641326534e-14,Wiederaufbau,2.5686253159689674
-9.16795282544296,1.59524373088551,0.10824744306676254,-0.00498695881378286,-1.0880185641326534e-14,überall wiederaufbau,2.5686253159689674
-9.195475643291093,1.6121775955633588,0.11000006718170607,-0.00606568635912649,-1.0658141036401503e-14,längst,2.5363146765244937
-9.195475643291093,1.6121775955633588,0.11000006718170607,-0.00606568635912649,-1.0658141036401503e-14,wiederaufbau längst,2.5363146765244937
-9.215203657879202,1.6243130374902182,0.11127585585367922,-0.006853686381506251,-1.0547118733938987e-14,Tal,2.5131561984072244
-9.215203657879202,1.6243130374902182,0.11127585585367922,-0.006853686381506251,-1.0547118733938987e-14,längst tal,2.5131561984072244
-9.220199966135187,1.6273861080377443,0.1116016003014412,-0.007055259342510504,-1.0547118733938987e-14,tal zurück,2.507291281341928
-9.23803930155577,1.6383573497397055,0.1127735141148011,-0.007781712790328601,-1.0436096431476471e-14,touristischen,2.486351211949936
-9.23803930155577,1.6383573497397055,0.1127735141148011,-0.007781712790328601,-1.0436096431476471e-14,zurück touristisch+en,2.486351211949936
-9.253525285188648,1.6478797649072314,0.11380219513487522,-0.008421015189286302,-1.0325074129013956e-14,Land…,2.4681743637365567
-9.253525285188648,1.6478797649072314,0.11380219513487522,-0.008421015189286302,-1.0325074129013956e-14,touristisch+en land…,2.4681743637365567
-9.26088667717523,1.6524058223915543,0.11429494883979976,-0.008727794767256197,-1.021405182655144e-14,+44898,2.459534120687145
-9.26088667717523,1.6524058223915543,0.11429494883979976,-0.008727794767256197,-1.021405182655144e-14,land… +44898,2.459534120687145
-9.268011938540191,1.6567863847738935,0.11477423167376269,-0.009026526639746558,-1.021405182655144e-14,+44898 chars,2.451171200635698
-0.7903632202223019,-3.5949831494756936,-0.14829573659677392,0.03043220902562803,5.995204332975845e-15,vulkan lavafontänen,12.42315664418415
-0.21043732527753356,-3.961610096748999,-0.07202547653741051,0.19333124419409933,-6.17284001691587e-14,lavafontänen ätna,13.109260504360977
0.5028007752786916,-4.43852967754567,-0.044925135156661244,0.38189747012101594,-1.3300471835009375e-13,ätna warn+stufe,13.966671133526592
1.2157919153656778,-4.84354394512034,-0.06411102167339108,0.16856247452147685,-5.3734794391857577e-14,erhöht,14.786171438563072
1.2157919153656778,-4.84354394512034,-0.06411102167339108,0.16856247452147685,-5.3734794391857577e-14,warn+stufe erhöh+t,14.786171438563072
-8.181301413776543,0.9831652734438541,0.0644924974343323,0.08664920399761658,-3.885780586188048e-14,erhöh+t hier,3.729560899135363
-7.4851561264526705,0.555749664533892,-0.11940672302634456,-0.037280508771352194,2.731148640577885e-14,sie lavafontänen,4.546167725966317
1.1425958389972326,-4.839978541254865,-0.4449645712851892,-0.0936363045226912,8.548717289613705e-14,sizilien aus+ge+brech+en,14.721529054952011
-1.9686991046213862,-2.8700287177442827,-0.2175294441380451,-0.009746033296706837,2.864375403532904e-14,gebe,11.039575533994245
-0.5815828789735491,-3.730620664253905,-0.2247556373779958,-0.003990104877542564,2.731148640577885e-14,Dutzende,12.671947988374514
-2.2299957448520242,-2.708703042805523,-0.22317607551554697,-0.014350249550512544,3.108624468950438e-14,geb+e dutzend+e,10.732482845352518
-2.365830939035371,-2.6292785888342007,-0.26077021649698223,-0.03280504821247386,4.218847493575595e-14,dutzend+e meter,10.57512472720364
-5.355726927412865,-0.7672372415331634,-0.17594094424100665,-0.02622015409469378,2.9976021664879227e-14,Gipfelkratern,7.0529874166347
-5.355726927412865,-0.7672372415331634,-0.17594094424100665,-0.02622015409469378,2.9976021664879227e-14,lavafontäne+n gipfel+krater+n,7.0529874166347
-6.865091644953847,0.17199750720538542,-0.11373600037693196,-0.02500542937165046,2.220446049250313e-14,gipfel+krater+n teil+te,5.275377344615972
-0.6176638864021431,-3.700387362019582,-0.07810923943075081,0.0648043818133107,-1.454392162258955e-14,Institut,12.625587307520046
-3.823954551312694,-1.7119215784455482,-0.06769870513346919,0.045272521305116026,-8.659739592076221e-15,italienisch+e institut,8.852792348782017
-9.030497502478319,1.513661385543708,0.05381489319046506,-0.024819929916061623,2.6645352591003757e-15,+1978,2.7283461703007785
-9.030497502478319,1.513661385543708,0.05381489319046506,-0.024819929916061623,2.6645352591003757e-15,institut +1978,2.7283461703007785
-9.04635063286378,1.5233220075240503,0.05726711197519929,-0.024038410875330905,1.9984014443252818e-15,+1978 chars,2.7097881553593544
19.298672723925176,-16.065757608607537,0.2571671788438069,-0.1796805455409213,3.352873534367973e-14,Catania,36.069107463561856
-7.3347620639660605,0.46267717363314453,0.03401951980407161,0.03715060236172002,-1.7430501486614958e-14,erhöh+t catania,4.723276138161061
-6.165822257992101,-0.26133166682757913,0.008253025451009005,0.05049162715068081,-1.9317880628477724e-14,catania der,6.098208267627087
-8.537418412304625,1.2098861702207253,-0.0046530205943738495,-0.0272342858725626,1.0436096431476471e-14,lavafontäne+n kopier+e,3.3073741000087113
-2.1565648730520124,-2.7478410092552132,0.06213237513574085,-0.03235271354982239,4.218847493575595e-15,ätna rumor+t,10.816078926737624
-1.780200574501725,-2.9831120643802875,-0.1766250873073438,0.010711951539118377,1.6431300764452317e-14,spuck+t lava,11.259433444091092
-2.766576081208642,-2.368508450466076,-0.12235514755860935,0.030265416416437853,3.1086244689504383e-15,lava asche,10.097344988071349
-4.674138188954252,-1.1850393596257898,-0.08912538209036824,0.05033739941034303,-7.882583474838611e-15,Experten,7.852541036382981
-6.270122993903738,-0.19660445463660103,-0.016313147502053413,0.06960618849707034,-2.3314683517128287e-14,der experte+n,5.975394991509808
-6.03263977240472,-0.3477922686407777,0.01292221322181654,0.11662648887732048,-4.374278717023117e-14,erhöhten,6.256922776862954
-6.03263977240472,-0.3477922686407777,0.01292221322181654,0.11662648887732048,-4.374278717023117e-14,experte+n erhöh+ten,6.256922776862954
-4.592624711845088,-1.2575895607290497,0.0027600704710567386,0.2590047711297852,-9.403589018575076e-14,erhöh+ten warn+stufe,7.960081787832243
-8.09536017225567,0.9332885143630394,0.05747609399968656,0.024509732697224094,-1.5654144647214707e-14,Mittelmeeri…,3.828913949264684
-8.09536017225567,0.9332885143630394,0.05747609399968656,0.024509732697224094,-1.5654144647214707e-14,italienisch+en mittelmeeri…,3.828913949264684
-7.542275641631384,0.591126860695979,0.03974840882947733,0.0341117124521931,-1.6986412276764895e-14,+2088,4.479238245686934
-8.346124170102616,1.088293132865995,0.06699551458804717,0.01921812003419609,-1.4765966227514582e-14,mittelmeeri… +2088,3.534133554707018
-8.42543717949819,1.1372964709956266,0.07024399996423072,0.017389027653499922,-1.454392162258955e-14,+2088 char+s,3.4409111534635324
-8.310282840232631,1.0458004395511484,0.08727381211485719,0.21879858070367175,-8.926193117986259e-14,Rote,3.586886975640195
-4.378877020962098,-1.498916144702347,0.014123729992423298,0.6180519798918372,-2.2493118478905672e-13,Warnung,8.268683365198395
-4.908856962862779,-1.1208875746543288,0.019056006391948543,0.4866897316247394,-1.780797731498751e-13,rot+e warnung,7.619155752675956
-8.260714856356355,1.027977417694817,0.07619204187945239,0.1282936583857742,-5.5289106626332796e-14,warnung sizilien,3.6384478292372155
-7.997601005766216,0.8728356656673522,0.05404245571016572,0.026394311735095873,-1.587618925213974e-14,Asche-Wolken,3.943846548360928
-7.997601005766216,0.8728356656673522,0.05404245571016572,0.026394311735095873,-1.587618925213974e-14,spuck+t asche+-+wolke+n,3.943846548360928
-7.265459568415082,0.4197724617724923,0.0322001038438848,0.03810966556562343,-1.765254609153999e-14,asche+-+wolke+n der,4.804780357916136
3.023423333664029,-5.958694483945033,-0.06436987894750733,0.08689423185142466,-2.4313884239290928e-14,aktivste,16.910150949295346
-4.263867098928673,-1.440143196780419,-0.019240411028148115,0.06428838236686406,-2.120525977034049e-14,der aktiv+st+e,8.33578022604515
12.163827912715938,-11.626686536639815,-0.07915962814248635,0.09556301820684618,-2.609024107869118e-14,aktiv+st+e vulkan,27.665238004352172
9.01336323232298,-9.673089672252953,-0.07650412457092767,0.09369122490307306,-2.5646151868841116e-14,vulkan europa+s,23.958236149025712
-6.1313123377262375,-0.2837415991139891,0.010159233167758047,0.0732227965248082,-2.7755575615628914e-14,europa+s ätna,6.139334861168213
-6.675629551010815,0.0545019392305508,0.01833243314828796,0.04533108777920826,-1.865174681370263e-14,Rauch,5.498520739800832
-6.675629551010815,0.0545019392305508,0.01833243314828796,0.04533108777920826,-1.865174681370263e-14,spuck+t rauch,5.498520739800832
-6.588923893442256,0.00028333269337244005,0.017925324795564176,0.05850634634645262,-2.3314683517128287e-14,rauch asche,5.600771909530494
-5.71023965554677,-0.5452183923285836,-0.06501122346018129,0.1178405357705782,-3.5083047578154947e-14,geben,6.634810926471532
-7.104716564926681,0.30915874271808796,0.04245743372293358,0.17394212939337889,-6.783462680459706e-14,behörde+n geb+en,4.99960825765122
-6.938616547897287,0.18421994810859488,0.04872145338201202,0.3020734413630414,-1.1479706074624119e-13,rote,5.206535134533638
-6.938616547897287,0.18421994810859488,0.04872145338201202,0.3020734413630414,-1.1479706074624119e-13,geb+en rot+e,5.206535134533638
-6.877618778208929,0.17122714203249467,0.03478250223630025,0.15413349096078285,-5.984102102729594e-14,warnung flug+verkehr,5.265299254377446
-2.6323063247207887,-2.4509623084274303,-0.08428993187971758,0.048168390291859375,-7.771561172376096e-15,anzeige+n der,10.254970238140814
-5.950548773680539,-0.39369289352603154,-0.10198077347122456,0.0339484558770011,-4.440892098500626e-16,Quelle,6.3507140850399
-8.835250742845673,1.3865118438839499,0.09806214955379763,0.07595511236373848,-3.885780586188048e-14,Reuters28.12.2025,2.961302196523561
-8.835250742845673,1.3865118438839499,0.09806214955379763,0.07595511236373848,-3.885780586188048e-14,quelle reuters28.12.2025,2.961302196523561
-8.9247225580354,1.443046193787534,0.10059328865950598,0.054539617680642846,-3.141931159689193e-14,10:30,2.8554896301755717
-8.9247225580354,1.443046193787534,0.10059328865950598,0.054539617680642846,-3.141931159689193e-14,reuters28.12.2025 10:30,2.8554896301755717
-8.946868073666,1.4569487784519113,0.101335003825859,0.0499488657428315,-2.986499936241671e-14,10:30 uhr,2.829346944636051
-7.889103571252367,0.8041924534534259,0.054441098703994606,0.06181607368971888,-2.8754776337791554e-14,erhöh+t der,4.07220558326432
-9.030497502478319,1.513661385543708,0.05381489319046506,-0.024819929916061623,2.6645352591003757e-15,+2036,2.7283461703007785
-9.030497502478319,1.513661385543708,0.05381489319046506,-0.024819929916061623,2.6645352591003757e-15,institut +2036,2.7283461703007785
-9.04635063286378,1.5233220075240503,0.05726711197519929,-0.024038410875330905,1.9984014443252818e-15,+2036 chars,2.7097881553593544
-6.802826850761445,0.13328736928860696,0.021100944384115902,0.04390130361535322,-1.84297022087776e-14,erhöh+t nan,5.3489069002359715
-6.165822257992101,-0.26133166682757913,0.008253025451009005,0.05049162715068081,-1.9317880628477724e-14,nan der,6.098208267627087
-9.030497502478319,1.513661385543708,0.05381489319046506,-0.024819929916061623,2.6645352591003757e-15,+677,2.7283461703007785
-9.030497502478319,1.513661385543708,0.05381489319046506,-0.024819929916061623,2.6645352591003757e-15,institut +677,2.7283461703007785
-9.043774469898244,1.5217523413005278,0.05671295589053171,-0.024161156906134986,1.9984014443252818e-15,+677 chars,2.7128037705174
-7.263436558925663,0.41914554248028546,-0.10364973967108859,-0.03033330433050348,2.3092638912203256e-14,spuck+t lavafontäne+n,4.806614998432822
-6.522048576338446,-0.03889058324709449,-0.03655547588507079,0.020971837914019926,-3.4416913763379853e-15,lavafontäne+n asche,5.678172294019265
-8.195293888929987,0.9967781584177766,0.0331191892288482,0.007835071714855178,-6.772360450213455e-15,asche der,3.7104895463556193
-0.7288794653290438,-3.6311862070607197,-0.0857408878466655,0.048205781221732705,-7.66053886991358e-15,ätna sizilien,12.494597090161301
-6.322589625595149,-0.16291150691596945,-0.007409139671450654,0.010320931948591622,-2.9976021664879227e-15,sizilien spuck+t,5.913107748284412
-3.5145449292644777,-1.90443557705381,-0.10399740648671489,0.0029490194110176372,1.0880185641326534e-14,meterhohe,9.21716211171267
-7.517351208043948,0.5747301038667789,-0.06980959519265917,-0.08605437954411163,3.907985046680551e-14,asche meterhohe+e,4.508933225122284
-1.655578124919554,-3.0691499198737326,-0.24411214421781788,-0.048894682029752556,4.596323321948148e-14,meterhohe+e lavafontäne+n,11.41059774342076
-7.477305002463957,0.5517275066111513,-0.0072040466011771415,-0.06158240208298399,2.3092638912203256e-14,laut behörde+n,4.555193501199563
-7.608373860953103,0.6282179387034348,0.11053293204150971,-0.06557045650787453,1.0658141036401503e-14,behörde+n aktivität,4.403722476271497
-7.636108833736352,0.6397040173525292,0.1737415304603109,-0.07442591232406089,6.439293542825908e-15,aktivität derzeit,4.374226317601271
-7.62519442040078,0.6200756907050442,0.26919561467776243,-0.09457227341604338,2.4424906541753444e-15,derzeit auswirkung+en,4.394043818522684
2.590115235536029,-5.705945943732964,0.24144422634853227,-0.09485221291006038,5.551115123125783e-15,Betrieb,16.40941599063896
-7.427345253403553,0.4486700070305911,0.4798750268490025,-0.16421667280674096,3.1086244689504383e-15,auswirkung+en betrieb,4.6529716180912395
-6.807191798563967,-0.0821184242344235,0.7955921069570784,-0.3326295043834493,2.6867397195928788e-14,Flughafens,5.460460192928145
-6.807191798563967,-0.0821184242344235,0.7955921069570784,-0.3326295043834493,2.6867397195928788e-14,betrieb flug+hafen+s,5.460460192928145
-7.284613108595227,0.34425571578997083,0.5323671674270742,-0.05146563886319591,-4.3853809472693683e-14,flug+hafen+s catania,4.829322966227149
-8.342202023418125,1.0053337290626798,0.377630676605911,0.241976752780912,-1.3156142841808105e-13,der warn+stufe,3.581627259828199
-8.779131039872652,1.3271652966956304,0.2956477164819167,0.031667233842715026,-4.6074255521943996e-14,Luftfahrt,3.0406828589033394
-8.779131039872652,1.3271652966956304,0.2956477164819167,0.031667233842715026,-4.6074255521943996e-14,warn+stufe luft+fahrt,3.0406828589033394
-8.852357858498197,1.3798514934547816,0.26365906217450497,0.006522520758819789,-3.319566843629218e-14,luft+fahrt werd+e,2.9506405556069177
-6.969655565978779,0.23379010570054204,0.05374607044085994,0.07093989103659522,-3.197442310920451e-14,angehoben,5.154204593247613
-8.905165462414695,1.4178880726855951,0.23469914263588884,-0.009585638874502225,-2.398081733190338e-14,werd+e an+ge+heb+en,2.885671595686853
-8.95913447355294,1.457289143534691,0.19461112599281585,-0.026620134638153912,-1.3211653993039363e-14,28.12.2025,2.81897569046761
-8.95913447355294,1.457289143534691,0.19461112599281585,-0.026620134638153912,-1.3211653993039363e-14,stand 28.12.2025,2.81897569046761
-8.978938616291025,1.472355467344887,0.17178727304178806,-0.03514574045094192,-7.438494264988549e-15,11:54,2.794166913360174
-8.978938616291025,1.472355467344887,0.17178727304178806,-0.03514574045094192,-7.438494264988549e-15,28.12.2025 11:54,2.794166913360174
-8.986127361822884,1.4781798674571276,0.1591869272027624,-0.03976001344408009,-4.3298697960381105e-15,11:54 uhr,2.7849669425029355
-9.067639646214422,1.4764914880135214,0.41348764421521955,-0.24130566467694267,3.863576125695545e-14,Warn…,2.7172103340672207
-9.067639646214422,1.4764914880135214,0.41348764421521955,-0.24130566467694267,3.863576125695545e-14,der warn…,2.7172103340672207
-9.102907909262342,1.5078386314500434,0.3820964070988716,-0.21749198622065566,3.375077994860476e-14,+1770,2.670640626656211
-9.102907909262342,1.5078386314500434,0.3820964070988716,-0.21749198622065566,3.375077994860476e-14,warn… +1770,2.670640626656211
-9.127242837319638,1.528792609632542,0.3609488803014833,-0.2013480196990229,3.042011087472929e-14,+1770 char+s,2.6388648385732703
-8.634969107445436,1.270282583558252,-0.009111408478258254,-0.034556809590414045,1.354472090042691e-14,Antike,3.1926369384100792
-8.588938553421514,1.2418034905178383,-0.010756240864826946,-0.033016899584433435,1.3100631690576847e-14,antike der,3.2467608339953404
-4.298000077188013,-1.4276825098905026,-0.22587345470218426,-0.035537806756919726,3.907985046680551e-14,letzten,8.29987446301171
-8.563837157885635,1.2262717161196268,-0.011602033866270824,-0.03217706967300185,1.2878587085651816e-14,der letzt+en,3.2762766068815363
-8.508675772706818,1.1921364072116285,-0.013345216468665898,-0.030334805801114802,1.2434497875801753e-14,letzt+en tag+e,3.341140882666173
-8.436974605337026,1.1477590601421963,-0.01539917005877247,-0.027954435801551335,1.176836406102666e-14,tag+e pompeji,3.4254582854857003
-4.4225823409584875,-1.3408164793719801,-0.049587656712993956,0.04750475666091282,-1.1546319456101628e-14,Neue,8.148501915315542
-6.80962476026018,0.13649217758237064,-0.13250583970692797,-0.03289403618118082,2.731148640577885e-14,pompeji neu+e,5.341197024282145
2.531411882367749,-5.655992312359286,-0.17057713516591097,0.035239405939820355,6.661338147750939e-15,Erkenntnisse,16.332315102315334
2.531411882367749,-5.655992312359286,-0.17057713516591097,0.035239405939820355,6.661338147750939e-15,neu+e erkenntnis+se,16.332315102315334
-8.135012790909371,0.9607989673219008,-0.02211755220519729,-0.01829243474702817,9.103828801926284e-15,ermöglichen,3.780592704687628
-8.135012790909371,0.9607989673219008,-0.02211755220519729,-0.01829243474702817,9.103828801926284e-15,erkenntnis+se ermöglich+en,3.780592704687628
-7.742826439121771,0.7178512737126956,-0.028110671910600966,-0.007003058591307471,5.773159728050814e-15,Blick,4.241911338339227
-7.742826439121771,0.7178512737126956,-0.028110671910600966,-0.007003058591307471,5.773159728050814e-15,ermöglich+en blick,4.241911338339227
-8.508675772706818,1.1921364072116285,-0.013345216468665898,-0.030334805801114802,1.2434497875801753e-14,blick tag+e,3.341140882666173
-4.607029525712278,-1.2263613425065771,-0.053670947885719134,0.043272895908419845,-9.547918011776346e-15,tag+e vulkan+katastrophe,7.931424305440826
-8.436974605337026,1.1477590601421963,-0.01539917005877247,-0.027954435801551335,1.176836406102666e-14,vulkan+katastrophe pompeji,3.4254582854857003
-7.847445649129337,0.7826293874913883,-0.041188782867421225,-0.017235431163522327,1.0880185641326534e-14,pompeji jahr,4.11884311331148
-8.181023175576897,0.9890312625154449,-0.04836491606625461,-0.03361073808269878,1.7763568394002505e-14,wild,3.726571651642101
-8.181023175576897,0.9890312625154449,-0.04836491606625461,-0.03361073808269878,1.7763568394002505e-14,chr. wild,3.726571651642101
-8.27574568114979,1.0475230906351893,-0.05284218197881144,-0.0399237081612642,2.0650148258027912e-14,unbeschwert,3.615241033780268
-8.27574568114979,1.0475230906351893,-0.05284218197881144,-0.0399237081612642,2.0650148258027912e-14,wild un+beschwer+t,3.615241033780268
-8.42256639717165,1.137859775199627,-0.06561345070512484,-0.053133105746246426,2.6867397195928788e-14,un+beschwer+t leben,3.4428405705714114
-8.462763631680371,1.1623783749558856,-0.07275859407198738,-0.05872079487608482,2.9753977059954195e-14,Fuß,3.395747175321892
-8.462763631680371,1.1623783749558856,-0.07275859407198738,-0.05872079487608482,2.9753977059954195e-14,leben fuß,3.395747175321892
-7.779702659368378,0.737138181891217,-0.12483983326378822,-0.05693650167291879,3.5083047578154947e-14,Vesuvs,4.200254885297366
-8.399299228626123,1.1229077319969392,-0.07833559887548126,-0.05853769640450171,3.019806626980426e-14,fuß vesuv+s,3.4704733283374085
-6.930815335265216,0.2085532286716738,-0.16753158992788786,-0.05293522216349786,3.863576125695545e-14,hin+zu+füg+en stunde+n,5.200171506615716
-3.6824105817455504,-1.8128947058551925,-0.25560705596053157,-0.04251532523701175,4.5075054799781356e-14,stunde+n vulkan+ausbruch,9.025995065839378
-7.172300962243576,0.35894539421019855,-0.1565842568605803,-0.05389594943767484,3.774758283725532e-14,der tag,4.915707045041602
-7.643704529868853,0.652536653821437,-0.1317921980018511,-0.05578861342244637,3.552713678800501e-14,Inferno,4.360405394545712
-7.643704529868853,0.652536653821437,-0.1317921980018511,-0.05578861342244637,3.552713678800501e-14,tag inferno,4.360405394545712
-7.8471709053619145,0.779244362678472,-0.1193579365977682,-0.05658993264791723,3.441691376337985e-14,beginnt,4.120736545216802
-7.8471709053619145,0.779244362678472,-0.1193579365977682,-0.05658993264791723,3.441691376337985e-14,inferno beginn+t,4.120736545216802
-8.127679553290616,0.9538888497364579,-0.10003270083457255,-0.057639973266427544,3.241851231905457e-14,Duft,3.7903431509975114
-8.127679553290616,0.9538888497364579,-0.10003270083457255,-0.057639973266427544,3.241851231905457e-14,beginn+t duft,3.7903431509975114
-8.241827268982275,1.0249335246257665,-0.09131474796377805,-0.05803625820196305,3.1530333899354446e-14,frisch,3.6559098475290868
-8.241827268982275,1.0249335246257665,-0.09131474796377805,-0.05803625820196305,3.1530333899354446e-14,duft frisch,3.6559098475290868
-8.316638049244117,1.0714843609548748,-0.08529443371785414,-0.05828198337954754,3.108624468950438e-14,gebackenem,3.567810471524893
-8.316638049244117,1.0714843609548748,-0.08529443371785414,-0.05828198337954754,3.108624468950438e-14,frisch ge+back+en+em,3.567810471524893
-8.415957200192583,1.1332688301170564,-0.07689208320533829,-0.05858694881624367,3.019806626980426e-14,Brot,3.4508588648046166
-8.415957200192583,1.1332688301170564,-0.07689208320533829,-0.05858694881624367,3.019806626980426e-14,ge+back+en+em brot,3.4508588648046166
-0.6623718663886411,-3.6731712237224214,-0.11927981817205133,0.044898083374170464,-2.55351295663786e-15,ersten,12.573182964674595
-8.518754415885086,1.1971921347715888,-0.06765806462147961,-0.058871304028856,2.90878432451791e-14,als erst+en,3.329825805636587
-8.562703269963738,1.2245119747753952,-0.06352959063758161,-0.05898131296580861,2.864375403532904e-14,Sonnenstrahlen,3.2780858120194534
-8.562703269963738,1.2245119747753952,-0.06352959063758161,-0.05898131296580861,2.864375403532904e-14,erst+en sonne+n+strahl+en,3.2780858120194534
-7.6425007822840545,0.6543130639569936,-0.12253530419136265,-0.005926245236754422,1.6431300764452317e-14,di…,4.360475724121459
-8.66831064534843,1.2901330326489284,-0.053127467027625844,-0.059211832451460666,2.7533531010703882e-14,sonne+n+strahl+en di…,3.153772003833537
-8.691021066527414,1.304238805079804,-0.050796262836029574,-0.0592543677623025,2.731148640577885e-14,+743,3.12704205533688
-8.691021066527414,1.304238805079804,-0.050796262836029574,-0.0592543677623025,2.731148640577885e-14,di… +743,3.12704205533688
-8.712521365244875,1.3175908547571726,-0.04855688101185582,-0.059292092607874866,2.708944180085382e-14,+743 chars,3.1017375758165215
-0.5746684178233767,-3.7283991105531205,-0.14167838977661348,0.03480165355499585,3.774758283725532e-15,sorgt,12.676787623608236
-8.086809391608767,0.9308897307830777,-0.013833315596329304,-0.012126963951746058,5.995204332975845e-15,ätna sorg+t,3.837332881188895
-7.621989519149549,0.6392541187631426,-0.12999035605162507,-0.05418516648561163,3.4638958368304884e-14,sorg+t lavafontäne+n,4.385862452005795
-5.909639610428961,-0.420070982530675,0.0037220498310518435,0.05279050416463207,-1.965094753586527e-14,Spektakel,6.399573647443677
-7.3347620639660605,0.46267717363314453,0.03401951980407161,0.03715060236172002,-1.7430501486614958e-14,lavafontäne+n spektakel,4.723276138161061
-6.165822257992101,-0.26133166682757913,0.008253025451009005,0.05049162715068081,-1.9317880628477724e-14,spektakel der,6.098208267627087
-8.09536017225567,0.9332885143630394,0.05747609399968656,0.024509732697224094,-1.5654144647214707e-14,Mittelmeer-Insel,3.828913949264684
-8.09536017225567,0.9332885143630394,0.05747609399968656,0.024509732697224094,-1.5654144647214707e-14,italienisch+en mittelmeer+-+insel,3.828913949264684
-8.29919036474914,1.0617522786690463,0.020221936424216116,-0.0032426239470650896,-1.2212453270876722e-15,mittelmeer+-+insel sizilien,3.587933226532759
-8.361430756483143,1.0982223586109756,0.06113823186525813,0.015459377197585002,-1.27675647831893e-14,gipfel+krater+n national+e,3.5158836689319273
-0.7842604749113065,-3.5975661965315617,-0.0478118120656562,0.07846473142321854,-2.3092638912203256e-14,institut geophysik,12.42986535591289
3.9753311227603163,-6.548978828372929,-0.06716260132044784,0.08837211177377356,-2.453592884421596e-14,Vulkanologie,18.030215396791643
3.9753311227603163,-6.548978828372929,-0.06716260132044784,0.08837211177377356,-2.453592884421596e-14,geophysik vulkanologi+e,18.030215396791643
-2.8743622042639334,-2.301598530665672,-0.03298377084316758,0.07109896110875939,-2.2093438190040615e-14,INGV,9.970624440201611
-2.8743622042639334,-2.301598530665672,-0.03298377084316758,0.07109896110875939,-2.2093438190040615e-14,vulkanologi+e ingv,9.970624440201611
-7.778791537975856,0.7374850797613539,0.04684892430380801,0.030303171987625027,-1.6431300764452317e-14,ingv sonntag,4.201117744430448
-5.250269261569691,-0.8275481446378721,-0.04322808558241279,0.03981048362227438,-9.43689570931383e-15,mitteilte,7.174606803105542
-8.023550677081742,0.8888837875214728,0.0549398975642551,0.025902940782505154,-1.587618925213974e-14,sonntag mit+teil+te,3.913337599963225
-8.316670310268664,1.070092182644303,0.06581991415589775,0.019877071918561477,-1.4876988529977098e-14,der vul…,3.5687544706888525
-6.589360241959821,0.002750187434056084,-0.07032374774423597,0.0027283950327234192,7.105427357601002e-15,Nordostkrater,5.59896931513054
-8.42543717949819,1.1372964709956266,0.07024399996423072,0.017389027653499922,-1.454392162258955e-14,vul… nordost+krater,3.4409111534635324
-7.366200082941866,0.48261061849519304,0.027016461567998085,0.03267973221638329,-1.4988010832439613e-14,Serie,4.686042804106887
-8.652479694493428,1.2784213441299064,0.06794156077360503,0.005095868522823666,-9.769962616701378e-15,nordost+krater serie,3.1735874518469793
-7.101895367995977,0.3191506202915697,0.016410992704166835,0.03431643658801442,-1.4432899320127035e-14,starker,4.996787367012434
-8.679446096380758,1.2955771694703282,0.061550840879996155,0.00028153255603587807,-7.327471962526033e-15,serie stark+er,3.141619605394846
-8.708232226058643,1.31400911667329,0.05160275308089664,-0.006542771703201167,-3.6637359812630166e-15,Explosionen,3.1074272522033954
-8.708232226058643,1.31400911667329,0.05160275308089664,-0.006542771703201167,-3.6637359812630166e-15,stark+er explosion+en,3.1074272522033954
-8.735632814632803,1.3318546583880815,0.032017205864201384,-0.01841301078456988,2.886579864025407e-15,gegeben,3.074706346416411
-8.735632814632803,1.3318546583880815,0.032017205864201384,-0.01841301078456988,2.886579864025407e-15,explosion+en ge+geb+en,3.074706346416411
-8.73695805325943,1.3333539196367348,-0.0014978304746594562,-0.03612662568232847,1.3100631690576847e-14,"1,8",3.072737523143637
-8.73695805325943,1.3333539196367348,-0.0014978304746594562,-0.03612662568232847,1.3100631690576847e-14,"ein 1,8",3.072737523143637
-8.7275584316952,1.327528181176352,-0.016954414138246908,-0.043688450201446696,1.7763568394002505e-14,"1,8 kilo+meter",3.0837714504217875
-8.65491390661845,1.2804025773548144,-0.08331594206073814,-0.0740408990146323,3.6415315207705135e-14,langer,3.170237199474074
-8.65491390661845,1.2804025773548144,-0.08331594206073814,-0.0740408990146323,3.6415315207705135e-14,kilo+meter lang+er,3.170237199474074
-1.575942065531553,-3.130086470285406,-0.33040043234064465,-0.05857145595671448,5.950795411990839e-14,Lavastrom,11.510230275034413
-8.435100434537858,1.1296165835681884,-0.2212027830181174,-0.13215945482999514,7.349676423018536e-14,lang+er lavastrom,3.4362856483094317
-8.744777373534859,1.336959029110707,-0.06218074155968901,-0.06818183674143193,3.197442310920451e-14,bewege,3.064097163201609
-8.744777373534859,1.336959029110707,-0.06218074155968901,-0.06818183674143193,3.197442310920451e-14,lavastrom beweg+e,3.064097163201609
-8.884262127565446,1.4244467576482687,0.0009778341426125436,-0.0434991709966044,1.554312234475219e-14,östlicher,2.899553223842904
-8.884262127565446,1.4244467576482687,0.0009778341426125436,-0.0434991709966044,1.554312234475219e-14,beweg+e östlich+er,2.899553223842904
-3.6112133984608006,-1.858465594507725,-0.2657776534965468,-0.04648438794492947,4.773959005888173e-14,Richtung,9.110501771109895
-8.93885356130107,1.4579700385516752,0.021659745324625113,-0.03598181547942289,1.0436096431476471e-14,östlich+er richtung,2.835525959504333
-8.981236520333944,1.4838393731186912,0.035875711535656996,-0.03115171470951741,7.105427357601002e-15,Videoaufnahmen,2.7858972164376223
-9.057224623023696,1.5300472523872368,0.05750945227807039,-0.024650651443113254,2.220446049250313e-15,video+aufnahme+n italienisch+e,2.697003443221683
-9.089437278483281,1.5496097855756785,0.0653466681710679,-0.022661326673792153,4.440892098500626e-16,Sender,2.659331390330805
-9.089437278483281,1.5496097855756785,0.0653466681710679,-0.022661326673792153,4.440892098500626e-16,italienisch+e sender,2.659331390330805
-9.105032916804953,1.5590802947965205,0.06889112213850104,-0.021845660758749618,-2.220446049250313e-16,Rai,2.6410925504021767
-9.105032916804953,1.5590802947965205,0.06889112213850104,-0.021845660758749618,-2.220446049250313e-16,sender rai,2.6410925504021767
-9.113482385299031,1.5642115017041907,0.07074796189189617,-0.021441728115827684,-5.551115123125783e-16,News,2.6312108167510506
-9.113482385299031,1.5642115017041907,0.07074796189189617,-0.021441728115827684,-5.551115123125783e-16,rai news,2.6312108167510506
-9.123617907927393,1.5703670179867129,0.07291903382102685,-0.02099117367880966,-9.992007221626409e-16,veröffentli…,2.619356930944978
-9.123617907927393,1.5703670179867129,0.07291903382102685,-0.02099117367880966,-9.992007221626409e-16,news veröffentli…,2.619356930944978
-9.149793921057066,1.5862672348195856,0.07825862954932702,-0.019991035899495174,-1.9984014443252818e-15,+3313,2.588741100979278
-9.149793921057066,1.5862672348195856,0.07825862954932702,-0.019991035899495174,-1.9984014443252818e-15,veröffentli… +3313,2.588741100979278
-9.160145432335995,1.5925566007132723,0.08027054078641221,-0.0196573190465294,-2.3314683517128287e-15,+3313 char+s,2.576632889142459
-8.215092876305889,1.0094845825074263,-0.015162524366460171,0.06171327167411317,-2.0539125955565396e-14,erhöh+t ätna,3.6868362137337045
-8.129165609066641,0.9575785560687538,-0.05108803699279076,0.023318168122152323,-2.4424906541753444e-15,spukt,3.7871743595467633
-8.129165609066641,0.9575785560687538,-0.05108803699279076,0.023318168122152323,-2.4424906541753444e-15,ätna spuk+t,3.7871743595467633
-7.875704534271216,0.7959538120332832,-0.1541886089557578,-0.041930711099578785,3.3084646133829665e-14,spuk+t lava,4.087603465040677
-7.9902052928761504,0.8698429605036249,0.02686171644469225,0.012537830416759767,-7.771561172376096e-15,asche rumor+t,3.951666227121507
-7.3347620639660605,0.46267717363314453,0.03401951980407161,0.03715060236172002,-1.7430501486614958e-14,rumor+t sizilien,4.723276138161061
-6.165822257992101,-0.26133166682757913,0.008253025451009005,0.05049162715068081,-1.9317880628477724e-14,sizilien der,6.098208267627087
-8.211367482355623,1.0078635347267073,-0.045573826510610156,-0.033450194136015354,1.7319479184152442e-14,mittelmeer+insel erneut,3.690863829801712
-8.254561274120782,1.033197163781385,0.040012909217965964,0.008979973149234906,-7.993605777301127e-15,mahnen,3.640940091438916
-8.254561274120782,1.033197163781385,0.040012909217965964,0.008979973149234906,-7.993605777301127e-15,behörde+n mahn+en,3.640940091438916
-8.09536017225567,0.9332885143630394,0.05747609399968656,0.024509732697224094,-1.5654144647214707e-14,Vorsicht,3.828913949264684
-8.09536017225567,0.9332885143630394,0.05747609399968656,0.024509732697224094,-1.5654144647214707e-14,mahn+en vorsicht,3.828913949264684
-5.268474701830918,-0.8174232921242393,-0.0063425015710765476,0.05785737955638744,-2.0317081350640365e-14,größter,7.1538575727503595
3.40558671746426,-6.195444345921521,-0.08836177519769509,0.07665520408670407,-1.787459069646502e-14,europa+s groß,17.359665321217705
1.2944217706446057,-4.886192356308923,-0.08850092412002991,0.0691021191014875,-1.4988010832439613e-14,aktiver,14.875493943235707
-4.055015122321981,-1.5696168624129663,-0.02157064671069632,0.06544497813313101,-2.1316282072803006e-14,groß aktiv+er,8.581503071045763
13.141252972124,-12.233925052150061,-0.14283124583304985,0.06668771024866292,-8.215650382226158e-15,aktiv+er vulkan,28.815826809359596
-6.675629551010815,0.054501939230551244,0.01833243314828814,0.04533108777920815,-1.865174681370263e-14,vulkan zeig+t,5.498520739800831
-7.657977150416576,0.6627304129343972,0.04314069459891698,0.03229815044721517,-1.6764367671839864e-14,machtvoll,4.343180568946109
-7.657977150416576,0.6627304129343972,0.04314069459891698,0.03229815044721517,-1.6764367671839864e-14,zeig+t machtvoll,4.343180568946109
-6.142494101746583,-0.2757858343591524,0.007826834552980388,0.050708382826263276,-1.9317880628477724e-14,steckt,6.125650373005055
-8.252295870318486,1.0303068995338474,0.06330592882762748,0.021280983613907994,-1.509903313490213e-14,machtvoll steck+t,3.644424933745377
-8.3739786541023,1.1055043060397587,0.06812239719468016,0.01858499501268644,-1.4765966227514582e-14,steck+t glüh+end+es,3.501393389332999
-8.468691571193096,1.1649682646153976,0.05870676153460905,0.009294488321632977,-1.021405182655144e-14,glüh+end+es gestein,3.3895511900118582
-8.470112326928113,1.168267380929649,-0.01883334059326417,-0.03130965893021527,1.354472090042691e-14,speit,3.386483570942004
-8.470112326928113,1.168267380929649,-0.01883334059326417,-0.03130965893021527,1.354472090042691e-14,sizilien spei+t,3.386483570942004
-8.354251055543482,1.0959734988721892,-0.056167505545309054,-0.04512230711459565,2.2870594307278225e-14,spei+t erneut,3.5229860350887203
-8.058546671086638,0.9047218956991299,-0.17202311862221298,-0.09083312553385364,5.284661597215745e-14,erneut lava,3.874891105892433
-8.225822458885304,1.0166019202410455,0.009561489821107716,-0.005665746394497802,8.881784197001252e-16,Italiens,3.67406122064037
-8.139590205853821,0.9618615382801741,0.039940347911462074,0.013627001034162239,-9.658940314238862e-15,Nationales,3.7762402356750777
-8.139590205853821,0.9618615382801741,0.039940347911462074,0.013627001034162239,-9.658940314238862e-15,italien+s national+es,3.7762402356750777
-7.912623239980011,0.8202768298296896,0.051171407259200954,0.027960681586184276,-1.609823385706477e-14,national+es institut,4.0437578714501425
-4.77215798396889,-1.12505638570159,-0.01309342770118814,0.061230545805961156,-2.0761170560490427e-14,Vulkanol…,7.737765953269621
-4.77215798396889,-1.12505638570159,-0.01309342770118814,0.061230545805961156,-2.0761170560490427e-14,geophysik vulkanol…,7.737765953269621
-7.107401728688353,0.3219085043395129,0.02821201651364738,0.04020210209222666,-1.787459069646502e-14,+2415,4.990672993873869
-7.107401728688353,0.3219085043395129,0.02821201651364738,0.04020210209222666,-1.787459069646502e-14,vulkanol… +2415,4.990672993873869
-7.513099774965935,0.5730691697807755,0.0389162031328117,0.03455499091478455,-1.709743457922741e-14,+2415 char+s,4.513548219235972
-8.328530894161077,1.0812077255154324,-0.05520182860334828,0.018533973469631277,-2.220446049250313e-16,ätna erneut,3.5525840151578354
-8.038967284807311,0.8947039201736557,0.06329778708335082,0.09121655363859917,-4.04121180963557e-14,warn+stufe flug+verkehr,3.8971390262652363
-7.8148282517517,0.7597802173750892,0.04798985339304532,0.029686674134527666,-1.6431300764452317e-14,flug+verkehr europa+s,4.158744573334073
2.408418389124563,-5.57721531049364,-0.06819640692705496,0.0830245388705357,-2.2426505097428162e-14,stößt,16.186436895863327
-7.1900011438097255,0.3730531113431219,0.03026891681888394,0.0391245611951174,-1.7763568394002505e-14,ätna stoß+t,4.893526332777002
-7.498552523944899,0.565486805499027,0.01179987411806363,0.021058436789159724,-9.103828801926284e-15,stoß+t meterhohe+e,4.529864339846394
-8.486618994525065,1.1767844205420521,0.047166389980111315,0.0023655911754030395,-6.439293542825908e-15,für flug+verkehr,3.3680707723504635
-8.624625132584034,1.260171536978736,0.06738602508810937,0.042071804696423694,-2.3092638912203256e-14,flug+verkehr italienisch+en,3.206850887549985
-8.669844559520143,1.2855394342202053,0.07728900548889212,0.07895274735921073,-3.752553823233029e-14,italienisch+en insel,3.155045098224358
-8.677123605100626,1.2882677317687017,0.08076214870850007,0.0995347322284209,-4.54081217071689e-14,insel sizilien,3.147413426619914
-8.65886003859157,1.2733895342246808,0.07957604632864887,0.13888821461360398,-5.950795411990839e-14,sizilien gelt,3.170745966365157
-8.592544735771593,1.223208931401751,0.07823854985399409,0.20963475944359986,-8.482103908136196e-14,gelt hoch+st+e,3.2534978570712227
-8.297549461760822,1.0605095617649278,0.026196865852086332,-5.928985452809468e-05,-3.1086244689504383e-15,wie national+e,3.589992005692971
-7.657977150416576,0.6627304129343972,0.04314069459891698,0.03229815044721517,-1.6764367671839864e-14,ingv mit+teil+te,4.343180568946109
-8.023550677081742,0.8888837875214728,0.0549398975642551,0.025902940782505154,-1.587618925213974e-14,mit+teil+te geb+e,3.913337599963225
-8.198431206981322,0.9970117315913809,0.06125861465454327,0.022419083433050716,-1.532107773982716e-14,dutzende,3.7077443223067394
-8.524384261285878,1.1984130463717724,0.074475864296487,0.01498774474348697,-1.4210854715202004e-14,+1008,3.3246211015332787
-8.524384261285878,1.1984130463717724,0.074475864296487,0.01498774474348697,-1.4210854715202004e-14,hoch+e +1008,3.3246211015332787
-8.580224199923412,1.2328942146694755,0.07695776554430203,0.01356950635904538,-1.3877787807814457e-14,+1008 chars,3.258999009363133
-7.8677484281788175,0.7932129087271811,-0.01565181110279988,0.0835375806859535,-2.842170943040401e-14,warn+stufe an+ge+heb+en,4.095990380607624
-7.439948332986557,0.526367494269905,-0.14452676164441453,-0.04046256601591365,3.1530333899354446e-14,an+ge+heb+en asche+wolke,4.600026131814191
-6.893962612627204,0.19122487706020008,-0.08195172279890309,-0.00999689170635944,1.3100631690576847e-14,asche+wolke lavastrom,5.240759256590447
-4.77215798396889,-1.12505638570159,-0.01309342770118814,0.061230545805961156,-2.0761170560490427e-14,lavastrom vulkan,7.737765953269621
2.5386756509396697,-5.657861986785164,-0.07936862789314582,0.07814407643952523,-1.942890293094024e-14,lockt,16.339620297824798
-7.3347620639660605,0.46267717363314453,0.03401951980407161,0.03715060236172002,-1.7430501486614958e-14,ätna lock+t,4.723276138161061
-7.657977150416576,0.6627304129343972,0.04314069459891698,0.03229815044721517,-1.6764367671839864e-14,Abenteuertouristen,4.343180568946109
-7.657977150416576,0.6627304129343972,0.04314069459891698,0.03229815044721517,-1.6764367671839864e-14,lock+t abenteuer+tourist+en,4.343180568946109
-7.970521811187203,0.8560881066952621,0.05311642190047666,0.026900459331596144,-1.5987211554602254e-14,abenteuer+tourist+en welt,3.975683974490078
-7.8148282517517,0.7597802173750892,0.04798985339304532,0.029686674134527666,-1.6431300764452317e-14,welt als,4.158744573334073
2.739034224213123,-5.782117477855648,-0.07927973959986241,0.07886152835097127,-1.965094753586527e-14,aktivsten,16.57537991339023
-7.016438488106362,0.265580608019913,0.026012686053875106,0.041350444013433574,-1.8096635301390052e-14,als aktiv+st+en,5.097659028450145
3.9753311227603163,-6.548978828372929,-0.06716260132044784,0.08837211177377356,-2.453592884421596e-14,aktiv+st+en vulkan+e,18.030215396791643
-3.172537692063546,-2.1167276996342745,-0.03035427886412813,0.06979702026749939,-2.1871393585115584e-14,vulkan+e welt,9.619795239172836
-7.513099774965935,0.5730691697807755,0.0389162031328117,0.03455499091478455,-1.709743457922741e-14,welt brech+t,4.513548219235972
-6.802826850761445,0.13328736928860696,0.021100944384115902,0.04390130361535322,-1.84297022087776e-14,brech+t ätna,5.3489069002359715
-8.053230198883515,0.9078433069988483,0.04699659793183372,0.02064598379688219,-1.2989609388114332e-14,mehrmals,3.8781107412448304
-8.053230198883515,0.9078433069988483,0.04699659793183372,0.02064598379688219,-1.2989609388114332e-14,ätna mehrmals,3.8781107412448304
-8.169248037264797,0.9812032266128077,0.019577338901560215,0.0018507793521088632,-2.9976021664879227e-15,mehrmals pro,3.740810952379829
-8.19761652151229,0.9992967593431785,0.0023312753579841083,-0.008240313259274486,2.6645352591003757e-15,pro jahr,3.707140042196574
-8.415412732927189,1.134372349417589,-0.027388243281367908,-0.0331435134212887,1.509903313490213e-14,asche+wolke lock+t,3.4508181441524486
-8.507371901364586,1.1912561118624725,-0.0018272801595416999,-0.024282183186766348,8.881784197001252e-15,lock+t tourist+en,3.3427309666486935
-5.931190585906766,-0.4057852833589708,-0.01806230047446522,0.0415030088876844,-1.2989609388114332e-14,ganzen,6.373695498516012
-8.652190507168257,1.2802005153790705,0.030564187667456263,-0.014666067049303285,1.7763568394002505e-15,tourist+en ganz+en,3.1728371929833825
-8.705978704108524,1.313145758671525,0.04049850706302417,-0.012301183233365685,-3.3306690738754696e-16,ganz+en welt,3.1097799940506454
5.395207101295352,-7.444544902542043,-0.259128638915442,0.22965721210621384,-5.3179682879545e-14,trotz,19.708408649912634
-8.770378606739861,1.352568484886212,0.05118867997007363,-0.010199976202153637,-2.3314683517128287e-15,welt trotz,3.0342923046855543
-8.803812110948023,1.373031350242619,0.0562910856910121,-0.009391126819206837,-3.219646771412954e-15,Risiken,2.995103765410578
-8.803812110948023,1.373031350242619,0.0562910856910121,-0.009391126819206837,-3.219646771412954e-15,trotz risiko+en,2.995103765410578
-8.883489390570293,1.4217989891485714,0.06742212100131739,-0.008148254865964228,-4.9960036108132044e-15,risiko+en natur+schau+spiel,2.9017090716115126
-8.943891740370798,1.458775946614355,0.07505789916200983,-0.007776293700913404,-5.995204332975845e-15,natur+schau+spiel berg+t,2.8309029724349757
-7.226625473926816,0.39572915736135705,0.03119987785728992,0.038635706368314975,-1.765254609153999e-14,seit jahr+en,4.850452536482465
-8.400374916190001,1.121813111626603,0.06920415396762677,0.01797584982475459,-1.4654943925052066e-14,jahr+en aktiv,3.4703679565272507
-1.8958645408568824,-2.908300092410062,-0.04062887302502969,0.07488832872152909,-2.2537527399890678e-14,Anschläge,11.121927531547927
-8.301294125524237,1.060589893885879,0.06521260444560525,0.02021686947840018,-1.4988010832439613e-14,aktiv anschlag+e,3.5868284171916835
-4.576589473740375,-1.2458204213166106,-0.027657041541706347,0.056455167586921776,-1.7319479184152442e-14,Berlin,7.9675902015821745
-8.048448126391776,0.9042803639154431,0.0558103534192273,0.025425539457616962,-1.5765166949677223e-14,anschlag+e berlin,3.8840661985898244
-7.778791537975856,0.7374850797613539,0.04684892430380801,0.030303171987625027,-1.6431300764452317e-14,berlin wer,4.201117744430448
-7.612735217910432,0.6347331739459592,0.04179636192709178,0.03301813689702949,-1.687538997430238e-14,wer steck+t,4.396381456014982
12.163827912715938,-11.626686536639815,-0.07915962814248635,0.09556301820684618,-2.609024107869118e-14,Vulkangruppe,27.665238004352172
-4.77215798396889,-1.12505638570159,-0.01309342770118814,0.061230545805961156,-2.0761170560490427e-14,steck+t vulkan+gruppe,7.737765953269621
-7.081880493355288,0.3061052482646529,0.027588131098552945,0.04052824921519965,-1.7985612998927536e-14,gut,5.020689428065519
-7.081880493355288,0.3061052482646529,0.027588131098552945,0.04052824921519965,-1.7985612998927536e-14,seit gut,5.020689428065519
-7.238125723202737,0.4028493926190424,0.03149466512989005,0.0384807593406217,-1.765254609153999e-14,gut zwei,4.8369272148170674
-3.547497437610903,-1.8839400880480137,-0.035917809659724506,0.06357502477270052,-1.8984813721090177e-14,Tagen,9.178445408151905
-7.393858748087945,0.49926093127445226,0.03560701993960484,0.036311440690094406,-1.7319479184152442e-14,zwei tag+en,4.6537760699663275
-7.541693714609863,0.5907666979453325,0.039731720914349344,0.03412060759470998,-1.6986412276764895e-14,sitzen,4.479922571213592
-7.541693714609863,0.5907666979453325,0.039731720914349344,0.03412060759470998,-1.6986412276764895e-14,tag+en sitz+en,4.479922571213592
-7.678256307303633,0.6752792402116583,0.04375094207750946,0.031970754329038335,-1.6764367671839864e-14,Zehntausende,4.3193342404739585
-7.678256307303633,0.6752792402116583,0.04375094207750946,0.031970754329038335,-1.6764367671839864e-14,sitz+en zehntausend+e,4.3193342404739585
-8.437502884530133,1.1447501704672036,0.07074912071216954,0.017103515650089985,-1.4432899320127035e-14,Berliner,3.4267300322359455
-8.437502884530133,1.1447501704672036,0.07074912071216954,0.017103515650089985,-1.4432899320127035e-14,zehntausend+e berliner,3.4267300322359455
-5.510851675196522,-0.6672042953207153,-0.0027332684739106022,0.056046114725776405,-2.0095036745715333e-14,Anschlag,6.868713213252706
-8.3739786541023,1.1055043060397587,0.06812239719468016,0.01858499501268644,-1.4765966227514582e-14,berliner anschlag,3.501393389332999
-6.765496917736028,0.11016610614287936,0.02027686935160021,0.04432748182705484,-1.84297022087776e-14,Stromversorgung,5.392815241138777
-6.765496917736028,0.11016610614287936,0.02027686935160021,0.04432748182705484,-1.84297022087776e-14,anschlag strom+versorgung,5.392815241138777
-7.3347620639660605,0.46267717363314453,0.03401951980407161,0.03715060236172002,-1.7430501486614958e-14,Dunkeln,4.723276138161061
-7.3347620639660605,0.46267717363314453,0.03401951980407161,0.03715060236172002,-1.7430501486614958e-14,strom+versorgung dunkel,4.723276138161061
-4.77215798396889,-1.12505638570159,-0.01309342770118814,0.061230545805961156,-2.0761170560490427e-14,der vulkan+gruppe,7.737765953269621
-7.3347620639660605,0.46267717363314453,0.03401951980407161,0.03715060236172002,-1.7430501486614958e-14,bekennt,4.723276138161061
-7.3347620639660605,0.46267717363314453,0.03401951980407161,0.03715060236172002,-1.7430501486614958e-14,vulkan+gruppe bekenn+t,4.723276138161061
-7.912623239980011,0.8202768298296896,0.051171407259200954,0.027960681586184276,-1.609823385706477e-14,schnell,4.0437578714501425
-7.912623239980011,0.8202768298296896,0.051171407259200954,0.027960681586184276,-1.609823385706477e-14,bekenn+t schnell,4.0437578714501425
-8.252295870318486,1.0303068995338474,0.06330592882762748,0.021280983613907994,-1.509903313490213e-14,Aktion,3.644424933745377
-8.252295870318486,1.0303068995338474,0.06330592882762748,0.021280983613907994,-1.509903313490213e-14,schnell aktion,3.644424933745377
-8.3739786541023,1.1055043060397587,0.06812239719468016,0.01858499501268644,-1.4765966227514582e-14,Obwohl,3.501393389332999
-8.460766150244371,1.1591204363062386,0.07173142694520179,0.01654742639937534,-1.4432899320127035e-14,obwohl seit,3.3993885982544656
-8.605705258548657,1.2486263409477674,0.07811394466149385,0.012906280394638184,-1.3877787807814457e-14,zahlreiche,3.22905546466447
-8.605705258548657,1.2486263409477674,0.07811394466149385,0.012906280394638184,-1.3877787807814457e-14,jahr+en zahlreich+e,3.22905546466447
-8.687900998295362,1.299363291288806,0.08194934060709713,0.010694392586620183,-1.3433698597964394e-14,zahlreich+e anschlag+e,3.132470920647843
-8.794156051072664,1.3649239041971766,0.08716268631729354,0.00765828044279342,-1.2989609388114332e-14,Konto,3.0076304194885712
-8.794156051072664,1.3649239041971766,0.08716268631729354,0.00765828044279342,-1.2989609388114332e-14,anschlag+e konto,3.0076304194885712
-8.823848941033361,1.38323870546175,0.08867454147188195,0.006771323439981845,-1.2878587085651816e-14,gehen,2.972747166893121
-8.823848941033361,1.38323870546175,0.08867454147188195,0.006771323439981845,-1.2878587085651816e-14,konto geh+en,2.972747166893121
-5.232275287098709,-0.8385681120387747,-0.05606647710987846,0.03374098500828329,-5.773159728050814e-15,wissen,7.195686143085127
-8.855665750278085,1.402860398883406,0.09032262408400413,0.005801071103967766,-1.2656542480726785e-14,geh+en wiss+en,2.9353704624969814
-8.884844341120399,1.4208520920920125,0.09186033856952,0.004892593846117947,-1.2545520178264269e-14,wiss+en behörde+n,2.901094636164207
-8.91903624928743,1.441931229714414,0.09369525902147985,0.003804451018042901,-1.2323475573339238e-14,behörde+n kaum,2.860931792267445
-8.998659793376602,1.4910017841270198,0.0981129862824398,0.0011662222389070692,-1.1879386363489175e-14,Polizeibeamter,2.7674128687158506
-8.998659793376602,1.4910017841270198,0.0981129862824398,0.0011662222389070692,-1.1879386363489175e-14,ein polizei+beamt+er,2.7674128687158506
-9.038166480885797,1.5153395871091717,0.1003840329275078,-0.00020030250334983346,-1.1657341758564144e-14,polizei+beamt+er steh+t,2.7210169083663587
-9.072987809408719,1.536785417646162,0.10243158606588068,-0.0014384104449954409,-1.1435297153639112e-14,Absperrung,2.6801264097390516
-9.072987809408719,1.536785417646162,0.10243158606588068,-0.0014384104449954409,-1.1435297153639112e-14,steh+t absperrung,2.6801264097390516
-9.111696492781284,1.5606189052213064,0.10476016558013188,-0.0028535055760289217,-1.1213252548714081e-14,Kraftwerk,2.634674561896611
-9.111696492781284,1.5606189052213064,0.10476016558013188,-0.0028535055760289217,-1.1213252548714081e-14,absperrung kraft+werk,2.634674561896611
-9.130053889222125,1.5719193149525732,0.10588442188869684,-0.003539434755640874,-1.1102230246251565e-14,Lichterfelde,2.61312062047067
-9.130053889222125,1.5719193149525732,0.10588442188869684,-0.003539434755640874,-1.1102230246251565e-14,kraft+werk licht+er+feld+e,2.61312062047067
-9.166416522748149,1.5942983767433152,0.10815053147516332,-0.004927437972388229,-1.0880185641326534e-14,Brandschlag,2.57042893603386
-9.166416522748149,1.5942983767433152,0.10815053147516332,-0.004927437972388229,-1.0880185641326534e-14,licht+er+feld+e brand+schlag,2.57042893603386
-9.188524997506846,1.6079014814759003,0.10955449124999711,-0.005791022341456394,-1.0769163338864018e-14,Morgen,2.5444742346193747
-9.188524997506846,1.6079014814759003,0.10955449124999711,-0.005791022341456394,-1.0769163338864018e-14,brand+schlag morgen,2.5444742346193747
-9.2075061032641,1.6195782406044978,0.11077609481011214,-0.006544727247405992,-1.0658141036401503e-14,Januar,2.522192124164408
-9.2075061032641,1.6195782406044978,0.11077609481011214,-0.006544727247405992,-1.0658141036401503e-14,morgen januar,2.522192124164408
-9.235738616410535,1.6369425253937078,0.11262159394813118,-0.007687427662591211,-1.0436096431476471e-14,alliance/dpa,2.489051732905598
-9.235738616410535,1.6369425253937078,0.11262159394813118,-0.007687427662591211,-1.0436096431476471e-14,picture alliance/dpa,2.489051732905598
-9.252453612052467,1.6472208332219613,0.11373066317457758,-0.008376510011965616,-1.0325074129013956e-14,alliance/dpa seit,2.4694322271361844
-9.291711681911774,1.671354563691644,0.11638517381389896,-0.010033068303039568,-9.992007221626409e-15,Berline…,2.4233560428516956
-9.291711681911774,1.671354563691644,0.11638517381389896,-0.010033068303039568,-9.992007221626409e-15,zehntausend+e berline…,2.4233560428516956
-9.300501626805373,1.6767568194697662,0.11698931021109552,-0.010411522654125347,-9.880984919163893e-15,+6461,2.4130402336496255
-9.300501626805373,1.6767568194697662,0.11698931021109552,-0.010411522654125347,-9.880984919163893e-15,berline… +6461,2.4130402336496255
-9.305604028816935,1.6798925011279857,0.11734167711538607,-0.010632506661148244,-9.880984919163893e-15,+6461 chars,2.407052220096478
-6.107110111483745,-0.29771011224349264,0.0071857437735719926,0.0510342263912788,-1.942890293094024e-14,Infrastruktur,6.167274540859771
-7.398712403009119,0.502265472110845,0.035738914972150926,0.03624162057672378,-1.7319479184152442e-14,anschlag+e infrastruktur,4.648068039132458
-4.77215798396889,-1.12505638570159,-0.01309342770118814,0.061230545805961156,-2.0761170560490427e-14,infrastruktur vulkan+gruppe,7.737765953269621
-1.2379595646061112,-3.3176723194888402,-0.15221434922015775,0.02583583276395742,8.215650382226158e-15,Gruppe,11.896613953021761
-6.675629551010815,0.054501939230551244,0.01833243314828814,0.04533108777920815,-1.865174681370263e-14,vulkan+gruppe gruppe,5.498520739800831
0.7524060167284095,-4.554548438962394,-0.19269571169353578,0.017773682148630718,1.5765166949677223e-14,gruppe vulkan,14.239912533272653
-7.3347620639660605,0.46267717363314453,0.03401951980407161,0.03715060236172002,-1.7430501486614958e-14,linksextremen,4.723276138161061
-7.3347620639660605,0.46267717363314453,0.03401951980407161,0.03715060236172002,-1.7430501486614958e-14,vulkan links+extrem+en,4.723276138161061
-7.942227544975561,0.8385881080085045,0.052160044344289516,0.027422262626314038,-1.609823385706477e-14,Szene,4.008950511104029
-7.942227544975561,0.8385881080085045,0.052160044344289516,0.027422262626314038,-1.609823385706477e-14,links+extrem+en szene,4.008950511104029
-8.331606725891035,1.0793223023912875,0.06641404490930919,0.019544243959800634,-1.4876988529977098e-14,Stromausfall,3.551197670407258
-8.331606725891035,1.0793223023912875,0.06641404490930919,0.019544243959800634,-1.4876988529977098e-14,szene strom+ausfall,3.551197670407258
-8.464026868611032,1.1631649127010915,0.03950255327526968,-0.0005949042144697964,-4.440892098500626e-15,strom+ausfall berlin,3.3944357276023185
-8.410624819669533,1.1309998699996753,0.014738704881942982,-0.011066999390809875,2.220446049250313e-15,verwirrender,3.456730585772344
-8.410624819669533,1.1309998699996753,0.014738704881942982,-0.011066999390809875,2.220446049250313e-15,berlin verwirr+end+er,3.456730585772344
-8.154345613532572,0.9726417897968698,-0.0416872845357739,-0.029101599129630566,1.532107773982716e-14,Streit,3.7578909586723355
-8.154345613532572,0.9726417897968698,-0.0416872845357739,-0.029101599129630566,1.532107773982716e-14,verwirr+end+er streit,3.7578909586723355
-7.821439073498641,0.7609837251323199,-0.14758952295616362,-0.06971283350071006,4.241051954068098e-14,streit aus+ge+brech+en,4.152182827364177
-7.868997589790645,0.7950821164922601,0.016997033048322313,0.011790947777407244,-6.328271240363392e-15,Gibt,4.094056590252844
-7.657977150416576,0.6627304129343972,0.04314069459891698,0.03229815044721517,-1.6764367671839864e-14,geb+t etwa,4.343180568946109
-7.398712403009119,0.502265472110845,0.035738914972150926,0.03624162057672378,-1.7319479184152442e-14,konkurrierende,4.648068039132458
-7.398712403009119,0.502265472110845,0.035738914972150926,0.03624162057672378,-1.7319479184152442e-14,etwa konkurrier+end+e,4.648068039132458
-0.28552094514476245,-3.9068246490115457,-0.05061085890176067,0.07986631685225032,-2.3314683517128287e-14,Vulkangruppen,13.016698354013446
-4.77215798396889,-1.12505638570159,-0.01309342770118814,0.061230545805961156,-2.0761170560490427e-14,konkurrier+end+e vulkan+gruppe+n,7.737765953269621
-7.398712403009119,0.502265472110845,0.035738914972150926,0.03624162057672378,-1.7319479184152442e-14,Waren,4.648068039132458
-7.8148282517517,0.7597802173750892,0.04798985339304532,0.029686674134527666,-1.6431300764452317e-14,Serientäter,4.158744573334073
-7.8148282517517,0.7597802173750892,0.04798985339304532,0.029686674134527666,-1.6431300764452317e-14,sei serie+n+täter,4.158744573334073
-8.23492076478021,1.0195673947504902,0.06264004599432374,0.02165165601961483,-1.5210055437364645e-14,serie+n+täter seit,3.664849567071248
-8.316670310268664,1.070092182644303,0.06581991415589775,0.019877071918561477,-1.4876988529977098e-14,2011,3.5687544706888525
-8.316670310268664,1.070092182644303,0.06581991415589775,0.019877071918561477,-1.4876988529977098e-14,seit 2011,3.5687544706888525
-8.437502884530133,1.1447501704672036,0.07074912071216954,0.017103515650089985,-1.4432899320127035e-14,2011 infrastruktur,3.4267300322359455
-8.605705258548657,1.2486263409477674,0.07811394466149385,0.012906280394638184,-1.3877787807814457e-14,infrastruktur berlin,3.22905546466447
-8.659851882653097,1.282051383696247,0.08062192957360109,0.01146197619561527,-1.354472090042691e-14,angegriffen,3.1654291037838744
-8.659851882653097,1.282051383696247,0.08062192957360109,0.01146197619561527,-1.354472090042691e-14,berlin an+ge+greif+en,3.1654291037838744
-8.761883345105328,1.3450147555751664,0.08554734084356616,0.008602705230112268,-1.3100631690576847e-14,an+ge+greif+en zuletzt,3.0455461433104567
-8.804322771679582,1.3711951282323847,0.0876775362564371,0.007356565612468675,-1.2989609388114332e-14,zehntausenden,2.995686368764523
-8.804322771679582,1.3711951282323847,0.0876775362564371,0.007356565612468675,-1.2989609388114332e-14,zuletzt zehntausend+en,2.995686368764523
-8.868472011027457,1.4107571747910557,0.09099437368771318,0.00540458490740562,-1.2656542480726785e-14,Haushalten,2.9203268671509766
-8.868472011027457,1.4107571747910557,0.09099437368771318,0.00540458490740562,-1.2656542480726785e-14,zehntausend+en haus+halt+en,2.9203268671509766
-8.922628548229952,1.4441456186189157,0.09389015392467873,0.0036886124483280006,-1.2323475573339238e-14,haus+halt+en süd+westen,2.856712304171416
-8.969159478236856,1.4728241472614165,0.0964519523677913,0.0021612555767694733,-1.2101430968414206e-14,süd+westen stadt,2.802059811406576
-8.998659793376602,1.4910017841270198,0.0981129862824398,0.0011662222389070692,-1.1879386363489175e-14,stadt tag+e,2.7674128687158506
-9.022983305469424,1.5059868829033305,0.09950479729480866,0.00032958279281081887,-1.176836406102666e-14,Strom,2.738847336979098
-9.022983305469424,1.5059868829033305,0.09950479729480866,0.00032958279281081887,-1.176836406102666e-14,tag+e strom,2.738847336979098
-9.038166480885797,1.5153395871091717,0.1003840329275078,-0.00020030250334983346,-1.1657341758564144e-14,abgedreht,2.7210169083663587
-9.038166480885797,1.5153395871091717,0.1003840329275078,-0.00020030250334983346,-1.1657341758564144e-14,strom ab+ge+dreh+t,2.7210169083663587
-9.105935538719695,1.5570722514501112,0.10441002496334176,-0.0026402399041374203,-1.1324274851176597e-14,Brandstifter,2.6414388461333322
-9.105935538719695,1.5570722514501112,0.10441002496334176,-0.0026402399041374203,-1.1324274851176597e-14,ab+ge+dreh+t brand+stifter,2.6414388461333322
-9.13532251705523,1.5751622599954842,0.10620950933324819,-0.0037381072727487342,-1.1102230246251565e-14,+377,2.606934742050427
-9.13532251705523,1.5751622599954842,0.10620950933324819,-0.0037381072727487342,-1.1102230246251565e-14,brand+stifter +377,2.606934742050427
-9.143874917817453,1.5804261367612285,0.10673954098017396,-0.004062347583018447,-1.099120794378905e-14,+377 chars,2.5968935582812813
-7.513099774965935,0.5730691697807755,0.0389162031328117,0.03455499091478455,-1.709743457922741e-14,Neues,4.513548219235972
-5.1306002625667055,-0.9028787149703597,-0.00830001742596237,0.058837328968968455,-2.042810365310288e-14,Schreiben,7.316062478155188
-7.107401728688353,0.3219085043395129,0.02821201651364738,0.04020210209222666,-1.787459069646502e-14,neu+es schreiben,4.990672993873869
-4.77215798396889,-1.12505638570159,-0.01309342770118814,0.061230545805961156,-2.0761170560490427e-14,schreiben vulkan+gruppe,7.737765953269621
-7.265459568415082,0.4197724617724923,0.0322001038438848,0.03810966556562343,-1.765254609153999e-14,kündigt,4.804780357916136
-7.265459568415082,0.4197724617724923,0.0322001038438848,0.03810966556562343,-1.765254609153999e-14,vulkan+gruppe kündig+t,4.804780357916136
-3.7879603765404575,-1.736093584322283,-0.1397613550233609,0.010896426061141155,1.2212453270876722e-14,weitere,8.896005569179604
-7.700571531019115,0.6890875524600131,0.04442804784460934,0.03160707282990057,-1.6653345369377348e-14,kündig+t weit+er+e,4.293093940124527
-5.790296177796595,-0.49402578643570605,0.001717882799890602,0.05380361892761876,-1.9761969838327786e-14,weit+er+e anschlag+e,6.539968800926825
-7.016438488106362,0.265580608019913,0.026012686053875106,0.041350444013433574,-1.8096635301390052e-14,anschlag+e ein+e,5.097659028450145
-4.77215798396889,-1.12505638570159,-0.01309342770118814,0.061230545805961156,-2.0761170560490427e-14,ein+e vulkan+gruppe+n,7.737765953269621
-7.398712403009119,0.502265472110845,0.035738914972150926,0.03624162057672378,-1.7319479184152442e-14,droht,4.648068039132458
-7.398712403009119,0.502265472110845,0.035738914972150926,0.03624162057672378,-1.7319479184152442e-14,vulkan+gruppe+n droh+t,4.648068039132458
-8.023550677081742,0.8888837875214728,0.0549398975642551,0.025902940782505154,-1.587618925213974e-14,droh+t weit+er+en,3.913337599963225
-8.216976596117682,1.0084756446433014,0.06195785958811692,0.022030894492634928,-1.5210055437364645e-14,weit+er+en anschlag,3.68594342185921
-8.637491015728607,1.268248784356762,0.07957763906539417,0.012064306442273022,-1.3655743202889425e-14,strom+versorgung berlin,3.191704311026951
-8.794156051072664,1.3649239041971766,0.08716268631729354,0.00765828044279342,-1.2989609388114332e-14,echt,3.0076304194885712
-8.794156051072664,1.3649239041971766,0.08716268631729354,0.00765828044279342,-1.2989609388114332e-14,schreiben echt,3.0076304194885712
-8.864255155773208,1.4081569798983864,0.09077264036061347,0.005535523704572137,-1.2656542480726785e-14,echt derzeit,2.9252803999406494
-8.884844341120399,1.4208520920920125,0.09186033856952,0.004892593846117947,-1.2545520178264269e-14,geprüft,2.901094636164207
-8.884844341120399,1.4208520920920125,0.09186033856952,0.004892593846117947,-1.2545520178264269e-14,derzeit ge+prüf+t,2.901094636164207
-8.756226823843367,1.34152490453449,0.08526714207632005,0.008766186385302523,-1.3211653993039363e-14,weit+er+en schreiben,3.052191908129075
-8.637491015728607,1.268248784356762,0.07957763906539417,0.012064306442273022,-1.3655743202889425e-14,Mittwochabend,3.191704311026951
-8.637491015728607,1.268248784356762,0.07957763906539417,0.012064306442273022,-1.3655743202889425e-14,schreiben mittwoch+abend,3.191704311026951
-8.42543717949819,1.1372964709956266,0.07024399996423072,0.017389027653499922,-1.454392162258955e-14,linksautonomen,3.4409111534635324
-8.42543717949819,1.1372964709956266,0.07024399996423072,0.017389027653499922,-1.454392162258955e-14,mittwoch+abend links+autonom+en,3.4409111534635324
-8.198431206981322,0.9970117315913809,0.06125861465454327,0.022419083433050716,-1.532107773982716e-14,Plattform,3.7077443223067394
-8.198431206981322,0.9970117315913809,0.06125861465454327,0.022419083433050716,-1.532107773982716e-14,links+autonom+en plattform,3.7077443223067394
-7.970521811187203,0.8560881066952621,0.05311642190047666,0.026900459331596144,-1.5987211554602254e-14,Indymedia,3.975683974490078
-7.970521811187203,0.8560881066952621,0.05311642190047666,0.026900459331596144,-1.5987211554602254e-14,plattform indymedia,3.975683974490078
-7.612735217910432,0.6347331739459592,0.04179636192709178,0.03301813689702949,-1.687538997430238e-14,erschien,4.396381456014982
-7.612735217910432,0.6347331739459592,0.04179636192709178,0.03301813689702949,-1.687538997430238e-14,indymedia erschein,4.396381456014982
-4.77215798396889,-1.12505638570159,-0.01309342770118814,0.061230545805961156,-2.0761170560490427e-14,erschein vulkan+gruppe,7.737765953269621
-8.804322771679582,1.3711951282323847,0.0876775362564371,0.007356565612468675,-1.2989609388114332e-14,vulkan+gruppe weit+er+e,2.995686368764523
-8.023550677081742,0.8888837875214728,0.0549398975642551,0.025902940782505154,-1.587618925213974e-14,angekündigt,3.913337599963225
-8.023550677081742,0.8888837875214728,0.0549398975642551,0.025902940782505154,-1.587618925213974e-14,anschlag+e an+ge+kündig+t,3.913337599963225
-2.975826964171521,-2.238689192778734,-0.03210625952724681,0.07066446132733543,-2.19824158875781e-14,Dieser,9.851242090475196
-8.387350934241326,1.1137664712816888,0.0686687071735553,0.01827753263061028,-1.4654943925052066e-14,dieser anschlag,3.4856758917671686
-8.580224199923412,1.2328942146694755,0.07695776554430203,0.01356950635904538,-1.3877787807814457e-14,Einzelfall,3.258999009363133
-8.580224199923412,1.2328942146694755,0.07695776554430203,0.01356950635904538,-1.3877787807814457e-14,anschlag einzelfall,3.258999009363133
-8.73273208116187,1.327028569427124,0.08411248605516386,0.009438814381657015,-1.3322676295501878e-14,+3391,3.079796091529252
-8.73273208116187,1.327028569427124,0.08411248605516386,0.009438814381657015,-1.3322676295501878e-14,einzelfall +3391,3.079796091529252
-8.767457275032564,1.348453557940999,0.08582429536376762,0.008441018575227277,-1.3100631690576847e-14,+3391 chars,3.038997464943674
-7.718368186690195,0.7021377897617147,0.0035336492363875482,0.009964731673551145,-4.107825191113079e-15,zeig+t meterhohe+e,4.271027855125585
-2.8187990312287603,-2.335436525954322,-0.05719194308602392,0.05975261901100426,-1.509903313490213e-14,hawaii brech+t,10.03563926246201
-8.027685004770808,0.8927310074940773,0.034223487487732615,0.014962302005948929,-9.43689570931383e-15,brech+t erneut,3.9077641364135047
-2.588164099463544,-2.4791503784770694,-0.12273027830712353,0.0300837659752413,3.3306690738754696e-15,Glühende,10.307278391095734
-6.058606992920934,-0.32621344954903986,-0.06794481009034675,0.014459018512716117,2.6645352591003757e-15,erneut glüh+end+e,6.2233970688326385
-0.993707970742399,-3.477895048182156,-0.2478223305821622,-0.01709790246355763,3.4861002973229915e-14,glüh+end+e lava,12.188476140598706
-8.222620845734543,1.0141251766667905,-0.06940632516126544,-0.04608618182885653,2.4646951146678475e-14,lava schieß+t,3.6779627913058914
-8.504899942129384,1.1895386934693533,0.009628505775418142,-0.01818976196892826,5.329070518200751e-15,sechs,3.3457547741962896
-8.504899942129384,1.1895386934693533,0.009628505775418142,-0.01818976196892826,5.329070518200751e-15,schieß+t sechs,3.3457547741962896
-8.571928386030569,1.230702024737373,0.023453232225438506,-0.014270076412424799,2.4424906541753444e-15,sechs meter,3.2671206899151404
-8.71608464400422,1.3189625231442563,0.049997031998780875,-0.007821232129575754,-2.9976021664879227e-15,Halemaʻumaʻu-Krater,3.098141117769949
-8.71608464400422,1.3189625231442563,0.049997031998780875,-0.007821232129575754,-2.9976021664879227e-15,hoch halemaʻumaʻu-krat+er,3.098141117769949
-8.471986690683007,1.166051230496186,0.07220923115876374,0.01627652862236773,-1.432187701766452e-14,Fontänen,3.3862012592145097
-8.471986690683007,1.166051230496186,0.07220923115876374,0.01627652862236773,-1.432187701766452e-14,zeig+en fontäne+n,3.3862012592145097
-8.23492076478021,1.0195673947504902,0.06264004599432374,0.02165165601961483,-1.5210055437364645e-14,aufsteigenden,3.664849567071248
-8.23492076478021,1.0195673947504902,0.06264004599432374,0.02165165601961483,-1.5210055437364645e-14,fontäne+n auf+steig+end+en,3.664849567071248
-7.912623239980011,0.8202768298296896,0.051171407259200954,0.027960681586184276,-1.609823385706477e-14,Gase,4.0437578714501425
-7.912623239980011,0.8202768298296896,0.051171407259200954,0.027960681586184276,-1.609823385706477e-14,auf+steig+end+en gas+e,4.0437578714501425
-7.107401728688353,0.3219085043395129,0.02821201651364738,0.04020210209222666,-1.787459069646502e-14,hawaii spuck+t,4.990672993873869
-7.398712403009119,0.502265472110845,0.035738914972150926,0.03624162057672378,-1.7319479184152442e-14,kilauea erneut,4.648068039132458
-8.24530618707484,1.0285962056598494,0.012494962580499328,-0.004960588040197479,2.220446049250313e-16,Geological,3.6511869107048245
-8.24530618707484,1.0285962056598494,0.012494962580499328,-0.004960588040197479,2.220446049250313e-16,wie geological,3.6511869107048245
-8.417750895618163,1.134653485134384,0.03548104353551852,-0.0005535964245469913,-3.9968028886505635e-15,Survey,3.4487816896769448
-8.417750895618163,1.134653485134384,0.03548104353551852,-0.0005535964245469913,-3.9968028886505635e-15,geological survey,3.4487816896769448
-8.500719048971165,1.1856478723417194,0.04498684939647872,0.0005447922736455425,-5.440092820663267e-15,berichtet,3.351413679556478
-8.500719048971165,1.1856478723417194,0.04498684939647872,0.0005447922736455425,-5.440092820663267e-15,survey bericht+et,3.351413679556478
-3.9677497640962613,-1.6349302879402043,-0.24675131218298152,-0.04148301173627142,4.374278717023117e-14,strömt,8.689725122028989
-8.605599459619247,1.2501012123876285,0.055929969411243424,0.0011394840885524601,-6.994405055138486e-15,bericht+et ström+t,3.2283335075461093
-7.530007979749478,0.5859309213892847,-0.024723755254073984,0.0014988459445482091,2.220446049250313e-15,Magma,4.492300509693877
-8.689247631136482,1.3015046192519437,0.06398075785183185,0.0010506886182958565,-7.882583474838611e-15,ström+t magma,3.130170032509419
-8.728395666155686,1.3255617621924982,0.06758219841084268,0.0008522972360594863,-8.215650382226158e-15,magma seit,3.0842285427881695
-8.75822363317497,1.3438915228442205,0.07026514047750437,0.0006374763773728115,-8.43769498715119e-15,Samstagabend,3.0492244023624075
-8.75822363317497,1.3438915228442205,0.07026514047750437,0.0006374763773728115,-8.43769498715119e-15,seit samstag+abend,3.0492244023624075
-8.862333843672559,1.4078677677999067,0.07928470625154235,-0.0005225472512306699,-9.103828801926284e-15,beiden,2.92704772338221
-8.862333843672559,1.4078677677999067,0.07928470625154235,-0.0005225472512306699,-9.103828801926284e-15,samstag+abend beide+n,2.92704772338221
-8.89116821481156,1.4255859646671003,0.08170438514524656,-0.000952095119857499,-9.2148511043888e-15,Hauptöffnungen,2.893209937669227
-8.89116821481156,1.4255859646671003,0.08170438514524656,-0.000952095119857499,-9.2148511043888e-15,beide+n haupt+öffnung+en,2.893209937669227
-8.955557007443243,1.4651497499967625,0.08701345175486744,-0.0020742125974250562,-9.43689570931383e-15,Halemaumau-Krater,2.81764919758561
-8.955557007443243,1.4651497499967625,0.08701345175486744,-0.0020742125974250562,-9.43689570931383e-15,haupt+öffnung+en halemaumau-krat+er,2.81764919758561
-9.027606087093984,1.509415626714432,0.09283545460152084,-0.00359041494179951,-9.547918011776346e-15,Fontänen…,2.733101523761367
-9.027606087093984,1.509415626714432,0.09283545460152084,-0.00359041494179951,-9.547918011776346e-15,der fontänen…,2.733101523761367
-9.054540105388398,1.525961707532078,0.09498871824379049,-0.0042267282673838745,-9.547918011776346e-15,+1072,2.701496111315267
-9.054540105388398,1.525961707532078,0.09498871824379049,-0.0042267282673838745,-9.547918011776346e-15,fontänen… +1072,2.701496111315267
-9.068236227182831,1.5343750488418912,0.09608007068330718,-0.004564704167214516,-9.658940314238862e-15,+1072 char+s,2.6854247942767993
-8.683854378172292,1.300272279174823,0.014485949525321867,-0.024813778073948554,7.327471962526033e-15,Schockierende,3.135325420285637
-8.343959088998268,1.0847678265717788,-0.13363161997053258,-0.08398511215662269,4.596323321948148e-14,Aufnahmen,3.5375151343702083
-8.523043222467663,1.2008483170501925,-0.03520977592248146,-0.0423727166092103,1.9317880628477724e-14,schockier+end+e aufnahme+n,3.324305427408447
-8.163698821466031,0.9680190432266547,-0.18431892967244362,-0.10129825728428311,5.81756864903582e-14,aufnahme+n lavafontäne+n,3.752151983933444
-8.379676865148795,1.112279439630308,-0.012976066104724744,-0.02404518780186528,1.021405182655144e-14,schießen,3.4928532388349542
-8.379676865148795,1.112279439630308,-0.012976066104724744,-0.02404518780186528,1.021405182655144e-14,lavafontäne+n schieß+en,3.4928532388349542
-4.852765861197574,-1.0740654269292045,-0.08607723147951404,0.02429037332853843,1.1102230246251565e-15,200,7.642272720707398
-8.35331275226749,1.0951846424869547,0.023659198188541494,-0.0038235813647994506,-1.4432899320127035e-15,schieß+en 200,3.524324803811572
-4.644662314731154,-1.2035306655565994,-0.10480750735365171,0.017879071568216078,5.551115123125783e-15,200 meter,7.887328588612055
-8.179249820512178,0.9851541149452452,0.06054150344082676,0.022816633615524,-1.532107773982716e-14,hoch behörde+n,3.7302931740507197
-7.740769941269884,0.713960503801446,0.045662820479310376,0.030942726514325412,-1.6542323066914832e-14,warn+en seit,4.245825604508112
-6.2368324215171445,-0.21663745083654362,-0.005143720462026408,0.04241417904201264,-1.4876988529977098e-14,seit tag+en,6.014285272675107
-7.107401728688353,0.3219085043395129,0.02821201651364738,0.04020210209222666,-1.787459069646502e-14,tag+en spuck+t,4.990672993873869
-7.498154257971381,0.5633908353677257,-0.12019741282687169,-0.045410916577352606,3.042011087472929e-14,Lavasäulen,4.53109828295958
-7.498154257971381,0.5633908353677257,-0.12019741282687169,-0.045410916577352606,3.042011087472929e-14,hawaii lavasäul+en,4.53109828295958
-8.198356321059775,0.9993001352219353,0.018282202478951196,-6.124084387600787e-06,-2.220446049250313e-15,lavasäul+en himmel,3.7065346215002606
-8.512763463204239,1.192733264799423,0.05198175686403955,0.003650757637074724,-7.438494264988549e-15,wie sicherheit,3.337454917826301
-8.56312750604199,1.2230410279265886,0.06674933994584364,0.008999281754245384,-1.1102230246251565e-14,Inselbewohner,3.2787049713468455
-8.56312750604199,1.2230410279265886,0.06674933994584364,0.008999281754245384,-1.1102230246251565e-14,sicherheit insel+bewohner,3.2787049713468455
-8.437502884530133,1.1447501704672036,0.07074912071216954,0.017103515650089985,-1.4432899320127035e-14,insel+bewohner derzeit,3.4267300322359455
-8.331606725891035,1.0793223023912875,0.06641404490930919,0.019544243959800634,-1.4876988529977098e-14,bestellt,3.551197670407258
-8.331606725891035,1.0793223023912875,0.06641404490930919,0.019544243959800634,-1.4876988529977098e-14,derzeit bestell+t,3.551197670407258
-7.970521811187203,0.8560881066952621,0.05311642190047666,0.026900459331596144,-1.5987211554602254e-14,der kilauea,3.975683974490078
-7.016438488106362,0.265580608019913,0.026012686053875106,0.041350444013433574,-1.8096635301390052e-14,kilauea aktiv+st+en,5.097659028450145
-7.611703599893392,0.6363946840049897,-0.0122456071006945,0.005320060270024119,-5.551115123125783e-16,welt erneut,4.396297489576736
-7.634306610858003,0.6502221930898986,-0.003962954304521593,0.008834181361837628,-2.7755575615628914e-15,Schon,4.369814491410063
-8.275397619077753,1.0469608426201173,0.02132132081310581,-0.001648825709041419,-1.887379141862766e-15,schon seit,3.6159498999701363
-8.526530496348881,1.201386089925374,0.05003667775275418,0.001958390431886118,-6.5503158452884236e-15,zeigte,3.321192211481748
-8.526530496348881,1.201386089925374,0.05003667775275418,0.001958390431886118,-6.5503158452884236e-15,tag+en zeig+te,3.321192211481748
-8.625510644287987,1.2622318346740855,0.05960520658121923,0.0020677232388156552,-7.771561172376096e-15,Schildvulkan,3.2050253394124324
-8.625510644287987,1.2622318346740855,0.05960520658121923,0.0020677232388156552,-7.771561172376096e-15,zeig+te schild+vulkan,3.2050253394124324
-8.765982464958963,1.3485805672919757,0.07209413142181653,0.0011808404217303718,-8.881784197001252e-15,hawaiianischen,3.040162483431246
-8.765982464958963,1.3485805672919757,0.07209413142181653,0.0011808404217303718,-8.881784197001252e-15,schild+vulkan hawaiianisch+en,3.040162483431246
-8.841731998530584,1.3951419966841179,0.07844343139268811,0.00024185452430798907,-9.325873406851315e-15,hawaiianisch+en insel,2.951260794049714
-8.868038779824893,1.4113114605121047,0.08060117879048168,-0.0001555144410443285,-9.43689570931383e-15,Big,2.920386767932431
-8.868038779824893,1.4113114605121047,0.08060117879048168,-0.0001555144410443285,-9.43689570931383e-15,insel big,2.920386767932431
5.678702050170315,-7.605303005700003,-0.07217923779703121,0.09164260775972462,-2.5202062658991053e-14,Island,20.034517859693604
-8.884525930589014,1.421445047679318,0.08194291792703146,-0.0004228819541900186,-9.43689570931383e-15,big island,2.901037323871243
-8.911577033883567,1.438071145398327,0.08412843174139292,-0.0008918277096129391,-9.547918011776346e-15,verstärkte,2.8692901830840487
-8.911577033883567,1.438071145398327,0.08412843174139292,-0.0008918277096129391,-9.547918011776346e-15,island verstärk+t+e,2.8692901830840487
-8.950059232692546,1.4617218120941315,0.08720758003385576,-0.0016230534043938927,-9.658940314238862e-15,verstärk+t+e aktivität,2.824128136294025
-9.012635951922011,1.5001768818927226,0.09215545245120713,-0.0029708329463678795,-9.769962616701378e-15,sc…,2.7506911624806882
-9.012635951922011,1.5001768818927226,0.09215545245120713,-0.0029708329463678795,-9.769962616701378e-15,montag sc…,2.7506911624806882
-9.02581888009064,1.5082774247504802,0.09319060998866932,-0.0032796287565187224,-9.769962616701378e-15,sc… +1703,2.735220705917487
-9.04090078943431,1.517544486971699,0.09437251398314128,-0.0036434740032617215,-9.769962616701378e-15,+1703 chars,2.717521941236526
-8.868472011027457,1.4107571747910557,0.09099437368771318,0.00540458490740562,-1.2656542480726785e-14,Arktische,2.9203268671509766
-8.823848941033361,1.38323870546175,0.08867454147188195,0.006771323439981845,-1.2878587085651816e-14,Zauberwelt,2.972747166893121
-8.823848941033361,1.38323870546175,0.08867454147188195,0.006771323439981845,-1.2878587085651816e-14,arktisch+e zauber+welt,2.972747166893121
-8.71413403234097,1.315552387012047,0.0832088071273637,0.00996406243241265,-1.3322676295501878e-14,zauber+welt feuer,3.101647722645388
-8.645078331622384,1.272932319638931,0.07993061222488312,0.011860867978215051,-1.3655743202889425e-14,Eis,3.1827887321846973
-8.645078331622384,1.272932319638931,0.07993061222488312,0.011860867978215051,-1.3655743202889425e-14,feuer eis,3.1827887321846973
-8.613876275834777,1.25367083153272,0.07848791418369816,0.012691408649838035,-1.3766765505351941e-14,eis island,3.2194536447148314
-6.260954412455122,-0.20238926325202167,0.010020748516832184,0.049591386682468416,-1.9206858326015208e-14,Grönland,5.986300378698447
-6.260954412455122,-0.20238926325202167,0.010020748516832184,0.049591386682468416,-1.9206858326015208e-14,island grönland,5.986300378698447
-6.941815622036889,0.21936798988231132,0.024257679938086862,0.04226402848562638,-1.8207657603852567e-14,Bord,5.1854282552505415
-6.675629551010815,0.0545019392305508,0.01833243314828796,0.04533108777920826,-1.865174681370263e-14,luxuriösen,5.498520739800832
-6.675629551010815,0.0545019392305508,0.01833243314828796,0.04533108777920826,-1.865174681370263e-14,bord luxuriös+en,5.498520739800832
-6.218291559614063,-0.22882217005781458,0.00922202661720041,0.04999838915903289,-1.9206858326015208e-14,Scenic,6.036486267972868
-6.218291559614063,-0.22882217005781458,0.00922202661720041,0.04999838915903289,-1.9206858326015208e-14,luxuriös+en scenic,6.036486267972868
-5.792387182705648,-0.4927300029609567,0.0017524450933446428,0.053786166113690824,-1.9761969838327786e-14,Eclipse,6.537508934581842
-5.792387182705648,-0.4927300029609567,0.0017524450933446428,0.053786166113690824,-1.9761969838327786e-14,scenic eclipse,6.537508934581842
-5.040265763243186,-0.9588701688431049,-0.009547177837555668,0.05946084387170607,-2.0539125955565396e-14,bestaunen,7.42233906422948
-5.040265763243186,-0.9588701688431049,-0.009547177837555668,0.05946084387170607,-2.0539125955565396e-14,eclipse bestaun+en,7.42233906422948
-2.8743622042639316,-2.301598530665674,-0.03298377084316761,0.07109896110875938,-2.2093438190040615e-14,bestaun+en sie,9.970624440201615
-0.28552094514476245,-3.9068246490115457,-0.05061085890176067,0.07986631685225032,-2.3314683517128287e-14,sie vulkan+landschaft+en,13.016698354013446
-5.638977071990727,-0.587799889338628,-0.0007329001966292908,0.05503957571286784,-1.9872992140790302e-14,Eisberge,6.717982643161748
-5.638977071990727,-0.587799889338628,-0.0007329001966292908,0.05503957571286784,-1.9872992140790302e-14,vulkan+landschaft+en eis+berg+e,6.717982643161748
-6.407202687893293,-0.11178159617693906,0.012835251942491091,0.048153958006235925,-1.8984813721090177e-14,stille,5.814265599392344
-6.407202687893293,-0.11178159617693906,0.012835251942491091,0.048153958006235925,-1.8984813721090177e-14,eis+berg+e still+e,5.814265599392344
-6.675629551010815,0.0545019392305508,0.01833243314828796,0.04533108777920826,-1.865174681370263e-14,Fjorde,5.498520739800832
-6.675629551010815,0.0545019392305508,0.01833243314828796,0.04533108777920826,-1.865174681370263e-14,still+e fjord+e,5.498520739800832
-6.967354324586719,0.23518397865458995,0.024853437855051827,0.041954172353447935,-1.8096635301390052e-14,klaren,5.155390200660934
-6.967354324586719,0.23518397865458995,0.024853437855051827,0.041954172353447935,-1.8096635301390052e-14,fjord+e klar+en,5.155390200660934
-7.1287832118858505,0.3351480572886447,0.028738887444817215,0.03992642396567861,-1.787459069646502e-14,Nordlicht,4.965525630324479
-7.1287832118858505,0.3351480572886447,0.028738887444817215,0.03992642396567861,-1.787459069646502e-14,klar+en nordlicht,4.965525630324479
-7.383188219827064,0.49265553209294755,0.03531786994978797,0.03646445174734245,-1.7319479184152442e-14,genießen,4.666324936249923
-7.383188219827064,0.49265553209294755,0.03531786994978797,0.03646445174734245,-1.7319479184152442e-14,nordlicht genieß+en,4.666324936249923
-7.513099774965934,0.573069169780775,0.03891620313281159,0.0345549909147847,-1.709743457922741e-14,einzigartige,4.513548219235973
-7.513099774965934,0.573069169780775,0.03891620313281159,0.0345549909147847,-1.709743457922741e-14,genieß+en einzigartig+e,4.513548219235973
-7.6009779772543755,0.6274570991961483,0.041450807225391004,0.03320293157692849,-1.687538997430238e-14,Naturmomente,4.4102071939316305
-7.6009779772543755,0.6274570991961483,0.041450807225391004,0.03320293157692849,-1.687538997430238e-14,einzigartig+e natur+moment+e,4.4102071939316305
-4.77215798396889,-1.12505638570159,-0.01309342770118814,0.061230545805961156,-2.0761170560490427e-14,Vulkanlandschaften…,7.737765953269621
-7.700571531019115,0.6890875524600131,0.04442804784460934,0.03160707282990057,-1.6653345369377348e-14,+5457,4.293093940124527
-7.700571531019115,0.6890875524600131,0.04442804784460934,0.03160707282990057,-1.6653345369377348e-14,vulkanlandschaften… +5457,4.293093940124527
-7.912623239980011,0.8202768298296896,0.051171407259200954,0.027960681586184276,-1.609823385706477e-14,+5457 chars,4.0437578714501425
-2.836620259457435,-2.32499910161912,-0.03330577273201497,0.07125840970867638,-2.2093438190040615e-14,Fernen,10.015031283434759
-7.016438488106362,0.265580608019913,0.026012686053875106,0.041350444013433574,-1.8096635301390052e-14,vulkan fern+en,5.097659028450145
-3.514241432146915,-1.904875002595832,-0.027141900189772174,0.06820630494689225,-2.1649348980190553e-14,fern+en osten,9.21775487830432
-1.1783846667996247,-3.352825853618373,-0.10392508327774594,0.04911628583215706,-5.88418203051333e-15,Russlands,11.96584764073652
-1.1783846667996247,-3.352825853618373,-0.10392508327774594,0.04911628583215706,-5.88418203051333e-15,osten russland+s,11.96584764073652
-8.027685004770808,0.8927310074940773,0.034223487487732615,0.014962302005948929,-9.43689570931383e-15,russland+s spuck+t,3.9077641364135047
-8.11018023277425,0.94499535183615,0.00663506311691589,-0.002496498704424314,0.0,spuck+t kilometerhoh+e,3.8100700626493866
-8.376846011319998,1.1095072797095757,0.030461352835914612,-0.0013230376111460773,-3.1086244689504383e-15,himmel spektakulär+e,3.4967881265523113
-5.298532526487884,-0.7987936741360917,-0.005906794882977615,0.05763903729732481,-2.0317081350640365e-14,bild+er fern+en,7.118495729775232
-2.8743622042639316,-2.301598530665674,-0.03298377084316761,0.07109896110875938,-2.2093438190040615e-14,russland+s der,9.970624440201615
1.863103376248727,-5.238983353062299,-0.1049282713725796,0.06356506707473762,-1.1102230246251565e-14,Schiwelutsch,15.544688225684498
1.863103376248727,-5.238983353062299,-0.1049282713725796,0.06356506707473762,-1.1102230246251565e-14,vulkan schiwelutsch,15.544688225684498
-6.1658222579921,-0.2613316668275796,0.008253025451008783,0.05049162715068075,-1.9317880628477724e-14,schiwelutsch ab+ge+leg+en+en,6.098208267627088
-6.600642325079915,0.009184988485954282,-0.007935337025586173,0.03366653789307993,-1.1324274851176597e-14,ab+ge+leg+en+en halbinsel,5.586089027544922
-2.240249412092865,-2.6959328816998673,-0.14639565537363206,0.02157603215093309,9.103828801926284e-15,Kamtschatka,10.717162623348985
-6.760575359297242,0.1090660920218558,-0.050745183322118775,0.00866196410412072,2.6645352591003757e-15,halbinsel kamtschatka,5.397465203228023
-6.376497367571082,-0.15180384911256217,-0.29259678308717435,-0.09994015230611669,7.016609515630989e-14,kamtschatka aus+ge+brech+en,5.860963782070865
-5.3735343338420245,-0.7619784365029689,-0.22813109363918876,-0.05128234102437659,4.5075054799781356e-14,aus+ge+brech+en riesig+e,7.034998336300303
-8.747628653143193,1.3399573276354506,-0.013692751611958397,-0.04311539842068304,1.709743457922741e-14,der asche+säule,3.060170260131323
-8.819588001563945,1.3843899788407252,0.008290074922273225,-0.03573815414702654,1.199040866595169e-14,asche+säule steig,2.975636032743775
-8.871702720738465,1.4163929943977902,0.02261846019159261,-0.031291736792715644,8.659739592076221e-15,steig knapp,2.914504668276619
-8.898830362486414,1.4330093940847828,0.029578447608420738,-0.029264614679523872,7.105427357601002e-15,9000,2.8827050833047956
-8.898830362486414,1.4330093940847828,0.029578447608420738,-0.029264614679523872,7.105427357601002e-15,knapp 9000,2.8827050833047956
-8.909115605480883,1.4391649661752437,0.0364724279116737,-0.02623770878719923,5.10702591327572e-15,9000 meter,2.8707312609302864
-8.894621330524512,1.4287841323345334,0.06611243805435868,-0.009525353465589217,-4.3298697960381105e-15,Regionalbüro,2.8885657084956664
-8.894621330524512,1.4287841323345334,0.06611243805435868,-0.009525353465589217,-4.3298697960381105e-15,hoch regionalbüro,2.8885657084956664
-8.860698286720178,1.4065544339241058,0.08324326918663263,0.0016992408960304836,-1.0325074129013956e-14,Russis…,2.9291359398784165
-8.860698286720178,1.4065544339241058,0.08324326918663263,0.0016992408960304836,-1.0325074129013956e-14,regionalbüro russis…,2.9291359398784165
-8.835009247748502,1.3902635344314926,0.08753155750187444,0.005510631178721307,-1.2212453270876722e-14,russis… kopier+e,2.9595590243197094
-8.449275268208634,1.1520223861680525,0.07124482400837895,0.01682303662778073,-1.4432899320127035e-14,hin+zu+füg+en spektakulär+e,3.4128938142003227
-8.590974636408866,1.2428828940547447,0.007966771814734486,-0.02334921060196789,7.549516567451064e-15,ei…,3.2444910635841437
-8.590974636408866,1.2428828940547447,0.007966771814734486,-0.02334921060196789,7.549516567451064e-15,aus+ge+brech+en ei…,3.2444910635841437
-8.639984785368355,1.2729768241406236,0.019727369934538413,-0.019724327142875035,4.884981308350689e-15,+808,3.1869998544764675
-8.639984785368355,1.2729768241406236,0.019727369934538413,-0.019724327142875035,4.884981308350689e-15,ei… +808,3.1869998544764675
-8.682198376107095,1.2988508993124643,0.02897028342683923,-0.017102921828035,2.6645352591003757e-15,+808 chars,3.1375044811113013
-7.059506432471023,0.2886981302309435,-0.1618268032367759,-0.05344540360988227,3.8191672047105385e-14,Russland,5.048576766206064
-7.059506432471023,0.2886981302309435,-0.1618268032367759,-0.05344540360988227,3.8191672047105385e-14,vulkan+ausbruch russland,5.048576766206064
-5.067286158638016,-0.9451339768411318,-0.1669912408251144,-0.017684484909861856,2.5757174171303632e-14,verursacht,7.391885512758871
-7.44601443096534,0.5283507308962552,-0.1546747820769333,-0.0608382758137489,3.9968028886505635e-14,russland verursach+t,4.5938200200062305
-7.6439343145469305,0.646656290959251,-0.1906868753963079,-0.08481220877069887,5.284661597215745e-14,verursach+t riesig+e,4.363214998161663
-7.955489953735635,0.8413389078089857,-0.1704594993655636,-0.08600463269014155,5.084821452783217e-14,asche+wolke ein,3.995877717629238
-5.38854570697147,-0.781771191774459,-0.38480379828533307,-0.1242259055798688,8.970602038971265e-14,gewaltig+e asche+wolke,7.032417511620687
-5.496439194454343,-0.6811092359110558,-0.18659290508446807,-0.033510997449368043,3.375077994860476e-14,hängt,6.887996236722748
-5.496439194454343,-0.6811092359110558,-0.18659290508446807,-0.033510997449368043,3.375077994860476e-14,asche+wolke häng+t,6.887996236722748
-4.9178628169249805,-1.0348862358204585,-0.12298963226167697,0.005520419375264471,1.2212453270876722e-14,häng+t kamtschatka,7.566243415238345
-4.861290689479166,-1.0867173741326233,-0.28025895514052196,-0.06816107444853141,5.728750807065808e-14,schiwelutsch aus+ge+brech+en,7.641383101966392
-6.465952146065763,-0.07691261124743498,-0.14158052924979986,-0.029631632656084154,2.708944180085382e-14,aus+ge+brech+en himmel,5.745716102532263
-6.733916667687278,0.08972188463129971,-0.13109488512830708,-0.03043277584805169,2.6201263381153694e-14,himmel osten,5.430187491454926
-7.045990612265903,0.2835959616626389,-0.12041074480698166,-0.03279350802650066,2.5757174171303632e-14,russland+s verdunkel+t,5.06281812113517
-7.533157971343673,0.5865033405135813,-0.09521849657617329,-0.034067773693882336,2.3314683517128287e-14,warn+en folge+n,4.4892101318159625
-7.526186101486202,0.5824319155196123,-0.0899674735715692,-0.031230296005240906,2.1760371282653068e-14,folge+n hundert+e,4.497289101237219
-8.49598272936349,1.1840288072897285,-0.03977772191539175,-0.043394612383545916,2.020605904817785e-14,hundert+e kilo+meter,3.3561588944503313
-8.415682058159115,1.1342622216751783,-0.044940660990723996,-0.042200445077769974,2.042810365310288e-14,kilo+meter weit,3.4506196354422567
-8.33590768371453,1.0847588845941267,-0.05177965733954351,-0.04204430640341075,2.1094237467877974e-14,weit spür+en,3.544491841316037
-8.82635070848891,1.3885705107538213,0.008589061303783674,-0.03598070363082036,1.199040866595169e-14,Kilo…,2.967686264475687
-8.82635070848891,1.3885705107538213,0.008589061303783674,-0.03598070363082036,1.199040866595169e-14,hundert+e kilo…,2.967686264475687
-8.849510855787706,1.4028827889474813,0.00993950491308443,-0.03665207499138999,1.199040866595169e-14,+1861,2.940463818166373
-8.849510855787706,1.4028827889474813,0.00993950491308443,-0.03665207499138999,1.199040866595169e-14,kilo… +1861,2.940463818166373
-8.868155758768824,1.4144036065938947,0.01103963022346531,-0.0372003444056104,1.2212453270876722e-14,+1861 chars,2.918549241218542
-7.016438488106362,0.265580608019913,0.026012686053875106,0.041350444013433574,-1.8096635301390052e-14,Tödlicher,5.097659028450145
-4.77215798396889,-1.12505638570159,-0.01309342770118814,0.061230545805961156,-2.0761170560490427e-14,tödlich+er vulkan,7.737765953269621
-6.675629551010815,0.054501939230551244,0.01833243314828814,0.04533108777920815,-1.865174681370263e-14,aufgewacht,5.498520739800831
-6.675629551010815,0.054501939230551244,0.01833243314828814,0.04533108777920815,-1.865174681370263e-14,vulkan auf+ge+wach+t,5.498520739800831
-7.657977150416576,0.6627304129343972,0.04314069459891698,0.03229815044721517,-1.6764367671839864e-14,auf+ge+wach+t wissenschaftler,4.343180568946109
-8.138825120615206,0.9601624210152799,0.05905015645654327,0.023641607827983725,-1.554312234475219e-14,wissenschaftler beobacht+en,3.7778157963506116
-7.146011471728054,0.3458157142334706,0.029166225854389563,0.039702657737449104,-1.787459069646502e-14,genau,4.945263097896762
-8.387350934241326,1.1137664712816888,0.0686687071735553,0.01827753263061028,-1.4654943925052066e-14,beobacht+en genau,3.4856758917671686
-5.947555937483878,-0.3965756861612624,0.004372525858990506,0.0524612059383964,-1.9539925233402755e-14,Vor,6.354969434584765
-8.460766150244371,1.1591204363062386,0.07173142694520179,0.01654742639937534,-1.4432899320127035e-14,genau vor,3.3993885982544656
-8.504128921809993,1.1859036356097266,0.07359265607850282,0.015490654178245605,-1.4210854715202004e-14,vor mehr,3.348425768363944
-8.400374916190001,1.121813111626603,0.06920415396762677,0.01797584982475459,-1.4654943925052066e-14,mehr vier,3.4703679565272507
-8.331606725891035,1.0793223023912875,0.06641404490930919,0.019544243959800634,-1.4876988529977098e-14,Jahrzehnten,3.551197670407258
-8.331606725891035,1.0793223023912875,0.06641404490930919,0.019544243959800634,-1.4876988529977098e-14,vier jahrzehnt+en,3.551197670407258
-7.8148282517517,0.7597802173750892,0.04798985339304532,0.029686674134527666,-1.6431300764452317e-14,jahrzehnt+en letzt+e,4.158744573334073
-7.265459568415082,0.4197724617724923,0.0322001038438848,0.03810966556562343,-1.765254609153999e-14,gewütet,4.804780357916136
-7.265459568415082,0.4197724617724923,0.0322001038438848,0.03810966556562343,-1.765254609153999e-14,mal ge+wüt+et,4.804780357916136
-4.77215798396889,-1.12505638570159,-0.01309342770118814,0.061230545805961156,-2.0761170560490427e-14,ge+wüt+et vulkan,7.737765953269621
-6.1173509476347965,-0.2913647506511787,0.007370629663199735,0.050940280952138685,-1.942890293094024e-14,Chichón,6.1552276516986755
-7.016438488106362,0.265580608019913,0.026012686053875106,0.041350444013433574,-1.8096635301390052e-14,vulkan chichón,5.097659028450145
-7.612735217910432,0.6347331739459592,0.04179636192709178,0.03301813689702949,-1.687538997430238e-14,Forschende,4.396381456014982
-8.360242081931219,1.0970167120973016,0.0675648116271923,0.01889844939085233,-1.4765966227514582e-14,Aktivitäten,3.51753926015698
-8.360242081931219,1.0970167120973016,0.0675648116271923,0.01889844939085233,-1.4765966227514582e-14,forsch+end+e aktivität+en,3.51753926015698
-3.5411653498585567,-1.8873866899706644,-0.08852542578962858,0.038013593696241556,-3.552713678800501e-15,entdeckt,9.18555926561023
-8.413065622559401,1.129653529243972,0.06972912814906213,0.017679745203669606,-1.454392162258955e-14,aktivität+en entdeck+t,3.455451915105137
-8.179249820512178,0.9851541149452452,0.06054150344082676,0.022816633615524,-1.532107773982716e-14,nach mehr,3.7302931740507197
-7.88160312791889,0.8010887383585499,0.0501484097980216,0.02851676738099343,-1.6209256159527285e-14,mehr jahr+en,4.080230475584151
-7.398712403009119,0.502265472110845,0.035738914972150926,0.03624162057672378,-1.7319479184152442e-14,jahr+en ruhe,4.648068039132458
-7.016438488106362,0.265580608019913,0.026012686053875106,0.041350444013433574,-1.8096635301390052e-14,ruhe zeig+t,5.097659028450145
-4.77215798396889,-1.12505638570159,-0.01309342770118814,0.061230545805961156,-2.0761170560490427e-14,zeig+t vulkan,7.737765953269621
-6.675629551010815,0.054501939230551244,0.01833243314828814,0.04533108777920815,-1.865174681370263e-14,beunruhigende,5.498520739800831
-6.675629551010815,0.054501939230551244,0.01833243314828814,0.04533108777920815,-1.865174681370263e-14,vulkan beunruhig+end+e,5.498520739800831
-7.700571531019115,0.6890875524600131,0.04442804784460934,0.03160707282990057,-1.6653345369377348e-14,beunruhig+end+e anzeichen,4.293093940124527
-8.3739786541023,1.1055043060397587,0.06812239719468016,0.01858499501268644,-1.4765966227514582e-14,aktivität wissenschaftler,3.501393389332999
-8.553173852599958,1.2161915165645052,0.07574671907981931,0.014262465276961945,-1.3988810110276972e-14,wissenschaftler genau,3.290787599023269
-8.605705258548657,1.2486263409477674,0.07811394466149385,0.012906280394638184,-1.3877787807814457e-14,genau beobacht+en,3.22905546466447
-8.71413403234097,1.315552387012047,0.0832088071273637,0.00996406243241265,-1.3322676295501878e-14,handelt,3.101647722645388
-8.788966259698272,1.361722517590383,0.08690098460281592,0.007811513438808058,-1.2989609388114332e-14,handel+t dabei,3.0137275499697984
-8.864255155773208,1.4081569798983864,0.09077264036061347,0.005535523704572137,-1.2656542480726785e-14,dabei chichón,2.9252803999406494
-8.943395129292158,1.4569457549365188,0.09502484177390744,0.003013189503375674,-1.2212453270876722e-14,Nordwesten,2.8323205436804693
-8.943395129292158,1.4569457549365188,0.09502484177390744,0.003013189503375674,-1.2212453270876722e-14,chichón nordwesten,2.8323205436804693
-8.990100332769067,1.485727937404891,0.09762802674075144,0.0014571204221857405,-1.199040866595169e-14,mexi…,2.77746541641486
-8.990100332769067,1.485727937404891,0.09762802674075144,0.0014571204221857405,-1.199040866595169e-14,nordwesten mexi…,2.77746541641486
-9.00971231494824,1.4978112674528303,0.09874289195870678,0.000787902808771869,-1.1879386363489175e-14,+2944,2.7544326208089744
-9.00971231494824,1.4978112674528303,0.09874289195870678,0.000787902808771869,-1.1879386363489175e-14,mexi… +2944,2.7544326208089744
-9.025568413980858,1.50757935686222,0.09965392498497633,0.00023978312012512895,-1.176836406102666e-14,+2944 char+s,2.735811465412895
-6.5305384544141365,-0.03537492642473916,0.015305477321654506,0.046888046071125754,-1.887379141862766e-14,Teide,5.669186450926709
-6.5305384544141365,-0.03537492642473916,0.015305477321654506,0.046888046071125754,-1.887379141862766e-14,beb+en teid+e,5.669186450926709
-4.77215798396889,-1.12505638570159,-0.01309342770118814,0.061230545805961156,-2.0761170560490427e-14,teid+e vulkan,7.737765953269621
-6.802826850761445,0.13328736928860696,0.021100944384115902,0.04390130361535322,-1.84297022087776e-14,vulkan wie,5.3489069002359715
-7.1900011438097255,0.3730531113431219,0.03026891681888394,0.0391245611951174,-1.7763568394002505e-14,wie sicher,4.893526332777002
-3.5329050944769502,-1.8941825492065747,-0.13943282169140292,0.013643883208641738,1.1102230246251565e-14,Teneriffa,9.196079184552868
-7.778791537975856,0.7374850797613539,0.04684892430380801,0.030303171987625027,-1.6431300764452317e-14,sicher teneriffa,4.201117744430448
-7.740769941269884,0.713960503801446,0.045662820479310376,0.030942726514325412,-1.6542323066914832e-14,teneriffa tourist+en,4.245825604508112
-7.107401728688353,0.3219085043395129,0.02821201651364738,0.04020210209222666,-1.787459069646502e-14,Teneriffas,4.990672993873869
-4.77215798396889,-1.12505638570159,-0.01309342770118814,0.061230545805961156,-2.0761170560490427e-14,teneriffa+s vulkan,7.737765953269621
-6.675629551010815,0.054501939230551244,0.01833243314828814,0.04533108777920815,-1.865174681370263e-14,vibriert,5.498520739800831
-6.675629551010815,0.054501939230551244,0.01833243314828814,0.04533108777920815,-1.865174681370263e-14,vulkan vibrier+t,5.498520739800831
-7.513099774965935,0.5730691697807755,0.0389162031328117,0.03455499091478455,-1.709743457922741e-14,Ungewöhnliche,4.513548219235972
-7.513099774965935,0.5730691697807755,0.0389162031328117,0.03455499091478455,-1.709743457922741e-14,vibrier+t un+gewöhnlich+e,4.513548219235972
-8.023550677081742,0.8888837875214728,0.0549398975642551,0.025902940782505154,-1.587618925213974e-14,Signale,3.913337599963225
-8.023550677081742,0.8888837875214728,0.0549398975642551,0.025902940782505154,-1.587618925213974e-14,un+gewöhnlich+e signal+e,3.913337599963225
-5.414145191548233,-0.7258163808757998,-0.0721046522537451,0.023160828073004947,0.0,Tiefe,6.981677855673955
-8.331606725891035,1.0793223023912875,0.06641404490930919,0.019544243959800634,-1.4876988529977098e-14,signal+e tiefe,3.551197670407258
-8.482947436641439,1.172821298714128,0.07267852381135886,0.016010194307068033,-1.432187701766452e-14,Kanaren-Urlauberinnen,3.3733193928382303
-8.482947436641439,1.172821298714128,0.07267852381135886,0.016010194307068033,-1.432187701766452e-14,tiefe kanaren+-+urlauber+in+nen,3.3733193928382303
-7.224723511576639,0.3967620139525825,-0.04895015935355803,-0.0019737133577715157,6.439293542825908e-15,Urlauber,4.85139803818473
-8.562374982738662,1.22187310268627,0.07615678968225742,0.0140280222053327,-1.3988810110276972e-14,kanaren+-+urlauber+in+nen urlauber,3.279974658356722
-7.493956668281094,0.563617898373757,-0.04541494354382773,-0.00787985039516476,7.993605777301127e-15,urlauber wiss+en,4.534664662496219
-6.58893823504051,0.0025515783480907217,-0.03029026080739549,0.002430715630893615,2.6645352591003757e-15,sollten,5.599510200704687
-7.567333130513628,0.6090955488861365,-0.043134916210992406,-0.008972423745063903,8.215650382226158e-15,wiss+en soll+ten,4.448343176888848
-8.864255155773208,1.4081569798983864,0.09077264036061347,0.005535523704572137,-1.2656542480726785e-14,Kühles,2.9252803999406494
-8.896630471099169,1.428118652658742,0.09248876921976859,0.004520423800594631,-1.2434497875801753e-14,winterliches,2.8872500350776233
-8.896630471099169,1.428118652658742,0.09248876921976859,0.004520423800594631,-1.2434497875801753e-14,kühl+es winterlich+es,2.8872500350776233
-8.943395129292158,1.4569457549365188,0.09502484177390744,0.003013189503375674,-1.2212453270876722e-14,Wetter,2.8323205436804693
-8.943395129292158,1.4569457549365188,0.09502484177390744,0.003013189503375674,-1.2212453270876722e-14,winterlich+es wetter,2.8323205436804693
-8.97528695445192,1.4766000889370334,0.09679456784665227,0.001956318790669386,-1.2101430968414206e-14,Mitteleuropa,2.7948631787100022
-8.97528695445192,1.4766000889370334,0.09679456784665227,0.001956318790669386,-1.2101430968414206e-14,wetter mitteleuropa,2.7948631787100022
-9.052603308461615,1.5242316221753487,0.10122763228051165,-0.0007097078162948307,-1.1546319456101628e-14,spanischen,2.704063462728559
-9.052603308461615,1.5242316221753487,0.10122763228051165,-0.0007097078162948307,-1.1546319456101628e-14,mitteleuropa spanisch+en,2.704063462728559
-9.077325810714246,1.539456733573582,0.10268975999889801,-0.001594933221282853,-1.1435297153639112e-14,spanisch+en kanareninsel,2.675032526545935
-9.103987740199884,1.5558730795696838,0.10429192766971723,-0.0025683471511488178,-1.1324274851176597e-14,kanareninsel teneriffa,2.643725893708768
-9.130053889222125,1.5719193149525732,0.10588442188869684,-0.003539434755640874,-1.1102230246251565e-14,Sonne,2.61312062047067
-9.130053889222125,1.5719193149525732,0.10588442188869684,-0.003539434755640874,-1.1102230246251565e-14,teneriffa sonne,2.61312062047067
-9.140487500865522,1.578341275495447,0.10652926138587623,-0.003933664259443633,-1.1102230246251565e-14,lacht,2.600870625250085
-9.140487500865522,1.578341275495447,0.10652926138587623,-0.003933664259443633,-1.1102230246251565e-14,sonne lach+t,2.600870625250085
-9.156997816307673,1.588502366258446,0.10755848267975618,-0.004564104663434036,-1.099120794378905e-14,frühlingshafte,2.5814866486155887
-9.156997816307673,1.588502366258446,0.10755848267975618,-0.004564104663434036,-1.099120794378905e-14,lach+t frühlingshaft+e,2.5814866486155887
-9.179915960698379,1.6026047443763152,0.10900539396264797,-0.005452935023979814,-1.0769163338864018e-14,T-Shirt-Temperaturen,2.5545808223524062
-9.179915960698379,1.6026047443763152,0.10900539396264797,-0.005452935023979814,-1.0769163338864018e-14,frühlingshaft+e t-shirt+-+temperatur+en,2.5545808223524062
-9.20880641481632,1.6203780907976284,0.11086033935267459,-0.006596783245148459,-1.0547118733938987e-14,herrschen,2.5206657151732808
-9.20880641481632,1.6203780907976284,0.11086033935267459,-0.006596783245148459,-1.0547118733938987e-14,t-shirt+-+temperatur+en herrsch+en,2.5206657151732808
-7.636603740525118,0.6511492982748277,-0.08085034401107259,-0.030155105538855833,2.020605904817785e-14,Kein,4.367252084463911
-9.228695641220263,1.6326112012408018,0.11215797223716556,-0.0073998996326584444,-1.0436096431476471e-14,Wunder,2.497318810370379
-9.228695641220263,1.6326112012408018,0.11215797223716556,-0.0073998996326584444,-1.0436096431476471e-14,kein wunder,2.497318810370379
-9.25776146793364,1.6504843675103809,0.11408545659616143,-0.008597325528559723,-1.021405182655144e-14,wunder tag+en,2.4632022322461844
-9.268011938540191,1.6567863847738935,0.11477423167376269,-0.009026526639746558,-1.021405182655144e-14,+4906,2.451171200635698
-9.268011938540191,1.6567863847738935,0.11477423167376269,-0.009026526639746558,-1.021405182655144e-14,tag+en +4906,2.451171200635698
-9.27394081493716,1.6604311803623817,0.11517480400142935,-0.009276456029257824,-1.0103029524088925e-14,+4906 chars,2.444212607212943
-8.418580521682191,1.1332112404083905,0.06796597093313642,0.01649786410947329,-1.3988810110276972e-14,Momentaufnahmen,3.4488875145650315
-9.116900482469521,1.5639598245638182,0.10351790577512984,-0.0038969795987731475,-1.0769163338864018e-14,Februar,2.6284895501359946
-9.116900482469521,1.5639598245638182,0.10351790577512984,-0.0038969795987731475,-1.0769163338864018e-14,moment+aufnahme+n februar,2.6284895501359946
-9.099581189708218,1.5533048925266364,0.10237294850521828,-0.0033057345354251463,-1.0769163338864018e-14,februar bild+er,2.6488211048648966
-9.076812195874853,1.5392954619273393,0.10087975395374651,-0.002543948399150543,-1.0880185641326534e-14,Tages,2.675551188942269
-9.076812195874853,1.5392954619273393,0.10087975395374651,-0.002543948399150543,-1.0880185641326534e-14,bild+er tag+es,2.675551188942269
-9.06356588175242,1.5311442816270033,0.10001713506291979,-0.0021087396220819364,-1.099120794378905e-14,Schönes,2.6911024458689266
-9.06356588175242,1.5311442816270033,0.10001713506291979,-0.0021087396220819364,-1.099120794378905e-14,tag+es schön+es,2.6911024458689266
-9.042471045705788,1.5181621335409994,0.09865229565796588,-0.001427580271204841,-1.099120794378905e-14,Erschreckendes,2.7158686508867405
-9.042471045705788,1.5181621335409994,0.09865229565796588,-0.001427580271204841,-1.099120794378905e-14,schön+es erschreck+end+es,2.7158686508867405
-9.00077246791017,1.4924954252702665,0.09598491244979973,-0.00012327787376962066,-1.1213252548714081e-14,Absurdes,2.7648270294903847
-9.00077246791017,1.4924954252702665,0.09598491244979973,-0.00012327787376962066,-1.1213252548714081e-14,erschreck+end+es absurd+es,2.7648270294903847
-3.7489129507777106,-1.758724484240474,-0.09800815561221436,0.03135015607580688,0.0,ganz,8.941183610348222
-8.962117427900909,1.4686969240523131,0.09354596870043289,0.0010371571992433652,-1.1324274851176597e-14,absurd+es ganz,2.8102148134116454
-8.945890049758741,1.4587049163077876,0.09253112598240915,0.0015106975579528212,-1.1435297153639112e-14,Alltägliches,2.829269361570584
-8.945890049758741,1.4587049163077876,0.09253112598240915,0.0015106975579528212,-1.1435297153639112e-14,ganz alltäglich+es,2.829269361570584
-9.150140008610986,1.5844054945554196,0.10573855204645011,-0.00506088646930811,-1.0547118733938987e-14,alltäglich+es moment+aufnahme+n,2.589470732957059
-8.133748262535818,0.9572466035601097,0.05572812416639805,0.022102177035810126,-1.454392162258955e-14,Ecken,3.7836617272465953
-8.776875068498729,1.3545907186170383,0.0822282720771734,0.005988678484373157,-1.176836406102666e-14,moment+aufnahme+n eck+en,3.0277541186859755
-8.718640045513531,1.3187017872175681,0.07876945702692878,0.0073491515145827635,-1.1879386363489175e-14,eck+en welt,3.096151752201808
-8.679043532197765,1.2942954087071212,0.07643762944585458,0.008223361110485453,-1.199040866595169e-14,laufend,3.1426604145161257
-8.679043532197765,1.2942954087071212,0.07643762944585458,0.008223361110485453,-1.199040866595169e-14,welt lauf+end,3.1426604145161257
-8.61947459561137,1.2575730162397314,0.07295431416900106,0.00946284954986415,-1.199040866595169e-14,aktualisiert,3.2126309617010755
-8.61947459561137,1.2575730162397314,0.07295431416900106,0.00946284954986415,-1.199040866595169e-14,lauf+end aktualisier+t,3.2126309617010755
-8.382639023566897,1.1115176489051841,0.05925640648145747,0.013525838089574155,-1.1879386363489175e-14,feuer berg,3.4908506467121576
-8.295359845849926,1.0576756827865814,0.05420463182215643,0.01468453173251952,-1.1657341758564144e-14,Piton,3.5933901414467644
-8.295359845849926,1.0576756827865814,0.05420463182215643,0.01468453173251952,-1.1657341758564144e-14,berg piton,3.5933901414467644
-8.061694525767553,0.9134948219568964,0.04041466833751166,0.016896523719711315,-1.0880185641326534e-14,Fournaise,3.867928781964253
-8.061694525767553,0.9134948219568964,0.04041466833751166,0.016896523719711315,-1.0880185641326534e-14,piton fournais+e,3.867928781964253
-7.757062355886485,0.7254613824130351,0.021161192240733956,0.0177470074782733,-8.992806499463768e-15,fournais+e spuck+t,4.225880213043975
-6.456544971252282,-0.07943005310522189,-0.05646782002434865,0.012413324354256995,1.9984014443252818e-15,französischen,5.755173131774943
-7.398712403009119,0.502265472110845,0.035738914972150926,0.03624162057672378,-1.7319479184152442e-14,vulkan französisch+en,4.648068039132458
-7.970521811187203,0.8560881066952621,0.05311642190047666,0.026900459331596144,-1.5987211554602254e-14,Überseeinsel,3.975683974490078
-7.970521811187203,0.8560881066952621,0.05311642190047666,0.026900459331596144,-1.5987211554602254e-14,französisch+en übersee+insel,3.975683974490078
-3.1545476871993934,-2.1299184532504625,-0.1593494001164807,0.007777754827033273,1.554312234475219e-14,Réunion,9.641829402306684
-8.29745011787082,1.0583577430810927,0.06311969529288464,0.019279681811461617,-1.4432899320127035e-14,übersee+insel réunion,3.5912682546341883
-6.701968719658448,0.07273589104267231,-0.05008655015321458,0.010315516440115581,1.9984014443252818e-15,zweiten,5.466418949160409
-8.432748869741163,1.144081271152273,0.032628139129426914,-0.002739908200343928,-2.886579864025407e-15,réunion zweit+en,3.43106303688524
-6.859456470277791,0.1702442629244092,-0.06379159494717795,-0.00014458729143149163,7.327471962526033e-15,zweit+en mal,5.281169815181937
-8.401593356523612,1.12398573043783,-0.08472449852960327,-0.06190356439193774,3.219646771412954e-14,mal jahr,3.4679454952990287
-8.229348357556347,1.0073646828932679,-0.19251838573663937,-0.10822369649122175,6.150635556423367e-14,jahr aus+ge+brech+en,3.6756126047779363
-8.620257239418672,1.2611193957850837,-0.023936788219528764,-0.04150188060078569,1.7763568394002505e-14,Ungewöhnlich,3.2099451715864777
-7.833883062647014,0.7490779165957591,0.25899403486193784,-0.14631684524743455,2.2426505097428162e-14,+1263,4.148719065567243
-8.890870676892192,1.4272714828767659,0.05104026289170041,-0.01735210054388506,2.220446049250313e-16,un+gewöhnlich +1263,2.89252676719963
-8.915844767344097,1.4425105597157144,0.05594394397724556,-0.016270857500950756,-6.661338147750939e-16,+1263 chars,2.863279934051007
0.7037315558409976,-4.522976509075997,-0.05384948140400028,0.12978383355998022,-4.0967229608668276e-14,USA,14.182098251365193
-9.089950938721238,1.54723072110328,0.10344510766920623,-0.0020534078403167746,-1.1324274851176597e-14,supervulkan usa,2.6602077825202457
-9.066353427714416,1.5326998384938486,0.10203808235775422,-0.001200018944753297,-1.1546319456101628e-14,gigantisches,2.687916900260066
-9.066353427714416,1.5326998384938486,0.10203808235775422,-0.001200018944753297,-1.1546319456101628e-14,usa gigantisch+es,2.687916900260066
-9.035689496171505,1.5138138535891745,0.10024003944475388,-0.0001134500470660188,-1.1657341758564144e-14,Lithium-Vorkommen,2.723925729273547
-9.035689496171505,1.5138138535891745,0.10024003944475388,-0.0001134500470660188,-1.1657341758564144e-14,gigantisch+es lithium+-+vorkommen,2.723925729273547
-7.915432470718828,0.8220144794368989,0.051264700441120636,0.02790991602722893,-1.609823385706477e-14,bergen,4.040454884605037
-8.987193573775096,1.4839368923534328,0.09746390020533041,0.001555497923632937,-1.199040866595169e-14,lithium+-+vorkommen berg+en,2.780879258851598
-8.9660505198254,1.4709082538245302,0.09627859129092997,0.0022648919281247105,-1.2101430968414206e-14,berg+en der,2.8057112692485533
-8.95330129280168,1.463051158294675,0.09557099235868538,0.002687479975561763,-1.2212453270876722e-14,weltweite,2.8206853950923856
-8.95330129280168,1.463051158294675,0.09557099235868538,0.002687479975561763,-1.2212453270876722e-14,der weltweit+e,2.8206853950923856
-8.91903624928743,1.441931229714414,0.09369525902147985,0.003804451018042901,-1.2323475573339238e-14,Lithium-Hunger,2.860931792267445
-8.91903624928743,1.441931229714414,0.09369525902147985,0.003804451018042901,-1.2323475573339238e-14,weltweit+e lithium+-+hunger,2.860931792267445
-8.859986758318879,1.405524941499856,0.0905487366376928,0.005667678825272901,-1.2656542480726785e-14,wächst,2.9302945130264844
-8.859986758318879,1.405524941499856,0.0905487366376928,0.005667678825272901,-1.2656542480726785e-14,lithium+-+hunger wachs+t,2.9302945130264844
-5.498516003119394,-0.6748493705709704,-0.002922382690647027,0.056141171086758215,-2.0095036745715333e-14,Westen,6.883225365653522
-6.877786479418817,0.1797136410136999,0.022785766917689437,0.04302839761882285,-1.8318679906315083e-14,westen usa,5.260738712476994
-8.726629855722525,1.3232632151960606,0.08381498211949678,0.00961184730295117,-1.3322676295501878e-14,rückt,3.086965793922171
-8.726629855722525,1.3232632151960606,0.08381498211949678,0.00961184730295117,-1.3322676295501878e-14,usa rück+t,3.086965793922171
-8.62976450310093,1.263479174526579,0.07921962091992615,0.012270495654670598,-1.3766765505351941e-14,rück+t supervulka+n,3.200783537641293
-8.449275268208634,1.1520223861680525,0.07124482400837895,0.01682303662778073,-1.4432899320127035e-14,Fokus,3.4128938142003227
-8.449275268208634,1.1520223861680525,0.07124482400837895,0.01682303662778073,-1.4432899320127035e-14,supervulka+n fokus,3.4128938142003227
-8.285455890211207,1.05080163717803,0.06459156604726088,0.020563918216668222,-1.4988010832439613e-14,fokus ort,3.6054457168722367
-7.997601005766216,0.8728356656673522,0.05404245571016572,0.026394311735095873,-1.587618925213974e-14,ort möglich+en,3.943846548360928
-7.657977150416576,0.6627304129343972,0.04314069459891698,0.03229815044721517,-1.6764367671839864e-14,Großfund,4.343180568946109
-7.657977150416576,0.6627304129343972,0.04314069459891698,0.03229815044721517,-1.6764367671839864e-14,möglich+en großfund,4.343180568946109
-6.5305384544141365,-0.03537492642473916,0.015305477321654506,0.046888046071125754,-1.887379141862766e-14,alter,5.669186450926709
-6.5305384544141365,-0.03537492642473916,0.015305477321654506,0.046888046071125754,-1.887379141862766e-14,ein alt+er,5.669186450926709
-0.28552094514476245,-3.9068246490115457,-0.05061085890176067,0.07986631685225032,-2.3314683517128287e-14,Vulkankrater,13.016698354013446
-4.77215798396889,-1.12505638570159,-0.01309342770118814,0.061230545805961156,-2.0761170560490427e-14,alt+er vulkan+krater,7.737765953269621
-7.4579739468490915,0.538948534344946,0.03736828480793611,0.035377820108505036,-1.7208456881689926e-14,vulkan+krater westen,4.578375627082935
-8.331606725891035,1.0793223023912875,0.06641404490930919,0.019544243959800634,-1.4876988529977098e-14,Schlüsselort,3.551197670407258
-8.331606725891035,1.0793223023912875,0.06641404490930919,0.019544243959800634,-1.4876988529977098e-14,usa schlüssel+ort,3.551197670407258
-8.534185589407219,1.2044658819248837,0.07490645967074835,0.014742220318462073,-1.4099832412739488e-14,Energiewende,3.3131024737639194
-8.534185589407219,1.2044658819248837,0.07490645967074835,0.014742220318462073,-1.4099832412739488e-14,schlüssel+ort energie+wende,3.3131024737639194
-8.744657611635663,1.3343868624052038,0.08469673257740853,0.009098681533494014,-1.3211653993039363e-14,Grenze,3.0657845689055794
-8.828570935605212,1.386151008706916,0.08891728053155673,0.006628640856805777,-1.27675647831893e-14,Oregon,2.967199902548944
-8.828570935605212,1.386151008706916,0.08891728053155673,0.006628640856805777,-1.27675647831893e-14,grenze oregon,2.967199902548944
-8.876755218242927,1.4158645839430102,0.0914314780937836,0.00514627548989904,-1.2545520178264269e-14,Nevada,2.910596694769112
-8.876755218242927,1.4158645839430102,0.0914314780937836,0.00514627548989904,-1.2545520178264269e-14,oregon nevada,2.910596694769112
-8.904266436737608,1.4328262291060736,0.09289819321599735,0.004277673582273562,-1.2434497875801753e-14,nevada vermut+en,2.8782805768893667
-8.936618460669402,1.4527689190560855,0.09465305074324415,0.0032346873581621596,-1.2212453270876722e-14,Geologen,2.840280104345148
-8.936618460669402,1.4527689190560855,0.09465305074324415,0.0032346873581621596,-1.2212453270876722e-14,vermut+en geologe+n,2.840280104345148
-8.97830644783747,1.4784607402034737,0.09696386054354889,0.0018549972642442313,-1.199040866595169e-14,außergewöhnlich,2.7913168570375038
-8.97830644783747,1.4784607402034737,0.09696386054354889,0.0018549972642442313,-1.199040866595169e-14,geologe+n außergewöhnlich,2.7913168570375038
-9.022983305469424,1.5059868829033305,0.09950479729480866,0.00032958279281081887,-1.176836406102666e-14,großes,2.738847336979098
-9.022983305469424,1.5059868829033305,0.09950479729480866,0.00032958279281081887,-1.176836406102666e-14,außergewöhnlich groß+es,2.738847336979098
-9.040622750638514,1.5168525347281985,0.10052703714149622,-0.0002865864126657576,-1.1657341758564144e-14,Lithium-Vorkommen.…,2.7181324282021433
-9.040622750638514,1.5168525347281985,0.10052703714149622,-0.0002865864126657576,-1.1657341758564144e-14,groß+es lithium-vorkommen.…,2.7181324282021433
-9.087886071299634,1.545959318900491,0.10332116258930754,-0.00197812234185428,-1.1435297153639112e-14,+4329,2.6626323743507467
-9.087886071299634,1.545959318900491,0.10332116258930754,-0.00197812234185428,-1.1435297153639112e-14,lithium-vorkommen.… +4329,2.6626323743507467
-9.100049922383256,1.5534486871939057,0.10405361352095546,-0.0024233306181006935,-1.1324274851176597e-14,+4329 chars,2.6483495934065084
13.140197420048171,-12.232298028891094,-0.1107961494987626,0.0815277332690711,-1.7430501486614958e-14,Anno,28.814123970532506
14.651065189646612,-13.169478240696016,-0.12255202982597058,0.07684543434101274,-1.432187701766452e-14,117,30.592028767161977
12.730250931048325,-11.978093477623226,-0.11132478677067856,0.08099514095840539,-1.709743457922741e-14,anno 117,28.33175924826147
-2.7592710397221563,-2.3722032988277824,-0.07871231336974702,0.04983389522683724,-8.992806499463768e-15,Pax,10.105571277063719
-2.7592710397221563,-2.3722032988277824,-0.07871231336974702,0.04983389522683724,-8.992806499463768e-15,117 pax,10.105571277063719
-2.102275973490114,-2.779656497708013,-0.08129839452754367,0.05370712353945427,-1.0103029524088925e-14,Romana,10.878647094202206
-2.102275973490114,-2.779656497708013,-0.08129839452754367,0.05370712353945427,-1.0103029524088925e-14,pax romana,10.878647094202206
-9.340216396670545,1.7012131731328308,0.11918453968473255,-0.012478249946715921,-9.43689570931383e-15,Bauen,2.366405293902199
-9.340216396670545,1.7012131731328308,0.11918453968473255,-0.012478249946715921,-9.43689570931383e-15,romana bau+en,2.366405293902199
-9.33160406209728,1.6958681555388895,0.11915664522946692,-0.011773651161512171,-9.658940314238862e-15,Ägypten,2.376540878295457
-9.33160406209728,1.6958681555388895,0.11915664522946692,-0.011773651161512171,-9.658940314238862e-15,bau+en ägypten,2.376540878295457
-9.320977177693583,1.6893390385915135,0.11841086369572942,-0.01130415852770324,-9.769962616701378e-15,Pyramiden,2.3890113538257007
-9.320977177693583,1.6893390385915135,0.11841086369572942,-0.01130415852770324,-9.769962616701378e-15,ägypten pyramide+n,2.3890113538257007
-9.308937354943836,1.6819409053823093,0.11757254302111739,-0.010777391456352769,-9.880984919163893e-15,der neu+e,2.403140386583581
-7.038261046476628,0.27909437917971536,0.026534198470818657,0.041078496742236015,-1.7985612998927536e-14,Trailer,5.071992285625048
-9.30476225960412,1.679375203437785,0.11728346008258458,-0.010595983723697345,-9.880984919163893e-15,neu+e trailer,2.4080400867939775
-9.297902955610066,1.675159740997186,0.11681032306094014,-0.010299342291337516,-9.992007221626409e-15,versteckt,2.4160899852365967
-9.297902955610066,1.675159740997186,0.11681032306094014,-0.010299342291337516,-9.992007221626409e-15,trailer versteck+t,2.4160899852365967
-9.289001855696341,1.6696890184585724,0.11619965878191424,-0.009916962066586963,-9.992007221626409e-15,versteck+t viel+e,2.426536327630796
-9.283476713095943,1.6662929461295612,0.11582246914458821,-0.009681050142099298,-1.0103029524088925e-14,DLC-Details,2.4330207803612285
-9.283476713095943,1.6662929461295612,0.11582246914458821,-0.009681050142099298,-1.0103029524088925e-14,viel+e dlc-detail+s,2.4330207803612285
-6.00039041887911,-0.36383678114492346,0.0052903137219722784,0.05199617328296445,-1.9539925233402755e-14,könnt,6.292816065746588
-9.263968527878594,1.6543005613342616,0.11450196741274607,-0.008856786179990913,-1.021405182655144e-14,dlc-detail+s könn+t,2.455916931442432
-7.759172403958932,0.7253465853872978,0.04623465758720027,0.030634559773910865,-1.6542323066914832e-14,Aufbauspiel,4.224186888109385
-9.253525285188648,1.6478797649072314,0.11380219513487522,-0.008421015189286302,-1.0325074129013956e-14,könn+t aufbau+spiel,2.4681743637365567
-9.240317152236909,1.6397581013324714,0.11292415633252523,-0.007875237760539219,-1.0325074129013956e-14,bald,2.4836775105057685
-9.240317152236909,1.6397581013324714,0.11292415633252523,-0.007875237760539219,-1.0325074129013956e-14,aufbau+spiel bald,2.4836775105057685
-8.428976803027899,1.1394831358305695,0.07039187727401339,0.017305473034498548,-1.454392162258955e-14,gratis,3.4367509298965384
-9.234579590448062,1.636229761602734,0.11254514866795876,-0.007639996594940201,-1.0436096431476471e-14,bald gratis,2.4904121922405786
-9.226299657780483,1.6311376419705326,0.11200074463073806,-0.007302460973277334,-1.0436096431476471e-14,gratis test+en,2.500131262686781
-9.217715030534212,1.625857720748296,0.11143945546607448,-0.006954903891826559,-1.0547118733938987e-14,test+en gleich,2.510208213653821
-9.20880641481632,1.6203780907976284,0.11086033935267459,-0.006596783245148459,-1.0547118733938987e-14,gleich zwei,2.5206657151732808
-4.0127299072649985,-1.5990189211810732,0.09099850147675809,-0.05450644417539027,8.881784197001252e-15,wichtige,8.633235074602911
-9.202233169850826,1.6163346469700106,0.11043520913815069,-0.006334192687797752,-1.0658141036401503e-14,zwei wichtig+e,2.528381964919058
-9.189931020389661,1.608766503496593,0.10964446228405572,-0.005846459855107334,-1.0769163338864018e-14,Meldungen,2.5428236533340556
-9.189931020389661,1.608766503496593,0.10964446228405572,-0.005846459855107334,-1.0769163338864018e-14,wichtig+e meldung+en,2.5428236533340556
-9.170997605316579,1.597117280280672,0.10843979539529222,-0.005105136638986048,-1.0880185641326534e-14,meldung+en anno,2.5650507630095887
-9.156997816307673,1.588502366258446,0.10755848267975618,-0.004564104663434036,-1.099120794378905e-14,117 geb+t,2.5814866486155887
-9.143874917817453,1.5804261367612285,0.10673954098017396,-0.004062347583018447,-1.099120794378905e-14,geb+t heute,2.5968935582812813
-7.800410442118261,0.7508603912179681,0.04753140122440572,0.029934551721973846,-1.6431300764452317e-14,Spiel,4.175697425328121
-9.124678077439434,1.568610254275207,0.10555383976843744,-0.0033375565855910116,-1.1102230246251565e-14,der spiel,2.619432420663404
-9.100049922383256,1.5534486871939057,0.10405361352095546,-0.0024233306181006935,-1.1324274851176597e-14,spiel woche+n+ende,2.6483495934065084
-9.077325810714246,1.539456733573582,0.10268975999889801,-0.001594933221282853,-1.1435297153639112e-14,woche+n+ende gratis,2.675032526545935
-9.045474297132074,1.519840784008852,0.1008101255937637,-0.0004574752200673139,-1.1657341758564144e-14,gratis trailer,2.712435136189588
-9.025568413980858,1.50757935686222,0.09965392498497633,0.00023978312012512895,-1.176836406102666e-14,trailer werd+en,2.735811465412895
-9.006986594323537,1.4961319917251514,0.09858715847746097,0.0008814860687181118,-1.1879386363489175e-14,werd+en mehr,2.757633722548162
-8.992980009667955,1.487502261719482,0.09779090545125393,0.001359454799731822,-1.199040866595169e-14,mehr detail+s,2.7740833989713654
-8.946731099141134,1.4590018339795456,0.09520840718882759,0.002903760592224667,-1.2212453270876722e-14,kommenden,2.8284023031460888
-8.946731099141134,1.4590018339795456,0.09520840718882759,0.002903760592224667,-1.2212453270876722e-14,detail+s komm+end+en,2.8284023031460888
-8.911732953500916,1.4374291378812665,0.09330027908636895,0.0040390582118047455,-1.2434497875801753e-14,DLCs,2.869510269838667
-8.911732953500916,1.4374291378812665,0.09330027908636895,0.0040390582118047455,-1.2434497875801753e-14,komm+end+en dlc+s,2.869510269838667
-7.9773704053155114,0.8631608471326278,-0.02594294544694674,-0.014160643426468524,7.993605777301127e-15,enthüllt,3.966012143993803
-8.892746906556628,1.425724353676057,0.09228122982026926,0.004643390684792751,-1.2545520178264269e-14,dlc+s enthüll+t,2.8918118422514025
-8.814216361093706,1.3772975627136679,0.08818134835437688,0.007060988434104031,-1.2878587085651816e-14,Erweiterungen,2.98406336862753
-8.814216361093706,1.3772975627136679,0.08818134835437688,0.007060988434104031,-1.2878587085651816e-14,mit erweiterung+en,2.98406336862753
-8.71413403234097,1.315552387012047,0.0832088071273637,0.00996406243241265,-1.3322676295501878e-14,erweiterung+en anno,3.101647722645388
-8.652530621580059,1.2775323615515588,0.08027866806435005,0.011660112883767898,-1.3655743202889425e-14,117 könn+t,3.1740318965206735
-8.524384261285878,1.1984130463717724,0.074475864296487,0.01498774474348697,-1.4210854715202004e-14,könn+t spiel,3.3246211015332787
-8.42543717949819,1.1372964709956266,0.07024399996423072,0.017389027653499922,-1.454392162258955e-14,spiel neu+e,3.4409111534635324
-8.360242081931219,1.0970167120973016,0.0675648116271923,0.01889844939085233,-1.4765966227514582e-14,Features,3.51753926015698
-8.360242081931219,1.0970167120973016,0.0675648116271923,0.01889844939085233,-1.4765966227514582e-14,neu+e feature+s,3.51753926015698
-8.216976596117682,1.0084756446433014,0.06195785958811692,0.022030894492634928,-1.5210055437364645e-14,bereichern,3.68594342185921
-8.216976596117682,1.0084756446433014,0.06195785958811692,0.022030894492634928,-1.5210055437364645e-14,feature+s bereicher+n,3.68594342185921
-7.942227544975561,0.8385881080085045,0.052160044344289516,0.027422262626314038,-1.609823385706477e-14,Eines,4.008950511104029
-4.794337166325327,-1.111308295574149,-0.012808524969604336,0.06108853628324816,-2.0761170560490427e-14,davon,7.711672096407437
-7.740769941269884,0.713960503801446,0.045662820479310376,0.030942726514325412,-1.6542323066914832e-14,ein+es davon,4.245825604508112
-6.802826850761445,0.13328736928860696,0.021100944384115902,0.04390130361535322,-1.84297022087776e-14,davon aktiv+er,5.3489069002359715
-3.849798952992577,-1.6968401592217464,-0.023760051904481418,0.06653068460161722,-2.142730437526552e-14,2026,8.822950355343876
-2.0106572329052117,-2.836484616107135,-0.07450094415193714,0.05765166646704156,-1.2434497875801753e-14,erste,10.986469271807398
-7.740769941269884,0.713960503801446,0.045662820479310376,0.030942726514325412,-1.6542323066914832e-14,2026 erst+e,4.245825604508112
-7.942227544975561,0.8385881080085045,0.052160044344289516,0.027422262626314038,-1.609823385706477e-14,erst+e jahr,4.008950511104029
-8.301294125524237,1.060589893885879,0.06521260444560525,0.02021686947840018,-1.4988010832439613e-14,jungen,3.5868284171916835
-8.301294125524237,1.060589893885879,0.06521260444560525,0.02021686947840018,-1.4988010832439613e-14,jahr jung+en,3.5868284171916835
-8.400374916190001,1.121813111626603,0.06920415396762677,0.01797584982475459,-1.4654943925052066e-14,jung+en geschichte,3.4703679565272507
-8.562374982738662,1.22187310268627,0.07615678968225742,0.0140280222053327,-1.3988810110276972e-14,geschichte anno,3.279974658356722
-8.694621603286896,1.303510933512818,0.0822703265962095,0.010508450410300746,-1.3433698597964394e-14,117 wi…,3.1245742689576566
-8.726629855722525,1.3232632151960606,0.08381498211949678,0.00961184730295117,-1.3322676295501878e-14,+4875,3.086965793922171
-8.726629855722525,1.3232632151960606,0.08381498211949678,0.00961184730295117,-1.3322676295501878e-14,wi… +4875,3.086965793922171
-8.761883345105328,1.3450147555751664,0.08554734084356616,0.008602705230112268,-1.3100631690576847e-14,+4875 char+s,3.0455461433104567
8.343733312231553,-9.257765351211221,-0.09429108065404945,0.08441686896269752,-2.020605904817785e-14,philippinen vulkan,23.170238736257655
-6.388772749748172,-0.12173407398186908,-0.07890439808334929,0.0026879742913166436,8.215650382226158e-15,vulkan kanlaon,5.835027809421948
-5.010315810384006,-0.9771031309591893,-0.11175290891130982,0.009689302666460401,9.325873406851315e-15,kanlaon philippinen,7.45723821087514
-7.310925806035395,0.4262151212933598,-0.28592336107997635,-0.12033575823630495,7.682743330406083e-14,philippinen aus+ge+brech+en,4.762238761616245
-1.4281802129076748,-3.1976313018207256,-0.056082469697414684,-0.027319091896256902,1.6209256159527285e-14,Wegen,11.671913628692224
-7.174665825111192,0.35882337302206446,-0.1726718916996789,-0.06181804459509098,4.241051954068098e-14,aus+ge+brech+en wegen,4.913735846662581
-6.275701768323101,-0.1993689063299242,-0.1927486115890131,-0.05043304178351801,4.063416270128073e-14,erneuten,5.971852553487059
-6.275701768323101,-0.1993689063299242,-0.1927486115890131,-0.05043304178351801,4.063416270128073e-14,wegen erneut+en,5.971852553487059
-3.6824105817455504,-1.8128947058551925,-0.25560705596053157,-0.04251532523701175,4.5075054799781356e-14,erneut+en vulkan+ausbruch+s,9.025995065839378
-6.930815335265216,0.2085532286716738,-0.16753158992788786,-0.05293522216349786,3.863576125695545e-14,vulkan+ausbruch+s gelt,5.200171506615716
-7.549627619723066,0.5939465628426168,-0.13715547600443861,-0.05541249299312878,3.597122599785507e-14,gelt philippinisch+en,4.471224198341327
-5.866907366422395,-0.4453481942295854,-0.09046653159008212,0.020336866232294467,3.1086244689504383e-15,philippinisch+en insel,6.449051848740506
-8.04629028985283,0.9057152709556218,-0.0841209288824222,0.058245583837112785,-1.1213252548714081e-14,zweithöchste,3.884850885795119
-8.04629028985283,0.9057152709556218,-0.0841209288824222,0.058245583837112785,-1.1213252548714081e-14,negro+s zweithöchst+e,3.884850885795119
-7.848495236761405,0.7620163090073944,-0.06227322321662478,0.2780313309996831,-9.314771176605063e-14,zweithöchst+e warn+stufe,4.128567431555371
-8.13741667703717,0.9626996818612621,-0.05650751139374218,0.009180415937164722,3.3306690738754696e-15,Castellana,3.777462579503914
-8.13741667703717,0.9626996818612621,-0.05650751139374218,0.009180415937164722,3.3306690738754696e-15,stadt castellana,3.777462579503914
-5.194530998936108,-0.8620057334287927,-0.06041347184433375,0.03675968915539864,-6.328271240363392e-15,gab,7.240104741127748
-8.055315815486015,0.9113909181140714,-0.05326489017057852,-0.02114418358604957,1.3766765505351941e-14,castellana geb,3.8743040303333776
-7.9564496965695,0.8499919032569401,-0.0507642078900469,-0.026034513970096578,1.532107773982716e-14,geb asche+regen,3.9906921647179643
-7.535034488427584,0.5890695933437371,-0.04530058010043675,-0.009070202824183565,8.43769498715119e-15,erneuter,4.4863421529112335
-7.535034488427584,0.5890695933437371,-0.04530058010043675,-0.009070202824183565,8.43769498715119e-15,ein erneut+er,4.4863421529112335
-7.069698308022668,0.30069529327297895,-0.04463553484974183,0.004263017499918208,3.552713678800501e-15,erneut+er ausbruch,5.033779371479124
-6.622362336703062,0.02336580966309043,-0.04279490427409846,0.015711301372741078,-7.771561172376096e-16,vulkan+s kanlaon,5.560101834812464
-8.046611972651306,0.9053927200546061,-0.06602909912065962,-0.037207772327225705,2.1094237467877974e-14,"2,5",3.884848586386378
-8.046611972651306,0.9053927200546061,-0.06602909912065962,-0.037207772327225705,2.1094237467877974e-14,"philippinen 2,5",3.884848586386378
-7.980077352735053,0.8639346162181196,-0.07433973259859727,-0.038867015228792545,2.2648549702353193e-14,"2,5 kilo+meter",3.9632273839657186
-7.259980948502107,0.41863460989054113,-0.04407459082107511,-0.0004831888218055323,5.329070518200751e-15,asche+wolke verursach+t,4.809915584795111
-4.792501388719059,-1.1117728867723264,-0.10123718704905976,0.01771260840826833,5.329070518200751e-15,vulkan insel,7.713336329550466
-7.794943853135992,0.7500662926461388,-0.017507024367977318,-0.003356606792483865,3.1086244689504383e-15,negro+s brech,4.18065932791655
-8.03274391322229,0.8973909993153826,-0.013832091931109576,-0.01004007299172029,5.10702591327572e-15,brech zweit+en,3.9009335088450867
-8.22882073163234,1.0188317700652465,-0.010286923783658003,-0.016055772534174628,6.8833827526759706e-15,mal innerhalb,3.6703068406210777
-8.410138882538764,1.1310944831030472,-0.006363172214450305,-0.022017787876024996,8.659739592076221e-15,innerhalb woche,3.457060544027366
-8.463511987899306,1.1641319750393433,-0.005044608695332853,-0.02383962130806436,9.103828801926284e-15,mittelschw…,3.3942937762804584
-8.463511987899306,1.1641319750393433,-0.005044608695332853,-0.02383962130806436,9.103828801926284e-15,woche mittelschw…,3.3942937762804584
-8.560895866296466,1.224400207047346,-0.0023892810880818127,-0.027230176438813824,9.992007221626409e-15,mittelschw… +780,3.2797769566121233
9.767044642957732,-10.140450807939368,-0.10350310296077282,0.08194452398764913,-1.8207657603852567e-14,Erdbeben,24.84501723278899
-2.9785032512596548,-2.238416667036883,-0.14933267958146246,0.014113229628433555,1.2212453270876722e-14,lässt,9.848636583979907
-8.08394910623095,0.9266669853959528,-0.10323282989251777,-0.05748246180021431,3.2862601528904634e-14,erdbeben lass+st,3.8418476540943467
-7.985580238235888,0.8654260331371373,-0.11016861321163518,-0.05711880960428409,3.352873534367973e-14,lass+st teneriffa,3.957708007713432
-7.777649486798394,0.7359520815240774,-0.12374255058820816,-0.05631863092122792,3.4861002973229915e-14,erzittern,4.202626572642597
-7.777649486798394,0.7359520815240774,-0.12374255058820816,-0.05631863092122792,3.4861002973229915e-14,teneriffa erzitter+n,4.202626572642597
-7.442280871078781,0.5270906083419438,-0.1430059221817334,-0.054981230437521386,3.6415315207705135e-14,Droht,4.597675672372778
-7.442280871078781,0.5270906083419438,-0.1430059221817334,-0.054981230437521386,3.6415315207705135e-14,erzitter+n droh+t,4.597675672372778
-6.930815335265216,0.2085532286716738,-0.16753158992788786,-0.05293522216349786,3.863576125695545e-14,Urlaubsziel,5.200171506615716
-6.930815335265216,0.2085532286716738,-0.16753158992788786,-0.05293522216349786,3.863576125695545e-14,droh+t urlaub+s+ziel,5.200171506615716
-3.6824105817455504,-1.8128947058551925,-0.25560705596053157,-0.04251532523701175,4.5075054799781356e-14,urlaub+s+ziel vulkan+ausbruch,9.025995065839378
-1.4171759366693948,-3.2080780132524302,-0.17546279293517975,0.013743749638291933,1.532107773982716e-14,2021,11.686511787795386
-7.22372614775805,0.3909729989603039,-0.15411401750849285,-0.054102159900144706,3.752553823233029e-14,2021 brech,4.855129070241646
-0.8983388132825638,-3.535762020726659,-0.23774126330664122,-0.011869631118592298,3.175237850427948e-14,Palma,12.300038669674603
-6.636246327761055,0.030443096834521732,-0.11066926977712045,-0.018208630891343797,1.9317880628477724e-14,brech palma,5.544464877182438
-4.451250447569168,-1.323095161454027,-0.09055651786775465,0.027166898677474474,6.661338147750939e-16,palma vulkan,8.11473375167209
-7.159124152629312,0.35542628160057665,-0.08338803865099395,-0.01742808027383168,1.5987211554602254e-14,nun rumor+t,4.92887654961303
-7.720414206527622,0.7032100102065026,-0.07577147605805043,-0.030360739044074995,1.9761969838327786e-14,rumor+t teneriffa,4.268598654434373
-8.043305224248334,0.9032927362529546,-0.06763981577494878,-0.03789608522325574,2.1538326677728037e-14,wie experte+n,3.888762921874069
-8.227821131181472,1.0176408027210815,-0.06104744531223542,-0.04204936074835146,2.220446049250313e-14,Lage,3.671703899393441
-8.227821131181472,1.0176408027210815,-0.06104744531223542,-0.04204936074835146,2.220446049250313e-14,experte+n lage,3.671703899393441
-8.284969057957012,1.0530577413788116,-0.058644436166252846,-0.04329321475490698,2.2426505097428162e-14,einschätzen,3.6044767802158604
-8.284969057957012,1.0530577413788116,-0.058644436166252846,-0.04329321475490698,2.2426505097428162e-14,lage ein+schätz+en,3.6044767802158604
-8.464994513778919,1.1646266472988107,-0.04975434253341243,-0.04702543201864741,2.2870594307278225e-14,ein+schätz+en urlauber,3.3927027912273857
-7.189186795019453,0.3745705103483532,-0.06318519461016543,-0.00815169457880045,1.021405182655144e-14,Kurz,4.893271059712092
-8.671716761049728,1.2927209449840615,-0.03661589865485543,-0.05084143542679877,2.2648549702353193e-14,kurz halb,3.149539576557263
-6.5104119737821735,-0.05241983005476314,-0.17648829944190525,-0.04750460534402387,3.774758283725532e-14,eins,5.694968396496981
-8.694445372116327,1.3068014822622314,-0.03494998519306575,-0.05122253093956594,2.2648549702353193e-14,halb ein+s,3.1228064149105093
-8.715947346479163,1.3201212424556898,-0.03332993268824187,-0.051575117980879354,2.2426505097428162e-14,mittags,3.097516547297875
-8.715947346479163,1.3201212424556898,-0.03332993268824187,-0.051575117980879354,2.2426505097428162e-14,ein+s mittags,3.097516547297875
-8.74806430965215,1.3400148606673667,-0.030828204592404526,-0.052086860742006025,2.2426505097428162e-14,begann,3.0597427859389503
-8.74806430965215,1.3400148606673667,-0.030828204592404526,-0.052086860742006025,2.2426505097428162e-14,mittags beginn,3.0597427859389503
-7.64352373255087,0.6563260362969601,-0.031167374439698317,-0.00531171434571517,5.551115123125783e-15,wackeln,4.35872173874728
-8.795083027370932,1.3691343138158092,-0.026982514771192193,-0.05280230560067399,2.220446049250313e-14,beginn wackel+n,3.004445300073705
-6.358472468327682,-0.147259302254791,-0.1844787557865164,-0.048146136357349226,3.885780586188048e-14,Wohnungen,5.874061497257938
-8.863015184633953,1.4111941213272998,-0.021021983038211484,-0.05376038546539656,2.1760371282653068e-14,schwankten,2.9245589463156088
-8.863015184633953,1.4111941213272998,-0.021021983038211484,-0.05376038546539656,2.1760371282653068e-14,wohnung+en schwank+ten,2.9245589463156088
-8.892606755943024,1.4295103174378092,-0.018268644927877185,-0.05414801955808615,2.1760371282653068e-14,Stühle,2.8897631224613916
-8.892606755943024,1.4295103174378092,-0.018268644927877185,-0.05414801955808615,2.1760371282653068e-14,schwank+ten stuhl+e,2.8897631224613916
-8.91261132114581,1.4418903726555647,-0.016351217913251476,-0.054399347631113745,2.1538326677728037e-14,Gläser,2.8662415754609585
-8.91261132114581,1.4418903726555647,-0.016351217913251476,-0.054399347631113745,2.1538326677728037e-14,stuhl+e glas+er,2.8662415754609585
-8.92917739120287,1.4521410788148266,-0.01472834000010012,-0.05460075180626285,2.1316282072803006e-14,klirrten,2.8467638409131517
-8.92917739120287,1.4521410788148266,-0.01472834000010012,-0.05460075180626285,2.1316282072803006e-14,glas+er klirr+ten,2.8467638409131517
-8.951470448844013,1.4659333649091515,-0.012493339014011638,-0.05486193864943474,2.1316282072803006e-14,klirr+ten viel+e,2.820553763731115
-8.989946100356367,1.4897311323000737,-0.008494451538747616,-0.055285329218866947,2.0872192862952943e-14,bewohner tourist+en,2.7753213324926698
-9.00842419585047,1.5011569557937623,-0.006508575483724743,-0.05547594890902435,2.0872192862952943e-14,spürten,2.7536000451372087
-9.00842419585047,1.5011569557937623,-0.006508575483724743,-0.05547594890902435,2.0872192862952943e-14,tourist+en spür+ten,2.7536000451372087
-5.629269932670036,-0.5925817141335807,-0.03706465561257796,0.03708626638711206,-9.2148511043888e-15,Boden,6.728694717972686
-9.037441844770347,1.5190952827092787,-0.003301863672669325,-0.05575808365542724,2.042810365310288e-14,spür+ten boden,2.7194919152218713
-9.047036649072275,1.5250253527777762,-0.0022174053539302657,-0.055846644715131094,2.042810365310288e-14,boden mehrere,2.708214656805698
-9.05935353283897,1.5326367927597637,-0.0008073911983951382,-0.05595681981064185,2.020605904817785e-14,Sekunden,2.6937385660414463
-9.05935353283897,1.5326367927597637,-0.0008073911983951382,-0.05595681981064185,2.020605904817785e-14,mehrere sekunde+n,2.6937385660414463
-9.072602819707932,1.5408231070950906,0.0007320840375619475,-0.05607086984305795,2.020605904817785e-14,vibrierte,2.6781673544303612
-9.072602819707932,1.5408231070950906,0.0007320840375619475,-0.05607086984305795,2.020605904817785e-14,sekunde+n vibrier+te,2.6781673544303612
-9.093382307925438,1.5536591904787398,0.0031946895439315393,-0.05624025490510344,1.9984014443252818e-14,der erdbeben,2.6537478975031705
-9.110202931074793,1.564047022965188,0.005231954294876426,-0.05636872257542368,1.9761969838327786e-14,Stä…,2.6339823110765135
-9.110202931074793,1.564047022965188,0.005231954294876426,-0.05636872257542368,1.9761969838327786e-14,erdbeben stä…,2.6339823110765135
-9.117626872862878,1.5686309705375117,0.006143783964853294,-0.05642292074077432,1.9539925233402755e-14,+4347,2.6252590371049607
-9.117626872862878,1.5686309705375117,0.006143783964853294,-0.05642292074077432,1.9539925233402755e-14,stä… +4347,2.6252590371049607
-9.124850012681552,1.5730904327506676,0.0070384734283863715,-0.056474164843598865,1.9539925233402755e-14,+4347 char+s,2.616771985874263
-7.94897784449501,0.8426365504404929,-0.1126610985547554,-0.056980667169624744,3.375077994860476e-14,Klage,4.000820159964734
-7.582318956510914,0.614306567224546,-0.1353176183204023,-0.055543451089443474,3.574918139293004e-14,erfolgreich,4.432714972736922
-7.582318956510914,0.614306567224546,-0.1353176183204023,-0.055543451089443474,3.574918139293004e-14,klage erfolgreich,4.432714972736922
-6.997377966618666,0.25000602386350135,-0.1646163640101111,-0.05319852215331551,3.8413716652030416e-14,Versichert,5.12176260620343
-6.997377966618666,0.25000602386350135,-0.1646163640101111,-0.05319852215331551,3.8413716652030416e-14,erfolgreich versicher+t,5.12176260620343
-3.6824105817455504,-1.8128947058551925,-0.25560705596053157,-0.04251532523701175,4.5075054799781356e-14,versicher+t vulkan+ausbruch,9.025995065839378
-6.859255803688668,0.16398957327937058,-0.17058440891363758,-0.052653699479934646,3.885780586188048e-14,vulkan+ausbruch zwei,5.284466230688716
-4.732094319038297,-1.1600193231517895,-0.2351344359259824,-0.045344391911994936,4.374278717023117e-14,Mie­te­r,7.789884223489698
-4.732094319038297,-1.1600193231517895,-0.2351344359259824,-0.045344391911994936,4.374278717023117e-14,zwei mie­te­r,7.789884223489698
-5.432910776491592,-0.7239628424662077,-0.21817469995195313,-0.04750960173813504,4.263256414560601e-14,in­nen,6.964518987158827
-5.432910776491592,-0.7239628424662077,-0.21817469995195313,-0.04750960173813504,4.263256414560601e-14,mie­te­r in­n+en,6.964518987158827
-4.99140482543924,-0.9941060851904755,-0.18880819392159187,-0.027010112989174783,3.175237850427948e-14,erhalten,7.4821467228213265
-5.810413789169972,-0.4890142701366935,-0.20758266220923424,-0.04877543291395796,4.1744385725905886e-14,in­n+en erhalt+en,6.519896721040525
-6.426069555253311,-0.10574945385460355,-0.18745912882685306,-0.05099107832505852,4.0190073491430667e-14,erhalt+en deutsch+e,5.794733745203395
-6.653768692117228,0.036029342888475924,-0.17891419008470522,-0.05185546770447168,3.952393967665557e-14,Wohnen,5.5265204409179916
-6.653768692117228,0.036029342888475924,-0.17891419008470522,-0.05185546770447168,3.952393967665557e-14,deutsch+e wohn+en,5.5265204409179916
-6.8019092753766985,0.1282778916373104,-0.1729725081967851,-0.052429348144641286,3.907985046680551e-14,Geld,5.3520181883697315
-6.8019092753766985,0.1282778916373104,-0.1729725081967851,-0.052429348144641286,3.907985046680551e-14,wohn+en geld,5.3520181883697315
-6.895699216458759,0.1866845474180967,-0.169039987960071,-0.052796862291161886,3.885780586188048e-14,geld zurück,5.24153716816542
-7.2955225316880865,0.43568817305384666,-0.15057687600989922,-0.054390643612177686,3.708144902248023e-14,diese wohnung+en,4.7705541448242075
-7.4518108823872,0.5330259738986531,-0.14249761351571402,-0.05501956862085687,3.6415315207705135e-14,überteuerte,4.586449543062989
-7.4518108823872,0.5330259738986531,-0.14249761351571402,-0.05501956862085687,3.6415315207705135e-14,wohnung+en überteuert+e,4.586449543062989
-7.557933748413037,0.599119595276203,-0.13669107314401963,-0.0554457883513227,3.597122599785507e-14,Versicherung,4.461439862345664
-7.557933748413037,0.599119595276203,-0.13669107314401963,-0.0554457883513227,3.597122599785507e-14,überteuert+e versicherung,4.461439862345664
-7.658283842636475,0.6616163212249284,-0.13094023579948183,-0.05584666810866616,3.552713678800501e-14,abgeschlossen,4.34323168325019
-7.658283842636475,0.6616163212249284,-0.13094023579948183,-0.05584666810866616,3.552713678800501e-14,versicherung ab+ge+schließ+en,4.34323168325019
-8.387638314367859,1.1156543772305028,-0.07933768742923289,-0.058502740185930505,3.042011087472929e-14,mehr ...,3.484204061490084
-7.750471489612328,0.719963145594174,0.0459637659891169,0.030780584691020418,-1.6542323066914832e-14,Ätna-Region,4.234417920361116
-7.612735217910432,0.6347331739459587,0.04179636192709167,0.033018136897029524,-1.687538997430238e-14,ätna+-+region erdbeben,4.396381456014983
-7.443566238341299,0.5300303640623936,0.036968891692529135,0.03558977522940787,-1.7208456881689926e-14,erdbeben sizilien,4.595319160601607
-7.265459568415081,0.41977246177249183,0.03220010384388469,0.03810966556562358,-1.765254609153999e-14,sizilien schule+n,4.804780357916137
-7.1074017286883535,0.32190850433951335,0.028212016513647548,0.04020210209222656,-1.787459069646502e-14,schule+n ge+schließ+en,4.9906729938738685
-2.2481891303185275,-2.6895308842626853,-0.048733944116900296,0.06839018304006397,-1.9317880628477724e-14,Umgebung,10.707197457583792
-6.568719874871084,-0.011722606346108666,0.016089018156149673,0.046485636756189594,-1.8762769116165146e-14,ge+schließ+en umgebung,5.6242745009112385
-4.150832384666992,-1.5102163592941058,-0.02051477019610347,0.0649210491995742,-2.120525977034049e-14,umgebung europa+s,8.468769881580819
-3.2020251077154267,-2.0984455506653714,-0.03008570505651307,0.06966404346574913,-2.1871393585115584e-14,größtem,9.585100900007975
-1.4586075169162207,-3.1794241825005325,-0.043623897031367515,0.07637676143025472,-2.275957200481571e-14,groß aktiv+en,11.63641158773185
16.42906350983368,-14.271543739318563,-0.09569922737287206,0.08979913429956292,-2.2315482794965646e-14,aktiv+en vulkan,32.68391485593642
-2.8743622042639334,-2.301598530665672,-0.03298377084316758,0.07109896110875939,-2.2093438190040615e-14,vulkan mehrere,9.970624440201611
-3.9539236733925156,-1.6322878561734666,-0.0226611868093312,0.06598587433267085,-2.142730437526552e-14,mehrere beben,8.700442065316123
-4.489613920659002,-1.3002005270666213,-0.016597671561675853,0.06297508428746114,-2.098321516541546e-14,gemessen,8.070182627549235
-4.489613920659002,-1.3002005270666213,-0.016597671561675853,0.06297508428746114,-2.098321516541546e-14,beben ge+mess+en,8.070182627549235
-5.120249157078549,-0.9092945128212246,-0.008444320206930464,0.05890950486262453,-2.042810365310288e-14,Sicherheitshalber,7.328240294418253
-5.839786329778181,-0.4633572973344382,0.002541141604948241,0.05338772488306509,-1.965094753586527e-14,findet,6.481748545916734
-5.839786329778181,-0.4633572973344382,0.002541141604948241,0.05338772488306509,-1.965094753586527e-14,sicherheitshalber find+et,6.481748545916734
-6.165822257992103,-0.2613316668275778,0.0082530254510092,0.050491627150680826,-1.9317880628477724e-14,Unterricht,6.0982082676270855
-6.165822257992103,-0.2613316668275778,0.0082530254510092,0.050491627150680826,-1.9317880628477724e-14,find+et unterricht,6.0982082676270855
-6.402358654443696,-0.11478258972880395,0.012740078879341435,0.04820264932325523,-1.8984813721090177e-14,statt,5.8199636693346015
-6.402358654443696,-0.11478258972880395,0.012740078879341435,0.04820264932325523,-1.8984813721090177e-14,unterricht statt,5.8199636693346015
-5.45720028546648,-0.7004551365592895,-0.003551438689763084,0.05645723660633539,-2.0095036745715333e-14,nach erst+en,6.931830862024784
-7.720955841523509,0.7017006334218818,0.04505175171317022,0.031271684632198676,-1.6653345369377348e-14,Berichten,4.269124415297092
-7.720955841523509,0.7017006334218818,0.04505175171317022,0.031271684632198676,-1.6653345369377348e-14,erst+en bericht+en,4.269124415297092
-7.814828251751701,0.7597802173750905,0.047989853393045484,0.02968667413452781,-1.6431300764452317e-14,bericht+en geb+t,4.158744573334072
-7.904584643170752,0.8153045055771337,0.05090504794521453,0.028105572540530754,-1.6209256159527285e-14,größeren,4.053209376344819
-7.904584643170752,0.8153045055771337,0.05090504794521453,0.028105572540530754,-1.6209256159527285e-14,geb+t groß+er+en,4.053209376344819
-7.898231313301315,0.8113745611730412,0.05069515519348926,0.028219696773564607,-1.6209256159527285e-14,groß+er+en schaden,4.06067943165743
-8.159394758363701,0.9728794562778147,0.05980566037853918,0.023223984664554942,-1.5432100042289676e-14,hin+zu+füg+en umgebung,3.753634295891563
-8.778365329208619,1.3551829461494767,0.08636873831767317,0.00812288600481851,-1.3100631690576847e-14,Ber…,3.026181998348279
-8.778365329208619,1.3551829461494767,0.08636873831767317,0.00812288600481851,-1.3100631690576847e-14,erst+en ber…,3.026181998348279
-8.809302932039076,1.3742669643272596,0.0879307953028742,0.007208024199956458,-1.2878587085651816e-14,+1003,2.989835649465009
-8.809302932039076,1.3742669643272596,0.0879307953028742,0.007208024199956458,-1.2878587085651816e-14,ber… +1003,2.989835649465009
-8.837833119386826,1.3918632757706075,0.0893952811417098,0.006347447399026165,-1.27675647831893e-14,+1003 chars,2.9563190690358936
-8.97830644783747,1.4784607402034737,0.09696386054354889,0.0018549972642442313,-1.199040866595169e-14,auf italienisch+en,2.7913168570375038
-9.094035046359846,1.5497453727586792,0.10369072973668494,-0.0022026643085935847,-1.1324274851176597e-14,sizilien region,2.6554122069370933
-8.509204726006072,1.1890384647848578,0.07381314353570051,0.01536519312044831,-1.4210854715202004e-14,region ätna,3.342460488473873
-9.137055524281118,1.5762289301007122,0.10631667849950541,-0.003803634761411802,-1.1102230246251565e-14,mehreren,2.6049000405539684
-9.137055524281118,1.5762289301007122,0.10631667849950541,-0.003803634761411802,-1.1102230246251565e-14,ätna mehrere+n,2.6049000405539684
-9.152154758833596,1.5855219044491045,0.1072554468679342,-0.004378327273449507,-1.099120794378905e-14,mehrere+n erdbeben,2.587172573418507
-6.4832812775386035,-0.06465016978334859,0.014348164363897215,0.04737912812345931,-1.887379141862766e-14,erschüttert,5.724774432318092
-7.818966279536594,0.7623402391653156,0.04812192541733526,0.029615226366893375,-1.6431300764452317e-14,erdbeben erschütter+t,4.153878990342848
-5.129164062251694,-0.9083336714165862,0.11345399556793304,-0.021528060054553603,-5.662137425588298e-15,worden,7.320448519471516
-7.696905105064319,0.6868188574391056,0.0443163929408433,0.031667074239776105,-1.6653345369377348e-14,erschütter+t werd+en,4.29740524437595
-9.200896681538277,1.6155124947110018,0.11034899483723454,-0.006280972223214384,-1.0658141036401503e-14,heftigste,2.5299508677763103
-9.200896681538277,1.6155124947110018,0.11034899483723454,-0.006280972223214384,-1.0658141036401503e-14,der heftig+st+e,2.5299508677763103
-9.213937909579288,1.6235344934840525,0.1111935033120221,-0.006802750217367499,-1.0547118733938987e-14,heftig+st+e beben,2.5146420094399526
-1.2968738503748742,-3.2880602061511035,0.11825391092269605,-0.14723548928512065,3.885780586188048e-14,Angaben,11.831581512221293
-9.234579590448062,1.636229761602734,0.11254514866795876,-0.007639996594940201,-1.0436096431476471e-14,beben angabe+n,2.4904121922405786
-9.248115182633338,1.6445532252576818,0.1134416072643174,-0.008196743197035092,-1.0325074129013956e-14,nationalen,2.474524444528135
-9.248115182633338,1.6445532252576818,0.1134416072643174,-0.008196743197035092,-1.0325074129013956e-14,angabe+n national+en,2.474524444528135
-9.259849808688244,1.6517683369080796,0.11422539549214888,-0.008684470702261016,-1.021405182655144e-14,Instituts,2.4607511073955664
-9.259849808688244,1.6517683369080796,0.11422539549214888,-0.008684470702261016,-1.021405182655144e-14,national+en institut+s,2.4607511073955664
-9.27394081493716,1.6604311803623817,0.11517480400142935,-0.009276456029257824,-1.0103029524088925e-14,institut+s geophysik,2.444212607212943
-9.29081223934769,1.6708017429162094,0.1163235597406885,-0.009994500986857457,-9.992007221626409e-15,+858,2.4244116366842228
-9.29081223934769,1.6708017429162094,0.1163235597406885,-0.009994500986857457,-9.992007221626409e-15,geophysik +858,2.4244116366842228
-9.295271752195628,1.673542624703708,0.11662942019787642,-0.010186009099294086,-9.992007221626409e-15,+858 char+s,2.4191779401853686
-0.336595030476996,-3.8746917216048398,-0.08073844371963215,0.06509208972542956,-1.4432899320127035e-14,Mehrere,12.956310389132417
-7.3347620639660605,0.46267717363314453,0.03401951980407161,0.03715060236172002,-1.7430501486614958e-14,ätna mehrere,4.723276138161061
-3.4787679030605467,-1.9268678888273265,-0.02748585743290617,0.06837665700698722,-2.1649348980190553e-14,mehrere erdbeben,9.259491979631717
-4.416057754836326,-1.3457981541293678,-0.01747348343337901,0.06341052095796829,-2.098321516541546e-14,erschüttern,8.156723232724383
-4.416057754836326,-1.3457981541293678,-0.01747348343337901,0.06341052095796829,-2.098321516541546e-14,erdbeben erschütter+n,8.156723232724383
-5.178364042206826,-0.8732740933226122,-0.00762939324144897,0.058501790490534014,-2.042810365310288e-14,erschütter+n sizilien,7.259869710684026
-7.740769941269884,0.713960503801446,0.045662820479310376,0.030942726514325412,-1.6542323066914832e-14,sizilien erdbeben,4.245825604508112
-6.672418196804458,0.05251275219547846,0.01826395833254911,0.04536638055018756,-1.865174681370263e-14,Stärke,5.502298095196201
-8.580224199923412,1.2328942146694755,0.07695776554430203,0.01356950635904538,-1.3877787807814457e-14,erdbeben stärke,3.258999009363133
-8.637491015728607,1.268248784356762,0.07957763906539417,0.012064306442273022,-1.3655743202889425e-14,"4,5",3.191704311026951
-8.637491015728607,1.268248784356762,0.07957763906539417,0.012064306442273022,-1.3655743202889425e-14,"stärke 4,5",3.191704311026951
-8.667045947370397,1.2864917578104655,0.0809605152900304,0.011266395252022878,-1.354472090042691e-14,trafen,3.1569758472171086
-8.667045947370397,1.2864917578104655,0.0809605152900304,0.011266395252022878,-1.354472090042691e-14,"4,5 treff+en",3.1569758472171086
-8.738740533165794,1.330735956892098,0.08440637668977588,0.009267773092800666,-1.3211653993039363e-14,treff+en region,3.072736623824839
-8.778365329208619,1.3551829461494767,0.08636873831767317,0.00812288600481851,-1.3100631690576847e-14,region catania,3.026181998348279
-8.83323188985059,1.389025594242306,0.08915751168394434,0.006487357158518482,-1.27675647831893e-14,Fuße,2.9617243855328956
-8.83323188985059,1.389025594242306,0.08915751168394434,0.006487357158518482,-1.27675647831893e-14,catania fuß+e,2.9617243855328956
-6.675629551010815,0.054501939230551244,0.01833243314828814,0.04533108777920815,-1.865174681370263e-14,fuß+e ätna,5.498520739800831
-7.843237803611266,0.7773556315769978,0.048901057288603764,0.029193382301653602,-1.63202784619898e-14,bleiben,4.125340208945876
-6.045328812851583,-0.3359912561637004,0.0060815762498670906,0.05159485827738268,-1.942890293094024e-14,schule+n bleib+en,6.239951810674537
-7.084299795328234,0.3076033438933634,0.02764704140490079,0.04049746631597497,-1.7985612998927536e-14,vorsichtshalber,5.017843991965476
-7.084299795328234,0.3076033438933634,0.02764704140490079,0.04049746631597497,-1.7985612998927536e-14,bleib+en vorsichtshalber,5.017843991965476
-7.708052743283357,0.6937167046989119,0.04465637335785563,0.03148433737217978,-1.6653345369377348e-14,vorsichtshalber ge+schließ+en,4.284296898569329
-7.442583657211232,0.5294221543411344,0.03694173071322479,0.035604184177615766,-1.7208456881689926e-14,weiterlesenCatania,4.59647468386884
-7.442583657211232,0.5294221543411344,0.03694173071322479,0.035604184177615766,-1.7208456881689926e-14,überspringenartikel weiterlesencatania,4.59647468386884
-9.138777143863123,1.5772885761903543,0.10642326063239291,-0.003868819356275182,-1.1102230246251565e-14,weiterlesencatania seit,2.60287871727889
-7.910086177642311,0.8187075221292854,0.05108724587955574,0.028006470475058002,-1.609823385706477e-14,seit woche+n,4.046740857380298
-9.158592015503766,1.5894834245638463,0.10765843998877236,-0.004625412422533035,-1.099120794378905e-14,woche+n komm+t,2.579615015485966
-9.16795282544296,1.59524373088551,0.10824744306676254,-0.00498695881378286,-1.0880185641326534e-14,komm+t sizilien,2.5686253159689674
-9.195475643291093,1.6121775955633588,0.11000006718170607,-0.00606568635912649,-1.0658141036401503e-14,sizilien ruhe,2.5363146765244937
-9.218960773719365,1.6266239333388324,0.11152070830829755,-0.007005188556423989,-1.0547118733938987e-14,ruhe mittwoch,2.5087459003078783
-7.675236746191376,0.6734107471729636,0.04365977165251822,0.032019689553205256,-1.6764367671839864e-14,bebte,4.322884939112534
-9.229884442595795,1.6333423164198866,0.11223607585502315,-0.007448316045133501,-1.0436096431476471e-14,mittwoch beb+te,2.4959233787185817
-9.249207634182044,1.6452249610517642,0.11351431464967923,-0.008241949247042742,-1.0325074129013956e-14,beb+te erde,2.473242177315548
-9.261918728322133,1.653040339607392,0.11436422734783405,-0.008770954636564705,-1.021405182655144e-14,erde region,2.4583227916901564
-7.911304331071211,0.8194610156024678,0.051127644368663835,0.027984492148182945,-1.609823385706477e-14,blieben,4.045308596220212
-9.309762361855078,1.6824478795407571,0.11762976493294233,-0.01081331442830966,-9.880984919163893e-15,gesc…,2.402172203709393
-9.309762361855078,1.6824478795407571,0.11762976493294233,-0.01081331442830966,-9.880984919163893e-15,vorsichtshalber gesc…,2.402172203709393
-9.315446630923464,1.6859407920934864,0.11802490971757881,-0.011061511638567351,-9.769962616701378e-15,+1915,2.395501523614208
-9.315446630923464,1.6859407920934864,0.11802490971757881,-0.011061511638567351,-9.769962616701378e-15,gesc… +1915,2.395501523614208
-9.320196247025464,1.6888592078217308,0.1183562759879554,-0.011269826204431257,-9.769962616701378e-15,+1915 char+s,2.389927779555946
-5.040265763243186,-0.9588701688431049,-0.009547177837555668,0.05946084387170607,-2.0539125955565396e-14,Epizentrum,7.42233906422948
-0.28552094514476245,-3.9068246490115457,-0.05061085890176067,0.07986631685225032,-2.3314683517128287e-14,epizentrum vulkan,13.016698354013446
-7.3347620639660605,0.46267717363314453,0.03401951980407161,0.03715060236172002,-1.7430501486614958e-14,ätna erdbeben,4.723276138161061
-6.872225861560904,0.1762697608576702,0.022659380630736553,0.04309395289359835,-1.8318679906315083e-14,sizilien mehrere,5.267279110176003
-6.441043712581016,-0.08904338753397978,-0.045912012511071056,0.017983864994109394,-1.2212453270876722e-15,lassen,5.7734298381278135
-8.504128921809993,1.1859036356097266,0.07359265607850282,0.015490654178245605,-1.4210854715202004e-14,erdbeben lass+en,3.348425768363944
-8.605705258548657,1.2486263409477674,0.07811394466149385,0.012906280394638184,-1.3877787807814457e-14,lass+en boden,3.22905546466447
-8.652530621580059,1.2775323615515588,0.08027866806435005,0.011660112883767898,-1.3655743202889425e-14,zittern,3.1740318965206735
-8.652530621580059,1.2775323615515588,0.08027866806435005,0.011660112883767898,-1.3655743202889425e-14,boden zitter+n,3.1740318965206735
-8.804322771679582,1.3711951282323847,0.0876775362564371,0.007356565612468675,-1.2989609388114332e-14,bleib+en ge+schließ+en,2.995686368764523
-8.25826406023526,1.0339957077103046,0.06353587647891565,0.021152865689514022,-1.509903313490213e-14,weiterlesencatania der,3.6374093216545815
-8.275011890821474,1.0443468624238734,0.06418452583897302,0.020791145346897542,-1.509903313490213e-14,der erde,3.617722406993934
-8.29522996041117,1.056842203559959,0.06497428144114414,0.020350100501355446,-1.4988010832439613e-14,erde beb+te,3.5939566062346078
-8.32976463261122,1.0781839822884527,0.06634054643159784,0.019585439023575336,-1.4876988529977098e-14,beb+te mittwoch,3.5533629213155713
-8.38594069786,1.1128951619013667,0.06861092896290891,0.018310066380679568,-1.4654943925052066e-14,mittwoch region,3.487333445244883
-8.408666205835718,1.1269355705992319,0.0695467752411458,0.01778263514946802,-1.454392162258955e-14,region rund,3.4606227568531462
-8.445324657491428,1.1495819861628382,0.0710781575759763,0.016917372013059997,-1.4432899320127035e-14,rund ätna,3.4175369952121346
-8.59488405234644,1.2419454683155708,0.077621096674584,0.013189195002073566,-1.3877787807814457e-14,sizilien komm+t,3.241771678472801
-8.607416230334389,1.2496826466353543,0.0781921217372483,0.012861376328147347,-1.3766765505351941e-14,komm+t seit,3.227044882201329
-8.650450421382544,1.2762483400419677,0.08018137670409775,0.011716244649992125,-1.3655743202889425e-14,woche+n ruhe,3.1764762340716173
-8.66145890258629,1.2830432922706245,0.08069745228342282,0.011418363526286389,-1.354472090042691e-14,Je…,3.1635407973913283
-9.268011938540191,1.6567863847738935,0.11477423167376269,-0.009026526639746558,-1.021405182655144e-14,+1937,2.451171200635698
-9.268011938540191,1.6567863847738935,0.11477423167376269,-0.009026526639746558,-1.021405182655144e-14,je… +1937,2.451171200635698
-9.27394081493716,1.6604311803623817,0.11517480400142935,-0.009276456029257824,-1.0103029524088925e-14,+1937 chars,2.444212607212943
-5.81376991062306,-0.47947930889041457,0.002106996861515553,0.05360709201596732,-1.9761969838327786e-14,ätna neu+e,6.512354242507174
-7.612735217910432,0.6347331739459592,0.04179636192709178,0.03301813689702949,-1.687538997430238e-14,neu+e erdbeben,4.396381456014982
-8.637491015728607,1.268248784356762,0.07957763906539417,0.012064306442273022,-1.3655743202889425e-14,erdbeben boden,3.191704311026951
-8.681067046479047,1.2951455713107063,0.08162411248308674,0.010882660822480045,-1.354472090042691e-14,boden wackel+n,3.1405008227673608
-8.73273208116187,1.327028569427124,0.08411248605516386,0.009438814381657015,-1.3322676295501878e-14,wackel+n lass+en,3.079796091529252
-8.819064549382983,1.3802878453478071,0.08842924701649774,0.006915430527026877,-1.2878587085651816e-14,schule+n werd+en,2.9783677737459273
-8.868472011027457,1.4107571747910557,0.09099437368771318,0.00540458490740562,-1.2656542480726785e-14,Sicherheitsgründen,2.9203268671509766
-8.868472011027457,1.4107571747910557,0.09099437368771318,0.00540458490740562,-1.2656542480726785e-14,werd+en sicherheit+s+grund+en,2.9203268671509766
-8.94002445355482,1.4548682425910466,0.09483973076189453,0.0031234941473411992,-1.2212453270876722e-14,sicherheit+s+grund+en ge+schließ+en,2.8362795712203877
-9.298772760600722,1.675694306294042,0.11687019654544825,-0.010336862810695398,-9.992007221626409e-15,+1968,2.415069195830894
-9.298772760600722,1.675694306294042,0.11687019654544825,-0.010336862810695398,-9.992007221626409e-15,je… +1968,2.415069195830894
-9.303917069337462,1.6788557987410118,0.1172250403939176,-0.010559338665066916,-9.880984919163893e-15,+1968 chars,2.409031970834964
-4.77215798396889,-1.12505638570159,-0.01309342770118814,0.061230545805961156,-2.0761170560490427e-14,Vulkan-Spektakel,7.737765953269621
-7.528629393125636,0.5844054614454568,0.005023781486994977,0.016691270326037948,-6.661338147750939e-15,Riesiger,4.494322946166399
-7.528629393125636,0.5844054614454568,0.005023781486994977,0.016691270326037948,-6.661338147750939e-15,vulkan+-+spektakel riesig+er,4.494322946166399
-7.551049823117603,0.5958185607931163,-0.12428277664102998,-0.04908384264126016,3.219646771412954e-14,riesig+er lavastrom,4.46904952706591
-8.038023848101375,0.900631478862365,-0.011232145070317147,-0.008906197187224841,4.440892098500626e-15,ergießt,3.894742791815847
-8.038023848101375,0.900631478862365,-0.011232145070317147,-0.008906197187224841,4.440892098500626e-15,lavastrom ergieß+t,3.894742791815847
-8.374239973250434,1.107680628853463,0.03519380256328833,0.0012694913421227583,-4.6629367034256575e-15,ergieß+t meer,3.4999728808464106
-8.44005661924568,1.1481541321354904,0.04236121937555955,0.0020262505449005937,-5.773159728050814e-15,meer spektakulär+e,3.42272152995444
-7.941544601443534,0.8404755874056176,0.005450516900441779,0.0032605453674517323,-1.887379141862766e-15,bild+er insel,4.008462851453847
-5.798403465588027,-0.4894552645139614,-0.12743985047867334,-0.010050243867633073,1.84297022087776e-14,insel réunion,6.53046470973992
-7.6729405475029075,0.6742999511358545,-0.009181450128032828,0.004935913657797289,-7.771561172376096e-16,Zum,4.324284593235434
-7.687615597248609,0.6835449316861748,-0.017762769496448873,8.418105105822624e-05,1.9984014443252818e-15,zu erst+en,4.306927499746046
-6.859356239114499,0.16924788632033128,-0.09712536795651447,-0.01667757219881388,1.7319479184152442e-14,erst+en mal,5.28172707802675
-7.705988190086748,0.694944850662691,-0.0479157858591773,-0.015829413865447794,1.1324274851176597e-14,mal seit,4.285258324667915
-7.700146344447171,0.6909561232843582,-0.06651910060187137,-0.02502923734962056,1.6653345369377348e-14,seit knapp,4.29229555752043
-7.650147208131372,0.6577335854747681,-0.11512447269095409,-0.04771999884149965,3.064215547965432e-14,knapp jahr+en,4.35221790879807
-7.533869981111164,0.5796204476810529,-0.1830953413450922,-0.07750908620277186,4.929390229335695e-14,jahr+en ström+t,4.492092152833026
-7.119288500203515,0.2926652144690234,-0.35825454640664944,-0.14900590209723594,9.57012247226885e-14,ström+t lava,4.995364165815807
-7.66737255487161,0.6638690567421603,-0.16706031944616412,-0.07399783465414554,4.618527782440651e-14,sogenannten,4.334262907631969
-7.66737255487161,0.6638690567421603,-0.16706031944616412,-0.07399783465414554,4.618527782440651e-14,lava sogenannt+en,4.334262907631969
-7.914935958356409,0.8231403173617879,-0.08602404050103468,-0.04233789556425807,2.531308496145357e-14,Feuergipfels,4.040067029970256
-7.914935958356409,0.8231403173617879,-0.08602404050103468,-0.04233789556425807,2.531308496145357e-14,sogenannt+en feuer+gipfel+s,4.040067029970256
-8.092418120236792,0.9343579542013156,-0.03766650818446276,-0.024561561215764905,1.3322676295501878e-14,feuer+gipfel+s meer,3.8307010424942183
-9.077291823484451,1.5424157761096264,0.05883164850243108,-0.025324824821518533,2.220446049250313e-15,anzeige+n spektakulär+e,2.673433881727385
-8.220889685366874,1.0139671557833663,-0.01661199549221118,-0.018983740910079597,8.659739592076221e-15,Reuters,3.679600604231301
-8.220889685366874,1.0139671557833663,-0.01661199549221118,-0.018983740910079597,8.659739592076221e-15,quelle reuters,3.679600604231301
-9.222506024734265,1.6329079959916586,0.04277224398182995,-0.044690510424099966,1.1102230246251565e-14,Gendarmerie,2.502314754398311
-9.222506024734265,1.6329079959916586,0.04277224398182995,-0.044690510424099966,1.1102230246251565e-14,reuters gendarmerie,2.502314754398311
-9.252626459047391,1.651092105238099,0.055967539706051644,-0.039927347072754416,7.771561172376096e-15,Ré…,2.467155657680455
-9.252626459047391,1.651092105238099,0.055967539706051644,-0.039927347072754416,7.771561172376096e-15,gendarmerie ré…,2.467155657680455
-9.259893515634056,1.6554688063578114,0.0589413498779614,-0.03889442986846563,7.105427357601002e-15,+26,2.4586781575143837
-9.259893515634056,1.6554688063578114,0.0589413498779614,-0.03889442986846563,7.105427357601002e-15,ré… +26,2.4586781575143837
-9.265436811323406,1.6588053819396218,0.061154813790617046,-0.038137187054079535,6.661338147750939e-15,+26 char+s,2.4522124873967153
-7.398712403009119,0.502265472110845,0.035738914972150926,0.03624162057672378,-1.7319479184152442e-14,Kristalle,4.648068039132458
-7.398712403009119,0.502265472110845,0.035738914972150926,0.03624162057672378,-1.7319479184152442e-14,was kristall+e,4.648068039132458
-4.77215798396889,-1.12505638570159,-0.01309342770118814,0.061230545805961156,-2.0761170560490427e-14,kristall+e vulkan+e,7.737765953269621
-5.831322491061453,-0.46860220278445164,0.002399568263756313,0.05345927115563851,-1.9761969838327786e-14,verraten,6.491705389808838
-6.802826850761445,0.13328736928860696,0.021100944384115902,0.04390130361535322,-1.84297022087776e-14,vulkan+e verrat+en,5.3489069002359715
-7.513099774965935,0.5730691697807755,0.0389162031328117,0.03455499091478455,-1.709743457922741e-14,verrat+en ein,4.513548219235972
-6.252966792942902,-0.20874731440013505,0.013182505533252994,0.07898907622656282,-3.019806626980426e-14,ein neu+e,5.996425093997602
-6.408392016095523,-0.11104478038002075,0.012858640162815418,0.04814199148387009,-1.8984813721090177e-14,Mikrosonde,5.812866585118874
-6.408392016095523,-0.11104478038002075,0.012858640162815418,0.04814199148387009,-1.8984813721090177e-14,neu+e mikro+sonde,5.812866585118874
-5.993070436841797,-0.36837256811131924,0.005162357812243654,0.052061036150931474,-1.9539925233402755e-14,mikro+sonde dabei,6.3014271138926485
-5.555157400060392,-0.6397459096071505,-0.002049051609594524,0.05570205510850519,-1.9984014443252818e-14,helfen,6.816590416291155
-5.555157400060392,-0.6397459096071505,-0.002049051609594524,0.05570205510850519,-1.9984014443252818e-14,dabei helf+en,6.816590416291155
-4.055015122321981,-1.5696168624129663,-0.02157064671069632,0.06544497813313101,-2.1316282072803006e-14,Zukunft,8.581503071045763
-4.055015122321981,-1.5696168624129663,-0.02157064671069632,0.06544497813313101,-2.1316282072803006e-14,helf+en zukunft,8.581503071045763
-0.28552094514476245,-3.9068246490115457,-0.05061085890176067,0.07986631685225032,-2.3314683517128287e-14,zukunft vulkan+ausbruch+e,13.016698354013446
-4.546621372133425,-1.263972159379922,-0.04432468865246504,0.0486041035469508,-1.2545520178264269e-14,besser,8.002598203714436
-5.268474701830918,-0.8174232921242393,-0.0063425015710765476,0.05785737955638744,-2.0317081350640365e-14,vulkan+ausbruch+e gut+er,7.1538575727503595
-5.86284906456857,-0.44906577450289653,0.002928556520460479,0.05319188260042374,-1.965094753586527e-14,vorhersagen,6.454617636809257
-5.86284906456857,-0.44906577450289653,0.002928556520460479,0.05319188260042374,-1.965094753586527e-14,gut+er vorher+sag+en,6.454617636809257
-5.92963928423549,-0.4076779061010196,0.004064313547673823,0.05261726572569128,-1.965094753586527e-14,Dabei,6.376046298315752
-5.465901530001508,-0.6950624402034786,-0.003419509728477141,0.05639096526747267,-2.0095036745715333e-14,dabei geh+t,6.921594347693977
-3.8193571955555097,-1.7157127370062093,-0.024076750581960953,0.06668766529605753,-2.142730437526552e-14,kleine,8.858766800524508
-3.8193571955555097,-1.7157127370062093,-0.024076750581960953,0.06668766529605753,-2.142730437526552e-14,geh+t klein+e,8.858766800524508
-0.28552094514476245,-3.9068246490115457,-0.05061085890176067,0.07986631685225032,-2.3314683517128287e-14,Vulkan-Kristalle,13.016698354013446
-0.28552094514476245,-3.9068246490115457,-0.05061085890176067,0.07986631685225032,-2.3314683517128287e-14,klein+e vulkan+-+kristall+e,13.016698354013446
-5.792387182705648,-0.4927300029609567,0.0017524450933446428,0.053786166113690824,-1.9761969838327786e-14,vulkan+-+kristall+e wichtig+e,6.537508934581842
-6.316646228145699,-0.16788475954122983,0.01107834612082409,0.049051848412819496,-1.9095836023552692e-14,Hinweise,5.920788518651925
-6.316646228145699,-0.16788475954122983,0.01107834612082409,0.049051848412819496,-1.9095836023552692e-14,wichtig+e hinweis+e,5.920788518651925
-3.9989138939969147,-1.6034290332737027,-0.06428055518638547,0.04509177744156045,-8.992806499463768e-15,liefern,8.646932071026189
-6.675629551010815,0.0545019392305508,0.01833243314828796,0.04533108777920826,-1.865174681370263e-14,hinweis+e liefer+n,5.498520739800832
-7.398689054281244,0.5022510186713269,0.03573827992854392,0.036241956781012864,-1.7319479184152442e-14,Von,4.648095497851682
-8.413065622559401,1.129653529243972,0.06972912814906213,0.017679745203669606,-1.454392162258955e-14,Pascal,3.455451915105137
-8.413065622559401,1.129653529243972,0.06972912814906213,0.017679745203669606,-1.454392162258955e-14,von pascal,3.455451915105137
-8.493658365051704,1.17943681777966,0.07313957849718727,0.0157482813627366,-1.432187701766452e-14,Kiss,3.3607312655448767
-8.493658365051704,1.17943681777966,0.07313957849718727,0.0157482813627366,-1.432187701766452e-14,pascal kiss,3.3607312655448767
-8.613876275834777,1.25367083153272,0.07848791418369816,0.012691408649838035,-1.3766765505351941e-14,19.03.2026,3.2194536447148314
-8.613876275834777,1.25367083153272,0.07848791418369816,0.012691408649838035,-1.3766765505351941e-14,stand 19.03.2026,3.2194536447148314
-8.514368057683154,1.1922272934634373,0.07403800545848385,0.015237183234166358,-1.4210854715202004e-14,11:30,3.3363923746982977
-8.514368057683154,1.1922272934634373,0.07403800545848385,0.015237183234166358,-1.4210854715202004e-14,19.03.2026 11:30,3.3363923746982977
-8.449275268208634,1.1520223861680525,0.07124482400837895,0.01682303662778073,-1.4432899320127035e-14,11:30 uhr,3.4128938142003227
-8.387350934241326,1.1137664712816888,0.0686687071735553,0.01827753263061028,-1.4654943925052066e-14,uhr ein,3.4856758917671686
-8.400374916190001,1.121813111626603,0.06920415396762677,0.01797584982475459,-1.4654943925052066e-14,+4328,3.4703679565272507
-8.471986690683007,1.166051230496186,0.07220923115876374,0.01627652862236773,-1.432187701766452e-14,+4328 chars,3.3862012592145097
-8.399299228626123,1.1229077319969392,-0.07833559887548126,-0.05853769640450171,3.019806626980426e-14,Exotische,3.4704733283374085
-8.30657546202438,1.0652235131113932,-0.08611912413262272,-0.05824966833351446,3.108624468950438e-14,Duftharze,3.5796601395556493
-8.30657546202438,1.0652235131113932,-0.08611912413262272,-0.05824966833351446,3.108624468950438e-14,exotisch+e duft+harz+e,3.5796601395556493
-8.155109645759238,0.9709627251117596,-0.09798690165337254,-0.05773727482206807,3.219646771412954e-14,Hausaltären,3.7580374282280826
-8.155109645759238,0.9709627251117596,-0.09798690165337254,-0.05773727482206807,3.219646771412954e-14,duft+harz+e haus+altar+en,3.7580374282280826
-5.411971222117627,-0.7369938098599604,-0.21872933636362735,-0.04744146184668453,4.263256414560601e-14,gefunden,6.9891809333945805
-7.967544383465031,0.8541966295183787,-0.11140257771800188,-0.057050912304326254,3.352873534367973e-14,haus+altar+en ge+find+en,3.9789514710656255
-7.777649486798394,0.7359520815240774,-0.12374255058820816,-0.05631863092122792,3.4861002973229915e-14,ge+find+en der,4.202626572642597
-7.672576721707662,0.6705175496037254,-0.13009942439499572,-0.05590350819978415,3.530509218307998e-14,der asche,4.326395416223146
-6.997377966618666,0.25000602386350135,-0.1646163640101111,-0.05319852215331551,3.8413716652030416e-14,asche chr.,5.12176260620343
-3.6824105817455504,-1.8128947058551925,-0.25560705596053157,-0.04251532523701175,4.5075054799781356e-14,chr. vulkan+ausbruch,9.025995065839378
-6.859255803688668,0.16398957327937058,-0.17058440891363758,-0.052653699479934646,3.885780586188048e-14,untergegangenen,5.284466230688716
-6.859255803688668,0.16398957327937058,-0.17058440891363758,-0.052653699479934646,3.885780586188048e-14,vulkan+ausbruch unter+ge+geh+en+en,5.284466230688716
-7.613646807416256,0.633817219853837,-0.13353076290823593,-0.055668704308070235,3.574918139293004e-14,unter+ge+geh+en+en stadt,4.395812028685129
-7.94897784449501,0.8426365504404929,-0.1126610985547554,-0.056980667169624744,3.375077994860476e-14,pompeji sorg+t,4.000820159964734
-8.127679553290616,0.9538888497364579,-0.10003270083457255,-0.057639973266427544,3.241851231905457e-14,sorg+t immer,3.7903431509975114
-8.253175365358974,1.0319954596782699,-0.09041774166412206,-0.058074314745683,3.1530333899354446e-14,Überraschungen,3.6425456440956934
-8.253175365358974,1.0319954596782699,-0.09041774166412206,-0.058074314745683,3.1530333899354446e-14,immer überraschung+en,3.6425456440956934
-7.797896373716788,0.7485604310456351,-0.12248076988970702,-0.056397961034413635,3.4638958368304884e-14,Räuchergefäßen,4.178777392996137
-8.462763631680371,1.1623783749558856,-0.07275859407198738,-0.05872079487608482,2.9753977059954195e-14,nun räuchergefäß+en,3.395747175321892
-6.728047110070762,0.08228251845580425,-0.1759749194177772,-0.052142152312982776,3.930189507173054e-14,entdeckte,5.439024443701633
-8.568644004245229,1.2282044249241189,-0.06296279786966404,-0.05899559249904689,2.864375403532904e-14,räuchergefäß+en entdeck+t+e,3.271092187417535
-8.623990799206007,1.2625991940914394,-0.05757871754115461,-0.05912134643716785,2.7977620220553945e-14,Duftstoffe,3.205939457848971
-8.623990799206007,1.2625991940914394,-0.05757871754115461,-0.05912134643716785,2.7977620220553945e-14,entdeck+t+e duft+stoff+e,3.205939457848971
-8.677547306659276,1.295870324699161,-0.05218352119562317,-0.05922945721615634,2.7533531010703882e-14,stammen,3.1429003929642874
-8.677547306659276,1.295870324699161,-0.05218352119562317,-0.05922945721615634,2.7533531010703882e-14,duft+stoff+e stamm+en,3.1429003929642874
-8.712521365244875,1.3175908547571726,-0.04855688101185582,-0.059292092607874866,2.708944180085382e-14,teilweise,3.1017375758165215
-8.712521365244875,1.3175908547571726,-0.04855688101185582,-0.059292092607874866,2.708944180085382e-14,stamm+en teilweise,3.1017375758165215
-8.767129757997637,1.3514937085442467,-0.04272234256768387,-0.05937599081978469,2.6423307986078726e-14,tropischen,3.0374724655419074
-8.767129757997637,1.3514937085442467,-0.04272234256768387,-0.05937599081978469,2.6423307986078726e-14,teilweise tropisch+en,3.0374724655419074
-8.805141286224544,1.3750835099917162,-0.03853149877770889,-0.05942345867740964,2.5979218776228663e-14,Gebieten,2.9927441887718844
-8.805141286224544,1.3750835099917162,-0.03853149877770889,-0.05942345867740964,2.5979218776228663e-14,tropisch+en gebiet+en,2.9927441887718844
-8.833564443548228,1.3927174511714009,-0.035325145692475614,-0.059452577733923095,2.55351295663786e-14,Asiens,2.95930153434098
-8.833564443548228,1.3927174511714009,-0.035325145692475614,-0.059452577733923095,2.55351295663786e-14,gebiet+en asien+s,2.95930153434098
-8.868255817668443,1.4142335399519692,-0.03132421725485556,-0.05948018818711766,2.5091040356528538e-14,asien+s afrika+s,2.9184873979283408
-8.89217986352843,1.4290669937633511,-0.02850718236516752,-0.0594938329591783,2.4868995751603507e-14,afrika+s zeig+t,2.8903434641064543
-8.919299676056553,1.4458770684348348,-0.025254797649788163,-0.059503645931078625,2.4424906541753444e-14,zeig+t studie,2.858442726173058
-8.948722649724127,1.464108578022616,-0.021652992091522383,-0.05950710334550299,2.398081733190338e-14,Leitung,2.8238361914521812
-8.948722649724127,1.464108578022616,-0.021652992091522383,-0.05950710334550299,2.398081733190338e-14,studie leitung,2.8238361914521812
-8.977660744480293,1.482032956981565,-0.01803369791407078,-0.05950275563916138,2.353672812205332e-14,feuerfesten,2.7898036231032206
-8.977660744480293,1.482032956981565,-0.01803369791407078,-0.05950275563916138,2.353672812205332e-14,leitung feuerfest+en,2.7898036231032206
-9.000498838171644,1.4961739909832137,-0.01512177521664769,-0.05949358161418661,2.3314683517128287e-14,Schalen,2.7629476712263807
-9.000498838171644,1.4961739909832137,-0.01512177521664769,-0.05949358161418661,2.3314683517128287e-14,feuerfest+en schal+en,2.7629476712263807
-9.021746516868914,1.5093260910091797,-0.012367322674607405,-0.05948025752457342,2.2870594307278225e-14,Kelchen,2.737964214755374
-9.021746516868914,1.5093260910091797,-0.012367322674607405,-0.05948025752457342,2.2870594307278225e-14,schal+en kelch+en,2.737964214755374
-9.041581515898192,1.52159994503138,-0.009755556174685612,-0.05946346112486099,2.2648549702353193e-14,Terrakotta,2.714643899555126
-9.041581515898192,1.52159994503138,-0.009755556174685612,-0.05946346112486099,2.2648549702353193e-14,kelch+en terrakotta,2.714643899555126
-9.058651982228138,1.5321600301123135,-0.007475789865345819,-0.05944549491127553,2.2426505097428162e-14,brachte,2.694575571756749
-9.058651982228138,1.5321600301123135,-0.007475789865345819,-0.05944549491127553,2.2426505097428162e-14,terrakotta bring+e,2.694575571756749
-9.076182810310062,1.5430018072704317,-0.00510301723038438,-0.05942353070477033,2.19824158875781e-14,Bevölkerung,2.673967724622915
-9.076182810310062,1.5430018072704317,-0.00510301723038438,-0.05942353070477033,2.19824158875781e-14,bring+e bevölkerung,2.673967724622915
-9.09797277911088,1.55647304123511,-0.0021081968658498984,-0.05939106419536305,2.1760371282653068e-14,bevölkerung pompeji,2.6483556625241365
-9.113250758183582,1.565915209722003,2.2433047250358662e-05,-0.05936475017005856,2.1316282072803006e-14,pompeji 2.000,2.630399550635419
-9.12057724056332,1.5704422026400924,0.0010533482220400625,-0.05935105980334471,2.1316282072803006e-14,2.000 jahr+en,2.621789302164248
-9.135790888458764,1.5798405960994926,0.0032133904231314847,-0.05932035151253583,2.1094237467877974e-14,Göttern,2.6039109859368077
-9.135790888458764,1.5798405960994926,0.0032133904231314847,-0.05932035151253583,2.1094237467877974e-14,jahr+en gott+ern,2.6039109859368077
-9.144732968872955,1.5853633474655753,0.0044953237201890844,-0.05930083326325292,2.0872192862952943e-14,Rauchopfer,2.593403416738897
-9.144732968872955,1.5853633474655753,0.0044953237201890844,-0.05930083326325292,2.0872192862952943e-14,gott+ern rauch+opfer,2.593403416738897
-9.156544427615424,1.5926567316957734,0.006202820732917946,-0.05927334120752421,2.0650148258027912e-14,dar,2.579524962405594
-9.156544427615424,1.5926567316957734,0.006202820732917946,-0.05927334120752421,2.0650148258027912e-14,rauch+opfer dar,2.579524962405594
-9.186210175480443,1.6109668318057897,0.010564279193461673,-0.059195385458473,2.020605904817785e-14,bis räuchergefäß+en,2.5446720927351443
-9.199807294509618,1.619355152150448,0.012599017504975732,-0.05915522365270302,1.9984014443252818e-14,wissenschaftlich,2.5286996636208405
-9.199807294509618,1.619355152150448,0.012599017504975732,-0.05915522365270302,1.9984014443252818e-14,räuchergefäß+en wissenschaftlich,2.5286996636208405
-9.214344027928565,1.6283202226812636,0.014799808758718155,-0.05910907399261241,1.9539925233402755e-14,wissenschaftlich wenig,2.5116250602010415
-9.219269490833423,1.631357144373968,0.01555155108524943,-0.05909266584369301,1.9539925233402755e-14,Auf…,2.505840074971214
-9.219269490833423,1.631357144373968,0.01555155108524943,-0.05909266584369301,1.9539925233402755e-14,wenig auf…,2.505840074971214
-9.224093867192655,1.6343313874227428,0.016290866234959164,-0.05907620921324912,1.9317880628477724e-14,+2684,2.500174007034069
-9.224093867192655,1.6343313874227428,0.016290866234959164,-0.05907620921324912,1.9317880628477724e-14,auf… +2684,2.500174007034069
-9.228820591444775,1.6372450866935704,0.01701811544553951,-0.05905971201453886,1.9317880628477724e-14,+2684 char+s,2.4946228132175596
-9.021746516868914,1.5093260910091797,-0.012367322674607405,-0.05948025752457342,2.2870594307278225e-14,roch,2.737964214755374
-9.013074527661505,1.5039587155827605,-0.013496870795231812,-0.05948626715988667,2.3092638912203256e-14,riech pompeji,2.7481606447107074
-8.998659078037676,1.4950350057315027,-0.015358201371637785,-0.05949451493424776,2.3314683517128287e-14,kurz,2.765111004048957
-8.998659078037676,1.4950350057315027,-0.015358201371637785,-0.05949451493424776,2.3314683517128287e-14,pompeji kurz,2.765111004048957
-8.973685521086335,1.479571095913919,-0.018535492724720867,-0.05950382574468163,2.353672812205332e-14,kurz untergang,2.794478449649389
-8.948722649724127,1.464108578022616,-0.021652992091522383,-0.05950710334550299,2.398081733190338e-14,untergang forscher,2.8238361914521812
-8.912118625998778,1.4414264480201449,-0.026122207490942247,-0.059501650496991895,2.4424906541753444e-14,exotische,2.866889433034424
-8.912118625998778,1.4414264480201449,-0.026122207490942247,-0.059501650496991895,2.4424906541753444e-14,find+en exotisch+e,2.866889433034424
-8.887005860353108,1.4258593238967647,-0.029120503708336194,-0.05949126940160336,2.4868995751603507e-14,Räucherharze,2.8964299120475787
-8.887005860353108,1.4258593238967647,-0.029120503708336194,-0.05949126940160336,2.4868995751603507e-14,exotisch+e räucherharz+e,2.8964299120475787
-8.851336469878053,1.4037408699596094,-0.03328773433605782,-0.05946784664645477,2.531308496145357e-14,Winzige,2.9383923564146532
-8.851336469878053,1.4037408699596094,-0.03328773433605782,-0.05946784664645477,2.531308496145357e-14,räucherharz+e winzig+e,2.9383923564146532
-8.8274382728537,1.388917133933967,-0.0360215989745548,-0.05944678232289653,2.5757174171303632e-14,Aschereste,2.9665093561794533
-8.8274382728537,1.388917133933967,-0.0360215989745548,-0.05944678232289653,2.5757174171303632e-14,winzig+e asche+rest+e,2.9665093561794533
-8.791763121638187,1.3667819804048398,-0.04001894977840503,-0.05940783281198647,2.6201263381153694e-14,asche+rest+e lass+en,3.0084858137612995
-4.368222840773987,-1.3863696789712106,-0.24281074095022503,-0.0443103023581508,4.418687638008123e-14,Archäologen,8.218396099549652
-8.767129757997637,1.3514937085442467,-0.04272234256768387,-0.05937599081978469,2.6423307986078726e-14,lass+en archäologe+en,3.0374724655419074
-8.720806545519277,1.3227355255531805,-0.047685362176378684,-0.05930594499747438,2.6867397195928788e-14,erahnen,3.0919867619514605
-8.720806545519277,1.3227355255531805,-0.047685362176378684,-0.05930594499747438,2.6867397195928788e-14,archäologe+en erahn+en,3.0919867619514605
-8.663613136085981,1.2872150674870184,-0.05360534960286093,-0.05920270127079963,2.7533531010703882e-14,erahn+en überrasch+end,3.159301079751435
-8.59720048577645,1.2459519613425458,-0.060208484932202065,-0.05906215804198167,2.842170943040401e-14,überrasch+end weit,3.2374755153833306
-8.544390293120331,1.2131288564804064,-0.06526359533480854,-0.05893639341828118,2.886579864025407e-14,weit bewohner,3.299644849535017
-9.013074527661505,1.5039587155827605,-0.013496870795231812,-0.05948626715988667,2.3092638912203256e-14,bewohner pompeji,2.7481606447107074
-6.5320487653900905,-0.035289765011977,-0.13150660468267855,-0.026132428883148037,2.4646951146678475e-14,antiken,5.667624885125513
-8.326510186241077,1.077626527241409,-0.08448072823865735,-0.05831344989747271,3.086420008457935e-14,pompeji antik+en,3.5561851833825253
-8.241827268982275,1.0249335246257665,-0.09131474796377805,-0.05803625820196305,3.1530333899354446e-14,antik+en welt,3.6559098475290868
-8.181285107250755,0.9872547620412675,-0.09600619937508494,-0.0578289615593604,3.197442310920451e-14,vernetzt,3.727209868590682
-8.181285107250755,0.9872547620412675,-0.09600619937508494,-0.0578289615593604,3.197442310920451e-14,welt vernetz+t,3.727209868590682
-7.8471709053619145,0.779244362678472,-0.1193579365977682,-0.05658993264791723,3.441691376337985e-14,der römisch+e,4.120736545216802
-6.997377966618666,0.25000602386350135,-0.1646163640101111,-0.05319852215331551,3.8413716652030416e-14,pompeji werd+e,5.12176260620343
-3.6824105817455504,-1.8128947058551925,-0.25560705596053157,-0.04251532523701175,4.5075054799781356e-14,werd+e vulkan+ausbruch,9.025995065839378
-7.059506432471023,0.2886981302309435,-0.1618268032367759,-0.05344540360988227,3.8191672047105385e-14,vulkan+ausbruch asche,5.048576766206064
-7.361666562829885,0.47688326767455935,-0.14722309425813757,-0.05465678480113753,3.68594044175552e-14,konserviert,4.692637654908473
-7.361666562829885,0.47688326767455935,-0.14722309425813757,-0.05465678480113753,3.68594044175552e-14,asche konservier+t,4.692637654908473
-7.8471709053619145,0.779244362678472,-0.1193579365977682,-0.05658993264791723,3.441691376337985e-14,konservier+t liefer+te,4.120736545216802
-8.068623155626048,0.9171262071050195,-0.10433694674000826,-0.057426612599662086,3.2862601528904634e-14,liefer+te archäologe+en,3.859898424936195
-8.23023789972798,1.0177212357890435,-0.09222499467381978,-0.05799712223310602,3.175237850427948e-14,archäologe+en fast,3.669558309870068
-5.555539145669175,-0.6476468387556098,-0.21485990487745046,-0.04791301020281219,4.241051954068098e-14,fast 2000,6.820089866189537
-5.653965257958239,-0.5863893834308964,-0.21211381163456355,-0.048242211817284,4.218847493575595e-14,2000 jahr+e,6.7041640444763315
-8.49159829904452,1.1803081989185376,-0.07015362219622992,-0.05879968291131543,2.930988785010413e-14,unvergleichlichen,3.3617977385289457
-8.49159829904452,1.1803081989185376,-0.07015362219622992,-0.05879968291131543,2.930988785010413e-14,spät+er un+vergleichlich+en,3.3617977385289457
-8.602693813732833,1.2493656748084427,-0.0596729098744933,-0.059074557946115644,2.8199664825478976e-14,Schatz,3.231008957296754
-8.602693813732833,1.2493656748084427,-0.0596729098744933,-0.059074557946115644,2.8199664825478976e-14,un+vergleichlich+en schatz,3.231008957296754
-8.644270846570498,1.275199207333911,-0.055557740288347354,-0.059163938890571297,2.7755575615628914e-14,Neben,3.1820679293834986
-8.672955034369084,1.2930179098935273,-0.05265354440507865,-0.0592207495612138,2.7533531010703882e-14,Abdrücken,3.1483055023557065
-8.672955034369084,1.2930179098935273,-0.05265354440507865,-0.0592207495612138,2.7533531010703882e-14,neben abdruck+en,3.1483055023557065
-8.732916273949105,1.33025445904718,-0.046402833511945865,-0.05932548611243528,2.6867397195928788e-14,abdruck+en mensch+en,3.077735168779035
-8.770749060338494,1.353740169693405,-0.04232798620235104,-0.05938091271608063,2.6423307986078726e-14,Tieren…,3.033213435687985
-8.770749060338494,1.353740169693405,-0.04232798620235104,-0.05938091271608063,2.6423307986078726e-14,mensch+en tieren…,3.033213435687985
-8.801841929303631,1.373036259459825,-0.03889961350075482,-0.059419716659925736,2.5979218776228663e-14,+2726,2.9966263764976118
-8.801841929303631,1.373036259459825,-0.03889961350075482,-0.059419716659925736,2.5979218776228663e-14,tieren… +2726,2.9966263764976118
-8.8212061234039,1.3850508424161336,-0.036727052374375596,-0.05944061255862419,2.5757174171303632e-14,+2726 char+s,2.973841996198168
-8.048448126391776,0.9042803639154431,0.0558103534192273,0.025425539457616962,-1.5765166949677223e-14,island wissenschaftler,3.8840661985898244
-6.915571134011701,0.20311457055793047,0.023650643073551372,0.04257946700896248,-1.8207657603852567e-14,wissenschaftler erstmals,5.216296630910588
-4.77215798396889,-1.12505638570159,-0.01309342770118814,0.061230545805961156,-2.0761170560490427e-14,erstmals vulkan,7.737765953269621
-1.1196966053814545,-3.3895713261987983,-0.04579020429159594,0.0774556595581605,-2.2870594307278225e-14,anbohren,12.035181975501798
-6.675629551010815,0.054501939230551244,0.01833243314828814,0.04533108777920815,-1.865174681370263e-14,vulkan an+bohr+en,5.498520739800831
-7.4579739468490915,0.538948534344946,0.03736828480793611,0.035377820108505036,-1.7208456881689926e-14,an+bohr+en forscher,4.578375627082935
-3.7051833362184423,-1.7864962157253568,-0.025246617220267692,0.06726741616923754,-2.1538326677728037e-14,Magmakammer,8.99309914808433
-6.914658441450786,0.2025493266860412,0.023629626119564304,0.04259038308052981,-1.8207657603852567e-14,forscher magma+kammer,5.217370129751024
-6.915571134011701,0.20311457055793047,0.023650643073551372,0.04257946700896248,-1.8207657603852567e-14,flüssigem,5.216296630910588
-6.915571134011701,0.20311457055793047,0.023650643073551372,0.04257946700896248,-1.8207657603852567e-14,magma+kammer flüssig+em,5.216296630910588
-6.605579445263894,0.011110338186404611,0.01685415134641327,0.04609226881844945,-1.8762769116165146e-14,flüssig+em gestein,5.580917711186196
-5.638977071990727,-0.587799889338628,-0.0007329001966292908,0.05503957571286784,-1.9872992140790302e-14,isländischen,6.717982643161748
-5.638977071990727,-0.587799889338628,-0.0007329001966292908,0.05503957571286784,-1.9872992140790302e-14,gestein isländisch+en,6.717982643161748
-3.8193571955555097,-1.7157127370062093,-0.024076750581960953,0.06668766529605753,-2.142730437526552e-14,Krafla-Vulkan,8.858766800524508
-3.8193571955555097,-1.7157127370062093,-0.024076750581960953,0.06668766529605753,-2.142730437526552e-14,isländisch+en krafla-vulka+n,8.858766800524508
-3.8193571955555097,-1.7157127370062093,-0.024076750581960953,0.06668766529605753,-2.142730437526552e-14,krafla-vulka+n an+bohr+en,8.858766800524508
-5.717898410380107,-0.5388908581097289,0.0005330479422510359,0.05440153633349965,-1.9872992140790302e-14,Herausforderungen,6.625138160791133
-5.717898410380107,-0.5388908581097289,0.0005330479422510359,0.05440153633349965,-1.9872992140790302e-14,der herausforderung+en,6.625138160791133
-6.967354324586719,0.23518397865458995,0.024853437855051827,0.041954172353447935,-1.8096635301390052e-14,Projekt,5.155390200660934
-6.967354324586719,0.23518397865458995,0.024853437855051827,0.041954172353447935,-1.8096635301390052e-14,herausforderung+en projekt,5.155390200660934
-7.247207091822442,0.4084719488898578,0.03172828889739275,0.03835790907751749,-1.765254609153999e-14,projekt gewaltig,4.826246746364823
-8.71413403234097,1.315552387012047,0.0832088071273637,0.00996406243241265,-1.3322676295501878e-14,mögliche,3.101647722645388
-8.71413403234097,1.315552387012047,0.0832088071273637,0.00996406243241265,-1.3322676295501878e-14,gewaltig möglich+e,3.101647722645388
-8.767457275032564,1.348453557940999,0.08582429536376762,0.008441018575227277,-1.3100631690576847e-14,Erkenntnisgewinn,3.038997464943674
-8.767457275032564,1.348453557940999,0.08582429536376762,0.008441018575227277,-1.3100631690576847e-14,möglich+e erkenntnis+gewinn,3.038997464943674
-8.884844341120399,1.4208520920920125,0.09186033856952,0.004892593846117947,-1.2545520178264269e-14,Bäumer,2.901094636164207
-8.884844341120399,1.4208520920920125,0.09186033856952,0.004892593846117947,-1.2545520178264269e-14,von baum+er,2.901094636164207
-8.823848941033361,1.38323870546175,0.08867454147188195,0.006771323439981845,-1.2878587085651816e-14,07.04.2026,2.972747166893121
-8.823848941033361,1.38323870546175,0.08867454147188195,0.006771323439981845,-1.2878587085651816e-14,stand 07.04.2026,2.972747166893121
-8.767457275032564,1.348453557940999,0.08582429536376762,0.008441018575227277,-1.3100631690576847e-14,08:45,3.038997464943674
-8.767457275032564,1.348453557940999,0.08582429536376762,0.008441018575227277,-1.3100631690576847e-14,07.04.2026 08:45,3.038997464943674
-8.73273208116187,1.327028569427124,0.08411248605516386,0.009438814381657015,-1.3322676295501878e-14,08:45 uhr,3.079796091529252
-8.701231990464194,1.3075904341582716,0.08258716965137614,0.010324781648997998,-1.3433698597964394e-14,uhr forscher,3.1168071883305704
-5.069612363855891,-0.9405096620979436,-0.012978240880297039,0.05735211087030832,-1.9317880628477724e-14,de…,7.387717334902741
-8.687900998295362,1.299363291288806,0.08194934060709713,0.010694392586620183,-1.3433698597964394e-14,gewaltig de…,3.132470920647843
-8.720431367301302,1.3194383538920231,0.08351378375100582,0.009786915103594876,-1.3322676295501878e-14,+4601,3.094248658331703
-8.720431367301302,1.3194383538920231,0.08351378375100582,0.009786915103594876,-1.3322676295501878e-14,de… +4601,3.094248658331703
-8.756226823843367,1.34152490453449,0.08526714207632005,0.008766186385302523,-1.3211653993039363e-14,+4601 chars,3.052191908129075
-4.77215798396889,-1.12505638570159,-0.01309342770118814,0.061230545805961156,-2.0761170560490427e-14,romana vulkan,7.737765953269621
-6.675629551010815,0.054501939230551244,0.01833243314828814,0.04533108777920815,-1.865174681370263e-14,-DLC,5.498520739800831
-6.675629551010815,0.054501939230551244,0.01833243314828814,0.04533108777920815,-1.865174681370263e-14,vulkan -dlc,5.498520739800831
-3.3894304740477015,-1.9822556737956787,-0.02834111774213203,0.06880020339195587,-2.1760371282653068e-14,erscheint,9.364603954250109
-7.1900011438097255,0.3730531113431219,0.03026891681888394,0.0391245611951174,-1.7763568394002505e-14,-dlc erschein+t,4.893526332777002
-7.849048999976328,0.7809505895767503,0.049088741478210324,0.02909167437018291,-1.63202784619898e-14,erschein+t 23.,4.1185073791175695
-3.7820299080232136,-1.7387039432915787,-0.05405951158327491,0.07434485794442951,-2.0761170560490427e-14,April,8.902543002204078
-5.741710345031732,-0.5239362910770047,-0.0031635554521819292,0.05215949917380473,-1.8540724511240114e-14,23. april,6.597014649323752
-8.117496421325036,0.9469754525724068,0.05827399289309537,0.024070009093052288,-1.554312234475219e-14,april 2026,3.8028900024162433
-8.252295870318486,1.0303068995338474,0.06330592882762748,0.021280983613907994,-1.509903313490213e-14,erster,3.644424933745377
-8.252295870318486,1.0303068995338474,0.06330592882762748,0.021280983613907994,-1.509903313490213e-14,2026 erst+er,3.644424933745377
-8.360242081931219,1.0970167120973016,0.0675648116271923,0.01889844939085233,-1.4765966227514582e-14,erst+er trailer,3.51753926015698
-8.460766150244371,1.1591204363062386,0.07173142694520179,0.01654742639937534,-1.4432899320127035e-14,trailer nach,3.3993885982544656
-7.765101227571461,0.7290148306352116,0.04641978081243735,0.030534727381655767,-1.6542323066914832e-14,kleineren,4.217215462651932
-8.613876275834777,1.25367083153272,0.07848791418369816,0.012691408649838035,-1.3766765505351941e-14,erst+en klein+er+en,3.2194536447148314
-8.687900998295362,1.299363291288806,0.08194934060709713,0.010694392586620183,-1.3433698597964394e-14,Content-Paket,3.132470920647843
-8.687900998295362,1.299363291288806,0.08194934060709713,0.010694392586620183,-1.3433698597964394e-14,klein+er+en content-paket,3.132470920647843
-7.132772433036949,0.3376181795851574,0.028837614011435447,0.039874741331468025,-1.787459069646502e-14,bekommt,4.960833811598281
-8.77295062272774,1.351842554542897,0.08609807280340995,0.008281090467027723,-1.3100631690576847e-14,content-paket bekomm+t,3.0325435107075913
-7.740769941269884,0.713960503801446,0.045662820479310376,0.030942726514325412,-1.6542323066914832e-14,bekomm+t anno,4.245825604508112
-8.694621603286896,1.303510933512818,0.0822703265962095,0.010508450410300746,-1.3433698597964394e-14,Kürze,3.1245742689576566
-8.694621603286896,1.303510933512818,0.0822703265962095,0.010508450410300746,-1.3433698597964394e-14,romana kürze,3.1245742689576566
-8.553173852599958,1.2161915165645052,0.07574671907981931,0.014262465276961945,-1.3988810110276972e-14,kürze erst+en,3.290787599023269
-8.562374982738662,1.22187310268627,0.07615678968225742,0.0140280222053327,-1.3988810110276972e-14,großen,3.279974658356722
-8.562374982738662,1.22187310268627,0.07615678968225742,0.0140280222053327,-1.3988810110276972e-14,erst+en groß+en,3.279974658356722
-1.419328550450146,-3.2032823429511326,-0.09527833592761252,0.05171404312315545,-7.882583474838611e-15,DLC,11.682283883185036
-6.802826850761445,0.13328736928860696,0.021100944384115902,0.04390130361535322,-1.84297022087776e-14,groß+en dlc,5.3489069002359715
-8.449275268208634,1.1520223861680525,0.07124482400837895,0.01682303662778073,-1.4432899320127035e-14,spendiert,3.4128938142003227
-8.449275268208634,1.1520223861680525,0.07124482400837895,0.01682303662778073,-1.4432899320127035e-14,dlc spendier+t,3.4128938142003227
-7.521173892901391,0.5780665171428585,0.0391455983070393,0.03443286575444391,-1.709743457922741e-14,Download-Erweiterung,4.504053252053857
-8.23492076478021,1.0195673947504902,0.06264004599432374,0.02165165601961483,-1.5210055437364645e-14,der download+-+erweiterung,3.664849567071248
-8.301294125524237,1.060589893885879,0.06521260444560525,0.02021686947840018,-1.4988010832439613e-14,download+-+erweiterung der,3.5868284171916835
0.9848681765211431,-4.694581624128251,-0.05677315376120829,0.08297762049201124,-2.375877272697835e-14,Verheißung,14.511488672500183
-3.0444365981403223,-2.196150701442449,-0.03150291870162039,0.07036573160736004,-2.19824158875781e-14,der verheißung,9.770516902460137
12.163827912715938,-11.626686536639815,-0.07915962814248635,0.09556301820684618,-2.609024107869118e-14,verheißung vulkan+s,27.665238004352172
-6.915571134011701,0.20311457055793047,0.023650643073551372,0.04257946700896248,-1.8207657603852567e-14,vulkan+s lass+st,5.216296630910588
-7.700571531019115,0.6890875524600131,0.04442804784460934,0.03160707282990057,-1.6653345369377348e-14,lass+st mehr,4.293093940124527
-7.88160312791889,0.8010887383585499,0.0501484097980216,0.02851676738099343,-1.6209256159527285e-14,mehr lange,4.080230475584151
-8.23492076478021,1.0195673947504902,0.06264004599432374,0.02165165601961483,-1.5210055437364645e-14,warten,3.664849567071248
-8.23492076478021,1.0195673947504902,0.06264004599432374,0.02165165601961483,-1.5210055437364645e-14,lange wart+en,3.664849567071248
-8.524384261285878,1.1984130463717724,0.074475864296487,0.01498774474348697,-1.4210854715202004e-14,größer,3.3246211015332787
-8.524384261285878,1.1984130463717724,0.074475864296487,0.01498774474348697,-1.4210854715202004e-14,117 groß+er,3.3246211015332787
-8.621894439330006,1.2586207952829223,0.07885642520845343,0.012479505530498787,-1.3766765505351941e-14,jemals,3.210031532568009
-8.621894439330006,1.2586207952829223,0.07885642520845343,0.012479505530498787,-1.3766765505351941e-14,groß+er jemals,3.210031532568009
-8.6741164923694,1.2908557591131433,0.08129453950918808,0.011073309585641953,-1.354472090042691e-14,zuvor,3.148667803405103
-8.6741164923694,1.2908557591131433,0.08129453950918808,0.011073309585641953,-1.354472090042691e-14,jemals zuvor,3.148667803405103
-8.75048563094769,1.3379827178392119,0.08498362980148216,0.00893149908994498,-1.3211653993039363e-14,durften,3.058937205447246
-8.75048563094769,1.3379827178392119,0.08498362980148216,0.00893149908994498,-1.3211653993039363e-14,zwar dürf+en,3.058937205447246
-8.837833119386826,1.3918632757706075,0.0893952811417098,0.006347447399026165,-1.27675647831893e-14,Fans,2.9563190690358936
-8.837833119386826,1.3918632757706075,0.0893952811417098,0.006347447399026165,-1.27675647831893e-14,dürf+en fan+s,2.9563190690358936
-8.859986758318879,1.405524941499856,0.0905487366376928,0.005667678825272901,-1.2656542480726785e-14,fan+s bereits,2.9302945130264844
-8.936618460669402,1.4527689190560855,0.09465305074324415,0.0032346873581621596,-1.2212453270876722e-14,bereits woche+n,2.840280104345148
-8.992980009667955,1.487502261719482,0.09779090545125393,0.001359454799731822,-1.199040866595169e-14,woche+n klein+er+en,2.7740833989713654
-9.020375618526778,1.5043804715400595,0.09935460357353834,0.0004199936832943313,-1.176836406102666e-14,klein+er+en dlc,2.7419097396464296
-9.050246383729968,1.5227799905013888,0.10108939838969139,-0.0006261686005203,-1.1657341758564144e-14,Aufbau-Hit,2.706831210854855
-9.050246383729968,1.5227799905013888,0.10108939838969139,-0.0006261686005203,-1.1657341758564144e-14,dlc aufbau+-+hit,2.706831210854855
-9.075165155568103,1.5381262254699732,0.10256108296397118,-0.00151690881997351,-1.1435297153639112e-14,freuen,2.677569662585462
-9.075165155568103,1.5381262254699732,0.10256108296397118,-0.00151690881997351,-1.1435297153639112e-14,aufbau+-+hit freu+en,2.677569662585462
-7.59346146560504,0.6228053751267679,0.04123070201364053,0.03332058055587983,-1.687538997430238e-14,der erst+e,4.419046149844284
-4.103534572213421,-1.5386089476438944,-0.05641103978635319,0.04779774043603845,-1.0880185641326534e-14,große,8.523871990880666
-9.111696492781284,1.5606189052213064,0.10476016558013188,-0.0028535055760289217,-1.1213252548714081e-14,erst+e groß+e,2.634674561896611
-9.122861685070921,1.5674921486318503,0.105442396163142,-0.0032695353678422225,-1.1213252548714081e-14,groß+e download+-+erweiterung,2.621565084647542
-9.158592015503766,1.5894834245638463,0.10765843998877236,-0.004625412422533035,-1.099120794378905e-14,download+-+erweiterung lass+st,2.579615015485966
-9.16795282544296,1.59524373088551,0.10824744306676254,-0.00498695881378286,-1.0880185641326534e-14,lass+st allerdings,2.5686253159689674
-9.188524997506846,1.6079014814759003,0.10955449124999711,-0.005791022341456394,-1.0769163338864018e-14,+2863,2.5444742346193747
-9.188524997506846,1.6079014814759003,0.10955449124999711,-0.005791022341456394,-1.0769163338864018e-14,allerdings +2863,2.5444742346193747
-9.196842306919294,1.6130183510959608,0.11008791641570978,-0.006119872294828237,-1.0658141036401503e-14,+2863 chars,2.53471032868568
-6.064536827336984,-0.3227507721451812,-0.08146825787252461,0.007685906448599754,6.661338147750939e-15,Indischen,6.2165112417799415
-7.016438488106362,0.265580608019913,0.026012686053875106,0.041350444013433574,-1.8096635301390052e-14,vulkan indisch+en,5.097659028450145
-6.6982896121154765,0.06997267905577109,-0.08270986190705533,-0.005811953023091395,1.176836406102666e-14,indisch+en ozean,5.470950008140912
-7.824996555922654,0.7680687069587373,0.00957648369285985,0.00949321582725949,-4.551914400963142e-15,Satellit,4.14567476944563
-7.912623239980011,0.8202768298296896,0.051171407259200954,0.027960681586184276,-1.609823385706477e-14,ozean satellit,4.0437578714501425
-8.118663219740755,0.9483531974245052,0.048664333200573104,0.019000864608080495,-1.2545520178264269e-14,fängt,3.801157297789069
-8.118663219740755,0.9483531974245052,0.048664333200573104,0.019000864608080495,-1.2545520178264269e-14,satellit fang+t,3.801157297789069
-8.195293888929987,0.9967781584177766,0.0331191892288482,0.007835071714855178,-6.772360450213455e-15,fang+t detail+s,3.7104895463556193
-8.26491613641237,1.0412367464338799,-0.01764426337053377,-0.021382186206235044,9.769962616701378e-15,strömender,3.627812753042407
-8.26491613641237,1.0412367464338799,-0.01764426337053377,-0.021382186206235044,9.769962616701378e-15,detail+s ström+end+er,3.627812753042407
-8.075445003157425,0.9149150804358892,-0.17393325617349314,-0.09246549663003846,5.3734794391857577e-14,ström+end+er lava,3.85515545644354
-8.4256555764884,1.1407454422815242,-0.021707923949569427,-0.030687721558750148,1.354472090042691e-14,lava réunion,3.4387637879118844
-8.402235862234123,1.1253992408284452,0.02679478812953126,-0.004389448322422589,-1.5543122344752192e-15,réunion auf,3.4668302230619954
-6.4186527401282785,-0.1040973390839719,0.0012481604496685228,0.04207318642106547,-1.5432100042289676e-14,auf insel,5.800466883706523
-8.09536017225567,0.9332885143630394,0.05747609399968656,0.024509732697224094,-1.5654144647214707e-14,befindet,3.828913949264684
-8.09536017225567,0.9332885143630394,0.05747609399968656,0.024509732697224094,-1.5654144647214707e-14,réunion befind+et,3.828913949264684
-7.016438488106362,0.265580608019913,0.026012686053875106,0.041350444013433574,-1.8096635301390052e-14,befind+et aktiv+st+en,5.097659028450145
-4.588318281792802,-1.238765427923377,-0.021476278015668843,0.059368530269346215,-1.9095836023552692e-14,seit rund,7.953914252707253
-8.004975110739428,0.8791802398916064,0.02298382040834139,0.009982624441777386,-6.328271240363392e-15,Monaten,3.9341874510807395
-8.004975110739428,0.8791802398916064,0.02298382040834139,0.009982624441777386,-6.328271240363392e-15,zwei monat+en,3.9341874510807395
-7.927491900338632,0.8254266907450223,-0.1579984139556282,-0.0787672149064689,4.6851411639181606e-14,monat+en eruption,4.028077112737741
-8.352995763408282,1.095773075067867,-0.01698321344090349,-0.024909362526815425,1.0880185641326534e-14,eruption gang+e,3.5242202269488834
-8.496702022638814,1.1845516794076452,0.004921886006491183,-0.020247189640503944,6.661338147750939e-15,ein aufnahme,3.3553423747684725
-8.601471369120834,1.2494938799215851,6.881432503803853e-05,-0.028016453436077202,9.992007221626409e-15,All,3.232074271445799
-8.601471369120834,1.2494938799215851,6.881432503803853e-05,-0.028016453436077202,9.992007221626409e-15,aufnahme all,3.232074271445799
-8.615187270735197,1.258026324281157,-0.005151887434632282,-0.03145319288188901,1.199040866595169e-14,all zeig+t,3.2159133345535142
-8.629758059881832,1.2669571851092354,-0.027055818455031293,-0.043623783134687566,1.887379141862766e-14,zeig+t detail+s,3.198789703239253
-8.604765139533757,1.2503605789546581,-0.06632748464261944,-0.0626112350191947,3.042011087472929e-14,Leuchtende,3.2287138746294906
-8.357339635915787,1.0805574126689637,-0.2290204746243384,-0.1322155144331331,7.460698725481052e-14,leucht+end+e lava,3.5282107211149043
-8.575431956443605,1.228573480898019,-0.12115855828816212,-0.08911241263601243,4.6407322429331543e-14,bewegt,3.2650370493520553
-8.575431956443605,1.228573480898019,-0.12115855828816212,-0.08911241263601243,4.6407322429331543e-14,lava beweg+t,3.2650370493520553
-8.758254173837107,1.3461788832771788,-0.0366910019975172,-0.055724619395517955,2.4424906541753444e-14,beweg+t richtung,3.0478255425836376
-8.594968380871846,1.2375420096308298,-0.15135435479681167,-0.10546531175042638,5.573319583618286e-14,richtung meer,3.2436601449149607
-5.9653228258434545,-0.39091128421991517,-0.18759490050004524,-0.04200643201216206,3.708144902248023e-14,Dieses,6.33657907866115
-8.867122795400697,1.4138259861720213,0.005003179521496648,-0.04032377155927279,1.3988810110276972e-14,meer dieser+es,2.919722028840078
-8.903439192972991,1.4361434435686893,0.017037218868469886,-0.03620165009352003,1.1102230246251565e-14,dieser+es natur+schau+spiel,2.877117157542896
-8.835827562174176,1.393039834339715,-0.06372559736668096,-0.07437791652690821,3.419486915845482e-14,natur+schau+spiel französisch+en,2.9571636971306363
-8.89120783870938,1.427940371053404,-0.04640935719659686,-0.06879833553471036,3.019806626980426e-14,französisch+en insel,2.891735105846177
-8.955010393263002,1.4678615391579475,-0.027861154443734104,-0.06318205556035847,2.5979218776228663e-14,réunion indisch+en,2.816505203619229
-9.137384817325898,1.5787803296119252,0.07492882182068245,-0.020894384731693378,-1.2212453270876722e-15,ozean neu+e,2.6032269404257193
-9.146274041645647,1.58418848934718,0.07660157767189174,-0.02063312012173008,-1.5543122344752192e-15,Satelliten-Aufnahme,2.5928252639678115
-9.146274041645647,1.58418848934718,0.07660157767189174,-0.02063312012173008,-1.5543122344752192e-15,neu+e satellit+en+-+aufnahme,2.5928252639678115
-9.071969807150007,1.5404367288212901,0.0037510905790750643,-0.05442135644599448,1.9095836023552692e-14,festgehalten,2.6789136403345024
-9.178836935531846,1.6040009888957252,0.08248687394668802,-0.019836644471490864,-2.4424906541753444e-15,satellit+en+-+aufnahme fest+ge+halt+en,2.5547208813335334
-9.220458509623178,1.6293306868362512,0.08950529694682643,-0.01916333079233026,-3.552713678800501e-15,europäische…,2.5060125685992647
-9.220458509623178,1.6293306868362512,0.08950529694682643,-0.01916333079233026,-3.552713678800501e-15,der europäische…,2.5060125685992647
-9.237539849895366,1.639728309365018,0.09223852604955204,-0.018991571302197963,-3.9968028886505635e-15,+1162,2.486021376296749
-9.237539849895366,1.639728309365018,0.09223852604955204,-0.018991571302197963,-3.9968028886505635e-15,europäische… +1162,2.486021376296749
-9.244475557615914,1.6439506090599412,0.09332572566513303,-0.018938395488293607,-4.107825191113079e-15,+1162 char+s,2.477903883498306
-9.83828449594856,2.011928364801691,0.06197030577644558,-0.0984024328728701,2.8199664825478976e-14,Europäischer,1.7793179625552074
-9.83518705326322,2.010068732814416,0.0586369374770451,-0.099853294999327,2.930988785010413e-14,europäisch+er satellit,1.7829249582071867
-9.832863911103994,2.0086681989642794,0.05614154327631149,-0.10093828354143981,2.9976021664879227e-14,nimmt,1.785633324258746
-9.832863911103994,2.0086681989642794,0.05614154327631149,-0.10093828354143981,2.9976021664879227e-14,satellit nehm+t,1.785633324258746
-9.831223927129813,2.007676554624331,0.05438238352985064,-0.10170257338639728,3.042011087472929e-14,nehm+t natur+schau+spiel,1.7875468142527409
-9.824134347830405,2.003361817069089,0.04680066011770001,-0.10499101685712296,3.241851231905457e-14,natur+schau+spiel réunion,1.7958334846723476
-9.819819354024398,2.0007137821875745,0.04220443254692037,-0.10698019208829208,3.375077994860476e-14,réunion der,1.8008886508292457
-9.813210015056976,1.9966261297812076,0.03519113264795977,-0.11000912431173455,3.552713678800501e-14,Raumfahrtbehörde,1.8086484230752373
-9.813210015056976,1.9966261297812076,0.03519113264795977,-0.11000912431173455,3.552713678800501e-14,europäisch+e raum+fahrt+behörde,1.8086484230752373
-9.804789500833806,1.9913639068246205,0.026302853656679545,-0.11383692277161424,3.7969627442180354e-14,ESA,1.818563371902647
-9.804789500833806,1.9913639068246205,0.026302853656679545,-0.11383692277161424,3.7969627442180354e-14,raum+fahrt+behörde esa,1.818563371902647
-8.856062669421881,1.4031799135691543,-0.09963393654953381,-0.09421135624801663,4.574118861455645e-14,echtes,2.934567021192392
-9.797684433836906,1.9868772987957906,0.018843865728616807,-0.11703982955295615,3.9968028886505635e-14,esa echt+es,1.826953948228586
-9.792966220334277,1.9838748698054318,0.01391119258494436,-0.11915326385438531,4.1300296516055823e-14,Naturspektakel,1.832537990991018
-9.792966220334277,1.9838748698054318,0.01391119258494436,-0.11915326385438531,4.1300296516055823e-14,echt+es natur+spektakel,1.832537990991018
-9.778189635082883,1.974355847325332,-0.0014312167395931913,-0.12570322091374833,4.551914400963142e-14,natur+spektakel indisch+en,1.8500874571001968
-9.76027994264271,1.9625912180681024,-0.01981282725918839,-0.13350409123522017,5.062616992290714e-14,eingefangen,1.8714780446357937
-9.76027994264271,1.9625912180681024,-0.01981282725918839,-0.13350409123522017,5.062616992290714e-14,ozean ein+ge+fang+en,1.8714780446357937
-9.732310323259597,1.943748948580292,-0.048055249387871694,-0.1453922904530281,5.81756864903582e-14,der aufnahme+n,1.9051318325588662
-9.707794916646462,1.9267949236583908,-0.07235034616723715,-0.15552611808593206,6.461498003318411e-14,aufnahme+n werd+en,1.934861304350885
-9.666490539082433,1.8973873852336312,-0.11233173376523016,-0.17202038101838135,7.527312106958561e-14,öffentlich,1.985396069632999
-9.666490539082433,1.8973873852336312,-0.11233173376523016,-0.17202038101838135,7.527312106958561e-14,werd+en öffentlich,1.985396069632999
-9.576369971867294,1.8300970917738317,-0.19557307569768492,-0.20566010473788177,9.703349235223868e-14,Gleißende,2.0973099268316995
-9.298252691265672,1.6047697192270023,-0.4218055251350673,-0.2927246632608145,1.5498713423767185e-13,gleißend+e lava,2.4520388743372106
-7.146946022962818,0.34056562941207114,-0.1830207280276509,-0.0661001483080166,4.529709940470639e-14,lava ström+t,4.946898610207205
-9.623910432676897,1.8660818650884792,-0.1523290516977971,-0.18830000924781595,8.570921750106208e-14,ström+t richtung,2.038015017122383
-9.716075329205031,1.9325651962240542,-0.06419192398233219,-0.1521325910482574,6.23945339839338e-14,meer natur+schau+spiel,1.9247966083897887
-9.803116191327323,1.9903110589587616,0.024542837313665244,-0.11459344568835762,3.8413716652030416e-14,ozean werd+e,1.820537428715877
-9.81137457676427,1.9954842669102022,0.03324926033163113,-0.11084644373541049,3.6193270602780103e-14,werd+e neu+en,1.8108068833362385
-9.81409795846224,1.9971774964868905,0.03613146255277726,-0.10960345256925909,3.530509218307998e-14,Satellitenaufnahme,1.8076047586442983
-9.81409795846224,1.9971774964868905,0.03613146255277726,-0.10960345256925909,3.530509218307998e-14,neu+en satellit+en+aufnahme,1.8076047586442983
-9.821676679489935,2.0018556046675147,0.04418111461174759,-0.10612511747769106,3.3084646133829665e-14,satellit+en+aufnahme fest+ge+halt+en,1.7987116648679278
-9.830086599995475,2.0069874183427356,0.05316358505135135,-0.10223181215740502,3.064215547965432e-14,europäischen…,1.7888745738124643
-9.830086599995475,2.0069874183427356,0.05316358505135135,-0.10223181215740502,3.064215547965432e-14,der europäischen…,1.7888745738124643
-9.834173881878227,2.0094585366192157,0.057548148483506034,-0.1003268167045478,2.9531932455029164e-14,+871,1.7841058137124743
-9.834173881878227,2.0094585366192157,0.057548148483506034,-0.1003268167045478,2.9531932455029164e-14,europäischen… +871,1.7841058137124743
-9.835435709966767,2.010218346030159,0.058904269576304125,-0.09973700200742042,2.90878432451791e-14,+871 chars,1.7826352236420888
-8.514368057683154,1.1922272934634373,0.07403800545848385,0.015237183234166358,-1.4210854715202004e-14,rätseln,3.3363923746982977
-8.514368057683154,1.1922272934634373,0.07403800545848385,0.015237183234166358,-1.4210854715202004e-14,forscher rätsel+n,3.3363923746982977
-8.301294125524237,1.060589893885879,0.06521260444560525,0.02021686947840018,-1.4988010832439613e-14,rätsel+n ätna,3.5868284171916835
-6.008807711703834,-0.3573608508260535,-0.08449068574237746,0.0072153750626281835,7.105427357601002e-15,ungewöhnliche,6.282107337955117
-8.072363405811522,0.9190687941320963,0.05665529910948039,0.024961365095505835,-1.5654144647214707e-14,neu+e un+gewöhnlich+e,3.8559499414961103
-7.612735217910432,0.6347331739459592,0.04179636192709178,0.03301813689702949,-1.687538997430238e-14,Hypothese,4.396381456014982
-7.612735217910432,0.6347331739459592,0.04179636192709178,0.03301813689702949,-1.687538997430238e-14,un+gewöhnlich+e hypothese,4.396381456014982
-4.77215798396889,-1.12505638570159,-0.01309342770118814,0.061230545805961156,-2.0761170560490427e-14,hypothese vulkan,7.737765953269621
-6.675629551010815,0.054501939230551244,0.01833243314828814,0.04533108777920815,-1.865174681370263e-14,vulkan der,5.498520739800831
-3.711106010326459,-1.782512954924727,-0.11123092854985778,0.02536464445313377,3.552713678800501e-15,Italien,8.985829423211113
-7.612735217910432,0.6347331739459592,0.04179636192709178,0.03301813689702949,-1.687538997430238e-14,ätna italien,4.396381456014982
-7.700571531019115,0.6890875524600131,0.04442804784460934,0.03160707282990057,-1.6653345369377348e-14,scheint,4.293093940124527
-7.700571531019115,0.6890875524600131,0.04442804784460934,0.03160707282990057,-1.6653345369377348e-14,italien schein+t,4.293093940124527
-6.915571134011701,0.20311457055793047,0.023650643073551372,0.04257946700896248,-1.8207657603852567e-14,normaler,5.216296630910588
-6.915571134011701,0.20311457055793047,0.023650643073551372,0.04257946700896248,-1.8207657603852567e-14,schein+t normal+er,5.216296630910588
-4.77215798396889,-1.12505638570159,-0.01309342770118814,0.061230545805961156,-2.0761170560490427e-14,normal+er vulkan,7.737765953269621
-8.072363405811522,0.9190687941320963,0.05665529910948039,0.024961365095505835,-1.5654144647214707e-14,Langem,3.8559499414961103
-8.072363405811522,0.9190687941320963,0.05665529910948039,0.024961365095505835,-1.5654144647214707e-14,seit lang+em,3.8559499414961103
-8.216976596117682,1.0084756446433014,0.06195785958811692,0.022030894492634928,-1.5210055437364645e-14,rätselhaft,3.68594342185921
-8.216976596117682,1.0084756446433014,0.06195785958811692,0.022030894492634928,-1.5210055437364645e-14,lang+em rätselhaft,3.68594342185921
-6.55997342539186,-0.01714073824085416,0.015908722229806188,0.04657827044796671,-1.8762769116165146e-14,Denn,5.634562726193554
-8.460766150244371,1.1591204363062386,0.07173142694520179,0.01654742639937534,-1.4432899320127035e-14,denn laut,3.3993885982544656
-6.298129214988613,-0.1793570795995154,0.010724802647262263,0.04923228967812275,-1.9095836023552692e-14,weltweit,5.942570544334635
-8.720431367301302,1.3194383538920231,0.08351378375100582,0.009786915103594876,-1.3322676295501878e-14,studie weltweit,3.094248658331703
-5.9434971210695045,-0.3976788995339695,-0.07603419053242798,0.01254196895694252,4.218847493575595e-15,einzigartig,6.35887265088153
-8.77295062272774,1.351842554542897,0.08609807280340995,0.008281090467027723,-1.3100631690576847e-14,weltweit einzigartig,3.0325435107075913
-8.534185589407219,1.2044658819248837,0.07490645967074835,0.014742220318462073,-1.4099832412739488e-14,rätselhaftesten,3.3131024737639194
-8.534185589407219,1.2044658819248837,0.07490645967074835,0.014742220318462073,-1.4099832412739488e-14,sizilien rätselhaft+est+en,3.3131024737639194
-8.346124170102616,1.088293132865995,0.06699551458804717,0.01921812003419609,-1.4765966227514582e-14,Feuerberge,3.534133554707018
-8.346124170102616,1.088293132865995,0.06699551458804717,0.01921812003419609,-1.4765966227514582e-14,rätselhaft+est+en feuer+berg+e,3.534133554707018
-8.072363405811522,0.9190687941320963,0.05665529910948039,0.024961365095505835,-1.5654144647214707e-14,feuer+berg+e welt,3.8559499414961103
-7.564555257813479,0.6049158151346332,0.04039007970725314,0.03376948859401366,-1.6986412276764895e-14,denn europa+s,4.453038325241243
-7.016438488106362,0.265580608019913,0.026012686053875106,0.041350444013433574,-1.8096635301390052e-14,aktivster,5.097659028450145
-7.016438488106362,0.265580608019913,0.026012686053875106,0.041350444013433574,-1.8096635301390052e-14,europa+s aktiv+st+er,5.097659028450145
-4.77215798396889,-1.12505638570159,-0.01309342770118814,0.061230545805961156,-2.0761170560490427e-14,aktiv+st+er vulkan,7.737765953269621
-6.675629551010815,0.054501939230551244,0.01833243314828814,0.04533108777920815,-1.865174681370263e-14,entstand,5.498520739800831
-6.675629551010815,0.054501939230551244,0.01833243314828814,0.04533108777920815,-1.865174681370263e-14,vulkan entsteh,5.498520739800831
-6.7205428269766525,0.08232181152311124,0.01929734288166879,0.04483340134957026,-1.8540724511240114e-14,warum,5.445691752291585
-7.657977150416576,0.6627304129343972,0.04314069459891698,0.03229815044721517,-1.6764367671839864e-14,entsteh warum,4.343180568946109
-8.048448126391776,0.9042803639154431,0.0558103534192273,0.025425539457616962,-1.5765166949677223e-14,häufig,3.8840661985898244
-8.048448126391776,0.9042803639154431,0.0558103534192273,0.025425539457616962,-1.5765166949677223e-14,warum häufig,3.8840661985898244
-8.198431206981322,0.9970117315913809,0.06125861465454327,0.022419083433050716,-1.532107773982716e-14,häufig aus+brech+t,3.7077443223067394
-8.471986690683007,1.166051230496186,0.07220923115876374,0.01627652862236773,-1.432187701766452e-14,aus+brech+t heute,3.3862012592145097
-8.58888454522901,1.23824132814812,0.07734902846013256,0.013345246182137773,-1.3877787807814457e-14,zufriedenstellend,3.2488218853432245
-8.58888454522901,1.23824132814812,0.07734902846013256,0.013345246182137773,-1.3877787807814457e-14,heute zufriedenstellend,3.2488218853432245
-5.944152750803953,-0.39711961949021024,-0.058269064392926284,0.021293539558722447,-9.992007221626409e-16,erklärt,6.358048986480479
-8.720431367301302,1.3194383538920231,0.08351378375100582,0.009786915103594876,-1.3322676295501878e-14,zufriedenstellend erklär+t,3.094248658331703
-8.77295062272774,1.351842554542897,0.08609807280340995,0.008281090467027723,-1.3100631690576847e-14,Ei…,3.0325435107075913
-8.799274341121055,1.3680811025466422,0.08742151813290996,0.00750664123646343,-1.2989609388114332e-14,+3769,3.0016173358947746
-8.799274341121055,1.3680811025466422,0.08742151813290996,0.00750664123646343,-1.2989609388114332e-14,ei… +3769,3.0016173358947746
-8.828570935605212,1.386151008706916,0.08891728053155673,0.006628640856805777,-1.27675647831893e-14,+3769 chars,2.967199902548944
-7.3347620639660605,0.46267717363314453,0.03401951980407161,0.03715060236172002,-1.7430501486614958e-14,Gespielt,4.723276138161061
-6.165822257992101,-0.26133166682757913,0.008253025451009005,0.05049162715068081,-1.9317880628477724e-14,ge+spiel+t der,6.098208267627087
-4.77215798396889,-1.12505638570159,-0.01309342770118814,0.061230545805961156,-2.0761170560490427e-14,Vulkan-Erweiterung,7.737765953269621
-4.77215798396889,-1.12505638570159,-0.01309342770118814,0.061230545805961156,-2.0761170560490427e-14,der vulkan+-+erweiterung,7.737765953269621
-7.778791537975856,0.7374850797613539,0.04684892430380801,0.030303171987625027,-1.6431300764452317e-14,vulkan+-+erweiterung anno,4.201117744430448
-8.216976596117682,1.0084756446433014,0.06195785958811692,0.022030894492634928,-1.5210055437364645e-14,117 stark+er,3.68594342185921
-8.346124170102616,1.088293132865995,0.06699551458804717,0.01921812003419609,-1.4765966227514582e-14,Auftakt,3.534133554707018
-8.346124170102616,1.088293132865995,0.06699551458804717,0.01921812003419609,-1.4765966227514582e-14,stark+er auftakt,3.534133554707018
-8.198431206981322,0.9970117315913809,0.06125861465454327,0.022419083433050716,-1.532107773982716e-14,auftakt 23.,3.7077443223067394
-7.970521811187203,0.8560881066952621,0.05311642190047666,0.026900459331596144,-1.5987211554602254e-14,april erschein+t,3.975683974490078
-7.398712403009119,0.502265472110845,0.035738914972150926,0.03624162057672378,-1.7319479184152442e-14,erschein+t verheißung,4.648068039132458
-7.1900011438097255,0.3730531113431219,0.03026891681888394,0.0391245611951174,-1.7763568394002505e-14,vulkan+s erst+e,4.893526332777002
-7.564555257813479,0.6049158151346332,0.04039007970725314,0.03376948859401366,-1.6986412276764895e-14,DLC-Erweiterung,4.453038325241243
-7.564555257813479,0.6049158151346332,0.04039007970725314,0.03376948859401366,-1.6986412276764895e-14,erst+e dlc-erweiterung,4.453038325241243
-7.778791537975856,0.7374850797613539,0.04684892430380801,0.030303171987625027,-1.6431300764452317e-14,dlc-erweiterung anno,4.201117744430448
-8.514368057683154,1.1922272934634373,0.07403800545848385,0.015237183234166358,-1.4210854715202004e-14,wir schon,3.3363923746982977
-8.57138967325253,1.2274393738465517,0.07656041098068847,0.013797067772631934,-1.3988810110276972e-14,schon knapp,3.2693809219139456
-8.637491015728607,1.268248784356762,0.07957763906539417,0.012064306442273022,-1.3655743202889425e-14,knapp stunde+n,3.191704311026951
-8.694621603286896,1.303510933512818,0.0822703265962095,0.010508450410300746,-1.3433698597964394e-14,gespielt,3.1245742689576566
-8.694621603286896,1.303510933512818,0.0822703265962095,0.010508450410300746,-1.3433698597964394e-14,stunde+n ge+spiel+t,3.1245742689576566
-8.77295062272774,1.351842554542897,0.08609807280340995,0.008281090467027723,-1.3100631690576847e-14,ge+spiel+t verrat+en,3.0325435107075913
-8.846861470617624,1.3974310602102462,0.0898636137121532,0.006071653138026132,-1.27675647831893e-14,verrat+en warum,2.9457130810589787
-8.888818489210873,1.4233023477783733,0.09207176370153586,0.004767441508246463,-1.2545520178264269e-14,positiv,2.896426365230343
-8.888818489210873,1.4233023477783733,0.09207176370153586,0.004767441508246463,-1.2545520178264269e-14,warum positiv,2.896426365230343
-5.234535472499523,-0.8373232208217902,-0.08350353761645261,0.02025292973489853,2.220446049250313e-15,überrascht,7.193065559870047
-8.91903624928743,1.441931229714414,0.09369525902147985,0.003804451018042901,-1.2323475573339238e-14,positiv überrasch+t,2.860931792267445
-8.987193573775096,1.4839368923534328,0.09746390020533041,0.001555497923632937,-1.199040866595169e-14,mit anno,2.780879258851598
-9.001460715641874,1.4927274862108686,0.09827222103788269,0.0010706372602245912,-1.1879386363489175e-14,1800,2.7641233973507826
-9.001460715641874,1.4927274862108686,0.09827222103788269,0.0010706372602245912,-1.1879386363489175e-14,anno 1800,2.7641233973507826
-9.015091169194285,1.5011250084298442,0.0990509632697548,0.0006026795151497476,-1.176836406102666e-14,gelang,2.7481157135502805
-9.015091169194285,1.5011250084298442,0.0990509632697548,0.0006026795151497476,-1.176836406102666e-14,1800 geling,2.7481157135502805
-9.04305859481068,1.5183528752562123,0.10066906409690932,-0.0003723084610184127,-1.1657341758564144e-14,Entwicklern,2.71527194864169
-9.04305859481068,1.5183528752562123,0.10066906409690932,-0.0003723084610184127,-1.1657341758564144e-14,geling entwickler+n,2.71527194864169
-9.100049922383256,1.5534486871939057,0.10405361352095546,-0.0024233306181006935,-1.1324274851176597e-14,bisher,2.6483495934065084
-9.100049922383256,1.5534486871939057,0.10405361352095546,-0.0024233306181006935,-1.1324274851176597e-14,entwickler+n bisher,2.6483495934065084
-9.113589869776616,1.5617845023940875,0.10487551913295576,-0.0029238033280868277,-1.1213252548714081e-14,erfolgreichste,2.632451452624312
-9.113589869776616,1.5617845023940875,0.10487551913295576,-0.0029238033280868277,-1.1213252548714081e-14,bisher erfolgreich+st+e,2.632451452624312
-9.140487500865522,1.578341275495447,0.10652926138587623,-0.003933664259443633,-1.1102230246251565e-14,Serienteil,2.600870625250085
-9.140487500865522,1.578341275495447,0.10652926138587623,-0.003933664259443633,-1.1102230246251565e-14,erfolgreich+st+e serie+n+teil,2.600870625250085
-9.199552754920278,1.6146857567685617,0.11026237684722667,-0.006227513281217671,-1.0658141036401503e-14,enormen,2.5315285078840915
-9.199552754920278,1.6146857567685617,0.11026237684722667,-0.006227513281217671,-1.0658141036401503e-14,serie+n+teil enorm+en,2.5315285078840915
-9.210099687933377,1.6211736021189758,0.11094419941836925,-0.006648611786280335,-1.0547118733938987e-14,Langzeitmotivation,2.5191475735727558
-9.210099687933377,1.6211736021189758,0.11094419941836925,-0.006648611786280335,-1.0547118733938987e-14,enorm+en langzeit+motivation,2.5191475735727558
-9.233414710163565,1.6355133897124652,0.11246837668984369,-0.007592371325165551,-1.0436096431476471e-14,brilliert,2.4917795276498413
-9.233414710163565,1.6355133897124652,0.11246837668984369,-0.007592371325165551,-1.0436096431476471e-14,langzeit+motivation brillier+t,2.4917795276498413
-9.251376806823949,1.6465587390782344,0.11365884049531702,-0.00833183143319233,-1.0325074129013956e-14,noch heute,2.4706961180450344
-9.25776146793364,1.6504843675103809,0.11408545659616143,-0.008597325528559723,-1.021405182655144e-14,schauen,2.4632022322461844
-9.25776146793364,1.6504843675103809,0.11408545659616143,-0.008597325528559723,-1.021405182655144e-14,heute schau+en,2.4632022322461844
-8.661330644911619,1.283391889062583,0.07519680278261581,0.00849364518782347,-1.1879386363489175e-14,Spieler,3.1634575132317817
-9.265999501886373,1.6555491837922145,0.11463863063595356,-0.008941974010491741,-1.021405182655144e-14,schau+en spieler,2.4535331806204557
-9.277805726429394,1.6628070297989157,0.11543679747960373,-0.009440048550878644,-1.0103029524088925e-14,Spielerinnen,2.4396765084450145
-9.277805726429394,1.6628070297989157,0.11543679747960373,-0.009440048550878644,-1.0103029524088925e-14,spieler spieler+in+nen,2.4396765084450145
-9.289908973055102,1.6702465667922426,0.11626172187166672,-0.009955799185390846,-9.992007221626409e-15,immer…,2.425471720905329
-9.289908973055102,1.6702465667922426,0.11626172187166672,-0.009955799185390846,-9.992007221626409e-15,spieler+in+nen immer…,2.425471720905329
-9.297029536092065,1.6746229493768123,0.11675023672728366,-0.01026169368432751,-9.992007221626409e-15,+4736,2.4171150192679587
-9.297029536092065,1.6746229493768123,0.11675023672728366,-0.01026169368432751,-9.992007221626409e-15,immer… +4736,2.4171150192679587
-9.302216331910557,1.6778106105238781,0.11710758809693414,-0.01048567928386224,-9.880984919163893e-15,+4736 chars,2.4110279010578783
-7.967544383465031,0.8541966295183787,-0.11140257771800188,-0.057050912304326254,3.352873534367973e-14,Meterhohe,3.9789514710656255
-7.752815385583606,0.7204868972589384,-0.12527360845203273,-0.05622100682126362,3.4861002973229915e-14,Asche-Wolke,4.231879273189232
-7.752815385583606,0.7204868972589384,-0.12527360845203273,-0.05622100682126362,3.4861002973229915e-14,meterhohe+e asche+-+wolke,4.231879273189232
-7.272257726370902,0.42119868793191717,-0.15173457825737663,-0.05429710366889033,3.730349362740526e-14,asche+-+wolke wanderer,4.797959690176683
-6.698336989729282,0.06378185121723856,-0.17716001666528758,-0.05202722015975843,3.952393967665557e-14,flüchten,5.474021446837566
-6.698336989729282,0.06378185121723856,-0.17716001666528758,-0.05202722015975843,3.952393967665557e-14,wanderer flücht+en,5.474021446837566
-3.6824105817455504,-1.8128947058551925,-0.25560705596053157,-0.04251532523701175,4.5075054799781356e-14,flücht+en vulkan+ausbruch,9.025995065839378
-6.859255803688668,0.16398957327937058,-0.17058440891363758,-0.052653699479934646,3.885780586188048e-14,vulkan+ausbruch dieser+es,5.284466230688716
-7.272257726370902,0.42119868793191717,-0.15173457825737663,-0.05429710366889033,3.730349362740526e-14,dieser+es video,4.797959690176683
-7.643704529868853,0.652536653821437,-0.1317921980018511,-0.05578861342244637,3.552713678800501e-14,video indonesien,4.360405394545712
-7.910143180584364,0.8184561306721871,-0.11525572418603752,-0.05683266800165261,3.397282455352979e-14,indonesien geh+t,4.046562254804404
-8.003110510659091,0.8763403992626069,-0.10895829470037127,-0.057184466327751995,3.3306690738754696e-14,viral,3.937060197408324
-8.003110510659091,0.8763403992626069,-0.10895829470037127,-0.057184466327751995,3.3306690738754696e-14,geh+t viral,3.937060197408324
-7.272257726370902,0.42119868793191717,-0.15173457825737663,-0.05429710366889033,3.730349362740526e-14,viral wanderer,4.797959690176683
-8.23023789972798,1.0177212357890435,-0.09222499467381978,-0.05799712223310602,3.175237850427948e-14,stehen,3.669558309870068
-8.23023789972798,1.0177212357890435,-0.09222499467381978,-0.05799712223310602,3.175237850427948e-14,wanderer steh+en,3.669558309870068
-4.140946207182127,-1.5180924761274928,-0.1528444461169285,0.0008144397518800688,1.7319479184152442e-14,Krater,8.48111111118439
-8.33619787140691,1.0836537502681838,-0.08367773307116495,-0.05834409531565815,3.086420008457935e-14,steh+en krater,3.5447772077868622
-8.470139188396898,1.1669648202470717,-0.07209659979593437,-0.05874124237230369,2.9531932455029164e-14,krater mount,3.3870632015752244
31.631070845516245,-23.704535722026456,-0.1977548567400332,0.03913870862334907,7.327471962526033e-15,Dukono,50.574559681515666
-8.512113719645548,1.1930635737953312,-0.06827216838446573,-0.058854038090090474,2.930988785010413e-14,mount dukono,3.337644038652149
-8.550578301432527,1.21697536674242,-0.06467988588124497,-0.058951722189772585,2.886579864025407e-14,dukono ...,3.292359919715436
-6.685371056593537,0.05570796011545154,-0.1776732420087479,-0.051977171212044634,3.952393967665557e-14,+++WM,5.489294623143307
-8.574505989046807,1.2318478124580674,-0.06240144162642716,-0.05900953935350782,2.864375403532904e-14,... +++wm,3.2641913343166733
-6.773659698381831,0.11068618381971929,-0.1741304199323405,-0.05231926485020533,3.907985046680551e-14,+++wm gefahr,5.38529496453082
-6.7512010145068695,0.09670074810749574,-0.17504244775969147,-0.052231959494792535,3.930189507173054e-14,Verletzungs-Schock,5.4117502625391944
-6.955329545219967,0.22381968808805786,-0.16646659124187563,-0.05303203887019589,3.863576125695545e-14,Bayerns,5.17129449655636
-6.955329545219967,0.22381968808805786,-0.16646659124187563,-0.05303203887019589,3.863576125695545e-14,verletzung+s+-+schock bayern+s,5.17129449655636
-7.740058326265542,0.7125424732976269,-0.12605309638769127,-0.056170729975693195,3.5083047578154947e-14,Nationalspieler,4.246906191539733
-7.740058326265542,0.7125424732976269,-0.12605309638769127,-0.056170729975693195,3.5083047578154947e-14,bayern+s nationalspieler,4.246906191539733
-7.836068601670508,0.7723309118630306,-0.12006809860114133,-0.05654682259112817,3.441691376337985e-14,Gnabry,4.13381396470461
-7.836068601670508,0.7723309118630306,-0.12006809860114133,-0.05654682259112817,3.441691376337985e-14,nationalspieler gnabry,4.13381396470461
-7.879409346990041,0.7993189891756751,-0.11727376150195479,-0.056714596244763923,3.419486915845482e-14,gnabry +++wm,4.082763083840818
-9.092683948960765,1.5532038004085338,-0.002839803957722556,-0.05939948349287219,2.1760371282653068e-14,Nationa…,2.65457192517649
-9.092683948960765,1.5532038004085338,-0.002839803957722556,-0.05939948349287219,2.1760371282653068e-14,bayern+s nationa…,2.65457192517649
-9.105719213650248,1.5612608613807268,-0.0010311122983508725,-0.05937809562996679,2.1538326677728037e-14,+518,2.6392511461290926
-9.105719213650248,1.5612608613807268,-0.0010311122983508725,-0.05937809562996679,2.1538326677728037e-14,nationa… +518,2.6392511461290926
-9.112009998643218,1.5651484893476209,-0.00015156239744951172,-0.059366999197020584,2.1538326677728037e-14,+518 char+s,2.631857753149635
-9.316693763969777,1.687303702239554,0.11148301140808323,-0.014771968690277689,-7.66053886991358e-15,Kurioser,2.3937133456071664
-9.316693763969777,1.687303702239554,0.11148301140808323,-0.014771968690277689,-7.66053886991358e-15,romana kurios+er,2.3937133456071664
-9.309363976774506,1.682819456535234,0.11073215891223803,-0.014582823934590334,-7.66053886991358e-15,Fehler,2.402304278302878
-9.309363976774506,1.682819456535234,0.11073215891223803,-0.014582823934590334,-7.66053886991358e-15,kurios+er fehler,2.402304278302878
-8.160389689774881,0.976145396867601,0.0056582694614328854,-0.00500217080657258,1.1102230246251565e-15,Xbox,3.7509826896723553
-9.296534437696115,1.6749707123297006,0.10940875791116916,-0.014264688935468391,-7.66053886991358e-15,fehler xbox,2.417341143299062
-9.283803930538534,1.6671827925720466,0.10808335966313362,-0.013965488490188475,-7.66053886991358e-15,spieler könn+en,2.4322617994963593
-9.276170820597963,1.6625133503094367,0.10728248834023535,-0.013794069438757332,-7.549516567451064e-15,könn+en schon,2.441208029309432
-9.266232037574856,1.6564336124439838,0.10623241027787375,-0.013579952703491969,-7.549516567451064e-15,DLC-Update,2.45285648073671
-9.266232037574856,1.6564336124439838,0.10623241027787375,-0.013579952703491969,-7.549516567451064e-15,schon dlc-updat+e,2.45285648073671
-9.254749204590764,1.6494096075096334,0.10500842579994149,-0.013345528791687464,-7.438494264988549e-15,runterladen,2.466314442223663
-9.254749204590764,1.6494096075096334,0.10500842579994149,-0.013345528791687464,-7.438494264988549e-15,dlc-updat+e runter+lad+en,2.466314442223663
-8.254297180838535,1.0319865038626446,0.057181144666623385,0.017981092215278063,-1.3211653993039363e-14,erst,3.641829422500172
-9.235745440595297,1.6377857575876005,0.10295571415815258,-0.012988660362542193,-7.327471962526033e-15,runter+lad+en erst,2.4885865991871228
-9.229837247388005,1.6341721390350417,0.10231026402810145,-0.012885751532283798,-7.327471962526033e-15,nächste,2.4955108143085294
-9.229837247388005,1.6341721390350417,0.10231026402810145,-0.012885751532283798,-7.327471962526033e-15,erst nächst+e,2.4955108143085294
-9.220055158457921,1.6281893493784283,0.10123361349122365,-0.012723898824080763,-7.216449660063518e-15,nächst+e woche,2.506974990419949
-8.536239515091943,1.206844058922132,0.05943658991223197,0.006448686258872748,-9.325873406851315e-15,erscheinen,3.310079544179861
-9.21243709584919,1.623530285717091,0.10038799768802406,-0.012605309925021884,-7.216449660063518e-15,woche erschein+en,2.5159029127695485
-9.18654504886316,1.6076965679135378,0.0974640875665555,-0.012252230764224537,-6.994405055138486e-15,erschein+en 23.,2.5462460885530724
-9.171705194617145,1.5986226102658596,0.09575102696281573,-0.012085648206794846,-6.8833827526759706e-15,hätte,2.5636364865379315
-9.171705194617145,1.5986226102658596,0.09575102696281573,-0.012085648206794846,-6.8833827526759706e-15,april hab+e,2.5636364865379315
-5.625267268151957,-0.5963278141719512,-0.11973874337132062,-0.00341529375593393,1.509903313490213e-14,eigentlich,6.733938869324826
-9.162348782513362,1.5929019655557852,0.09465599039055206,-0.011994420880691834,-6.772360450213455e-15,hab+e eigentlich,2.5746007586826107
-9.137292683885555,1.5775839802908975,0.09166248972469437,-0.01180431195886186,-6.439293542825908e-15,eigentlich neu+e,2.603961680346472
-7.891996661207235,0.8102762292906487,-0.028682101159959138,-0.012446730950771877,7.771561172376096e-15,Anno-DLC,4.066431829020732
-9.128356389240562,1.5721214136651072,0.09057203914616685,-0.01175613983331807,-6.328271240363392e-15,neu+e anno-dlc,2.6144329416992393
-9.21243709584919,1.623530285717091,0.10038799768802406,-0.012605309925021884,-7.216449660063518e-15,anno-dlc erschein+en,2.5159029127695485
-9.089163720889385,1.5481678090898836,0.08563319948762355,-0.011672930628889962,-5.773159728050814e-15,erschein+en soll+en,2.660355302573116
-9.07169817552457,1.5374954793037752,0.08334283464283387,-0.011706217046742861,-5.551115123125783e-15,soll+en werd+e,2.680818544728906
-9.032979302658587,1.513841152437214,0.07804290143234563,-0.011946005944521842,-4.884981308350689e-15,verschoben,2.7261800515844055
-9.032979302658587,1.513841152437214,0.07804290143234563,-0.011946005944521842,-4.884981308350689e-15,werd+e verschieb+en,2.7261800515844055
-8.959113159603653,1.4687313979646996,0.06692726165181803,-0.013107275022156323,-3.1086244689504383e-15,wohl,2.812708348060875
-8.959113159603653,1.4687313979646996,0.06692726165181803,-0.013107275022156323,-3.1086244689504383e-15,doch wohl,2.812708348060875
-8.919401978832198,1.4444862732796777,0.060295299007524644,-0.014164151157921707,-1.9984014443252818e-15,wohl ganz,2.859222524932265
-8.899383295770798,1.4322645722655531,0.0567491079411947,-0.014825038338581873,-1.3322676295501878e-15,reibungslos,2.882670112938091
-8.899383295770798,1.4322645722655531,0.0567491079411947,-0.014825038338581873,-1.3322676295501878e-15,ganz reibungslos,2.882670112938091
-8.844835370751703,1.3989574843499835,0.04630227936264161,-0.017105101682067008,6.661338147750939e-16,geklappt,2.946562626266557
-8.844835370751703,1.3989574843499835,0.04630227936264161,-0.017105101682067008,6.661338147750939e-16,reibungslos ge+klapp+t,2.946562626266557
-8.736564691373557,1.3327506654667425,0.021487878909598412,-0.024021173284160018,6.217248937900877e-15,auf xbox,3.073425744348156
-8.617249817158797,1.259320795602917,-0.013507894138055872,-0.03591765882822015,1.4432899320127035e-14,xbox anno-dlc,3.213465215656921
-8.474588297754092,1.1699772320370774,-0.06616015581929784,-0.055916995848897186,2.7977620220553945e-14,früher,3.3817040574085935
-8.474588297754092,1.1699772320370774,-0.06616015581929784,-0.055916995848897186,2.7977620220553945e-14,anno-dlc früh+er,3.3817040574085935
-8.19505284279549,0.9868282065236578,-0.1881823709651902,-0.10456646658830747,5.972999872483342e-14,früh+er aus+ge+brech+en,3.7155876990406127
-8.418619275451558,1.1362122477094243,0.003416469164562383,-0.017331230807697284,5.773159728050814e-15,gedacht,3.4471719518606756
-8.418619275451558,1.1362122477094243,0.003416469164562383,-0.017331230807697284,5.773159728050814e-15,aus+ge+brech+en ge+denk+t,3.4471719518606756
-8.23492076478021,1.0195673947504902,0.06264004599432374,0.02165165601961483,-1.5210055437364645e-14,Release,3.664849567071248
-8.23492076478021,1.0195673947504902,0.06264004599432374,0.02165165601961483,-1.5210055437364645e-14,kurz release,3.664849567071248
-7.970521811187203,0.8560881066952621,0.05311642190047666,0.026900459331596144,-1.5987211554602254e-14,release anno,3.975683974490078
-5.555157400060392,-0.6397459096071505,-0.002049051609594524,0.05570205510850519,-1.9984014443252818e-14,117 der,6.816590416291155
-6.802826850761445,0.13328736928860696,0.021100944384115902,0.04390130361535322,-1.84297022087776e-14,vulkan+s geb,5.3489069002359715
-7.849048999976328,0.7809505895767503,0.049088741478210324,0.02909167437018291,-1.63202784619898e-14,schlechte,4.1185073791175695
-7.849048999976328,0.7809505895767503,0.049088741478210324,0.02909167437018291,-1.63202784619898e-14,geb schlecht+e,4.1185073791175695
-8.117496421325036,0.9469754525724068,0.05827399289309537,0.024070009093052288,-1.554312234475219e-14,Nachrichten,3.8028900024162433
-8.117496421325036,0.9469754525724068,0.05827399289309537,0.024070009093052288,-1.554312234475219e-14,schlecht+e nachricht+en,3.8028900024162433
-5.3385223485245525,-0.7740085121049334,-0.005322017525723199,0.05734586043135191,-2.020605904817785e-14,Team,7.071449419718437
-8.400374916190001,1.121813111626603,0.06920415396762677,0.01797584982475459,-1.4654943925052066e-14,der team,3.4703679565272507
-8.57138967325253,1.2274393738465517,0.07656041098068847,0.013797067772631934,-1.3988810110276972e-14,team neu+en,3.2693809219139456
-8.621894439330006,1.2586207952829223,0.07885642520845343,0.012479505530498787,-1.3766765505351941e-14,Spielv…,3.210031532568009
-8.621894439330006,1.2586207952829223,0.07885642520845343,0.012479505530498787,-1.3766765505351941e-14,neu+en spielv…,3.210031532568009
-8.687900998295362,1.299363291288806,0.08194934060709713,0.010694392586620183,-1.3433698597964394e-14,+2624,3.132470920647843
-8.687900998295362,1.299363291288806,0.08194934060709713,0.010694392586620183,-1.3433698597964394e-14,spielv… +2624,3.132470920647843
-8.726629855722525,1.3232632151960606,0.08381498211949678,0.00961184730295117,-1.3322676295501878e-14,+2624 char+s,3.086965793922171
2.9253483937751312,-5.897877643718116,-0.06405769348957085,0.08673063622330714,-2.4313884239290928e-14,100.000,16.79475094812639
-3.2020251077154267,-2.0984455506653714,-0.03008570505651307,0.06966404346574913,-2.1871393585115584e-14,seit 100.000,9.585100900007975
-4.150832384666992,-1.5102163592941058,-0.02051477019610347,0.0649210491995742,-2.120525977034049e-14,100.000 jahr+en,8.468769881580819
-4.705922642447195,-1.1661136886691499,-0.013935525565475684,0.06165012868267179,-2.0761170560490427e-14,jahr+en nie,7.815692187585345
-4.358246155678896,-1.3808234506369002,-0.04397366175448747,0.051015347127110464,-1.3433698597964394e-14,wirklich,8.224270927431483
-4.955883451599519,-1.0111733783368653,-0.010687814559288952,0.06003056814803688,-2.0539125955565396e-14,nie wirklich,7.521613645592263
-4.683594408777383,-1.1799544102892647,-0.014216491166031603,0.061790070236768135,-2.0872192862952943e-14,ruhig,7.841961543439738
-4.683594408777383,-1.1799544102892647,-0.014216491166031603,0.061790070236768135,-2.0872192862952943e-14,wirklich ruhig,7.841961543439738
-8.198431206981322,0.9970117315913809,0.06125861465454327,0.022419083433050716,-1.532107773982716e-14,ruhig forscher,3.7077443223067394
-7.997601005766216,0.8728356656673522,0.05404245571016572,0.026394311735095873,-1.587618925213974e-14,forscher liefer+n,3.943846548360928
-7.740769941269884,0.713960503801446,0.045662820479310376,0.030942726514325412,-1.6542323066914832e-14,liefer+n neu+e,4.245825604508112
-6.165822257992101,-0.26133166682757913,0.008253025451009005,0.05049162715068081,-1.9317880628477724e-14,erkenntnis+se ein,6.098208267627087
3.483477277602409,-6.2439768442160695,-0.06577177495939411,0.08763264360649214,-2.4424906541753444e-14,Griechenland,17.45147426528121
-2.027412670906191,-2.8267338588527733,-0.039680451717562314,0.07441760376900275,-2.2537527399890678e-14,vulkan griechenland,10.967146422879177
-7.778791537975856,0.7374850797613539,0.04684892430380801,0.030303171987625027,-1.6431300764452317e-14,griechenland gelt,4.201117744430448
-7.942227544975561,0.8385881080085045,0.052160044344289516,0.027422262626314038,-1.609823385706477e-14,gelt lange,4.008950511104029
-8.09536017225567,0.9332885143630394,0.05747609399968656,0.024509732697224094,-1.5654144647214707e-14,lange zeit,3.828913949264684
-4.724748063270097,-1.1544443205188695,-0.013697503793951037,0.06153155611188135,-2.0761170560490427e-14,inaktiv,7.793543947593274
-8.269131699698397,1.040712607972489,0.06395621472939003,0.020918517035254477,-1.509903313490213e-14,zeit inaktiv,3.6246344860492363
-5.624636924690427,-0.596686886366224,-0.0009601176219794644,0.0551540067042148,-1.9984014443252818e-14,forscher zeig+en,6.734852730269843
-1.7178233156961706,-3.0181053064901247,-0.08773366179788428,0.05333909560645333,-9.325873406851315e-15,jedoch,11.331029445483077
-5.860807792849742,-0.45033070536513264,0.0028941689402608994,0.053209269220567325,-1.965094753586527e-14,zeig+en jedoch,6.457018977823438
-8.637491015728607,1.268248784356762,0.07957763906539417,0.012064306442273022,-1.3655743202889425e-14,Tief,3.191704311026951
-6.285844684671764,-0.18696808942607035,0.010491304882302738,0.0493514182376701,-1.9206858326015208e-14,jedoch tief,5.957021178469557
-6.1166285513962215,-0.29181235624501856,0.007357570153515458,0.05094691751184344,-1.942890293094024e-14,Untergrund,6.156077447722113
-6.1166285513962215,-0.29181235624501856,0.007357570153515458,0.05094691751184344,-1.942890293094024e-14,tief untergrund,6.156077447722113
-5.640462262959902,-0.5868794766730456,-0.000709318752980026,0.05502769815281916,-1.9872992140790302e-14,untergrund brodel+t,6.716235430898745
-4.83578632345902,-1.0856155957970732,-0.01227209843429411,0.06082107877730658,-2.0650148258027912e-14,über mehr,7.662907168245424
-4.150832384666992,-1.5102163592941058,-0.02051477019610347,0.0649210491995742,-2.120525977034049e-14,mehr 100.000,8.468769881580819
-1.8666309941369565,-2.926426382133996,-0.04083656411132133,0.07499144571058314,-2.2537527399890678e-14,100.000 jahr+e,11.156324117381503
-2.027412670906191,-2.8267338588527733,-0.039680451717562314,0.07441760376900275,-2.2537527399890678e-14,blieb,10.967146422879177
-2.027412670906191,-2.8267338588527733,-0.039680451717562314,0.07441760376900275,-2.2537527399890678e-14,jahr+e bleib,10.967146422879177
3.9753311227603163,-6.548978828372929,-0.06716260132044784,0.08837211177377356,-2.453592884421596e-14,bleib vulkan,18.030215396791643
-1.1196966053814545,-3.3895713261987983,-0.04579020429159594,0.0774556595581605,-2.2870594307278225e-14,Methana,12.035181975501798
-1.1196966053814545,-3.3895713261987983,-0.04579020429159594,0.0774556595581605,-2.2870594307278225e-14,vulkan methan+a,12.035181975501798
-3.4854171450406746,-1.922745484297335,-0.027421575610617137,0.06834482083157091,-2.1649348980190553e-14,methan+a griechenland,9.251668675272372
-5.012646992174627,-0.975989171934553,-0.00992306592666542,0.05964864743956089,-2.0539125955565396e-14,griechenland ausbruch+e,7.454832088889904
-5.638977071990729,-0.5877998893386271,-0.0007329001966290549,0.055039575712867786,-1.9872992140790302e-14,wirkte,6.717982643161746
-5.9861795333922245,-0.37264249146113526,0.005042138953454428,0.052121968366912005,-1.9539925233402755e-14,wirk+te erlösch+en,6.309533411645519
-6.342537113596852,-0.15184409904785934,0.011575895488348253,0.04879777319127398,-1.9095836023552692e-14,internationales,5.890332526862251
-6.342537113596852,-0.15184409904785934,0.011575895488348253,0.04879777319127398,-1.9095836023552692e-14,ein international+es,5.890332526862251
-6.629455725416306,0.025900401041018206,0.017354422427581007,0.04583484844698392,-1.865174681370263e-14,international+es team,5.5528329299483
-6.7621826062453945,0.10811327142265048,0.0202041759199241,0.04436505177226878,-1.84297022087776e-14,Hochschule,5.396713628711723
-6.7621826062453945,0.10811327142265048,0.0202041759199241,0.04436505177226878,-1.84297022087776e-14,team hochschule,5.396713628711723
-6.903671653730105,0.195745016050775,0.023377119602436283,0.04272150673723432,-1.8207657603852567e-14,ETH,5.230292685329614
-6.903671653730105,0.195745016050775,0.023377119602436283,0.04272150673723432,-1.8207657603852567e-14,hochschule eth,5.230292685329614
-6.950405345306194,0.22468759875160504,0.024457499058312474,0.042160132601426585,-1.8207657603852567e-14,Zürich,5.175325192829024
-6.950405345306194,0.22468759875160504,0.024457499058312474,0.042160132601426585,-1.8207657603852567e-14,eth zürich,5.175325192829024
-7.145066160346294,0.34523038641604087,0.029142712418584016,0.039714973929889055,-1.787459069646502e-14,Entwicklung,4.946374896713024
-7.145066160346294,0.34523038641604087,0.029142712418584016,0.039714973929889055,-1.787459069646502e-14,zürich entwicklung,4.946374896713024
-7.2734477473842505,0.424718052548966,0.032407548699656494,0.03800045931317758,-1.7541523789077473e-14,Erdinneren,4.795385651508113
-7.2734477473842505,0.424718052548966,0.032407548699656494,0.03800045931317758,-1.7541523789077473e-14,entwicklung erd+innere+en,4.795385651508113
-7.377946838221654,0.4894109188553277,0.03517624758666739,0.03653936794306889,-1.7430501486614958e-14,+2762,4.67248897741731
-7.377946838221654,0.4894109188553277,0.03517624758666739,0.03653936794306889,-1.7430501486614958e-14,erd+innere+en +2762,4.67248897741731
-7.418957890329237,0.5147977791430982,0.03629159116442257,0.03594888771536336,-1.7319479184152442e-14,+2762 chars,4.624258896332771
-8.815781450142492,1.382039435326245,0.007898252114392254,-0.03572014844836875,1.199040866595169e-14,belegen,2.9801090466081654
-8.815781450142492,1.382039435326245,0.007898252114392254,-0.03572014844836875,1.199040866595169e-14,forscher beleg+en,2.9801090466081654
-8.7833006437356,1.361958126449156,0.006537957802117772,-0.03454309106444088,1.176836406102666e-14,heimliches,3.0182926845984857
-8.7833006437356,1.361958126449156,0.006537957802117772,-0.03454309106444088,1.176836406102666e-14,beleg+en heimlich+es,3.0182926845984857
-8.739098682676609,1.3346255572614016,0.004804797135615546,-0.03293961647700125,1.1324274851176597e-14,Eindringen,3.0702580950101606
-8.739098682676609,1.3346255572614016,0.004804797135615546,-0.03293961647700125,1.1324274851176597e-14,heimlich+es eindringen,3.0702580950101606
-8.66360707953314,1.2879336972548283,0.0021217718776526673,-0.030208873568354156,1.0658141036401503e-14,eindringen magma,3.1590151402384996
-8.595451811372747,1.245768698816096,-4.4249175943839036e-05,-0.027765489150136064,9.992007221626409e-15,Azoren-Insel,3.239152848097631
-8.595451811372747,1.245768698816096,-4.4249175943839036e-05,-0.027765489150136064,9.992007221626409e-15,magma azoren+-+insel,3.239152848097631
-8.47432569918056,1.1708113136557248,-0.003412528721781688,-0.023508158400510248,8.881784197001252e-15,spürbaren,3.381586516260013
-8.47432569918056,1.1708113136557248,-0.003412528721781688,-0.023508158400510248,8.881784197001252e-15,azoren+-+insel spür+bar+en,3.381586516260013
-8.383540283885544,1.1146145046753715,-0.005616860174191024,-0.020409282994751584,7.993605777301127e-15,spür+bar+en folge+n,3.488350980107553
-8.30756617650788,1.0675772856906165,-0.007295175575606563,-0.017885749252895353,7.327471962526033e-15,folge+n der,3.577702174179371
-8.258194091508997,1.0370061364881482,-0.008317497167780089,-0.016281963224580812,6.8833827526759706e-15,Erdmantel,3.635769583638922
-8.258194091508997,1.0370061364881482,-0.008317497167780089,-0.016281963224580812,6.8833827526759706e-15,der erd+mantel,3.635769583638922
-7.951428897427441,0.8470022035470599,-0.013788091528102231,-0.006981467040673792,3.9968028886505635e-15,Bruchlinien,3.9965929780290224
-7.951428897427441,0.8470022035470599,-0.013788091528102231,-0.006981467040673792,3.9968028886505635e-15,erd+mantel bruch+linie+n,3.9965929780290224
-7.596378627371202,0.6270044806403208,-0.018930333660371633,0.002396312327871703,1.3322676295501878e-15,durchdrungen,4.414259367295649
-7.596378627371202,0.6270044806403208,-0.018930333660371633,0.002396312327871703,1.3322676295501878e-15,bruch+linie+n durchdring+en,4.414259367295649
-4.634816398850382,-1.2092207670949429,-0.04695221728832663,0.046228754502525865,-1.1324274851176597e-14,durchdring+en vulkan+e,7.8987871207618126
-5.415579971033709,-0.7250352062071044,-0.04203035045341828,0.037954923523313255,-8.881784197001252e-15,höchster,6.980094663159306
-7.03975695215291,0.2820297594054435,-0.02810391199230146,0.013330431239509681,-1.5543122344752192e-15,vulkan+e höchster,5.069087805613373
-7.544403567706809,0.5948521824811008,-0.024522037108150388,0.001162008015155716,2.4424906541753444e-15,Bedeutung,4.475365353377471
-7.544403567706809,0.5948521824811008,-0.024522037108150388,0.001162008015155716,2.4424906541753444e-15,höchster bedeutung,4.475365353377471
-8.084632503703467,0.9295974546586696,-0.023370575681086546,-0.016937328454384077,8.881784197001252e-15,ein studie,3.83984887551462
-8.188934102292084,0.9941931976358229,-0.024025548150502264,-0.02146830345959064,1.0436096431476471e-14,studie zeig+t,3.7171667406954705
-8.389998930989993,1.1186469233417344,-0.02730034866942003,-0.03191991304934948,1.4654943925052066e-14,funktionieren,3.480703012249471
-8.389998930989993,1.1186469233417344,-0.02730034866942003,-0.03191991304934948,1.4654943925052066e-14,zeig+t funktionier+en,3.480703012249471
-7.303205734308281,0.4436297314629045,-0.10613087695577308,-0.032680780706101045,2.4202861936828413e-14,Prozesse,4.759910309949456
-8.544038224767625,1.2138585543629827,-0.033564551949225925,-0.04257306996784367,1.9317880628477724e-14,wie prozeß+e,3.299609478456319
-8.606193701663551,1.2521947669307816,-0.03814514109529434,-0.04813578906795499,2.1760371282653068e-14,Phänomene,3.22657765885062
-8.606193701663551,1.2521947669307816,-0.03814514109529434,-0.04813578906795499,2.1760371282653068e-14,prozeß+e phänomen+e,3.22657765885062
-8.656073135209631,1.2828817567669992,-0.04353703246132274,-0.05358208753618672,2.4424906541753444e-14,Erdmantelfunktionieren,3.1680082814446275
-8.656073135209631,1.2828817567669992,-0.04353703246132274,-0.05358208753618672,2.4424906541753444e-14,phänomen+e erd+mantel+funktionieren,3.1680082814446275
-8.59720048577645,1.2459519613425458,-0.060208484932202065,-0.05906215804198167,2.842170943040401e-14,leicht,3.2374755153833306
-8.59720048577645,1.2459519613425458,-0.060208484932202065,-0.05906215804198167,2.842170943040401e-14,erd+mantel+funktionieren leicht,3.2374755153833306
-8.538115982147353,1.2092285756973111,-0.06585315547445833,-0.05892069688757062,2.886579864025407e-14,ermessen,3.30703145026358
-8.538115982147353,1.2092285756973111,-0.06585315547445833,-0.05892069688757062,2.886579864025407e-14,leicht ermess+en,3.30703145026358
-4.646733150269535,-1.2026764333878108,-0.0993510941872393,-0.014573693686361116,1.6653345369377348e-14,Auch,7.88515149767872
-8.399299228626123,1.1229077319969392,-0.07833559887548126,-0.05853769640450171,3.019806626980426e-14,moderne,3.4704733283374085
-8.399299228626123,1.1229077319969392,-0.07833559887548126,-0.05853769640450171,3.019806626980426e-14,auch modern+e,3.4704733283374085
-8.326510186241077,1.077626527241409,-0.08448072823865735,-0.05831344989747271,3.086420008457935e-14,Wissenschaft,3.5561851833825253
-8.326510186241077,1.077626527241409,-0.08448072823865735,-0.05831344989747271,3.086420008457935e-14,modern+e wissenschaft,3.5561851833825253
-8.052895046505874,0.9073348261770673,-0.10546083889122318,-0.057368969888590166,3.3084646133829665e-14,Schwierigkeiten,3.8784230033964815
-8.052895046505874,0.9073348261770673,-0.10546083889122318,-0.057368969888590166,3.3084646133829665e-14,wissenschaft schwierigkeit+en,3.8784230033964815
-7.700340253582711,0.6878077775209199,-0.128450133629594,-0.056013690770065405,3.530509218307998e-14,nachzuvollziehen,4.293691541235711
-7.700340253582711,0.6878077775209199,-0.128450133629594,-0.056013690770065405,3.530509218307998e-14,schwierigkeit+en nach+zu+vollzieh+en,4.293691541235711
-3.6824105817455504,-1.8128947058551925,-0.25560705596053157,-0.04251532523701175,4.5075054799781356e-14,nach+zu+vollzieh+en vulkan+ausbruch,9.025995065839378
-6.859255803688668,0.16398957327937058,-0.17058440891363758,-0.052653699479934646,3.885780586188048e-14,kommt.…,5.284466230688716
-6.859255803688668,0.16398957327937058,-0.17058440891363758,-0.052653699479934646,3.885780586188048e-14,vulkan+ausbruch kommt.…,5.284466230688716
-7.361666562829885,0.47688326767455935,-0.14722309425813757,-0.05465678480113753,3.68594044175552e-14,+2596,4.692637654908473
-7.361666562829885,0.47688326767455935,-0.14722309425813757,-0.05465678480113753,3.68594044175552e-14,kommt.… +2596,4.692637654908473
-7.582318956510914,0.614306567224546,-0.1353176183204023,-0.055543451089443474,3.574918139293004e-14,+2596 char+s,4.432714972736922
-6.915571134011701,0.20311457055793047,0.023650643073551372,0.04257946700896248,-1.8207657603852567e-14,Keramik,5.216296630910588
-6.915571134011701,0.20311457055793047,0.023650643073551372,0.04257946700896248,-1.8207657603852567e-14,vulkan+e keramik,5.216296630910588
-7.564555257813479,0.6049158151346332,0.04039007970725314,0.03376948859401366,-1.6986412276764895e-14,Binnenmeer,4.453038325241243
-7.564555257813479,0.6049158151346332,0.04039007970725314,0.03376948859401366,-1.6986412276764895e-14,keramik binnenme+er,4.453038325241243
-8.072363405811522,0.9190687941320963,0.05665529910948039,0.024961365095505835,-1.5654144647214707e-14,binnenme+er japan,3.8559499414961103
-8.413065622559401,1.129653529243972,0.06972912814906213,0.017679745203669606,-1.454392162258955e-14,japan immer,3.455451915105137
-7.359374832848167,0.47791398862732937,0.03467658318659095,0.0368035425355801,-1.7430501486614958e-14,klassische,4.69433036867856
-8.524384261285878,1.1984130463717724,0.074475864296487,0.01498774474348697,-1.4210854715202004e-14,immer klassisch+e,3.3246211015332787
-8.621894439330006,1.2586207952829223,0.07885642520845343,0.012479505530498787,-1.3766765505351941e-14,Route,3.210031532568009
-8.621894439330006,1.2586207952829223,0.07885642520845343,0.012479505530498787,-1.3766765505351941e-14,klassisch+e route,3.210031532568009
-8.70773516864457,1.311603654990603,0.08289996561659832,0.010143335401176803,-1.3433698597964394e-14,route premium,3.1091661407545335
-8.761883345105328,1.3450147555751664,0.08554734084356616,0.008602705230112268,-1.3100631690576847e-14,premium für,3.0455461433104567
-8.783703270354543,1.3584758932114762,0.08663635512915882,0.00796637130027197,-1.2989609388114332e-14,für tourist+en,3.0199107222136155
-8.884844341120399,1.4208520920920125,0.09186033856952,0.004892593846117947,-1.2545520178264269e-14,Breiten,2.901094636164207
-8.884844341120399,1.4208520920920125,0.09186033856952,0.004892593846117947,-1.2545520178264269e-14,tourist+en breit+en,2.901094636164207
-8.933176524127354,1.4506473970115892,0.0944647777894827,0.0033467822477920538,-1.2323475573339238e-14,Japanreisen,2.844322879563472
-8.933176524127354,1.4506473970115892,0.0944647777894827,0.0033467822477920538,-1.2323475573339238e-14,breit+en japan+reise+n,2.844322879563472
-8.972238125312167,1.4747213239710764,0.09662393810511671,0.0020584014147761627,-1.2101430968414206e-14,japan+reise+n oft,2.7984439745618643
-9.001460715641874,1.4927274862108686,0.09827222103788269,0.0010706372602245912,-1.1879386363489175e-14,einmalige,2.7641233973507826
-9.001460715641874,1.4927274862108686,0.09827222103788269,0.0010706372602245912,-1.1879386363489175e-14,oft einmalig+e,2.7641233973507826
-9.028131270582998,1.5091580951929224,0.09980200002444628,0.00015058723486964173,-1.176836406102666e-14,Angelegenheit,2.732801741143899
-9.028131270582998,1.5091580951929224,0.09980200002444628,0.00015058723486964173,-1.176836406102666e-14,einmalig+e angelegenheit,2.732801741143899
-9.061842951516528,1.5299220875030834,0.10177147245634066,-0.0010386235949750092,-1.1546319456101628e-14,angelegenheit mehr,2.693213435079287
-9.092000534161752,1.5484927001935616,0.10356829398929496,-0.0021282536299460537,-1.1324274851176597e-14,Sights,2.657801133990535
-9.092000534161752,1.5484927001935616,0.10356829398929496,-0.0021282536299460537,-1.1324274851176597e-14,wer sight+s,2.657801133990535
-9.111696492781284,1.5606189052213064,0.10476016558013188,-0.0028535055760289217,-1.1213252548714081e-14,Tokio,2.634674561896611
-9.111696492781284,1.5606189052213064,0.10476016558013188,-0.0028535055760289217,-1.1213252548714081e-14,sight+s tokio,2.634674561896611
-9.124678077439434,1.568610254275207,0.10555383976843744,-0.0033375565855910116,-1.1102230246251565e-14,Kyoto,2.619432420663404
-9.124678077439434,1.568610254275207,0.10555383976843744,-0.0033375565855910116,-1.1102230246251565e-14,tokio kyoto,2.619432420663404
-9.14218671843078,1.5793871040593592,0.10663468633557349,-0.003998172629648012,-1.099120794378905e-14,Osaka,2.5988756197514395
-9.14218671843078,1.5793871040593592,0.10663468633557349,-0.003998172629648012,-1.099120794378905e-14,kyoto osaka,2.5988756197514395
-9.152154758833596,1.5855219044491045,0.1072554468679342,-0.004378327273449507,-1.099120794378905e-14,osaka bereits,2.587172573418507
-9.164870817870115,1.5933472245543419,0.10805312370142361,-0.004867625819991801,-1.0880185641326534e-14,besucht,2.5722436010764076
-9.164870817870115,1.5933472245543419,0.10805312370142361,-0.004867625819991801,-1.0880185641326534e-14,bereits besuch+t,2.5722436010764076
-9.184258010564026,1.6052762541298162,0.10928195199881807,-0.0056231621526138705,-1.0769163338864018e-14,erkundet,2.5494834411737775
-9.184258010564026,1.6052762541298162,0.10928195199881807,-0.0056231621526138705,-1.0769163338864018e-14,besuch+t erkund+et,2.5494834411737775
-9.196842306919294,1.6130183510959608,0.11008791641570978,-0.006119872294828237,-1.0658141036401503e-14,zunehmend,2.53471032868568
-9.196842306919294,1.6130183510959608,0.11008791641570978,-0.006119872294828237,-1.0658141036401503e-14,erkund+et zu+nehm+end,2.53471032868568
-9.210099687933377,1.6211736021189758,0.11094419941836925,-0.006648611786280335,-1.0547118733938987e-14,entlegenere,2.5191475735727558
-9.210099687933377,1.6211736021189758,0.11094419941836925,-0.006648611786280335,-1.0547118733938987e-14,zu+nehm+end entlegen+er+e,2.5191475735727558
-9.225092369357796,1.6303951322437535,0.11192161542269369,-0.0072534357186417354,-1.0436096431476471e-14,entlegen+er+e eck+en,2.501548408319276
-9.233414710163565,1.6355133897124652,0.11246837668984369,-0.007592371325165551,-1.0436096431476471e-14,Traditionelles,2.4917795276498413
-9.250294828143577,1.6458934569576644,0.11358672501989461,-0.008286978249939781,-1.0325074129013956e-14,Handwerk,2.471966085056369
-9.250294828143577,1.6458934569576644,0.11358672501989461,-0.008286978249939781,-1.0325074129013956e-14,traditionell+es hand+werk,2.471966085056369
-8.261279996764188,1.03585977008841,0.06365231659325121,0.021087967286717652,-1.509903313490213e-14,samt,3.6338640981340955
-9.259849808688244,1.6517683369080796,0.11422539549214888,-0.008684470702261016,-1.021405182655144e-14,hand+werk samt,2.4607511073955664
-9.26498634991752,1.654926311269432,0.11457043270677086,-0.008899460023529478,-1.021405182655144e-14,Workshops,2.4547223136870264
-9.26498634991752,1.654926311269432,0.11457043270677086,-0.008899460023529478,-1.021405182655144e-14,samt workshop+s,2.4547223136870264
-9.275881863425926,1.6616243988446442,0.11530629726165204,-0.009358549787893185,-1.0103029524088925e-14,Schätze,2.441934466526578
-9.275881863425926,1.6616243988446442,0.11530629726165204,-0.009358549787893185,-1.0103029524088925e-14,workshop+s schatz+e,2.441934466526578
-9.29081223934769,1.6708017429162094,0.1163235597406885,-0.009994500986857457,-9.992007221626409e-15,schatz+e meer,2.4244116366842228
-9.298772760600722,1.675694306294042,0.11687019654544825,-0.010336862810695398,-9.992007221626409e-15,vulkanische,2.415069195830894
-9.298772760600722,1.675694306294042,0.11687019654544825,-0.010336862810695398,-9.992007221626409e-15,meer vulkanisch+e,2.415069195830894
-9.308937354943836,1.6819409053823093,0.11757254302111739,-0.010777391456352769,-9.880984919163893e-15,Landschaften,2.403140386583581
-9.308937354943836,1.6819409053823093,0.11757254302111739,-0.010777391456352769,-9.880984919163893e-15,vulkanisch+e landschaft+en,2.403140386583581
-9.32711833184694,1.693112233127894,0.1188411693018919,-0.011574948742069952,-9.769962616701378e-15,paar,2.381804758905435
-9.32711833184694,1.693112233127894,0.1188411693018919,-0.011574948742069952,-9.769962616701378e-15,hier paar,2.381804758905435
-9.330863397740519,1.695413118980437,0.11910448718296271,-0.011740789252035245,-9.658940314238862e-15,Tipps,2.377410022339717
-9.330863397740519,1.695413118980437,0.11910448718296271,-0.011740789252035245,-9.658940314238862e-15,paar tipp+s,2.377410022339717
-9.346312284176989,1.7050161329049818,0.11899011581882493,-0.013098562291681808,-9.2148511043888e-15,Higashi,2.35922052184171
-9.346312284176989,1.7050161329049818,0.11899011581882493,-0.013098562291681808,-9.2148511043888e-15,schon higashi,2.35922052184171
-9.351036850760003,1.7079635361369212,0.11883790066002026,-0.013582051585088958,-8.992806499463768e-15,Mino,2.353652049102798
-9.351036850760003,1.7079635361369212,0.11883790066002026,-0.013582051585088958,-8.992806499463768e-15,higashi mino,2.353652049102798
-9.357884465829438,1.7122353154716927,0.11861488995364583,-0.014287061910866313,-8.770761894538737e-15,mino region,2.3455813474849787
-9.361752966462186,1.7146485765003203,0.11848763660995645,-0.014687597798003316,-8.548717289613705e-15,Gifu,2.3410218968147243
-9.361752966462186,1.7146485765003203,0.11848763660995645,-0.014687597798003316,-8.548717289613705e-15,region gifu,2.3410218968147243
-9.366597331517555,1.7176705582200331,0.11832698149589804,-0.015191479017583925,-8.326672684688674e-15,gifu japan+s,2.3353123067934742
-9.370268649288262,1.7199607413880666,0.11820425737122811,-0.015575066961424234,-8.215650382226158e-15,Hauptinsel,2.330985293487684
-9.370268649288262,1.7199607413880666,0.11820425737122811,-0.015575066961424234,-8.215650382226158e-15,japan+s haupt+insel,2.330985293487684
-9.375875279488325,1.7234581191385665,0.11801520980442756,-0.01616374460799679,-7.993605777301127e-15,Honshu,2.3243773530581926
-9.375875279488325,1.7234581191385665,0.11801520980442756,-0.01616374460799679,-7.993605777301127e-15,haupt+insel honshu,2.3243773530581926
-4.345235377540898,-1.3890442139243597,-0.10046882716309138,0.023620209807298502,3.1086244689504383e-15,gehört,8.239570457955436
-9.379344125590604,1.7256219233706345,0.11789725074432436,-0.016529719340384632,-7.882583474838611e-15,honshu gehör+t,2.32028901153659
-9.385120594584839,1.7292251139478765,0.11769911738148853,-0.01714216132748241,-7.549516567451064e-15,+4546,2.3134809670227945
-9.3879315862775,1.7309784959608439,0.11760192452426962,-0.017441560187305725,-7.438494264988549e-15,+4546 chars,2.3101679978200353
-3.6824105817455504,-1.8128947058551925,-0.25560705596053157,-0.04251532523701175,4.5075054799781356e-14,flucht vulkan+ausbruch,9.025995065839378
-6.930815335265216,0.2085532286716738,-0.16753158992788786,-0.05293522216349786,3.863576125695545e-14,vulkan+ausbruch forscher,5.200171506615716
-6.994572911104812,0.24825911952535895,-0.1647407283668179,-0.05318740020488184,3.8413716652030416e-14,beklemmenden,5.12506688862636
-7.643704529868853,0.652536653821437,-0.1317921980018511,-0.05578861342244637,3.552713678800501e-14,forscher beklemmend+en,4.360405394545712
-6.649259679191884,0.03322162727235467,-0.17909010809243744,-0.051838136139226915,3.952393967665557e-14,Fund,5.531831796714358
-7.94897784449501,0.8426365504404929,-0.1126610985547554,-0.056980667169624744,3.375077994860476e-14,beklemmend+en fund,4.000820159964734
-8.08394910623095,0.9266669853959528,-0.10323282989251777,-0.05748246180021431,3.2862601528904634e-14,fund pompeji,3.8418476540943467
-8.193932065767946,0.9951261066457537,-0.09503904112501167,-0.05787283169795178,3.197442310920451e-14,pompeji der,3.712315391546979
-8.241827268982275,1.0249335246257665,-0.09131474796377805,-0.05803625820196305,3.1530333899354446e-14,der vesuv,3.6559098475290868
-8.30657546202438,1.0652235131113932,-0.08611912413262272,-0.05824966833351446,3.108624468950438e-14,legte,3.5796601395556493
-8.30657546202438,1.0652235131113932,-0.08611912413262272,-0.05824966833351446,3.108624468950438e-14,vesuv leg+te,3.5796601395556493
-8.364210347837249,1.1010807425735594,-0.08133041242883293,-0.058431362131124834,3.064215547965432e-14,einst,3.5117910211304033
-8.364210347837249,1.1010807425735594,-0.08133041242883293,-0.058431362131124834,3.064215547965432e-14,leg+te einst,3.5117910211304033
-8.08394910623095,0.9266669853959528,-0.10323282989251777,-0.05748246180021431,3.2862601528904634e-14,einst pompeji,3.8418476540943467
-8.498538128062306,1.184623143430238,-0.06951981734142348,-0.05881823898822573,2.930988785010413e-14,Schutt,3.353627098589734
-8.498538128062306,1.184623143430238,-0.06951981734142348,-0.05881823898822573,2.930988785010413e-14,pompeji schutt,3.353627098589734
-8.568644004245229,1.2282044249241189,-0.06296279786966404,-0.05899559249904689,2.864375403532904e-14,schutt asche,3.271092187417535
-7.906791881853759,0.816369395086022,-0.11547727638124078,-0.056819832051798164,3.397282455352979e-14,neu,4.050509671023017
-7.906791881853759,0.816369395086022,-0.11547727638124078,-0.056819832051798164,3.397282455352979e-14,zwei neu,4.050509671023017
-7.930017937231872,0.8308312871814012,-0.11393416696045527,-0.056908585567275904,3.375077994860476e-14,neu entdeck+t+e,4.023152340543469
-8.699760236142312,1.3096662294218235,-0.049889870561787675,-0.059270006708540046,2.731148640577885e-14,Skelette,3.1167564704053774
-8.699760236142312,1.3096662294218235,-0.049889870561787675,-0.059270006708540046,2.731148640577885e-14,entdeck+t+e skelett+e,3.1167564704053774
-8.77788529953341,1.3581693514978077,-0.041547571053288296,-0.059390373984867253,2.6201263381153694e-14,Verzweiflung,3.0248159475239254
-8.77788529953341,1.3581693514978077,-0.041547571053288296,-0.059390373984867253,2.6201263381153694e-14,skelett+e verzweiflung,3.0248159475239254
-8.833564443548228,1.3927174511714009,-0.035325145692475614,-0.059452577733923095,2.55351295663786e-14,verzweiflung antik+en,2.95930153434098
-8.857067546307551,1.4072952499968745,-0.03262526337211723,-0.05947227078735806,2.531308496145357e-14,Stadtbewohner,2.931649852722917
-8.857067546307551,1.4072952499968745,-0.03262526337211723,-0.05947227078735806,2.531308496145357e-14,antik+en stadt+bewohner,2.931649852722917
-8.894737630831333,1.4306526359984986,-0.028203145455508796,-0.059495019820083095,2.4868995751603507e-14,deutlich,2.8873346676789744
-8.894737630831333,1.4306526359984986,-0.028203145455508796,-0.059495019820083095,2.4868995751603507e-14,stadt+bewohner deutlich,2.8873346676789744
-5.724329460291397,-0.5425949599730582,-0.21010181290721763,-0.048480519676732364,4.196643033083092e-14,letzter,6.621288528514015
-8.928638168934896,1.4516642418535228,-0.02411999949901103,-0.05950557450309321,2.4202861936828413e-14,ein letzt+er,2.847458642053291
-8.946551541415964,1.4627635114966857,-0.021921427004186478,-0.059507113756287436,2.398081733190338e-14,verzweifelter,2.826389667062153
-8.946551541415964,1.4627635114966857,-0.021921427004186478,-0.059507113756287436,2.398081733190338e-14,letzt+er verzweifel+t+er,2.826389667062153
-8.975679442257968,1.4808059505426818,-0.01828398447425915,-0.0595033081767177,2.353672812205332e-14,Fluchtversuch,2.7921336073837066
-8.975679442257968,1.4808059505426818,-0.01828398447425915,-0.0595033081767177,2.353672812205332e-14,verzweifel+t+er flucht+versuch,2.7921336073837066
-9.028507193172388,1.5135100051392432,-0.011481550350223975,-0.05947501468002664,2.2870594307278225e-14,Rettung,2.7300153522111756
-9.028507193172388,1.5135100051392432,-0.011481550350223975,-0.05947501468002664,2.2870594307278225e-14,flucht+versuch rettung,2.7300153522111756
-9.043175567814309,1.5225861757598926,-0.00954393484518383,-0.059461923000573416,2.2648549702353193e-14,rettung fast,2.712769838264168
-6.738882532369912,0.09008548850212073,-0.16474244558366247,-0.04694825813611066,3.6193270602780103e-14,Katastrophe,5.425721828538856
-9.0804005756808,1.5456097624804792,-0.00452730452977404,-0.059417700153145916,2.19824158875781e-14,jahr+e katastrophe,2.669009918329287
-9.101873497564629,1.5588840335624898,-0.0015666532914801745,-0.05938462912753471,2.1538326677728037e-14,katastrophe pompeji,2.643771035580721
-9.112009998643218,1.5651484893476209,-0.00015156239744951172,-0.059366999197020584,2.1538326677728037e-14,pompeji geb+en,2.631857753149635
-8.953021361589581,1.4667716483553486,-0.02112023456896963,-0.05950695494460842,2.398081733190338e-14,geb+en zwei,2.8187804673142858
-6.990399940442694,0.2456603214505355,-0.1649254910429831,-0.05317085862255867,3.8413716652030416e-14,Opfer,5.129982538549385
-9.141415581490554,1.5833145989836144,0.004018669567972241,-0.059308203064562734,2.0872192862952943e-14,entdeck+t+e opfer,2.59730151586992
-9.152311911902405,1.5900434253235374,0.0055890838020363764,-0.059283419244155616,2.0650148258027912e-14,Vesuvausbruchs,2.58449805423272
-9.152311911902405,1.5900434253235374,0.0055890838020363764,-0.059283419244155616,2.0650148258027912e-14,opfer vesuv+ausbruch+s,2.58449805423272
-9.173784438112046,1.6032989273233804,0.00872459657994816,-0.05922962123051098,2.042810365310288e-14,vesuv+ausbruch+s beklemmend+en,2.559269721434791
-9.186210175480443,1.6109668318057897,0.010564279193461673,-0.059195385458473,2.020605904817785e-14,Einblick,2.5446720927351443
-9.186210175480443,1.6109668318057897,0.010564279193461673,-0.059195385458473,2.020605904817785e-14,beklemmend+en einblick,2.5446720927351443
-9.204175232501377,1.6220492609799362,0.013257517056555923,-0.05914171026142315,1.9761969838327786e-14,+2965,2.52356898246091
-9.204175232501377,1.6220492609799362,0.013257517056555923,-0.05914171026142315,1.9761969838327786e-14,einblick +2965,2.52356898246091
-9.209313871851911,1.6252183803009426,0.014035262091615014,-0.059125425169445425,1.9761969838327786e-14,+2965 char+s,2.517533208682929
-7.612735217910432,0.6347331739459592,0.04179636192709178,0.03301813689702949,-1.687538997430238e-14,forscher neu+e,4.396381456014982
-4.77215798396889,-1.12505638570159,-0.01309342770118814,0.061230545805961156,-2.0761170560490427e-14,erkenntnis+se vulkan,7.737765953269621
-4.908829588487884,-1.0403394920044757,-0.011313924035263913,0.060343087661879694,-2.0650148258027912e-14,Lange,7.5769720895800585
-5.638977071990727,-0.587799889338628,-0.0007329001966292908,0.05503957571286784,-1.9872992140790302e-14,ruhig lang+e,6.717982643161748
-4.263867098928673,-1.440143196780419,-0.019240411028148115,0.06428838236686406,-2.120525977034049e-14,zeit gelt,8.33578022604515
-0.28552094514476245,-3.9068246490115457,-0.05061085890176067,0.07986631685225032,-2.3314683517128287e-14,gelt vulkan,13.016698354013446
-6.110929910972225,-0.29534330903335526,0.007254643181624595,0.050999219172851315,-1.942890293094024e-14,griechenland inaktiv,6.162781087371089
-7.398712403009119,0.502265472110845,0.035738914972150926,0.03624162057672378,-1.7319479184152442e-14,tief,4.648068039132458
-7.107401728688353,0.3219085043395129,0.02821201651364738,0.04020210209222666,-1.787459069646502e-14,erkenntnis+se forscher+n,4.990672993873869
-4.77215798396889,-1.12505638570159,-0.01309342770118814,0.061230545805961156,-2.0761170560490427e-14,forscher+n vulkan,7.737765953269621
-9.144732968872955,1.5853633474655753,0.0044953237201890844,-0.05930083326325292,2.0872192862952943e-14,Tongefäß,2.593403416738897
-9.144732968872955,1.5853633474655753,0.0044953237201890844,-0.05930083326325292,2.0872192862952943e-14,opfer ton+gefäß,2.593403416738897
-9.1346512783632,1.579136686607416,0.003050676199555749,-0.05932276006317527,2.1094237467877974e-14,schützen,2.605250145881415
-9.1346512783632,1.579136686607416,0.003050676199555749,-0.05932276006317527,2.1094237467877974e-14,ton+gefäß schütz+en,2.605250145881415
-9.12416648364902,1.5726597456620937,0.001560589709045837,-0.0593440945887027,2.1316282072803006e-14,schütz+en bei,2.6175712676619174
-9.119370002523565,1.5696963002183508,0.0008830635266416503,-0.05935336420197969,2.1316282072803006e-14,bei neu+en,2.623208052151985
-9.112009998643218,1.5651484893476209,-0.00015156239744951172,-0.059366999197020584,2.1538326677728037e-14,Ausgrabungen,2.631857753149635
-9.112009998643218,1.5651484893476209,-0.00015156239744951172,-0.059366999197020584,2.1538326677728037e-14,neu+en ausgrabung+en,2.631857753149635
-9.085927033553343,1.5490266273665327,-0.0037700830163698296,-0.05940973359322142,2.19824158875781e-14,Nekropole,2.6625139566637266
-9.085927033553343,1.5490266273665327,-0.0037700830163698296,-0.05940973359322142,2.19824158875781e-14,ausgrabung+en nekropole,2.6625139566637266
-9.066088486596296,1.5367594573189232,-0.006473210311217115,-0.059436620186106084,2.220446049250313e-14,Porta,2.6858335956660326
-9.066088486596296,1.5367594573189232,-0.006473210311217115,-0.059436620186106084,2.220446049250313e-14,nekropole porta,2.6858335956660326
-9.057141187392315,1.5312255445463843,-0.0076787691356273585,-0.059447219302166246,2.2426505097428162e-14,Stabia,2.6963516230878817
-9.057141187392315,1.5312255445463843,-0.0076787691356273585,-0.059447219302166246,2.2426505097428162e-14,porta stabia,2.6963516230878817
-9.041581515898192,1.52159994503138,-0.009755556174685612,-0.05946346112486099,2.2648549702353193e-14,stabia pompeji,2.714643899555126
-9.01830777886067,1.5071978279727234,-0.0128161161595634,-0.059482736055231855,2.2870594307278225e-14,pompeji archäologe+en,2.742007399619956
-8.989290908817146,1.4892347610335341,-0.016557042134368517,-0.059498735072288506,2.3314683517128287e-14,Überreste,2.776127078392218
-8.989290908817146,1.4892347610335341,-0.016557042134368517,-0.059498735072288506,2.3314683517128287e-14,archäologe+en überrest+e,2.776127078392218
-8.961449250759767,1.4719923316762609,-0.020070817158115886,-0.059506165990869234,2.375877272697835e-14,überrest+e zwei,2.8088686447070317
-8.950879202006353,1.4654445897275958,-0.021385932203378998,-0.059507050187226934,2.398081733190338e-14,Männern,2.8212998556693134
-8.950879202006353,1.4654445897275958,-0.021385932203378998,-0.059507050187226934,2.398081733190338e-14,zwei mann+ern,2.8212998556693134
-8.93320973182555,1.4544970534737172,-0.023561649827194865,-0.05950623985390133,2.4202861936828413e-14,mann+ern entdeck+t,2.8420816283727177
-8.899795919499455,1.4337882968550744,-0.02760022873640907,-0.05949720888800908,2.4646951146678475e-14,entdeck+t bei,2.8813844895599994
6.314566175585526,-8.010043742769074,-0.25608961982827544,0.006528325216105715,2.708944180085382e-14,ums,20.78791646345702
-8.770749060338494,1.353740169693405,-0.04232798620235104,-0.05938091271608063,2.6423307986078726e-14,chr. um,3.033213435687985
5.697960136936565,-7.627962150780062,-0.2582526641786153,0.004200637411924665,2.8199664825478976e-14,um leben,20.062526346250344
-8.732916273949105,1.33025445904718,-0.046402833511945865,-0.05932548611243528,2.6867397195928788e-14,leben komm+en,3.077735168779035
-8.68657938363455,1.3014801869622366,-0.05125493762631869,-0.05924626200493452,2.731148640577885e-14,Funde,3.132269775919542
-8.68657938363455,1.3014801869622366,-0.05125493762631869,-0.05924626200493452,2.731148640577885e-14,der fund+e,3.132269775919542
-8.65886147566771,1.2842633718481162,-0.05408725407427212,-0.05919335127371653,2.7755575615628914e-14,fund+e liefer+n,3.164893944750641
-8.618765186561701,1.2593522597208193,-0.058095210863114755,-0.059110057943224284,2.8199664825478976e-14,liefer+n weit+er+e,3.2120906397592695
-8.574505989046807,1.2318478124580674,-0.06240144162642716,-0.05900953935350782,2.864375403532904e-14,weit+er+e einblick+e,3.2641913343166733
-8.462763631680371,1.1623783749558856,-0.07275859407198738,-0.05872079487608482,2.9753977059954195e-14,einblick+e katastrophe,3.395747175321892
-8.574505989046807,1.2318478124580674,-0.06240144162642716,-0.05900953935350782,2.864375403532904e-14,katastrophe ein,3.2641913343166733
-8.192431483421862,0.9966810907505002,-0.0770525788470967,0.0360183908550868,-3.9968028886505635e-15,ein mann,3.7127410243288663
-5.885073304326694,-0.4338883412823997,-0.07548033047219382,0.013839427822850048,3.774758283725532e-15,ver…,6.427607427187249
-8.264290538767074,1.0389122443801126,-0.08953361321131248,-0.05811132961572611,3.1530333899354446e-14,mann ver…,3.629455861811744
-8.206299775820154,1.0028234328617176,-0.0940867380627134,-0.05791545161419734,3.197442310920451e-14,ver… nach,3.6977499154503635
-4.943863702419402,-1.0555477287166366,0.3004767845789065,-0.2412542638247208,5.1736392947532295e-14,nach angabe+n,7.5560219242887285
-7.94897784449501,0.8426365504404929,-0.1126610985547554,-0.056980667169624744,3.375077994860476e-14,Forschenden,4.000820159964734
-7.94897784449501,0.8426365504404929,-0.1126610985547554,-0.056980667169624744,3.375077994860476e-14,angabe+n forsch+end+en,4.000820159964734
-6.609217285777636,0.008287885682098928,-0.1806400452975686,-0.05168459066052686,3.9745984281580604e-14,versuchten,5.578999311157494
-7.672576721707662,0.6705175496037254,-0.13009942439499572,-0.05590350819978415,3.530509218307998e-14,forsch+end+en versuch+ten,4.326395416223146
-7.272257726370902,0.42119868793191717,-0.15173457825737663,-0.05429710366889033,3.730349362740526e-14,beide,4.797959690176683
-7.272257726370902,0.42119868793191717,-0.15173457825737663,-0.05429710366889033,3.730349362740526e-14,versuch+ten beide,4.797959690176683
-6.930815335265216,0.2085532286716738,-0.16753158992788786,-0.05293522216349786,3.863576125695545e-14,Männer,5.200171506615716
-6.930815335265216,0.2085532286716738,-0.16753158992788786,-0.05293522216349786,3.863576125695545e-14,beide mann+er,5.200171506615716
-3.6824105817455504,-1.8128947058551925,-0.25560705596053157,-0.04251532523701175,4.5075054799781356e-14,mann+er vulkan+ausbruch,9.025995065839378
-7.117678096995206,0.3249266145091463,-0.15915248715697822,-0.05367742678285607,3.7969627442180354e-14,vulkan+ausbruch richtung,4.980051759685041
-7.5154694734084035,0.5726728701559511,-0.13904728532989616,-0.05527543434877853,3.6193270602780103e-14,richtung küste,4.511461415792816
-7.777649486798394,0.7359520815240774,-0.12374255058820816,-0.05631863092122792,3.4861002973229915e-14,fliehen,4.202626572642597
-7.777649486798394,0.7359520815240774,-0.12374255058820816,-0.05631863092122792,3.4861002973229915e-14,küste flieh+en,4.202626572642597
-7.967544383465031,0.8541966295183787,-0.11140257771800188,-0.057050912304326254,3.352873534367973e-14,flieh+en sterb+en,3.9789514710656255
-8.098889945646807,0.9359677824675798,-0.10214782928649602,-0.05753659202491318,3.26405569239796e-14,sterb+en jedoch,3.8242506068237736
-8.23023789972798,1.0177212357890435,-0.09222499467381978,-0.05799712223310602,3.175237850427948e-14,unterschiedlichen,3.669558309870068
-8.23023789972798,1.0177212357890435,-0.09222499467381978,-0.05799712223310602,3.175237850427948e-14,jedoch unterschiedlich+en,3.669558309870068
-8.407698571898854,1.1281321234205688,-0.07760952025047603,-0.058562632622465915,3.019806626980426e-14,Zeitpunkten,3.460583206010043
-8.407698571898854,1.1281321234205688,-0.07760952025047603,-0.058562632622465915,3.019806626980426e-14,unterschiedlich+en zeit+punkt+en,3.460583206010043
-8.531753321575113,1.2052732485375461,-0.066448677171484,-0.05890462308831418,2.90878432451791e-14,jüngere,3.3145221336726367
-8.531753321575113,1.2052732485375461,-0.066448677171484,-0.05890462308831418,2.90878432451791e-14,ein jung+er+e,3.3145221336726367
-8.580290966675783,1.2354432233614328,-0.06184542518352075,-0.05902316161778741,2.842170943040401e-14,jung+er+e mann,3.257381199873897
-8.608118080530726,1.2527363644149914,-0.0591422273354722,-0.05908667011946943,2.8199664825478976e-14,mann werd+e,3.224623755627476
-8.6392916893803,1.2721058007769286,-0.056056381422843846,-0.059153663420837416,2.7977620220553945e-14,vermutlich,3.1879287840569557
-8.6392916893803,1.2721058007769286,-0.056056381422843846,-0.059153663420837416,2.7977620220553945e-14,werd+e vermutlich,3.1879287840569557
-8.708312898075905,1.31497749085001,-0.048997733060038906,-0.059284908578970674,2.708944180085382e-14,eine…,3.106690581181284
-8.708312898075905,1.31497749085001,-0.048997733060038906,-0.059284908578970674,2.708944180085382e-14,vermutlich eine…,3.106690581181284
-8.736870936529094,1.332709756815999,-0.04598174041212866,-0.05933168301053922,2.6867397195928788e-14,+2631,3.0730811244391014
-8.736870936529094,1.332709756815999,-0.04598174041212866,-0.05933168301053922,2.6867397195928788e-14,eine… +2631,3.0730811244391014
-8.75978600764608,1.3469353130498745,-0.04351953581409343,-0.059365752004749334,2.6423307986078726e-14,+2631 chars,3.046114372339011
-8.848435592568936,1.4019416832976594,-0.03362203557192387,-0.0594655134328053,2.531308496145357e-14,Spektakulärer,2.9418052278598723
-8.805141286224544,1.3750835099917162,-0.03853149877770889,-0.05942345867740964,2.5979218776228663e-14,Skelett-Fund,2.9927441887718844
-8.805141286224544,1.3750835099917162,-0.03853149877770889,-0.05942345867740964,2.5979218776228663e-14,spektakulär+er skelett+-+fund,2.9927441887718844
-8.752298205481289,1.3422872157642796,-0.044328288775842495,-0.059354969115883754,2.6645352591003757e-14,Geheimnis,3.054925953519041
-8.752298205481289,1.3422872157642796,-0.044328288775842495,-0.059354969115883754,2.6645352591003757e-14,skelett+-+fund geheimnis,3.054925953519041
-6.8829859037983985,0.17876735469268112,-0.16958116483826352,-0.05274686947003429,3.885780586188048e-14,Pompeji-Opfer,5.256513017710787
-8.699760236142312,1.3096662294218235,-0.049889870561787675,-0.059270006708540046,2.731148640577885e-14,geheimnis pompeji-opf+er,3.1167564704053774
-8.634252779840489,1.2689751725460892,-0.056559376820179696,-0.05914314329950593,2.7977620220553945e-14,gelüftet,3.1938600272574216
-8.634252779840489,1.2689751725460892,-0.056559376820179696,-0.05914314329950593,2.7977620220553945e-14,pompeji-opf+er ge+lüft+et,3.1938600272574216
-8.586000625676391,1.2389917101081571,-0.06129465435276461,-0.059036467129055026,2.842170943040401e-14,ge+lüft+et forscher,3.250659794592285
-6.0397509639782125,-0.34136218808223884,-0.1488642735346901,-0.02473332843403393,2.6201263381153694e-14,Künstliche,6.247276078774975
-8.49159829904452,1.1803081989185376,-0.07015362219622992,-0.05879968291131543,2.930988785010413e-14,forscher künstlich+e,3.3617977385289457
-6.741043595546222,0.09527221652861817,-0.11208989558690136,-0.02127614478282908,2.0650148258027912e-14,Intelligenz,5.42123600329639
-6.741043595546222,0.09527221652861817,-0.11208989558690136,-0.02127614478282908,2.0650148258027912e-14,künstlich+e intelligenz,5.42123600329639
-8.296316147883351,1.058840072003461,-0.08695508477869611,-0.05821647609811517,3.108624468950438e-14,genutzt,3.591741582704836
-8.296316147883351,1.058840072003461,-0.08695508477869611,-0.05821647609811517,3.108624468950438e-14,intelligenz ge+nutz+t,3.591741582704836
-7.433211433602392,0.5214420874562724,-0.14348771493130477,-0.05494473959304402,3.6637359812630166e-14,Aussehen,4.608359262571472
-8.098889945646807,0.9359677824675798,-0.10214782928649602,-0.05753659202491318,3.26405569239796e-14,ge+nutz+t aus+seh+en,3.8242506068237736
-7.136423921070311,0.33660135277771364,-0.15827743891372248,-0.053752354852157846,3.774758283725532e-14,aus+seh+en letzt+en,4.957969540096377
-7.549627619723066,0.5939465628426168,-0.13715547600443861,-0.05541249299312878,3.597122599785507e-14,Augenblicke,4.471224198341327
-7.549627619723066,0.5939465628426168,-0.13715547600443861,-0.05541249299312878,3.597122599785507e-14,letzt+en auge+n+blick+e,4.471224198341327
-5.91195394125472,-0.4258287382277177,-0.20468244439977312,-0.04920255521893224,4.1522341120980855e-14,Opfers,6.400308661915876
-6.507436421910595,-0.05508738287463233,-0.18448288257079504,-0.05129736440632661,3.9968028886505635e-14,auge+n+blick+e opfer+s,5.698890137110313
-3.6824105817455504,-1.8128947058551925,-0.25560705596053157,-0.04251532523701175,4.5075054799781356e-14,opfer+s vulkan+ausbruch+s,9.025995065839378
-7.117678096995206,0.3249266145091463,-0.15915248715697822,-0.05367742678285607,3.7969627442180354e-14,rekonstruieren,4.980051759685041
-7.117678096995206,0.3249266145091463,-0.15915248715697822,-0.05367742678285607,3.7969627442180354e-14,vulkan+ausbruch+s rekonstruier+en,4.980051759685041
-8.253175365358974,1.0319954596782699,-0.09041774166412206,-0.058074314745683,3.1530333899354446e-14,weiterlesenPompeji,3.6425456440956934
-8.253175365358974,1.0319954596782699,-0.09041774166412206,-0.058074314745683,3.1530333899354446e-14,überspringenartikel weiterlesenpompeji,3.6425456440956934
-8.439927315889264,1.148176850360982,-0.07478973013415638,-0.05865635526628053,2.9976021664879227e-14,weiterlesenpompeji italien,3.4226351419162597
-8.525300195472129,1.2012615561441988,-0.06705027445271287,-0.05888816219033101,2.90878432451791e-14,rannte,3.3221193928236574
-8.525300195472129,1.2012615561441988,-0.06705027445271287,-0.05888816219033101,2.90878432451791e-14,italien renn+e,3.3221193928236574
-8.613474735761205,1.2560649336953842,-0.058616354562097815,-0.0590985012792401,2.8199664825478976e-14,renn+e leben,3.218318202424834
-8.644270846570498,1.275199207333911,-0.055557740288347354,-0.059163938890571297,2.7755575615628914e-14,leben fast,3.1820679293834986
-8.781403311487438,1.3603527421858685,-0.04116144118066721,-0.059394918182057485,2.6201263381153694e-14,spät+er letzt+er,3.020676222559949
-6.897189274486683,0.19375414926593182,-0.042244398475443305,0.00972044022912827,1.3322676295501878e-15,Moment,5.236747203880461
-8.808411272683083,1.3771124748154626,-0.03816583172213876,-0.05942709440513334,2.5979218776228663e-14,letzt+er moment,2.9888965936696645
-8.83051441539767,1.3908254208433815,-0.03567226053309553,-0.059449725987137075,2.55351295663786e-14,sichtbar,2.962890067007519
-8.83051441539767,1.3908254208433815,-0.03567226053309553,-0.059449725987137075,2.55351295663786e-14,moment sicht+bar,2.962890067007519
-8.070834772270619,0.9185030074697935,-0.10417816572320948,-0.05743469171005591,3.2862601528904634e-14,Italienische,3.8572935931917667
-8.120789309427519,0.9495998708548545,-0.10054187619291412,-0.0576153448914673,3.241851231905457e-14,italienisch+e forscher,3.798458202795891
-8.939949207462755,1.4586729408714205,-0.022735112265807614,-0.05950688169203816,2.4202861936828413e-14,forscher erst+en,2.8341549035085296
-8.963521808746997,1.473276096221808,-0.01981174519322003,-0.05950586987430605,2.375877272697835e-14,mal künstlich+e,2.8064312111896252
-8.985462407802064,1.4868641476577824,-0.01704455583088583,-0.059500206243743164,2.353672812205332e-14,Int…,2.780629151404197
-8.985462407802064,1.4868641476577824,-0.01704455583088583,-0.059500206243743164,2.353672812205332e-14,künstlich+e int…,2.780629151404197
-8.99680818005841,1.4938890947848917,-0.015595728950533627,-0.05949541908479429,2.3314683517128287e-14,+2187,2.767287450203345
-8.99680818005841,1.4938890947848917,-0.015595728950533627,-0.05949541908479429,2.3314683517128287e-14,int… +2187,2.767287450203345
-9.007748720511604,1.500662057816838,-0.01418690194577292,-0.05948956520088995,2.3092638912203256e-14,+2187 chars,2.754422857977233
-7.22372614775805,0.3909729989603039,-0.15411401750849285,-0.054102159900144706,3.752553823233029e-14,vulkan+ausbruch jahr,4.855129070241646
-7.582318956510914,0.614306567224546,-0.1353176183204023,-0.055543451089443474,3.574918139293004e-14,jahr wie,4.432714972736922
-7.94897784449501,0.8426365504404929,-0.1126610985547554,-0.056980667169624744,3.375077994860476e-14,wie letzt+en,4.000820159964734
-7.439829586093742,0.5255639281102895,-0.14313632799119,-0.05497136819503502,3.6637359812630166e-14,Momente,4.600563229531161
-7.439829586093742,0.5255639281102895,-0.14313632799119,-0.05497136819503502,3.6637359812630166e-14,letzt+en moment+e,4.600563229531161
-8.264290538767074,1.0389122443801126,-0.08953361321131248,-0.05811132961572611,3.1530333899354446e-14,Pompeji-Opfers,3.629455861811744
-8.264290538767074,1.0389122443801126,-0.08953361321131248,-0.05811132961572611,3.1530333899354446e-14,moment+e pompeji-opfer+s,3.629455861811744
-7.028964841509513,0.2696774808219531,-0.16320655893952263,-0.05332391249800114,3.8191672047105385e-14,rekonstruiert,5.084554054918752
-8.407698571898854,1.1281321234205688,-0.07760952025047603,-0.058562632622465915,3.019806626980426e-14,pompeji-opfer+s rekonstruier+t,3.460583206010043
-8.556681987903671,1.2207693411287808,-0.06410191928258768,-0.05896669240357001,2.886579864025407e-14,versunkenen,3.285174326936835
-8.556681987903671,1.2207693411287808,-0.06410191928258768,-0.05896669240357001,2.886579864025407e-14,rekonstruier+t versink+en+en,3.285174326936835
-8.623990799206007,1.2625991940914394,-0.05757871754115461,-0.05912134643716785,2.7977620220553945e-14,versink+en+en stadt,3.205939457848971
-8.71668565607055,1.3201767053202553,-0.04811944024287289,-0.05929910356888164,2.708944180085382e-14,pompeji forscher,3.096836607095557
-8.752298205481289,1.3422872157642796,-0.044328288775842495,-0.059354969115883754,2.6645352591003757e-14,per,3.054925953519041
-8.752298205481289,1.3422872157642796,-0.044328288775842495,-0.059354969115883754,2.6645352591003757e-14,forscher per,3.054925953519041
-8.34570684054232,1.0895696047122043,-0.08288518373609122,-0.05837394589620516,3.064215547965432e-14,per opfer,3.5335797867698737
-8.824335637560024,1.386992354663229,-0.03637318732998325,-0.059443745079459015,2.5757174171303632e-14,Vesuv-Ausbruchs,2.9701598476116735
-8.824335637560024,1.386992354663229,-0.03637318732998325,-0.059443745079459015,2.5757174171303632e-14,opfer vesuv+-+ausbruch+s,2.9701598476116735
-8.881752216962777,1.4226020920781155,-0.029740945613272653,-0.05948844557951795,2.4868995751603507e-14,vesuv+-+ausbruch+s fast,2.90261014844243
-8.087417526976644,0.9313215581624537,-0.0281055548858894,-0.019472983418395904,1.021405182655144e-14,2000 jahr+en,3.836565993168896
-8.407698571898854,1.1281321234205688,-0.07760952025047603,-0.058562632622465915,3.019806626980426e-14,jahr+en rekonstruier+t,3.460583206010043
-8.965580901889947,1.4745514856752844,-0.01955396239295218,-0.05950553541591763,2.375877272697835e-14,Achäologiepark,2.8040096320966668
-8.965580901889947,1.4745514856752844,-0.01955396239295218,-0.05950553541591763,2.375877272697835e-14,der achäologiepark,2.8040096320966668
-7.676979820572377,0.6732596720848352,-0.12983927803206693,-0.055921002978282564,3.530509218307998e-14,spricht,4.321208803309528
-8.994946030430867,1.492736187265741,-0.01583436729672142,-0.059496293625358396,2.3314683517128287e-14,achäologiepark sprech+t,2.769477143740604
-9.028507193172388,1.5135100051392432,-0.011481550350223975,-0.05947501468002664,2.2870594307278225e-14,experimentellen,2.7300153522111756
-9.028507193172388,1.5135100051392432,-0.011481550350223975,-0.05947501468002664,2.2870594307278225e-14,sprech+t experimentell+en,2.7300153522111756
-9.054095545393547,1.5293416256592278,-0.008087239928694354,-0.05945061553845976,2.2426505097428162e-14,Prototyp,2.6999320395021438
-9.054095545393547,1.5293416256592278,-0.008087239928694354,-0.05945061553845976,2.2426505097428162e-14,experimentell+en prototyp,2.6999320395021438
-9.10825310649435,1.5628268306736521,-0.0006773610164731991,-0.05937368738702527,2.1538326677728037e-14,forscher erstmals,2.6362730992414702
-9.119370002523565,1.5696963002183508,0.0008830635266416503,-0.05935336420197969,2.1316282072803006e-14,erstmals künstlich+e,2.623208052151985
-9.151242767976672,1.5893832615435057,0.005434384186874627,-0.059285924763336384,2.0872192862952943e-14,eingesetzt,2.585754289168308
-9.151242767976672,1.5893832615435057,0.005434384186874627,-0.059285924763336384,2.0872192862952943e-14,intelligenz ein+ge+setz+t,2.585754289168308
-9.170826583080753,1.6014733324303996,0.00828942016141375,-0.0592374310028657,2.042810365310288e-14,ein+ge+setz+t aus+seh+en,2.562744745922709
-9.206027237741573,1.6231928885472262,0.013092209353286394,-0.059374618989733216,1.9984014443252818e-14,moment+e opfer+s,2.5213921821021437
-9.21440313020716,1.6283602834370563,0.013834646729895386,-0.059631549604617334,1.9984014443252818e-14,opfer+s verheerend+en,2.5115522167132895
-9.223895714053228,1.6342160876532197,0.01468163328037779,-0.0599245862419827,1.9984014443252818e-14,verheerend+en ausbruch+s,2.5004006519535036
-9.233661002238524,1.6402395333425055,0.015559194202668727,-0.06022811627369551,1.9984014443252818e-14,ausbruch+s vesuv+s,2.4889290451289767
-9.240365185381565,1.6443744726634404,0.01616537250528774,-0.06043773006538661,1.9984014443252818e-14,vesuv+s jahr,2.4810536115430737
-9.247495054415968,1.6487716457569925,0.016813382591901807,-0.06066176302654708,1.9984014443252818e-14,jahr pompeji,2.472678296878627
-9.254382692442444,1.6530191148434636,0.01744267705223916,-0.06087927969474169,1.9984014443252818e-14,rekons…,2.4645876986967044
-9.254382692442444,1.6530191148434636,0.01744267705223916,-0.06087927969474169,1.9984014443252818e-14,pompeji rekons…,2.4645876986967044
-9.259847315003755,1.656388816438115,0.017944282682730364,-0.06105262797539521,1.9984014443252818e-14,+1835,2.4581687748162544
-9.259847315003755,1.656388816438115,0.017944282682730364,-0.06105262797539521,1.9984014443252818e-14,rekons… +1835,2.4581687748162544
-9.26340874444622,1.65858482725914,0.018272306662756282,-0.061165973052142775,1.9984014443252818e-14,+1835 chars,2.453985462386261
-8.767457275032564,1.348453557940999,0.08582429536376762,0.008441018575227277,-1.3100631690576847e-14,Rätselhafter,3.038997464943674
-8.687900998295362,1.299363291288806,0.08194934060709713,0.010694392586620183,-1.3433698597964394e-14,rätselhaft+er feuer+berg,3.132470920647843
-8.605705258548657,1.2486263409477674,0.07811394466149385,0.012906280394638184,-1.3877787807814457e-14,feuer+berg was,3.22905546466447
-8.534185589407219,1.2044658819248837,0.07490645967074835,0.014742220318462073,-1.4099832412739488e-14,was ätna,3.3131024737639194
-8.449275268208634,1.1520223861680525,0.07124482400837895,0.01682303662778073,-1.4432899320127035e-14,ätna einzigartig,3.4128938142003227
-8.285455890211207,1.05080163717803,0.06459156604726088,0.020563918216668222,-1.4988010832439613e-14,einzigartig mach+t,3.6054457168722367
-8.179249820512178,0.9851541149452452,0.06054150344082676,0.022816633615524,-1.532107773982716e-14,mach+t der,3.7302931740507197
-7.564555257813479,0.6049158151346332,0.04039007970725314,0.03376948859401366,-1.6986412276764895e-14,ätna gut+esten,4.453038325241243
-7.107401728688353,0.3219085043395129,0.02821201651364738,0.04020210209222666,-1.787459069646502e-14,erforschte,4.990672993873869
-7.107401728688353,0.3219085043395129,0.02821201651364738,0.04020210209222666,-1.787459069646502e-14,gut+esten erforsch+te,4.990672993873869
-4.77215798396889,-1.12505638570159,-0.01309342770118814,0.061230545805961156,-2.0761170560490427e-14,erforsch+te vulkan,7.737765953269621
-8.035736332905728,0.8968264092520055,0.04943095467383858,0.02257384703090906,-1.3988810110276972e-14,entstanden,3.898787389352341
-8.035736332905728,0.8968264092520055,0.04943095467383858,0.02257384703090906,-1.3988810110276972e-14,doch entsteh+en,3.898787389352341
-8.205633605334246,1.0044449631320234,-0.008284962524139614,-0.014055155286907182,5.995204332975845e-15,Analyse,3.6975970450486755
-8.205633605334246,1.0044449631320234,-0.008284962524139614,-0.014055155286907182,5.995204332975845e-15,der analyse,3.6975970450486755
-8.031776006226137,0.8885582494073891,-0.16904633290747056,-0.08828413597565095,5.1514348342607263e-14,Lavaproben,3.9061647521376206
-8.031776006226137,0.8885582494073891,-0.16904633290747056,-0.08828413597565095,5.1514348342607263e-14,analyse lavaprobe+n,3.9061647521376206
-2.939931209856532,-2.272376401620512,-0.25215282697108443,-0.03371101591736016,4.1522341120980855e-14,liefert,9.899148147095293
-8.415412732927189,1.1343723494175888,-0.027388243281367797,-0.033143513421288615,1.509903313490213e-14,lavaprobe+n liefer+t,3.4508181441524486
-3.8717301503045594,-1.6920435197668007,-0.22843910115118957,-0.03188618998078312,3.7969627442180354e-14,liefer+t neu+e,8.801456177787939
-8.570388720664683,1.2284632766264145,0.05237290907891913,0.0010318488364745339,-6.5503158452884236e-15,3400,3.2696542101494166
-8.570388720664683,1.2284632766264145,0.05237290907891913,0.0010318488364745339,-6.5503158452884236e-15,der 3400,3.2696542101494166
-8.542615364681636,1.2107981035968263,0.059481426588852304,0.006160865269597533,-9.2148511043888e-15,3400 meter,3.3025774514500084
-8.460766150244371,1.1591204363062386,0.07173142694520179,0.01654742639937534,-1.4432899320127035e-14,hoch+e ätna,3.3993885982544656
-8.023550677081742,0.8888837875214728,0.0549398975642551,0.025902940782505154,-1.587618925213974e-14,Weitem,3.913337599963225
-8.023550677081742,0.8888837875214728,0.0549398975642551,0.025902940782505154,-1.587618925213974e-14,sizilien weite+m,3.913337599963225
-7.657977150416576,0.6627304129343972,0.04314069459891698,0.03229815044721517,-1.6764367671839864e-14,größte,4.343180568946109
-7.657977150416576,0.6627304129343972,0.04314069459891698,0.03229815044721517,-1.6764367671839864e-14,weite+m groß,4.343180568946109
-6.915571134011701,0.20311457055793047,0.023650643073551372,0.04257946700896248,-1.8207657603852567e-14,groß aktiv+st+e,5.216296630910588
-8.159394758363701,0.9728794562778147,0.05980566037853918,0.023223984664554942,-1.5432100042289676e-14,merkwürdigste,3.753634295891563
-8.437502884530133,1.1447501704672036,0.07074912071216954,0.017103515650089985,-1.4432899320127035e-14,passt,3.4267300322359455
-8.645078331622384,1.272932319638931,0.07993061222488312,0.011860867978215051,-1.3655743202889425e-14,pass+t klassisch+e,3.1827887321846973
-8.720431367301302,1.3194383538920231,0.08351378375100582,0.009786915103594876,-1.3322676295501878e-14,Differenzierung,3.094248658331703
-8.720431367301302,1.3194383538920231,0.08351378375100582,0.009786915103594876,-1.3322676295501878e-14,klassisch+e differenzierung,3.094248658331703
-8.851291031849906,1.4001626718980515,0.0900942632650345,0.00593572190448869,-1.2656542480726785e-14,Schild-,2.9405095413806968
-8.851291031849906,1.4001626718980515,0.0900942632650345,0.00593572190448869,-1.2656542480726785e-14,differenzierung schild+-,2.9405095413806968
-8.900470037258138,1.43048577304674,0.0926944134250414,0.00439852368958539,-1.2434497875801753e-14,+6099,2.882739939217457
-8.900470037258138,1.43048577304674,0.0926944134250414,0.00439852368958539,-1.2434497875801753e-14,schild+- +6099,2.882739939217457
-8.922628548229952,1.4441456186189157,0.09389015392467873,0.0036886124483280006,-1.2323475573339238e-14,+6099 chars,2.856712304171416
-7.318160554392137,0.4497873201324687,-0.14943952135960836,-0.054481705036936404,3.708144902248023e-14,Magmaschlot,4.743886945705565
-6.397557528494577,-0.12350165283789849,-0.18848267986722972,-0.05088446020909708,4.04121180963557e-14,Seltsamer,5.828318408680291
-6.397557528494577,-0.12350165283789849,-0.18848267986722972,-0.05088446020909708,4.04121180963557e-14,magmaschlot seltsam+er,5.828318408680291
-3.6824105817455504,-1.8128947058551925,-0.25560705596053157,-0.04251532523701175,4.5075054799781356e-14,seltsam+er vulkan+ausbruch,9.025995065839378
-6.859255803688668,0.16398957327937058,-0.17058440891363758,-0.052653699479934646,3.885780586188048e-14,scheiterte,5.284466230688716
-6.859255803688668,0.16398957327937058,-0.17058440891363758,-0.052653699479934646,3.885780586188048e-14,vulkan+ausbruch scheiter+te,5.284466230688716
-7.549627619723066,0.5939465628426168,-0.13715547600443861,-0.05541249299312878,3.597122599785507e-14,scheiter+te letzt+er,4.471224198341327
-7.777649486798394,0.7359520815240774,-0.12374255058820816,-0.05631863092122792,3.4861002973229915e-14,Sekunde,4.202626572642597
-7.777649486798394,0.7359520815240774,-0.12374255058820816,-0.05631863092122792,3.4861002973229915e-14,letzt+er sekunde,4.202626572642597
-7.94897784449501,0.8426365504404929,-0.1126610985547554,-0.056980667169624744,3.375077994860476e-14,Kuriose,4.000820159964734
-7.94897784449501,0.8426365504404929,-0.1126610985547554,-0.056980667169624744,3.375077994860476e-14,sekunde kurios+e,4.000820159964734
-8.08394910623095,0.9266669853959528,-0.10323282989251777,-0.05748246180021431,3.2862601528904634e-14,Wechselwirkung,3.8418476540943467
-8.08394910623095,0.9266669853959528,-0.10323282989251777,-0.05748246180021431,3.2862601528904634e-14,kurios+e wechsel+wirkung,3.8418476540943467
-8.34570684054232,1.0895696047122043,-0.08288518373609122,-0.05837394589620516,3.064215547965432e-14,wechsel+wirkung tiefe,3.5335797867698737
-8.407698571898854,1.1281321234205688,-0.07760952025047603,-0.058562632622465915,3.019806626980426e-14,Binnen,3.460583206010043
-8.407698571898854,1.1281321234205688,-0.07760952025047603,-0.058562632622465915,3.019806626980426e-14,tiefe binnen,3.460583206010043
-8.462763631680371,1.1623783749558856,-0.07275859407198738,-0.05872079487608482,2.9753977059954195e-14,weniger,3.395747175321892
-8.462763631680371,1.1623783749558856,-0.07275859407198738,-0.05872079487608482,2.9753977059954195e-14,binnen wenig+er,3.395747175321892
-8.518754415885086,1.1971921347715888,-0.06765806462147961,-0.058871304028856,2.90878432451791e-14,wenig+er tag+e,3.329825805636587
-8.502503324619468,1.1873107277953423,-0.0640047781400584,-0.056185528145420466,2.7755575615628914e-14,strömte,3.3488497148861396
-8.502503324619468,1.1873107277953423,-0.0640047781400584,-0.056185528145420466,2.7755575615628914e-14,tag+e ström+te,3.3488497148861396
-8.4625451387696,1.1628305451567753,-0.05859080100937578,-0.05144795751469655,2.531308496145357e-14,geschmolzenes,3.3957169429710814
-8.4625451387696,1.1628305451567753,-0.05859080100937578,-0.05144795751469655,2.531308496145357e-14,ström+te ge+schmelz+en+es,3.3957169429710814
-8.373116364797152,1.1078006410124295,-0.05056088169934832,-0.043110978685614476,2.1538326677728037e-14,ge+schmelz+en+es gestein,3.5007296544533033
-8.279489924744405,1.0500152296944605,-0.045387143834929464,-0.03627034670819147,1.84297022087776e-14,gestein kilo+meter,3.6107574670616653
-8.168305726485528,0.9812848857681633,-0.041501971049687704,-0.029578110804327203,1.554312234475219e-14,kilo+meter richtung,3.7414725540051252
-8.036521052087593,0.8997394241121621,-0.03870450122129694,-0.02291505561955093,1.2656542480726785e-14,Oberfläche,3.896446702158477
-8.036521052087593,0.8997394241121621,-0.03870450122129694,-0.02291505561955093,1.2656542480726785e-14,richtung oberfläche,3.896446702158477
-7.518104337826397,0.5786114972343874,-0.03573272719669558,-0.0037177493579146105,5.551115123125783e-15,oberfläche ganz,4.50625665542283
-7.279787821711706,0.43090761995581817,-0.036188204733423775,0.0029441627749292737,3.1086244689504383e-15,ganz knapp,4.78662744668026
-3.6824105817455504,-1.8128947058551925,-0.25560705596053157,-0.04251532523701175,4.5075054799781356e-14,knapp vulkan,9.025995065839378
-6.5122201318605,-0.04496787907901556,-0.03811878643035013,0.0203968705041973,-2.9976021664879227e-15,steckenzubleiben,5.6897252370337235
-6.5122201318605,-0.04496787907901556,-0.03811878643035013,0.0203968705041973,-2.9976021664879227e-15,vulkan stecken+zu+bleib+en,5.6897252370337235
-7.456845547187594,0.5405862568995619,-0.02544558713465385,0.00332489979887797,1.7763568394002505e-15,vulkan+e ganz,4.578372518371929
-7.659112021423155,0.6659367423971823,-0.02294551415433086,-0.0016336612183122726,3.1086244689504383e-15,unterschiedliche,4.340422324292934
-7.659112021423155,0.6659367423971823,-0.02294551415433086,-0.0016336612183122726,3.1086244689504383e-15,ganz unterschiedlich+e,4.340422324292934
-8.081047888060906,0.927345457390488,-0.016709900329347015,-0.013379574975121229,6.661338147750939e-15,Arten,3.8440925122925247
-8.081047888060906,0.927345457390488,-0.016709900329347015,-0.013379574975121229,6.661338147750939e-15,unterschiedlich+e art+en,3.8440925122925247
-8.178616976393911,0.9877740286844832,-0.01495563607232811,-0.01637918656740436,7.549516567451064e-15,art+en aus+brech+en,3.729331781390399
-8.336170346823012,1.0852996224592755,-0.03139702636199443,-0.03158817378117072,1.509903313490213e-14,aus+brech+en verheerend+en,3.544015806730846
-8.401005442961997,1.1248428353790871,-0.057234920273592386,-0.04782559219389511,2.398081733190338e-14,Glutwolken,3.468036883874815
-8.401005442961997,1.1248428353790871,-0.057234920273592386,-0.04782559219389511,2.398081733190338e-14,verheerend+en glut+wolke+n,3.468036883874815
-8.410894894881366,1.1289292859420161,-0.09780143693984025,-0.06899956583468297,3.6415315207705135e-14,glut+wolke+n spektakulär+en,3.4574148083568454
-6.238559694097922,-0.24009823284076504,-0.30885159522296407,-0.10467623344291689,7.37188088351104e-14,Lavaströmen,6.0246947203630485
-8.168220439624193,0.957754972137991,-0.2660723552926408,-0.1417372780163721,8.237854842718662e-14,spektakulär+en lavaströme+n,3.7535876345245796
-8.57516209362841,1.2303931306434206,-0.09604772895850054,-0.07629866457829196,3.885780586188048e-14,Bomben,3.2643472048429643
-8.57516209362841,1.2303931306434206,-0.09604772895850054,-0.07629866457829196,3.885780586188048e-14,lavaströme+n bombe+n,3.2643472048429643
-8.665494699313605,1.2877464236635796,-0.06839664039096263,-0.06694240560748427,3.219646771412954e-14,glühendem,3.1573987279480478
-8.665494699313605,1.2877464236635796,-0.06839664039096263,-0.06694240560748427,3.219646771412954e-14,bombe+n glüh+end+em,3.1573987279480478
-8.725381738086615,1.325369973650969,-0.05306306800384089,-0.062352801720989295,2.864375403532904e-14,glüh+end+em gestein,3.08670182965325
-8.829883940870554,1.3905451584295259,-0.031162186309849814,-0.057055763537713675,2.4202861936828413e-14,bemerkenswertesten,2.9635806446203588
-8.829883940870554,1.3905451584295259,-0.031162186309849814,-0.057055763537713675,2.4202861936828413e-14,doch bemerkenswert+est+en,2.9635806446203588
-8.89147683908035,1.4287813942766356,-0.020467655139779384,-0.055232248618697966,2.2426505097428162e-14,vulkanischen,2.891104039828459
-8.89147683908035,1.4287813942766356,-0.020467655139779384,-0.055232248618697966,2.2426505097428162e-14,bemerkenswert+est+en vulkanisch+en,2.891104039828459
-8.92704440732556,1.4508225030375324,-0.014834470285024895,-0.05452009017498466,2.1316282072803006e-14,Ere…,2.8492712132493825
-8.92704440732556,1.4508225030375324,-0.014834470285024895,-0.05452009017498466,2.1316282072803006e-14,vulkanisch+en ere…,2.8492712132493825
-8.942069759793512,1.4601267953629924,-0.012551134684688804,-0.054283220825791914,2.1094237467877974e-14,+1886,2.8316026103390906
-8.942069759793512,1.4601267953629924,-0.012551134684688804,-0.054283220825791914,2.1094237467877974e-14,ere… +1886,2.8316026103390906
-8.956337221273397,1.4689583990013517,-0.010429193844252747,-0.05409023299693087,2.0650148258027912e-14,+1886 chars,2.814826936098861
-5.430049408474685,-0.7163681350990774,-0.004117608138721279,-0.015528909776705773,5.995204332975845e-15,bleibt,6.963340401744786
-7.092183664350209,0.31248522082422125,0.027839349841802905,0.040396958192896446,-1.787459069646502e-14,117 bleib+t,5.008571476678809
-7.912623239980011,0.8202768298296896,0.051171407259200954,0.027960681586184276,-1.609823385706477e-14,DLC-Test,4.0437578714501425
-7.912623239980011,0.8202768298296896,0.051171407259200954,0.027960681586184276,-1.609823385706477e-14,bleib+t dlc-test,4.0437578714501425
-7.398712403009119,0.502265472110845,0.035738914972150926,0.03624162057672378,-1.7319479184152442e-14,dlc-test verheißung,4.648068039132458
-7.265459568415082,0.4197724617724923,0.0322001038438848,0.03810966556562343,-1.765254609153999e-14,fragen,4.804780357916136
-7.265459568415082,0.4197724617724923,0.0322001038438848,0.03810966556562343,-1.765254609153999e-14,der frag+en,4.804780357916136
-8.09536017225567,0.9332885143630394,0.05747609399968656,0.024509732697224094,-1.5654144647214707e-14,Ubisoft,3.828913949264684
-8.09536017225567,0.9332885143630394,0.05747609399968656,0.024509732697224094,-1.5654144647214707e-14,frag+en ubisoft,3.828913949264684
-8.413065622559401,1.129653529243972,0.06972912814906213,0.017679745203669606,-1.454392162258955e-14,erst+e dlc,3.455451915105137
-8.493658365051704,1.17943681777966,0.07313957849718727,0.0157482813627366,-1.432187701766452e-14,dlc anno,3.3607312655448767
-8.77295062272774,1.351842554542897,0.08609807280340995,0.008281090467027723,-1.3100631690576847e-14,GameStar-Wertung,3.0325435107075913
-8.77295062272774,1.351842554542897,0.08609807280340995,0.008281090467027723,-1.3100631690576847e-14,bleib+t gamestar-wertung,3.0325435107075913
-6.6350829146735615,0.031267137171376636,-0.04640989248674748,0.013629254547594711,4.440892098500626e-16,erklären,5.545121547873238
-8.876755218242927,1.4158645839430102,0.0914314780937836,0.00514627548989904,-1.2545520178264269e-14,wir erklär+en,2.910596694769112
-8.842375900290701,1.3946648425251233,0.08963063388656892,0.0062088872818811015,-1.27675647831893e-14,Hintergründe,2.950982452745433
-8.842375900290701,1.3946648425251233,0.08963063388656892,0.0062088872818811015,-1.27675647831893e-14,erklär+en hintergrund+e,2.950982452745433
-8.756226823843367,1.34152490453449,0.08526714207632005,0.008766186385302523,-1.3211653993039363e-14,Key-Situation,3.052191908129075
-8.756226823843367,1.34152490453449,0.08526714207632005,0.008766186385302523,-1.3211653993039363e-14,hintergrund+e key-situation,3.052191908129075
-8.637491015728607,1.268248784356762,0.07957763906539417,0.012064306442273022,-1.3655743202889425e-14,wann,3.191704311026951
-8.637491015728607,1.268248784356762,0.07957763906539417,0.012064306442273022,-1.3655743202889425e-14,key-situation wann,3.191704311026951
-8.54377969493498,1.210390537571,0.07533000869310288,0.014500496661343459,-1.4099832412739488e-14,finaler,3.3018274913479266
-8.54377969493498,1.210390537571,0.07533000869310288,0.014500496661343459,-1.4099832412739488e-14,wann final+er,3.3018274913479266
-8.460766150244371,1.1591204363062386,0.07173142694520179,0.01654742639937534,-1.4432899320127035e-14,Test,3.3993885982544656
-8.460766150244371,1.1591204363062386,0.07173142694520179,0.01654742639937534,-1.4432899320127035e-14,final+er test,3.3993885982544656
-8.400374916190001,1.121813111626603,0.06920415396762677,0.01797584982475459,-1.4654943925052066e-14,test erschein+t,3.4703679565272507
-5.345680076771683,-0.7695722756466457,-0.005216728394821291,0.05729305770145317,-2.020605904817785e-14,Jetzt,7.063028676055073
-8.117496421325036,0.9469754525724068,0.05827399289309537,0.024070009093052288,-1.554312234475219e-14,jetzt schon,3.8028900024162433
-7.970521811187203,0.8560881066952621,0.05311642190047666,0.026900459331596144,-1.5987211554602254e-14,schon anno,3.975683974490078
-6.802826850761445,0.13328736928860696,0.021100944384115902,0.04390130361535322,-1.84297022087776e-14,kaufen,5.3489069002359715
-6.802826850761445,0.13328736928860696,0.021100944384115902,0.04390130361535322,-1.84297022087776e-14,vulkan+s kauf+en,5.3489069002359715
-7.657977150416576,0.6627304129343972,0.04314069459891698,0.03229815044721517,-1.6764367671839864e-14,der könn+t,4.343180568946109
-7.997601005766216,0.8728356656673522,0.05404245571016572,0.026394311735095873,-1.587618925213974e-14,natürlich,3.943846548360928
-7.997601005766216,0.8728356656673522,0.05404245571016572,0.026394311735095873,-1.587618925213974e-14,könn+t natürlich,3.943846548360928
-8.216976596117682,1.0084756446433014,0.06195785958811692,0.022030894492634928,-1.5210055437364645e-14,gerne,3.68594342185921
-8.216976596117682,1.0084756446433014,0.06195785958811692,0.022030894492634928,-1.5210055437364645e-14,natürlich gerne,3.68594342185921
-8.316670310268664,1.070092182644303,0.06581991415589775,0.019877071918561477,-1.4876988529977098e-14,tun,3.5687544706888525
-8.316670310268664,1.070092182644303,0.06581991415589775,0.019877071918561477,-1.4876988529977098e-14,gerne tu+n,3.5687544706888525
-8.493658365051704,1.17943681777966,0.07313957849718727,0.0157482813627366,-1.432187701766452e-14,GameStar-Test,3.3607312655448767
-8.493658365051704,1.17943681777966,0.07313957849718727,0.0157482813627366,-1.432187701766452e-14,tu+n gamestar-test,3.3607312655448767
-8.652530621580059,1.2775323615515588,0.08027866806435005,0.011660112883767898,-1.3655743202889425e-14,gamestar-test dlc,3.1740318965206735
-8.70773516864457,1.311603654990603,0.08289996561659832,0.010143335401176803,-1.3433698597964394e-14,ausführlicher,3.1091661407545335
-8.70773516864457,1.311603654990603,0.08289996561659832,0.010143335401176803,-1.3433698597964394e-14,dlc ausführlich+er,3.1091661407545335
-8.788966259698272,1.361722517590383,0.08690098460281592,0.007811513438808058,-1.2989609388114332e-14,Kaufberatung,3.0137275499697984
-8.788966259698272,1.361722517590383,0.08690098460281592,0.007811513438808058,-1.2989609388114332e-14,ausführlich+er kauf+beratung,3.0137275499697984
-8.851291031849906,1.4001626718980515,0.0900942632650345,0.00593572190448869,-1.2656542480726785e-14,kauf+beratung erschein+t,2.9405095413806968
-8.892746906556628,1.425724353676057,0.09228122982026926,0.004643390684792751,-1.2545520178264269e-14,erschein+t erst,2.8918118422514025
-8.943395129292158,1.4569457549365188,0.09502484177390744,0.003013189503375674,-1.2212453270876722e-14,Mai-Wochenende,2.8323205436804693
-8.943395129292158,1.4569457549365188,0.09502484177390744,0.003013189503375674,-1.2212453270876722e-14,erst mai+-+woche+n+ende,2.8323205436804693
-9.015091169194285,1.5011250084298442,0.0990509632697548,0.0006026795151497476,-1.176836406102666e-14,+3641,2.7481157135502805
-9.015091169194285,1.5011250084298442,0.0990509632697548,0.0006026795151497476,-1.176836406102666e-14,der +3641,2.7481157135502805
-9.030672195197639,1.5107232955902976,0.09994903555147983,6.198783808787287e-05,-1.176836406102666e-14,+3641 chars,2.7298177881276913
-4.413582940784777,-1.3465695708506105,-0.09639194330982773,0.024786720742493978,2.220446049250313e-15,verdeckt,8.159107344727154
-4.413582940784777,-1.3465695708506105,-0.09639194330982773,0.024786720742493978,2.220446049250313e-15,asche+wolke verdeck+t,8.159107344727154
-3.20771989391908,-2.0942555070039064,-0.0544487580563332,0.05769772686958394,-1.4654943925052066e-14,verdeck+t himmel,9.578014218079646
-4.77215798396889,-1.12505638570159,-0.01309342770118814,0.061230545805961156,-2.0761170560490427e-14,Vulkan-Ausbruch,7.737765953269621
-4.77215798396889,-1.12505638570159,-0.01309342770118814,0.061230545805961156,-2.0761170560490427e-14,himmel vulkan+-+ausbruch,7.737765953269621
-7.740769941269884,0.713960503801446,0.045662820479310376,0.030942726514325412,-1.6542323066914832e-14,vulkan+-+ausbruch philippinen,4.245825604508112
-7.016438488106362,0.265580608019913,0.026012686053875106,0.041350444013433574,-1.8096635301390052e-14,philippinen der,5.097659028450145
-3.550496303730947,-1.8823977824553215,-0.02678776783452997,0.06803090257539278,-2.1649348980190553e-14,Mayon-Vulkan,9.175098522236041
-3.550496303730947,-1.8823977824553215,-0.02678776783452997,0.06803090257539278,-2.1649348980190553e-14,der mayon-vulka+n,9.175098522236041
-5.474173211272878,-0.6899359835915391,-0.003293821345124112,0.05632782105729253,-2.0095036745715333e-14,mayon-vulka+n philippinen,6.911863197327586
-6.011339609569976,-0.35580220837907417,-0.08494499998004804,0.006946365142585082,7.327471962526033e-15,philippinen erneut,6.2791334754471
-7.351226227304867,0.47490511137638647,-0.013304047138439634,0.01252905745056375,-2.9976021664879227e-15,umliegenden,4.702765482666709
-7.351226227304867,0.47490511137638647,-0.013304047138439634,0.01252905745056375,-2.9976021664879227e-15,himmel umliegend+en,4.702765482666709
-7.294401686059413,0.43913957527988146,0.004117216467863283,0.02296786730390974,-8.881784197001252e-15,Dörfern,4.769933378765451
-7.294401686059413,0.43913957527988146,0.004117216467863283,0.02296786730390974,-8.881784197001252e-15,umliegend+en dorf+ern,4.769933378765451
-8.923350121264718,1.446998392181081,0.05910429958318361,-0.015047132372776054,-1.4432899320127035e-15,Viralpress02.05…,2.8545415735380093
-8.923350121264718,1.446998392181081,0.05910429958318361,-0.015047132372776054,-1.4432899320127035e-15,reuters viralpress02.05…,2.8545415735380093
-8.983644440486461,1.483854020696414,0.0684257095388763,-0.013878325895021994,-2.9976021664879227e-15,+16,2.7838939273694985
-8.983644440486461,1.483854020696414,0.0684257095388763,-0.013878325895021994,-2.9976021664879227e-15,viralpress02.05… +16,2.7838939273694985
-8.99554668807109,1.4911284888871768,0.07018201115574349,-0.01370799223618244,-3.3306690738754696e-15,+16 char+s,2.769948274318699
16.130236981086387,-14.086206286311683,-0.08353440748315029,0.095382587882401,-2.5646151868841116e-14,Mayon,32.332300106124436
13.830918047545232,-12.660418782761786,-0.0834720511542941,0.0945674802985402,-2.531308496145357e-14,vulkan mayon,29.626805147709266
-1.866865486497801,-2.9296037696894808,-0.17942968545433557,0.008778148769752775,1.7541523789077473e-14,mayon aus+ge+brech+en,11.157577194515445
-7.87676293062327,0.7997450311939027,0.020675660299198276,0.013416963101949618,-7.327471962526033e-15,aus+ge+brech+en tausend+e,4.085005731669657
-6.165822257992101,-0.26133166682757913,0.008253025451009005,0.05049162715068081,-1.9317880628477724e-14,ge+bring+t der,6.098208267627087
-5.256036474414228,-0.8245346303186221,-0.021097150321217305,0.05069064188630766,-1.5987211554602254e-14,mayon stoß+t,7.168152529030202
-7.265459568415082,0.4197724617724923,0.0322001038438848,0.03810966556562343,-1.765254609153999e-14,stoß+t philippinen,4.804780357916136
-8.054834319249103,0.9110591765723743,-0.012116809220949806,-0.010004700153894316,4.884981308350689e-15,philippinen asche,3.87495985329275
-7.915521091175359,0.8181640534123105,-0.15678338659573438,-0.07771485923562535,4.6407322429331543e-14,asche lava,4.042079696368237
0.723509726252134,-4.532132751437397,-0.08477946035685668,0.06839980343519586,-1.5210055437364645e-14,Dörfer,14.203715303036889
-6.7134738786547,0.07945857001915968,-0.017045776874407552,0.026614153151940045,-7.66053886991358e-15,dutzend+e dorf+er,5.453150813358379
-8.589282616311259,1.2410879741239178,0.03374717158058341,-0.009738042391494204,-4.440892098500626e-16,dorf+er betreff+en,3.2469153064113767
-8.792375065393292,1.3655809265657188,0.06250261958048772,-0.005426233224741891,-5.329070518200751e-15,mensch+en bring+en,3.008759290274099
-8.584037577164079,1.2374242332085306,0.04301584031588791,-0.004590740583119479,-3.4416913763379853e-15,sicherheit behörde+n,3.253317978098804
-8.339080120646514,1.0869294173021582,0.003718503191501618,-0.013567461940816771,4.440892098500626e-15,Erdrutschen,3.540739349157313
-8.339080120646514,1.0869294173021582,0.003718503191501618,-0.013567461940816771,4.440892098500626e-15,warn+en erd+rutsch+en,3.540739349157313
-7.806293428548684,0.7517628763646558,-0.1461660913112962,-0.06846753238941297,4.1744385725905886e-14,erd+rutsch+en lavaströme+n,4.169915832865126
-0.5603237831314019,-3.7364243985668906,-0.049097965431434784,0.07910804563007516,-2.3203661214665772e-14,auf philippinen,12.69335616139292
-6.607612615989928,0.013421723974825994,-0.005520091932403298,0.03473450404935586,-1.199040866595169e-14,aus+ge+brech+en umgebung,5.577936398460687
-6.996252616619151,0.25391367382504004,0.009851048852333108,0.03361220196261504,-1.3322676295501878e-14,dicker,5.120936911183323
-6.996252616619151,0.25391367382504004,0.009851048852333108,0.03361220196261504,-1.3322676295501878e-14,umgebung dick+er,5.120936911183323
-7.15381340374557,0.3513932674237812,0.015927172501189343,0.03273716435754382,-1.3766765505351941e-14,dick+er asche,4.9356724476484075
-3.368376376090475,-1.9945786544016246,-0.05640152929341572,0.05526509213070478,-1.354472090042691e-14,bedeckt,9.388946465186871
-3.368376376090475,-1.9945786544016246,-0.05640152929341572,0.05526509213070478,-1.354472090042691e-14,asche bedeck+t,9.388946465186871
-6.9797833892725105,0.24288111484105146,0.02514520001049078,0.041802324376870745,-1.8096635301390052e-14,Insgesamt,5.140771478605212
-8.117496421325036,0.9469754525724068,0.05827399289309537,0.024070009093052288,-1.554312234475219e-14,insgesamt seit,3.8028900024162433
-6.268513474510851,-0.19770590287971723,0.010163295700543265,0.04951870707952391,-1.9206858326015208e-14,Samstag,5.977408407726124
-6.268513474510851,-0.19770590287971723,0.010163295700543265,0.04951870707952391,-1.9206858326015208e-14,seit samstag,5.977408407726124
-5.555157400060392,-0.6397459096071505,-0.002049051609594524,0.05570205510850519,-1.9984014443252818e-14,samstag dorf+er,6.816590416291155
-4.77215798396889,-1.12505638570159,-0.01309342770118814,0.061230545805961156,-2.0761170560490427e-14,dorf+er rund,7.737765953269621
-0.28552094514476245,-3.9068246490115457,-0.05061085890176067,0.07986631685225032,-2.3314683517128287e-14,rund vulkan,13.016698354013446
-6.675629551010815,0.054501939230551244,0.01833243314828814,0.04533108777920815,-1.865174681370263e-14,vulkan betreff+en,5.498520739800831
-7.564555257813479,0.6049158151346332,0.04039007970725314,0.03376948859401366,-1.6986412276764895e-14,berichten,4.453038325241243
-7.564555257813479,0.6049158151346332,0.04039007970725314,0.03376948859401366,-1.6986412276764895e-14,betreff+en bericht+en,4.453038325241243
-7.942227544975561,0.8385881080085045,0.052160044344289516,0.027422262626314038,-1.609823385706477e-14,bericht+en behörde+n,4.008950511104029
-8.179249820512178,0.9851541149452452,0.06054150344082676,0.022816633615524,-1.532107773982716e-14,Erste,3.7302931740507197
-8.285455890211207,1.05080163717803,0.06459156604726088,0.020563918216668222,-1.4988010832439613e-14,erst+e la…,3.6054457168722367
-8.360242081931219,1.0970167120973016,0.0675648116271923,0.01889844939085233,-1.4765966227514582e-14,+1187,3.51753926015698
-8.360242081931219,1.0970167120973016,0.0675648116271923,0.01889844939085233,-1.4765966227514582e-14,la… +1187,3.51753926015698
-8.437502884530133,1.1447501704672036,0.07074912071216954,0.017103515650089985,-1.4432899320127035e-14,+1187 chars,3.4267300322359455
-7.513099774965935,0.5730691697807755,0.0389162031328117,0.03455499091478455,-1.709743457922741e-14,mayon philippinen,4.513548219235972
-3.7059758245643355,-1.7860048996768492,-0.025238593271943166,0.06726344037408993,-2.1538326677728037e-14,philippinen stoß+t,8.992166736416738
-8.117496421325036,0.9469754525724068,0.05827399289309537,0.024070009093052288,-1.554312234475219e-14,stoß+t asche,3.8028900024162433
-7.997601005766216,0.8728356656673522,0.05404245571016572,0.026394311735095873,-1.587618925213974e-14,asche auf,3.943846548360928
-0.28552094514476245,-3.9068246490115457,-0.05061085890176067,0.07986631685225032,-2.3314683517128287e-14,stoß+t vulkan,13.016698354013446
-4.746821644094584,-1.1396704508787239,-0.052723501654055274,0.04198186902031498,-9.2148511043888e-15,mayon groß+e,7.766936810543314
-4.903671291514103,-1.0470122224497582,-0.17315667426812895,-0.018349382031415656,2.6645352591003757e-14,groß+e asche+wolke+n,7.58461405807544
-5.406108823706283,-0.7308377826480363,-0.047142996518627286,0.03557120329490857,-7.438494264988549e-15,Dutzend,6.991193574062953
-5.406108823706283,-0.7308377826480363,-0.047142996518627286,0.03557120329490857,-7.438494264988549e-15,mehrere dutzend,6.991193574062953
-5.702361495881712,-0.5472079591967911,-0.039299625458937275,0.034793797111364495,-8.104628079763643e-15,dutzend dorf+er,6.642662222067502
-7.123602981166632,0.3320554453713589,0.026704760452071735,0.03901858015996706,-1.7319479184152442e-14,dorf+er asche,4.971554628308734
-6.568719874871084,-0.011722606346108666,0.016089018156149673,0.046485636756189594,-1.8762769116165146e-14,seit beginn,5.6242745009112385
-6.053418865602351,-0.330978410758755,0.006225078397625622,0.05152203712227443,-1.942890293094024e-14,Jahres,6.230434933807902
-6.053418865602351,-0.330978410758755,0.006225078397625622,0.05152203712227443,-1.942890293094024e-14,beginn jahr+es,6.230434933807902
-5.555157400060392,-0.6397459096071505,-0.002049051609594524,0.05570205510850519,-1.9984014443252818e-14,jahr+es zeig+t,6.816590416291155
-4.263867098928673,-1.440143196780419,-0.019240411028148115,0.06428838236686406,-2.120525977034049e-14,zeig+t aktiv+st+e,8.33578022604515
-7.107401728688353,0.3219085043395129,0.02821201651364738,0.04020210209222666,-1.787459069646502e-14,Inselstaats,4.990672993873869
-7.107401728688353,0.3219085043395129,0.02821201651364738,0.04020210209222666,-1.787459069646502e-14,vulkan insel+staat+s,4.990672993873869
-7.778791537975856,0.7374850797613539,0.04684892430380801,0.030303171987625027,-1.6431300764452317e-14,insel+staat+s erhöh+t+e,4.201117744430448
-8.360242081931219,1.0970167120973016,0.0675648116271923,0.01889844939085233,-1.4765966227514582e-14,03.05.2026,3.51753926015698
-8.360242081931219,1.0970167120973016,0.0675648116271923,0.01889844939085233,-1.4765966227514582e-14,stand 03.05.2026,3.51753926015698
-8.23492076478021,1.0195673947504902,0.06264004599432374,0.02165165601961483,-1.5210055437364645e-14,04:55,3.664849567071248
-8.23492076478021,1.0195673947504902,0.06264004599432374,0.02165165601961483,-1.5210055437364645e-14,03.05.2026 04:55,3.664849567071248
-8.117496421325036,0.9469754525724068,0.05827399289309537,0.024070009093052288,-1.554312234475219e-14,04:55 uhr,3.8028900024162433
-7.997601005766216,0.8728356656673522,0.05404245571016572,0.026394311735095873,-1.587618925213974e-14,uhr auf,3.943846548360928
-6.675629551010815,0.054501939230551244,0.01833243314828814,0.04533108777920815,-1.865174681370263e-14,vulkan de…,5.498520739800831
-7.1900011438097255,0.3730531113431219,0.03026891681888394,0.0391245611951174,-1.7763568394002505e-14,+1190,4.893526332777002
-7.1900011438097255,0.3730531113431219,0.03026891681888394,0.0391245611951174,-1.7763568394002505e-14,de… +1190,4.893526332777002
-7.564555257813479,0.6049158151346332,0.04039007970725314,0.03376948859401366,-1.6986412276764895e-14,+1190 chars,4.453038325241243
-7.912623239980011,0.8202768298296896,0.051171407259200954,0.027960681586184276,-1.609823385706477e-14,2462,4.0437578714501425
-7.740769941269884,0.713960503801446,0.045662820479310376,0.030942726514325412,-1.6542323066914832e-14,2462 meter,4.245825604508112
-7.016438488106362,0.265580608019913,0.026012686053875106,0.041350444013433574,-1.8096635301390052e-14,hoch asche,5.097659028450145
-4.77215798396889,-1.12505638570159,-0.01309342770118814,0.061230545805961156,-2.0761170560490427e-14,asche vulkan+s,7.737765953269621
-6.802826850761445,0.13328736928860696,0.021100944384115902,0.04390130361535322,-1.84297022087776e-14,vulkan+s mayon,5.3489069002359715
-7.3347620639660605,0.46267717363314453,0.03401951980407161,0.03715060236172002,-1.7430501486614958e-14,mayon begräb+t,4.723276138161061
-7.740769941269884,0.713960503801446,0.045662820479310376,0.030942726514325412,-1.6542323066914832e-14,begräb+t dutzend+e,4.245825604508112
-8.269131699698397,1.040712607972489,0.06395621472939003,0.020918517035254477,-1.509903313490213e-14,dorf+er philippinen,3.6246344860492363
-8.023550677081742,0.8888837875214728,0.0549398975642551,0.025902940782505154,-1.587618925213974e-14,philippinen auf,3.913337599963225
-7.107401728688353,0.3219085043395129,0.02821201651364738,0.04020210209222666,-1.787459069646502e-14,philippinen brech+t,4.990672993873869
-7.744513062366053,0.7188933039518202,-0.02734943926865234,-0.0066720360184585326,5.551115123125783e-15,dicke,4.239930031320576
-7.744513062366053,0.7188933039518202,-0.02734943926865234,-0.0066720360184585326,5.551115123125783e-15,stoß+t dick+e,4.239930031320576
-7.664561410871723,0.665288079980876,-0.13354784025824315,-0.05734780953822753,3.6193270602780103e-14,dick+e asche+wolke+n,4.3359575826610985
-8.55150409263844,1.2181623279911282,0.019606256871283673,-0.015264478092193428,3.1086244689504383e-15,dorf+er bereits,3.2910802206377348
-8.508296154357934,1.1917650238230733,0.0029261344449202087,-0.02185111110234002,7.549516567451064e-15,bereits asche,3.3416847778697636
-8.262077048530685,1.0388586735969143,-0.05999903669394303,-0.04298658344264766,2.2426505097428162e-14,bedeck+t erst+e,3.631411925753524
-6.474186845057413,-0.08971073308040856,-0.28299377522160835,-0.09753465297867345,6.816769371198461e-14,Lavaströme,5.745235040675228
-7.982846695349618,0.8589691306856202,-0.1637569007257748,-0.08373912333040419,4.929390229335695e-14,erst+e lavaström+e,3.9633485361328757
-8.142297737972232,0.9652332964373236,-0.010593331447724487,-0.012659654885008382,5.773159728050814e-15,fließen,3.7720829668153515
-8.142297737972232,0.9652332964373236,-0.010593331447724487,-0.012659654885008382,5.773159728050814e-15,lavaström+e fließ+en,3.7720829668153515
-8.07545677731947,0.9227372371044473,0.02671077530277216,0.009248607959091154,-6.5503158452884236e-15,bergab,3.85134086851912
-8.07545677731947,0.9227372371044473,0.02671077530277216,0.009248607959091154,-6.5503158452884236e-15,fließ+en bergab,3.85134086851912
-7.077648938065267,0.30563427603279925,-0.04749688727124228,0.02266914367110249,-2.6645352591003757e-15,seien,5.024401293799976
-8.23492076478021,1.0195673947504902,0.06264004599432374,0.02165165601961483,-1.5210055437364645e-14,insgesamt sei,3.664849567071248
-8.117496421325036,0.9469754525724068,0.05827399289309537,0.024070009093052288,-1.554312234475219e-14,sei seit,3.8028900024162433
-6.675629551010815,0.054501939230551244,0.01833243314828814,0.04533108777920815,-1.865174681370263e-14,vulkan davon,5.498520739800831
-7.265459568415082,0.4197724617724923,0.0322001038438848,0.03810966556562343,-1.765254609153999e-14,davon betreff+en,4.804780357916136
-7.8148282517517,0.7597802173750892,0.04798985339304532,0.029686674134527666,-1.6431300764452317e-14,berichtete,4.158744573334073
-7.8148282517517,0.7597802173750892,0.04798985339304532,0.029686674134527666,-1.6431300764452317e-14,betreff+en bericht+ete,4.158744573334073
-8.198431206981322,0.9970117315913809,0.06125861465454327,0.022419083433050716,-1.532107773982716e-14,Agentu…,3.7077443223067394
-8.198431206981322,0.9970117315913809,0.06125861465454327,0.022419083433050716,-1.532107773982716e-14,bericht+ete agentu…,3.7077443223067394
-8.346124170102616,1.088293132865995,0.06699551458804717,0.01921812003419609,-1.4765966227514582e-14,+820,3.534133554707018
-8.346124170102616,1.088293132865995,0.06699551458804717,0.01921812003419609,-1.4765966227514582e-14,agentu… +820,3.534133554707018
-8.413065622559401,1.129653529243972,0.06972912814906213,0.017679745203669606,-1.454392162258955e-14,+820 char+s,3.455451915105137
-2.560772901970056,-2.510244440854938,-0.27285861929681604,-0.03996486574750477,4.618527782440651e-14,drei wanderer,10.346701297411254
10.466065289024716,-10.59673167086978,-0.33536776272211843,-0.021989195571955358,4.6407322429331543e-14,sterben,25.679171468712433
1.76874360696487,-5.200172471752468,-0.3146253859986454,-0.033334254685185596,4.8405723873656825e-14,wanderer sterb+en,15.443702764722222
21.89334022393233,-17.689455826176776,-0.36110648662807454,-0.02802032402969781,5.10702591327572e-14,sterb+en vulkan+ausbruch,39.128607005867934
-6.78203048332359,0.11589885759247887,-0.1737885658658052,-0.05235185354848769,3.907985046680551e-14,indonesien nan,5.3754345512760615
-6.397557528494577,-0.12350165283789849,-0.18848267986722972,-0.05088446020909708,4.04121180963557e-14,nan bei,5.828318408680291
12.025243435056762,-11.566901723744785,-0.3523961156087554,-0.027766604249974628,5.040412531798211e-14,bei vulkan+ausbruch,27.515509484920845
-3.2162538950000368,-2.0983913308529805,-0.23051571980503605,-0.026217220954423002,3.6193270602780103e-14,mindestens,9.57265842440945
-3.6991675315720762,-1.8024744559951764,-0.25531734140704343,-0.04255691421795879,4.5075054799781356e-14,indonesien mindestens,9.006263076353394
4.2756932648977966,-6.747714703335465,-0.2707901363841019,-0.005069323401793349,3.3084646133829665e-14,mindestens drei,18.389886327541088
-1.2562097455094303,-3.3181201205177406,-0.26937386427048715,-0.028664041931864444,4.1522341120980855e-14,mensch+en um,11.88115044537568
3.920062189149295,-6.523474098059202,-0.2397012610683647,0.0033992905696011537,2.6201263381153694e-14,gekommen,17.96952834306674
3.1235236562956867,-6.030522861821048,-0.24986763951145585,0.0024401521400762363,2.7977620220553945e-14,leben ge+komm+en,17.03277553148423
-4.2848409760466275,-1.4342792341498423,-0.23542178918281018,0.011428296249789437,2.3314683517128287e-14,Opfern,8.314483453650842
-4.2848409760466275,-1.4342792341498423,-0.23542178918281018,0.011428296249789437,2.3314683517128287e-14,bei opfer+n,8.314483453650842
-8.424935558100266,1.1408669182169753,-0.06411452423304384,0.0014180461037714628,6.8833827526759706e-15,handle,3.4392075184439825
-4.405445700252922,-1.3581349558457014,-0.22880662608435595,0.03765312703543572,1.3100631690576847e-14,opfer+n handel+e,8.171852637263804
-4.549742948986481,-1.2685276480187064,-0.21080844944246865,0.1388415382431794,-2.5646151868841116e-14,handel+e wanderer,8.001961359084646
-2.712795597362934,-2.416449881328194,-0.2309601319870488,0.245547533162726,-6.183942247162122e-14,wanderer trotz,10.167956129274828
3.9859357146017587,-6.633716883328017,-0.2522300865745451,0.5534895613837073,-1.7075230118734908e-13,Warnungen,18.08319985026243
-0.5095918984479422,-3.84181638715391,-0.23882497721810989,0.5385570131599178,-1.667554982986985e-13,trotz warnung+en,12.791323120970878
-8.59249585835128,1.242250053343238,-0.029837857709699517,0.09710607227011321,-3.1530333899354446e-14,warnung+en insel,3.243375081467648
-4.343993184580928,-1.3931132793696537,-0.18247540461034534,0.08231318625404381,-8.548717289613705e-15,Halmahera,8.242571184673553
-4.343993184580928,-1.3931132793696537,-0.18247540461034534,0.08231318625404381,-8.548717289613705e-15,insel halmahera,8.242571184673553
-4.464919737200327,-1.3175721655068346,-0.17397894722712856,0.04080753607028158,5.551115123125783e-15,unterwegs,8.10003526653454
-7.5602761938770655,0.6038976432266483,-0.115236379353434,0.06224688439804746,-8.992806499463768e-15,halmahera unterwegs,4.4568911477396425
-8.805422776063688,1.3765964496514917,-0.022663944494354313,0.01661222566492146,-3.3306690738754696e-15,unterwegs di…,2.991685674637665
-8.158468024124405,0.975290795579872,-0.0870737018189923,-0.0030313954243901264,1.1324274851176597e-14,+299,3.7528856771540537
-8.824055462347305,1.3881530849923722,-0.021534216006846803,0.011666351843555979,-1.6653345369377348e-15,di… +299,2.969765712905813
-8.84149464550211,1.3989555031306578,-0.020404705310191194,0.0073047885557123715,-2.220446049250313e-16,+299 chars,2.9492571311661817
-1.6264201236674474,-3.1036334108902603,-0.35507753236180595,-0.07003670796026804,6.661338147750939e-14,Tödliche,11.45335004907373
0.1655371402024226,-4.23959657888606,-0.46403515729759726,-0.10690359407237653,9.259260025373806e-14,tödlich+e eruption,13.57473392195342
5.6512839160269515,-7.613045956123699,-0.34660945115792463,-0.03525256686998224,5.262457136723242e-14,Bergsteiger,20.014852864454916
-1.642217481353967,-3.0843203159381454,-0.30395884313858845,-0.04707217994795883,5.218048215738236e-14,eruption berg+steiger,11.4298299158792
12.025243435056762,-11.566901723744785,-0.3523961156087554,-0.027766604249974628,5.040412531798211e-14,berg+steiger vulkan+ausbruch,27.515509484920845
-1.4982093554472957,-3.170650020051013,-0.2860720555691526,-0.03792264120620857,4.6851411639181606e-14,gestorben,11.597741225606152
-1.4982093554472957,-3.170650020051013,-0.2860720555691526,-0.03792264120620857,4.6851411639181606e-14,indonesien ge+sterb+en,11.597741225606152
-7.8247798137034685,0.7653012707540983,-0.1207862606942518,-0.056502899999859815,3.441691376337985e-14,ge+sterb+en hier,4.147111086468852
-7.58977589484658,0.6138704707887683,-0.18538691366430277,-0.0804301949926647,5.062616992290714e-14,thema tödlich+e,4.426527605100885
-6.930815335265216,0.2085532286716738,-0.16753158992788786,-0.05293522216349786,3.863576125695545e-14,sie berg+steiger,5.200171506615716
16.84915649141439,-14.535169705072079,-0.17514113360245764,0.05349411471065807,2.220446049250313e-16,vulkan+s dukono,33.17973859901009
3.1813709763730724,-6.0636725937883895,-0.22541034982035277,0.01219173547261903,2.1538326677728037e-14,dukono indonesien,17.099448396043282
-6.27661734676688,-0.1920164196550096,-0.10368370253280908,-0.007258678832557968,1.4654943925052066e-14,indonesien angabe+n,5.96734227703816
-6.638320016413341,0.03214763474069127,-0.10163674457572167,-0.0138132898975433,1.687538997430238e-14,örtlichen,5.541818668196283
-6.638320016413341,0.03214763474069127,-0.10163674457572167,-0.0138132898975433,1.687538997430238e-14,angabe+n örtlich+en,5.541818668196283
-1.3212676010280724,-3.2731209438419175,-0.23497629265860273,-0.010111822337057697,3.086420008457935e-14,Polizei,11.802199526404838
-6.863866026763233,0.17192787007021249,-0.09977644949402778,-0.018094899372441162,1.8207657603852567e-14,örtlich+en polizei,5.276477878221128
-7.011810254278062,0.2636163675606298,-0.09823435868538544,-0.02097400873742983,1.887379141862766e-14,polizei mindestens,5.10243071719655
-6.162813798972262,-0.26326480235769134,-0.11951956972184478,-0.01279398159115858,1.84297022087776e-14,gehörten,6.101580770592708
-6.162813798972262,-0.26326480235769134,-0.11951956972184478,-0.01279398159115858,1.84297022087776e-14,sie gehör+ten,6.101580770592708
-6.453080193424765,-0.08339619401965503,-0.11821685668746079,-0.01796022975694708,2.020605904817785e-14,gehör+ten gruppe,5.7601094941849675
-6.5951964367747,0.00467353155753214,-0.11726154370511674,-0.02053730673409346,2.1094237467877974e-14,gruppe etwa,5.5929210693287175
-6.686525560426431,0.061272890295545945,-0.11651686650419227,-0.022206344739787106,2.1538326677728037e-14,Bergsteigern,5.485478576453184
-6.686525560426431,0.061272890295545945,-0.11651686650419227,-0.022206344739787106,2.1538326677728037e-14,etwa berg+steiger+n,5.485478576453184
-7.939675245248357,0.8387647408968704,-0.07876009639672243,-0.03958862911519001,2.353672812205332e-14,sic…,4.010820107614313
-7.939675245248357,0.8387647408968704,-0.07876009639672243,-0.03958862911519001,2.353672812205332e-14,berg+steiger+n sic…,4.010820107614313
-8.891825954426258,1.429073030457883,-0.014362282491936856,-0.05204631178848791,2.042810365310288e-14,+1352,2.890663241359856
-8.891825954426258,1.429073030457883,-0.014362282491936856,-0.05204631178848791,2.042810365310288e-14,sic… +1352,2.890663241359856
-8.907037518941255,1.4384828974428625,-0.013034271793439925,-0.052302095250778655,2.042810365310288e-14,+1352 chars,2.8727792407745056
-3.9680710863906627,-1.6289049938134332,-0.19729888107914081,-0.018327099196178653,2.9531932455029164e-14,Beim,8.686356583810799
-5.670251191485984,-0.5745166289693606,-0.19644272817710795,-0.04105936505775816,3.774758283725532e-14,ge+sterb+en bei,6.684091707484597
2.245398996367298,-5.4791330527163975,-0.1778541798262211,0.030834360376237133,9.325873406851315e-15,ausbruch indonesisch+en,15.996027520929566
13.037063110848788,-12.169048551246766,-0.1362463581669518,0.06964901151355757,-1.0103029524088925e-14,indonesisch+en vulkan+s,28.69310049442652
0.34223265160801475,-4.301198500001444,-0.20359934957761033,0.010753278634259074,1.9539925233402755e-14,geraten,13.757789765250926
-2.469357665918565,-2.5535161147935033,-0.13916883035630032,0.02321392547575848,7.549516567451064e-15,dukono gerat+en,10.447411256128134
-3.4921720415091535,-1.9195311008561222,-0.14125677105608192,0.013174891312686959,1.1546319456101628e-14,gerat+en wanderer,9.244052172686057
-4.411529191360583,-1.3497378629185772,-0.1424295991426624,0.0026337782005574455,1.554312234475219e-14,Not,8.162448716867441
-4.411529191360583,-1.3497378629185772,-0.1424295991426624,0.0026337782005574455,1.554312234475219e-14,wanderer not,8.162448716867441
-0.24658881807765098,-3.9386562330125057,-0.22811354417737836,-0.003642963851252106,2.7755575615628914e-14,Mindestens,13.066274975370758
-5.461085529288751,-0.6989324070948846,-0.13574952887749497,-0.008545324899841344,1.887379141862766e-14,Rettungskräfte,6.927516009964524
-4.570241967586413,-1.2501999545849194,-0.11950642128834094,0.011708469233616018,9.547918011776346e-15,Einsatz,7.975146229898628
-4.570241967586413,-1.2501999545849194,-0.11950642128834094,0.011708469233616018,9.547918011776346e-15,rettung+s+kraft+e einsatz,7.975146229898628
-3.7406010156835707,-1.763738320834777,-0.09013223778393982,0.03524170112344102,-2.4424906541753444e-15,einsatz aktiv+en,8.95090243689506
-4.663773274575022,-1.1971487511204155,-0.18977737847081677,-0.023065084869762473,3.042011087472929e-14,hin+zu+füg+en bei,7.867587474946667
-8.735643163084912,1.3324509019112056,0.007719751017709275,-0.031214968585646558,1.0436096431476471e-14,+1437,3.074345291134076
-8.735643163084912,1.3324509019112056,0.007719751017709275,-0.031214968585646558,1.0436096431476471e-14,einsatz +1437,3.074345291134076
-8.760888200517973,1.3480623246335217,0.008648107498369112,-0.03214999447152313,1.0658141036401503e-14,+1437 chars,3.0446656926290556
-8.929061285970747,1.4520815965428282,0.010493098541838497,-0.04127853701322365,1.3766765505351941e-14,+1309,2.8469333641709578
-8.929061285970747,1.4520815965428282,0.010493098541838497,-0.04127853701322365,1.3766765505351941e-14,sic… +1309,2.8469333641709578
-8.943270194813342,1.4608598711930847,0.011301400822439286,-0.041757531499369824,1.3766765505351941e-14,+1309 chars,2.8302334823550663
-7.613646807416256,0.633817219853837,-0.13353076290823593,-0.055668704308070235,3.574918139293004e-14,indonesien mehrere,4.395812028685129
-5.652230701364415,-0.5872337787615889,-0.2101930685749548,-0.04730066137360152,4.1522341120980855e-14,Vermisste,6.706086249244342
-7.78636359057964,0.7416238472029621,-0.11986414137585147,-0.054690049845386474,3.375077994860476e-14,mehrere vermiss+t+e,4.192238141773247
-7.579093077547729,0.6147011697277773,-0.09968123474531963,-0.03773437688315111,2.531308496145357e-14,vermiss+t+e der,4.43530523812154
-4.5549440291819865,-1.2612112409777727,-0.1481606466528883,-0.0018651096449423255,1.7763568394002505e-14,der dukono,7.993904270431038
-6.526948656786358,-0.03601921732737434,-0.0751258746744631,0.001687279499075895,7.993605777301127e-15,dukono aktiv+er,5.672433513954778
-7.800712634627917,0.7539329749734294,-0.05975271147285113,0.026732416960516123,-2.6645352591003757e-15,halmahera trotz,4.173616436753133
-7.833630917774558,0.7735621511749655,-0.060686574845801894,0.06889320220720489,-1.7763568394002505e-14,amtlicher,4.135264754457842
-7.833630917774558,0.7735621511749655,-0.060686574845801894,0.06889320220720489,-1.7763568394002505e-14,trotz amtlich+er,4.135264754457842
-7.655133740104798,0.6463691296968541,-0.059698999445225116,0.25069618878230915,-8.359979375427429e-14,amtlich+er warnung+en,4.35386842863608
-7.22372614775805,0.3909729989603039,-0.15411401750849285,-0.054102159900144706,3.752553823233029e-14,warnung+en wanderer,4.855129070241646
-8.033179898431424,0.8977929523498052,-0.09191481968156782,0.020927778402778492,3.1086244689504383e-15,anzieht.Nun,3.9001788049644666
-8.033179898431424,0.8977929523498052,-0.09191481968156782,0.020927778402778492,3.1086244689504383e-15,wanderer anzieht.nun,3.9001788049644666
-7.913658719257516,0.8220174078336311,-0.1102508066063432,-0.032088886847427514,2.4424906541753444e-14,anzieht.nun komm,4.041690339796571
-7.549627619723066,0.5939465628426168,-0.13715547600443861,-0.05541249299312878,3.597122599785507e-14,komm tödlich+en,4.471224198341327
-7.117678096995206,0.3249266145091463,-0.15915248715697822,-0.05367742678285607,3.7969627442180354e-14,Unglück,4.980051759685041
-7.117678096995206,0.3249266145091463,-0.15915248715697822,-0.05367742678285607,3.7969627442180354e-14,tödlich+en unglück,4.980051759685041
-5.645637258923555,-0.5871738588695146,-0.1998248683628292,0.026414570202223354,1.3766765505351941e-14,handele,6.711627382858164
-5.393613204751481,-0.741930199492534,-0.09552102519389134,0.1279321262597008,-3.519406988061746e-14,Gebiet,7.007501114887164
-7.326870395055604,0.45519555455338523,-0.11355407331079798,0.15170445406451077,-4.1522341120980855e-14,warnung+en gebiet,4.733561039747754
-7.543513634628047,0.5928822041442734,-0.11159751236296134,0.0892776462193764,-1.9206858326015208e-14,gebiet insel,4.476930413127251
-8.799951751509415,1.3731890712959376,-0.022780587208555955,0.019106457104041467,-4.218847493575595e-15,grö…,2.998129027791482
-8.799951751509415,1.3731890712959376,-0.022780587208555955,0.019106457104041467,-4.218847493575595e-15,halmahera grö…,2.998129027791482
-8.822684408488813,1.3872967979190156,-0.021437517817302014,0.012912928002150664,-2.1094237467877974e-15,+1021,2.9713815061341293
-8.822684408488813,1.3872967979190156,-0.021437517817302014,0.012912928002150664,-2.1094237467877974e-15,grö… +1021,2.9713815061341293
-8.843651840181986,1.4002875263133752,-0.020092508526017017,0.007597670190212586,-4.440892098500626e-16,+1021 chars,2.9467222353248634
-7.361666562829885,0.47688326767455935,-0.14722309425813757,-0.05465678480113753,3.68594044175552e-14,indonesien berg+steiger,4.692637654908473
-3.6824105817455504,-1.8128947058551925,-0.25560705596053157,-0.04251532523701175,4.5075054799781356e-14,berg+steiger sterb+en,9.025995065839378
-0.4626541194171505,-3.7989647271354454,-0.16215507846677063,0.025805123803618758,9.325873406851315e-15,vulkan dukono,12.8091390879724
-7.0771416183644575,0.3032426458836186,-0.11434792439245284,-0.03061100127215498,2.4424906541753444e-14,dukono schleuder+te,5.026000460524706
-7.698333924550594,0.687268996845317,-0.11894582146954409,-0.051220436889582874,3.241851231905457e-14,schleuder+te zehn,4.295695670102598
-7.437246602099817,0.5238656915262165,-0.14431739798137022,-0.055475289092708005,3.68594044175552e-14,Luft,4.603651443263356
-8.218102672810328,1.0073084301871762,-0.13177900445624163,-0.07741864162228576,4.3298697960381105e-14,asche+wolke luft,3.685295986710686
-8.341298884506246,1.0851563808980862,-0.10946199825456221,-0.07166093841264869,3.863576125695545e-14,der region,3.5396094634362183
-8.444184985783728,1.1497733044961216,-0.09322448282035428,-0.06826823315019494,3.552713678800501e-14,region eigentlich,3.4181463506727434
-8.526679915071394,1.201403580371703,-0.08126563359161211,-0.06624467316363812,3.3306690738754696e-14,Sperrgebiet,3.3208495595828373
-8.526679915071394,1.201403580371703,-0.08126563359161211,-0.06624467316363812,3.3306690738754696e-14,eigentlich sperr+gebiet,3.3208495595828373
-8.606797461724522,1.2514309664829422,-0.07023792275857868,-0.06473060364837628,3.1530333899354446e-14,Aber,3.2264164863247435
-8.687556833629097,1.3017672082039415,-0.0594683976182781,-0.06354930900095698,2.9976021664879227e-14,aber berg+steiger,3.1312749089792016
-8.669204232053172,1.2910069762555627,-0.0430553308304854,-0.05404512104466605,2.4424906541753444e-14,berg+steiger wanderer,3.152567910792433
-8.645854374330264,1.2767916051107353,-0.03409337395405833,-0.048135177233070106,2.1316282072803006e-14,halten,3.1799168241548346
-8.645854374330264,1.2767916051107353,-0.03409337395405833,-0.048135177233070106,2.1316282072803006e-14,wanderer halt+en,3.1799168241548346
-8.597606290326828,1.247061540729282,-0.02825296486759718,-0.042560075361122565,1.865174681370263e-14,daran,3.2365962525597034
-8.597606290326828,1.247061540729282,-0.02825296486759718,-0.042560075361122565,1.865174681370263e-14,halt+en daran,3.2365962525597034
-8.374469218747585,1.1090661814839962,-0.020961086368375847,-0.02793622979783959,1.2434497875801753e-14,mensch+en zwei,3.4989596791901514
-8.284090211326037,1.053114065368238,-0.019822085256154046,-0.023331756660324773,1.0658141036401503e-14,Singapur,3.6052552153485804
-8.284090211326037,1.053114065368238,-0.019822085256154046,-0.023331756660324773,1.0658141036401503e-14,zwei singapur,3.6052552153485804
-8.041004452269767,0.902553454311863,-0.018947128929014234,-0.012979770827754224,6.8833827526759706e-15,Einheimischer,3.8911847264634902
-8.041004452269767,0.902553454311863,-0.018947128929014234,-0.012979770827754224,6.8833827526759706e-15,singapur einheimisch+er,3.8911847264634902
-7.417685222756189,0.5162718408802602,-0.022273329269899944,0.006078783880371214,4.440892098500626e-16,einheimisch+er bei,4.6244713375307835
-7.885292034539779,0.8059911338516228,-0.012147164392465243,-0.003757395453560859,2.6645352591003757e-15,indonesien um,4.074414007070863
-8.707590313123918,1.3151086368541272,0.006178716266032544,-0.030468761862115282,1.021405182655144e-14,+2009,3.1073222465784864
-8.707590313123918,1.3151086368541272,0.006178716266032544,-0.030468761862115282,1.021405182655144e-14,berg+steiger+n +2009,3.1073222465784864
-8.73471608467949,1.3318849138948532,0.007140668091987684,-0.03146735866817324,1.0436096431476471e-14,+2009 char+s,3.0754305127833215
-7.549627619723066,0.5939465628426168,-0.13715547600443861,-0.05541249299312878,3.597122599785507e-14,indonesien vermiss+t+e,4.471224198341327
-7.117678096995206,0.3249266145091463,-0.15915248715697822,-0.05367742678285607,3.7969627442180354e-14,vermiss+t+e ge+find+en,4.980051759685041
-6.397557528494577,-0.12350165283789849,-0.18848267986722972,-0.05088446020909708,4.04121180963557e-14,ge+find+en bei,5.828318408680291
-5.7129061614916195,-0.5497048852375062,-0.21043128894172028,-0.048441663319847575,4.196643033083092e-14,indonesien drei,6.634743030581455
-8.636916691416427,1.272037122828502,-0.048121389773832,-0.019494006277342994,1.2656542480726785e-14,unterwegs sei,3.1899713261434
-8.615235954769004,1.2583313647893575,-0.05233956754523153,-0.029502589182896718,1.6653345369377348e-14,sei teil+te,3.2156186833311136
-8.574027847714312,1.2322432035599353,-0.059325066419248514,-0.04386258208916531,2.2648549702353193e-14,teil+te polizei,3.2643848047840014
-6.331759976270538,-0.1568254307080834,-0.06282485002851708,0.01255686152349732,2.6645352591003757e-15,Freitag,5.901998236302186
-8.523209177216131,1.200052982472399,-0.06688051779272469,-0.05711351638047833,2.842170943040401e-14,polizei freitag,3.3245324930081033
-4.930303376321916,-1.0292426533770724,-0.15724429447557411,-0.011113268278291847,2.220446049250313e-14,Toten,7.552641687659955
-8.355042581499564,1.0953775107518988,-0.08210282540372246,-0.05840302679722857,3.064215547965432e-14,zwei tot+en,3.52258645448698
-8.296316147883351,1.058840072003461,-0.08695508477869611,-0.05821647609811517,3.108624468950438e-14,stam…,3.591741582704836
-8.296316147883351,1.058840072003461,-0.08695508477869611,-0.05821647609811517,3.108624468950438e-14,tot+en stam…,3.591741582704836
-8.23023789972798,1.0177212357890435,-0.09222499467381978,-0.05799712223310602,3.175237850427948e-14,stam… kopier+e,3.669558309870068
-8.538146924581005,1.2084164741816137,-0.03438771699146213,0.1017841456585213,-3.275157922644212e-14,+1214,3.307382471273879
-8.538146924581005,1.2084164741816137,-0.03438771699146213,0.1017841456585213,-3.275157922644212e-14,warnung+en +1214,3.307382471273879
-8.595464641762124,1.245223406616716,-0.03353799721930498,0.07590791705721482,-2.353672812205332e-14,+1214 chars,3.2392926822228176
2.0924482613436712,-5.384254662567836,-0.17731258846906126,0.0305161130160355,9.325873406851315e-15,Hunga,15.8160407385924
-7.265459568415082,0.4197724617724923,0.0322001038438848,0.03810966556562343,-1.765254609153999e-14,der hunga,4.804780357916136
-2.3066327591059608,-2.6554347188978205,-0.1576118011997763,0.01575897540331688,1.2434497875801753e-14,Tonga,10.639385671588746
-2.3066327591059608,-2.6554347188978205,-0.1576118011997763,0.01575897540331688,1.2434497875801753e-14,hunga tonga,10.639385671588746
-7.849048999976328,0.7809505895767503,0.049088741478210324,0.02909167437018291,-1.63202784619898e-14,tonga überrasch+t,4.1185073791175695
-8.216976596117682,1.0084756446433014,0.06195785958811692,0.022030894492634928,-1.5210055437364645e-14,Forschung,3.68594342185921
-8.216976596117682,1.0084756446433014,0.06195785958811692,0.022030894492634928,-1.5210055437364645e-14,überrasch+t forschung,3.68594342185921
-8.216976596117682,1.0084756446433014,0.06195785958811692,0.022030894492634928,-1.5210055437364645e-14,forschung erneut,3.68594342185921
-8.072363405811522,0.9190687941320963,0.05665529910948039,0.024961365095505835,-1.5654144647214707e-14,erneut nach,3.8559499414961103
-4.425738079796551,-1.339797267711115,-0.01735905009103518,0.063353638957867,-2.098321516541546e-14,säuberte,8.145334077947094
-7.3347620639660605,0.46267717363314453,0.03401951980407161,0.03715060236172002,-1.7430501486614958e-14,ausbruch säuber+te,4.723276138161061
-4.77215798396889,-1.12505638570159,-0.01309342770118814,0.061230545805961156,-2.0761170560490427e-14,säuber+te vulkan,7.737765953269621
0.14288788317168155,-4.176283940993844,-0.18834371869580765,0.0168226835474546,1.554312234475219e-14,Atmosphäre,13.522569442735612
-7.107401728688353,0.3219085043395129,0.02821201651364738,0.04020210209222666,-1.787459069646502e-14,vulkan atmosphäre,4.990672993873869
-7.88160312791889,0.8010887383585499,0.0501484097980216,0.02851676738099343,-1.6209256159527285e-14,entfernte,4.080230475584151
-7.88160312791889,0.8010887383585499,0.0501484097980216,0.02851676738099343,-1.6209256159527285e-14,atmosphäre entfern+te,4.080230475584151
-8.138825120615206,0.9601624210152799,0.05905015645654327,0.023641607827983725,-1.554312234475219e-14,entfern+te dabei,3.7778157963506116
-8.346124170102616,1.088293132865995,0.06699551458804717,0.01921812003419609,-1.4765966227514582e-14,Teil,3.534133554707018
-8.346124170102616,1.088293132865995,0.06699551458804717,0.01921812003419609,-1.4765966227514582e-14,dabei teil,3.534133554707018
-8.493658365051704,1.17943681777966,0.07313957849718727,0.0157482813627366,-1.432187701766452e-14,Emissionen,3.3607312655448767
-8.493658365051704,1.17943681777966,0.07313957849718727,0.0157482813627366,-1.432187701766452e-14,teil emission+en,3.3607312655448767
-8.605705258548657,1.2486263409477674,0.07811394466149385,0.012906280394638184,-1.3877787807814457e-14,Reaktion,3.22905546466447
-8.605705258548657,1.2486263409477674,0.07811394466149385,0.012906280394638184,-1.3877787807814457e-14,emission+en reaktion,3.22905546466447
-8.3739786541023,1.1055043060397587,0.06812239719468016,0.01858499501268644,-1.4765966227514582e-14,reaktion wissenschaftler,3.501393389332999
-8.09536017225567,0.9332885143630394,0.05747609399968656,0.024509732697224094,-1.5654144647214707e-14,erwartet,3.828913949264684
-8.09536017225567,0.9332885143630394,0.05747609399968656,0.024509732697224094,-1.5654144647214707e-14,wissenschaftler erwart+et,3.828913949264684
-7.107401728688353,0.3219085043395129,0.02821201651364738,0.04020210209222666,-1.787459069646502e-14,heftigsten,4.990672993873869
-4.77215798396889,-1.12505638570159,-0.01309342770118814,0.061230545805961156,-2.0761170560490427e-14,Vulkanausbrüchen,7.737765953269621
-4.77215798396889,-1.12505638570159,-0.01309342770118814,0.061230545805961156,-2.0761170560490427e-14,heftig+st+en vulkan+ausbruch+en,7.737765953269621
-7.6900606492355355,0.6828734591738521,0.03965451517170365,0.029474898872927393,-1.532107773982716e-14,Neuzeit,4.305293847504438
-7.6900606492355355,0.6828734591738521,0.03965451517170365,0.029474898872927393,-1.532107773982716e-14,vulkan+ausbruch+en neuzeit,4.305293847504438
-7.866128016557501,0.793785933904434,0.0028958301456948193,0.004633782693568091,-2.1094237467877974e-15,neuzeit gehör+t,4.097156164975883
-7.790651067575009,0.7422353180738335,-0.1447118021638754,-0.06719339842396514,4.107825191113079e-14,gehör+t eruption,4.188232654477039
-8.273585364354853,1.0465211770889666,-0.006686278979302879,-0.01609770428525641,6.661338147750939e-15,eruption hunga,3.6176777095902266
-8.3775235216363,1.110531099474652,0.01308760316521719,-0.010418174095794933,2.220446049250313e-15,TongaHunga,3.495645552886707
-8.3775235216363,1.110531099474652,0.01308760316521719,-0.010418174095794933,2.220446049250313e-15,hunga tongahunga,3.495645552886707
-8.517510396461866,1.1965315839141617,0.03515292215009737,-0.00543679342335596,-2.220446049250313e-15,Ha'apai,3.3313927952186684
-8.517510396461866,1.1965315839141617,0.03515292215009737,-0.00543679342335596,-2.220446049250313e-15,tongahunga ha'apai,3.3313927952186684
-8.65308561768729,1.2797418996050003,0.0527698678278522,-0.002984782476584024,-5.10702591327572e-15,pazifischen,3.1723529109012913
-8.65308561768729,1.2797418996050003,0.0527698678278522,-0.002984782476584024,-5.10702591327572e-15,ha'apai pazifisch+en,3.1723529109012913
-8.735416917742288,1.3302668813798957,0.06215393682219414,-0.002422505311896691,-6.439293542825908e-15,Tonga-Inselgruppe,3.075773647148446
-8.735416917742288,1.3302668813798957,0.06215393682219414,-0.002422505311896691,-6.439293542825908e-15,pazifisch+en tonga-inselgrupp+e,3.075773647148446
-8.846210899481832,1.3982633034929945,0.07363824696368859,-0.0025956394004775403,-7.66053886991358e-15,tonga-inselgrupp+e jahr,2.945802117165508
-8.868157293378143,1.4117330702354212,0.07578835949569573,-0.002744551173573726,-7.882583474838611e-15,2022,2.9200563757183096
-8.868157293378143,1.4117330702354212,0.07578835949569573,-0.002744551173573726,-7.882583474838611e-15,jahr 2022,2.9200563757183096
-8.89274936872744,1.426826929443532,0.07815646676974805,-0.0029536413944146293,-8.104628079763643e-15,2022 sie,2.891206733233869
-8.908193226144295,1.4363060261938407,0.07962289135628717,-0.0031072559474087866,-8.215650382226158e-15,löste,2.873089023437413
-8.908193226144295,1.4363060261938407,0.07962289135628717,-0.0031072559474087866,-8.215650382226158e-15,sie lös+te,2.873089023437413
-8.930077587285918,1.4497383003861994,0.08167535043501287,-0.003353784267150401,-8.326672684688674e-15,starke,2.8474156389252574
-8.930077587285918,1.4497383003861994,0.08167535043501287,-0.003353784267150401,-8.326672684688674e-15,lös+te stark+e,2.8474156389252574
-8.953864383792872,1.4643383899935019,0.08387471842914529,-0.0036593699558610943,-8.548717289613705e-15,Tsunamis,2.8195103307280984
-8.953864383792872,1.4643383899935019,0.08387471842914529,-0.0036593699558610943,-8.548717289613705e-15,stark+e tsunami+s,2.8195103307280984
-9.00507098290953,1.4957685756029895,0.08851073022217379,-0.004446519523236339,-8.770761894538737e-15,produzierte,2.759437523307791
-9.00507098290953,1.4957685756029895,0.08851073022217379,-0.004446519523236339,-8.770761894538737e-15,tsunami+s produzier+te,2.759437523307791
-9.058236412368915,1.5284004263476738,0.09320434100315467,-0.005444673165412684,-8.992806499463768e-15,+1622,2.6970669580945303
-9.058236412368915,1.5284004263476738,0.09320434100315467,-0.005444673165412684,-8.992806499463768e-15,produzier+te +1622,2.6970669580945303
-9.07178771591874,1.536717698089163,0.09438439760965803,-0.005727821011926031,-8.992806499463768e-15,+1622 char+s,2.6811694783670115
-7.361666562829885,0.47688326767455935,-0.14722309425813757,-0.05465678480113753,3.68594044175552e-14,drei berg+steiger,4.692637654908473
-5.940842944954728,-0.4007939312263864,-0.11976407473474052,-0.008813792510711318,1.709743457922741e-14,mensch+en bei,6.362700168521303
-4.824768614602977,-1.0915662889653865,-0.0933390685751115,0.021125264801429674,3.1086244689504383e-15,dukono um,7.675277646245045
-6.438598827316444,-0.09214086272573052,-0.11393920186518489,-0.015563994778877936,1.887379141862766e-14,sie trotz,5.777031728493606
-6.747256531573344,0.09913011799000593,-0.11189075303277637,-0.021321443698993945,2.0650148258027912e-14,Verbots,5.413923162567591
-6.747256531573344,0.09913011799000593,-0.11189075303277637,-0.021321443698993945,2.0650148258027912e-14,trotz verbot+s,5.413923162567591
-6.630501534503902,0.027188404004362177,-0.10428417591736844,-0.014942850819400607,1.7541523789077473e-14,verbot+s berg,5.551072480019248
-6.505703342041238,-0.04999808036582154,-0.10149144952794759,-0.010866205324056789,1.5765166949677223e-14,berg unterwegs,5.697813681607466
-6.538602834502903,-0.028828353974593046,-0.07663717029940295,0.0006915772346330583,8.659739592076221e-15,dukono gehör+t,5.6587372444903625
-6.8523264127367485,0.1658937186363727,-0.03508227219401206,0.014374431216973063,-1.2212453270876722e-15,gehör+t aktiv+st+en,5.289567539159197
4.112644537958113,-6.633952714609595,-0.08149773481947022,0.08193079526007012,-2.0539125955565396e-14,Vulkanen,18.191670973792203
-4.621144163478926,-1.2176500751187755,-0.050263503513433345,0.04477111590836315,-1.0436096431476471e-14,aktiv+st+en vulkan+en,7.914843505218158
-7.108181486307928,0.32447768537032307,-0.029943878448848674,0.01066358866338024,-4.440892098500626e-16,vulkan+en land+es,4.988564576817623
-7.785267053575566,0.7441139308207738,-0.021940209365576578,-0.005289343747290207,4.440892098500626e-15,08.05.2026,4.192012950843537
-7.785267053575566,0.7441139308207738,-0.021940209365576578,-0.005289343747290207,4.440892098500626e-15,stand 08.05.2026,4.192012950843537
-8.042817908647768,0.9036708695497602,-0.018053776787757138,-0.012591065137479023,6.661338147750939e-15,15:23,3.889056115901173
-8.042817908647768,0.9036708695497602,-0.018053776787757138,-0.012591065137479023,6.661338147750939e-15,08.05.2026 15:23,3.889056115901173
-8.146580272402192,0.9679382859806465,-0.016247125756811732,-0.01574141301765827,7.549516567451064e-15,15:23 uhr,3.767009084849214
-8.220066147102681,1.013447063289455,-0.014854406155473315,-0.018043758399002453,8.215650382226158e-15,uhr mindestens,3.6805773316127777
-8.718172613208626,1.3216028126582517,0.010013194460029351,-0.029038732487332432,9.325873406851315e-15,+1752,3.0949127268203345
-8.718172613208626,1.3216028126582517,0.010013194460029351,-0.029038732487332432,9.325873406851315e-15,gehör+t +1752,3.0949127268203345
-8.744857942242202,1.3381062854677694,0.010936661231342501,-0.030040515773537824,9.547918011776346e-15,+1752 char+s,3.063539004430833
-7.871985360431031,0.7906671926621325,-0.16271379131234942,-0.079036507082731,4.75175454539567e-14,asche+wolke kilo+meter,4.093559365223688
-7.582318956510914,0.614306567224546,-0.1353176183204023,-0.055543451089443474,3.574918139293004e-14,hoch deutsch+e,4.432714972736922
-5.9461683986776785,-0.4045130084919104,-0.2034748328836446,-0.04924802600088404,4.1522341120980855e-14,deutsch+e tourist+en,6.360000049035852
-6.507436421910595,-0.05508738287463233,-0.18448288257079504,-0.05129736440632661,3.9968028886505635e-14,tourist+en gerat+en,5.698890137110313
-3.6824105817455504,-1.8128947058551925,-0.25560705596053157,-0.04251532523701175,4.5075054799781356e-14,gerat+en vulkan+ausbruch,9.025995065839378
-6.859255803688668,0.16398957327937058,-0.17058440891363758,-0.052653699479934646,3.885780586188048e-14,Trotz,5.284466230688716
-6.859255803688668,0.16398957327937058,-0.17058440891363758,-0.052653699479934646,3.885780586188048e-14,vulkan+ausbruch trotz,5.284466230688716
-4.103007773788788,-1.5397662347820842,-0.11760526834483434,0.01812023937675869,7.105427357601002e-15,Sperrung,8.52483185908483
-7.22372614775805,0.3909729989603039,-0.15411401750849285,-0.054102159900144706,3.752553823233029e-14,trotz sperrung,4.855129070241646
-7.498699903353915,0.562774651899566,-0.13322553053625136,-0.05187827959906635,3.419486915845482e-14,sperrung steig+t,4.530938536584133
-7.048126577766098,0.2859005641755097,-0.10263845345408791,-0.02407746160189288,2.0650148258027912e-14,steig+t gruppe,5.059816679588607
-4.481066614164062,-1.3050047710613728,-0.1065280769017118,0.019069186006307352,5.329070518200751e-15,Dann,8.07983519081582
-6.545963982401762,-0.025508882617700568,-0.11135367832407121,-0.01656999006789198,1.887379141862766e-14,dann schieß+t,5.650676720671186
-7.818498533239765,0.7642515002296131,-0.06540541045578108,-0.02848924366402095,1.7985612998927536e-14,schieß+t riesig+e,4.153090316118007
-4.22974752575346,-1.4665768605945924,-0.19528971186636407,-0.020345101243055223,2.9976021664879227e-14,+++Geisel-Drama,8.37842587140749
-4.776386377606245,-1.127658025677165,-0.19250353525619712,-0.025831793564282116,3.175237850427948e-14,Sinzig,7.735256804324413
-4.776386377606245,-1.127658025677165,-0.19250353525619712,-0.025831793564282116,3.175237850427948e-14,+++geisel-drama sinzig,7.735256804324413
-4.9606686968486144,-1.0133739795837036,-0.19113161751602797,-0.02768476134976269,3.219646771412954e-14,sinzig polizei,7.518418360438069
-6.233423157240015,-0.2223534341707154,-0.16025680657496816,-0.03394270150409556,3.086420008457935e-14,beschreibt,6.019947974789123
-6.233423157240015,-0.2223534341707154,-0.16025680657496816,-0.03394270150409556,3.086420008457935e-14,polizei beschreib+t,6.019947974789123
-6.388105069040223,-0.1263795668757859,-0.15772403500942833,-0.03584128084295109,3.1308289294429414e-14,Täter,5.837917557950486
-6.388105069040223,-0.1263795668757859,-0.15772403500942833,-0.03584128084295109,3.1308289294429414e-14,beschreib+t täter,5.837917557950486
-5.540588714160345,-0.6520369728828785,-0.16795134510213194,-0.025303287284653784,2.864375403532904e-14,täter +++geisel-drama,6.835184558036006
-9.053186957562023,1.5288321238364508,0.0002782869481752631,-0.0549498237209788,1.9761969838327786e-14,besch…,2.7009857705351394
-9.053186957562023,1.5288321238364508,0.0002782869481752631,-0.0549498237209788,1.9761969838327786e-14,polizei besch…,2.7009857705351394
-9.065265219047735,1.5362940357005657,0.0016132607648020464,-0.055085693225253585,1.9761969838327786e-14,+328,2.686791149997674
-9.065265219047735,1.5362940357005657,0.0016132607648020464,-0.055085693225253585,1.9761969838327786e-14,besch… +328,2.686791149997674
-9.07256100599248,1.5408008221948672,0.0024295448517735047,-0.05516570858739235,1.9539925233402755e-14,+328 chars,2.6782172873591987
-5.602674727708048,-0.6183114457036858,-0.21355457226517166,-0.048070059928208744,4.218847493575595e-14,entkommen,6.76457397423175
-7.727065156143575,0.7044509498508549,-0.12684218892627752,-0.056119438554627546,3.5083047578154947e-14,deutsch+e entkomm+en,4.26221127380205
-7.22372614775805,0.3909729989603039,-0.15411401750849285,-0.054102159900144706,3.752553823233029e-14,entkomm+en wanderer,4.855129070241646
-4.264235531035534,-1.4510497029739295,-0.2448833925220006,-0.04402550708848839,4.440892098500626e-14,vulkan+ausbruch drei,8.340853203550287
-3.1794576159002936,-2.1256251368836767,-0.26383584005295413,-0.041316513571020785,4.551914400963142e-14,Tote,9.618228233819513
-0.16015498093210745,-3.9973291293655344,-0.2685113923679848,-0.02167464767247856,3.885780586188048e-14,drei tot+e,13.170586614370572
1.76874360696487,-5.200172471752468,-0.3146253859986454,-0.033334254685185596,4.8405723873656825e-14,tot+e vulkan+ausbruch,15.443702764722222
-7.059506432471023,0.2886981302309435,-0.1618268032367759,-0.05344540360988227,3.8191672047105385e-14,vulkan+ausbruch dukono,5.048576766206064
-7.22372614775805,0.3909729989603039,-0.15411401750849285,-0.054102159900144706,3.752553823233029e-14,indonesien wanderer,4.855129070241646
-8.11346172092424,0.9450385966877346,-0.10108131833864917,-0.0575890736665398,3.26405569239796e-14,Verbot,3.8070883774558153
-8.11346172092424,0.9450385966877346,-0.10108131833864917,-0.0575890736665398,3.26405569239796e-14,trotz verbot,3.8070883774558153
-8.241827268982275,1.0249335246257665,-0.09131474796377805,-0.05803625820196305,3.1530333899354446e-14,verbot krater,3.6559098475290868
-8.373215171565295,1.1066824363111343,-0.08056770791337678,-0.058458975019133635,3.042011087472929e-14,deutsche,3.501187557914299
-6.524069663441223,-0.03923656464861969,-0.11462747433298598,-0.01770510848374469,1.9761969838327786e-14,zwei deutsch+e,5.67651282759862
-8.518754415885086,1.1971921347715888,-0.06765806462147961,-0.058871304028856,2.90878432451791e-14,tourist+en entkomm+en,3.329825805636587
-8.586000625676391,1.2389917101081571,-0.06129465435276461,-0.059036467129055026,2.842170943040401e-14,entkomm+en mehrere,3.250659794592285
-8.579835043135496,1.2353708324548767,-0.056467379821203006,-0.056229213365713834,2.6867397195928788e-14,mehrere verletz+t,3.2578152909899254
-8.334403423679786,1.084128888779815,-0.037553192865725414,-0.03467574195350194,1.687538997430238e-14,weiterlesenJakarta,3.5461246653424623
-8.334403423679786,1.084128888779815,-0.037553192865725414,-0.03467574195350194,1.687538997430238e-14,überspringenartikel weiterlesenjakarta,3.5461246653424623
-8.099366824072263,0.9387044056493581,-0.03223584078587972,-0.022058630745445767,1.176836406102666e-14,weiterlesenjakarta indonesien,3.822513778990025
-7.870291399294247,0.7968301442624841,-0.030564822440693674,-0.01263456374009991,7.993605777301127e-15,indonesien eigentlich,4.091960903407894
-7.101007705640977,0.3200572367615835,-0.03269739697049071,0.009461465977320567,2.220446049250313e-16,Aufstieg,4.9969863968315025
-7.101007705640977,0.3200572367615835,-0.03269739697049071,0.009461465977320567,2.220446049250313e-16,eigentlich aufstieg,4.9969863968315025
-4.623161877779628,-1.2164055444171882,-0.04977549257172009,0.044985834574509706,-1.0547118733938987e-14,aufstieg vulkan,7.912473650966867
-7.179364598684222,0.36859463498854517,-0.028446607839847517,0.009560056234001755,-2.220446049250313e-16,dukono seit,4.904822722001855
-7.457161587548676,0.5407808007863277,-0.025313226506768177,0.003382651763158478,1.7763568394002505e-15,Mitte,4.578001618442642
-7.457161587548676,0.5407808007863277,-0.025313226506768177,0.003382651763158478,1.7763568394002505e-15,seit mitte,4.578001618442642
-7.69370406217871,0.6873711680114072,-0.02236040549315904,-0.0024557129626844865,3.552713678800501e-15,mitte april,4.29972959291312
-7.868725369432511,0.7958160582469045,-0.019931446609819922,-0.0071530343699997105,4.884981308350689e-15,verboten,4.093842982244785
-7.868725369432511,0.7958160582469045,-0.019931446609819922,-0.0071530343699997105,4.884981308350689e-15,april verbiet+en,4.093842982244785
-8.115827403760017,0.9488858518911929,-0.01596535522512678,-0.014366060233355387,7.105427357601002e-15,gefährlich,3.803185028776878
-8.115827403760017,0.9488858518911929,-0.01596535522512678,-0.014366060233355387,7.105427357601002e-15,verbiet+en gefährlich,3.803185028776878
-8.28604531129267,1.0542966658970265,-0.012679992806572914,-0.01973179592058878,8.659739592076221e-15,Trotzdem,3.6029817218536033
-7.415806948864352,0.5151582196191073,-0.05006563234947169,-0.007905933615904349,8.659739592076221e-15,machten,4.626610483810454
-8.384210116870099,1.1150721954548393,-0.010486906395452793,-0.022963354803461625,9.547918011776346e-15,trotzdem mach+ten,3.4875328733969435
-8.497299575133571,1.1850716654660733,-0.007597352937963958,-0.026793016806717484,1.0436096431476471e-14,mach+ten rund,3.3545408597579556
-8.554811125851627,1.2206622658194877,-0.005943635529671726,-0.028776103910024563,1.1102230246251565e-14,rund wanderer,3.28691225173324
-8.65570575643057,1.283085921891489,-0.0026695946587752817,-0.03229317673839356,1.199040866595169e-14,We…,3.1682771478600293
-8.65570575643057,1.283085921891489,-0.0026695946587752817,-0.03229317673839356,1.199040866595169e-14,wanderer we…,3.1682771478600293
-8.681104784880617,1.298797162371906,-0.001758744138908197,-0.03318270646403777,1.2212453270876722e-14,+1748,3.1384140090602552
-8.681104784880617,1.298797162371906,-0.001758744138908197,-0.03318270646403777,1.2212453270876722e-14,we… +1748,3.1384140090602552
-8.709525393873454,1.316375817902382,-0.0006928466525902011,-0.034178367642914,1.2434497875801753e-14,+1748 char+s,3.1049991864242377
-7.613646807416256,0.633817219853837,-0.13353076290823593,-0.055668704308070235,3.574918139293004e-14,indonesien deutsche,4.395812028685129
-6.392410173201185,-0.12342848070222523,-0.15542168009057797,-0.03294198259086817,2.9976021664879227e-14,Überlebenden,5.832706044281327
-7.784132199766649,0.7414298091913305,-0.10158069458723815,-0.04548002266819527,2.8199664825478976e-14,deutsche überleb+end+en,4.194265795816744
-7.445377868387125,0.5327031489159109,-0.08276507853610503,-0.02517948323258701,1.865174681370263e-14,überleb+end+en nach,4.5921818192750985
-5.797172421789312,-0.4897568879552061,-0.11868579663872902,-0.005776643396377058,1.5765166949677223e-14,indonesien werd+en,6.531683865932728
-6.117866316529203,-0.2910308834056865,-0.11800355563845219,-0.0112022477260111,1.7763568394002505e-14,werd+en drei,6.154414521253336
-6.30216387292133,-0.17682735620095036,-0.11732914184536064,-0.014443490604560221,1.887379141862766e-14,tote,5.937605170316478
-6.459756649966776,-0.07917085457028117,-0.11653919274355395,-0.017279009576498975,1.9761969838327786e-14,Bergwanderer,5.752211443193659
-6.459756649966776,-0.07917085457028117,-0.11653919274355395,-0.017279009576498975,1.9761969838327786e-14,tot+e berg+wanderer,5.752211443193659
-6.736783767018272,0.09323441123722054,-0.11193434383984203,0.0006443050826846174,1.2878587085651816e-14,geborgen,5.425915338027896
-6.736783767018272,0.09323441123722054,-0.11193434383984203,0.0006443050826846174,1.2878587085651816e-14,berg+wanderer ge+borg+en,5.425915338027896
-6.891130869021422,0.18854839391195055,-0.11739887518637467,0.08053791993290153,-1.5432100042289676e-14,mehr tourist+en,5.244445036862079
-6.701689746089931,0.06090873600034952,-0.13221301252615075,0.2229025881912534,-6.505906924303417e-14,tourist+en trotz,5.4725821421620555
-6.90459703082502,0.1931426687422353,-0.1837787074791108,0.1340677233702019,-2.6978419498391304e-14,Kraterrand,5.230413847566204
-6.90459703082502,0.1931426687422353,-0.1837787074791108,0.1340677233702019,-2.6978419498391304e-14,warnung+en krater+rand,5.230413847566204
-6.343493455298737,-0.1841627064798108,-0.3986588531151616,-0.06437810423375002,6.972200594645983e-14,krater+rand asche+wolke,5.9058353479459065
-4.090343811371203,-1.5491332856712838,-0.15705397492955864,0.026955908126578873,8.43769498715119e-15,aufstieg,8.540448475253212
-6.853937588311699,0.15898495433173698,-0.21607015153125603,-0.023053094538990394,3.352873534367973e-14,asche+wolke aufstieg,5.291514894509206
-7.214066270254353,0.38654194398709674,-0.16534273386237391,-0.008693522920517987,2.2426505097428162e-14,Unter,4.865620725490746
-8.351624568984487,1.0946332193602735,-0.05010845206205574,-0.03863921633594143,1.9761969838327786e-14,unter überleb+end+en,3.5259317475513012
-8.276029845704189,1.0481200995376176,-0.024092709567972506,-0.02518285825442684,1.176836406102666e-14,befinden,3.6147302713053566
-8.276029845704189,1.0481200995376176,-0.024092709567972506,-0.02518285825442684,1.176836406102666e-14,überleb+end+en befind+en,3.6147302713053566
-8.012543102279327,0.8848788882750176,-0.014284978457135625,-0.009507031223591329,5.10702591327572e-15,befind+en zwei,3.9246940653320057
-8.732642797042155,1.3315007936268348,-0.05444926048574776,-0.012399614431095319,1.0880185641326534e-14,Überleben…,3.077262775680528
-8.732642797042155,1.3315007936268348,-0.05444926048574776,-0.012399614431095319,1.0880185641326534e-14,unter überleben…,3.077262775680528
-8.79776613065085,1.3718497076373513,-0.03811360167127262,-0.014570115879171366,9.769962616701378e-15,+96,3.0006860687798027
-8.79776613065085,1.3718497076373513,-0.03811360167127262,-0.014570115879171366,9.769962616701378e-15,überleben… +96,3.0006860687798027
-8.816049278866409,1.3831539153526797,-0.03395920350740397,-0.015415208772929807,9.547918011776346e-15,+96 char+s,2.979199195488262
-8.908020479298816,1.435140521526751,0.09310013865047104,0.004157857093692693,-1.2434497875801753e-14,Feuriges,2.8738709961131224
-8.87263836220102,1.4133261681613496,0.09121397408749352,0.005274842111438659,-1.2545520178264269e-14,Dornröschen,2.9154326941594944
-8.87263836220102,1.4133261681613496,0.09121397408749352,0.005274842111438659,-1.2545520178264269e-14,feurig+es dornröschen,2.9154326941594944
-8.814216361093706,1.3772975627136679,0.08818134835437688,0.007060988434104031,-1.2878587085651816e-14,Schlummert,2.98406336862753
-8.814216361093706,1.3772975627136679,0.08818134835437688,0.007060988434104031,-1.2878587085651816e-14,dornröschen schlummer+t,2.98406336862753
-7.465727322460639,0.54374770000137,0.037584092961962176,0.03526323260471667,-1.7208456881689926e-14,Toskana,4.56925765719269
-8.694621603286896,1.303510933512818,0.0822703265962095,0.010508450410300746,-1.3433698597964394e-14,schlummer+t toskana,3.1245742689576566
-8.605705258548657,1.2486263409477674,0.07811394466149385,0.012906280394638184,-1.3877787807814457e-14,toskana supervulka+n,3.22905546466447
-8.360242081931219,1.0970167120973016,0.0675648116271923,0.01889844939085233,-1.4765966227514582e-14,premium 100.000,3.51753926015698
-7.942227544975561,0.8385881080085045,0.052160044344289516,0.027422262626314038,-1.609823385706477e-14,garantieren,4.008950511104029
-7.942227544975561,0.8385881080085045,0.052160044344289516,0.027422262626314038,-1.609823385706477e-14,schlaf garantier+en,4.008950511104029
-4.77215798396889,-1.12505638570159,-0.01309342770118814,0.061230545805961156,-2.0761170560490427e-14,garantier+en vulkan,7.737765953269621
-6.675629551010815,0.054501939230551244,0.01833243314828814,0.04533108777920815,-1.865174681370263e-14,vulkan erlösch+en,5.498520739800831
-7.740769941269884,0.713960503801446,0.045662820479310376,0.030942726514325412,-1.6542323066914832e-14,Dazu,4.245825604508112
-7.912623239980011,0.8202768298296896,0.051171407259200954,0.027960681586184276,-1.609823385706477e-14,kommen,4.0437578714501425
-7.912623239980011,0.8202768298296896,0.051171407259200954,0.027960681586184276,-1.609823385706477e-14,dazu komm+en,4.0437578714501425
-8.09536017225567,0.9332885143630394,0.05747609399968656,0.024509732697224094,-1.5654144647214707e-14,Supervulkane,3.828913949264684
-8.09536017225567,0.9332885143630394,0.05747609399968656,0.024509732697224094,-1.5654144647214707e-14,komm+en supervulkan+e,3.828913949264684
-8.524384261285878,1.1984130463717724,0.074475864296487,0.01498774474348697,-1.4210854715202004e-14,explodiert,3.3246211015332787
-8.524384261285878,1.1984130463717724,0.074475864296487,0.01498774474348697,-1.4210854715202004e-14,supervulkan+e explodier+t,3.3246211015332787
-8.667045947370397,1.2864917578104655,0.0809605152900304,0.011266395252022878,-1.354472090042691e-14,Zählt,3.1569758472171086
-8.58888454522901,1.23824132814812,0.07734902846013256,0.013345246182137773,-1.3877787807814457e-14,zähl+t toskana,3.2488218853432245
-8.387350934241326,1.1137664712816888,0.0686687071735553,0.01827753263061028,-1.4654943925052066e-14,10.000,3.4856758917671686
-8.387350934241326,1.1137664712816888,0.0686687071735553,0.01827753263061028,-1.4654943925052066e-14,nach 10.000,3.4856758917671686
-8.285455890211207,1.05080163717803,0.06459156604726088,0.020563918216668222,-1.4988010832439613e-14,10.000 jahr+en,3.6054457168722367
-8.159394758363701,0.9728794562778147,0.05980566037853918,0.023223984664554942,-1.5432100042289676e-14,Inaktivität,3.753634295891563
-8.159394758363701,0.9728794562778147,0.05980566037853918,0.023223984664554942,-1.5432100042289676e-14,jahr+en inaktivität,3.753634295891563
-7.849048999976328,0.7809505895767503,0.049088741478210324,0.02909167437018291,-1.63202784619898e-14,erwachte,4.1185073791175695
-7.849048999976328,0.7809505895767503,0.049088741478210324,0.02909167437018291,-1.63202784619898e-14,inaktivität erwach+te,4.1185073791175695
-7.1900011438097255,0.3730531113431219,0.03026891681888394,0.0391245611951174,-1.7763568394002505e-14,äthiopische,4.893526332777002
-7.1900011438097255,0.3730531113431219,0.03026891681888394,0.0391245611951174,-1.7763568394002505e-14,erwach+te äthiopisch+e,4.893526332777002
-4.77215798396889,-1.12505638570159,-0.01309342770118814,0.061230545805961156,-2.0761170560490427e-14,äthiopisch+e vulkan,7.737765953269621
-7.612735217910432,0.6347331739459592,0.04179636192709178,0.03301813689702949,-1.687538997430238e-14,gubbi 2025,4.396381456014982
-7.8148282517517,0.7597802173750892,0.04798985339304532,0.029686674134527666,-1.6431300764452317e-14,völlig,4.158744573334073
-7.8148282517517,0.7597802173750892,0.04798985339304532,0.029686674134527666,-1.6431300764452317e-14,2025 völlig,4.158744573334073
-8.023550677081742,0.8888837875214728,0.0549398975642551,0.025902940782505154,-1.587618925213974e-14,völlig überrasch+end,3.913337599963225
-8.330661650045164,1.0793047938807585,0.058474157354680284,0.015406084586537128,-1.2434497875801753e-14,stieß,3.551997643560493
-8.385777897372535,1.1141756159134983,0.047924101956992635,0.007425834975583103,-8.326672684688674e-15,stoß dabei,3.4867646609109366
-8.451215836779536,1.1559443685225768,0.021738547769580258,-0.009299517393118805,8.881784197001252e-16,dabei fast,3.4091003265575868
-8.76641665098616,1.3512239631974337,0.022003297192533938,-0.025428495172846868,6.661338147750939e-15,asche+wolke indien,3.0383222157171037
-8.85860573718807,1.4075783533716268,0.04428712470188431,-0.01899812651297055,1.5543122344752192e-15,Ausfälle,2.9303139295214837
-8.85860573718807,1.4075783533716268,0.04428712470188431,-0.01899812651297055,1.5543122344752192e-15,indien ausfall+e,2.9303139295214837
-8.911833462314693,1.440063016746703,0.055174309100050056,-0.016433665229862757,-5.551115123125783e-16,+6524,2.8679774762441834
-8.911833462314693,1.440063016746703,0.055174309100050056,-0.016433665229862757,-5.551115123125783e-16,ausfall+e +6524,2.8679774762441834
-8.935086416640559,1.4542507034098393,0.05954457372574298,-0.01554557254242295,-1.3322676295501878e-15,+6524 chars,2.840746559413942
-8.562703269963738,1.2245119747753952,-0.06352959063758161,-0.05898131296580861,2.864375403532904e-14,Plus,3.2780858120194534
-6.2187628572361975,-0.23481745215325978,-0.19468382721928273,-0.05022451501656412,4.085620730620576e-14,Guide,6.038920306640632
-8.518754415885086,1.1971921347715888,-0.06765806462147961,-0.058871304028856,2.90878432451791e-14,plus guide,3.329825805636587
-8.470139188396898,1.1669648202470717,-0.07209659979593437,-0.05874124237230369,2.9531932455029164e-14,guide anno,3.3870632015752244
-8.264290538767074,1.0389122443801126,-0.08953361321131248,-0.05811132961572611,3.1530333899354446e-14,romana kein,3.629455861811744
-8.206299775820154,1.0028234328617176,-0.0940867380627134,-0.05791545161419734,3.197442310920451e-14,zweites,3.6977499154503635
-8.206299775820154,1.0028234328617176,-0.0940867380627134,-0.05791545161419734,3.197442310920451e-14,kein zweit+es,3.6977499154503635
-8.098889945646807,0.9359677824675798,-0.10214782928649602,-0.05753659202491318,3.26405569239796e-14,zweit+es pompeji,3.8242506068237736
-7.910143180584364,0.8184561306721871,-0.11525572418603752,-0.05683266800165261,3.397282455352979e-14,pompeji dlc,4.046562254804404
-7.442280871078781,0.5270906083419438,-0.1430059221817334,-0.054981230437521386,3.6415315207705135e-14,mit guide,4.597675672372778
-7.172300962243576,0.35894539421019855,-0.1565842568605803,-0.05389594943767484,3.774758283725532e-14,übersteht,4.915707045041602
-7.172300962243576,0.35894539421019855,-0.1565842568605803,-0.05389594943767484,3.774758283725532e-14,guide übersteh+t,4.915707045041602
-3.6824105817455504,-1.8128947058551925,-0.25560705596053157,-0.04251532523701175,4.5075054799781356e-14,übersteh+t vulkan+ausbruch,9.025995065839378
-7.059506432471023,0.2886981302309435,-0.1618268032367759,-0.05344540360988227,3.8191672047105385e-14,Gegensatz,5.048576766206064
-7.059506432471023,0.2886981302309435,-0.1618268032367759,-0.05344540360988227,3.8191672047105385e-14,vulkan+ausbruch gegensatz,5.048576766206064
-7.561468619079937,0.6016637906146189,-0.13221690622692706,-0.053344125901590836,3.4638958368304884e-14,früheren,4.457102127115401
-7.561468619079937,0.6016637906146189,-0.13221690622692706,-0.053344125901590836,3.4638958368304884e-14,gegensatz früh+er+en,4.457102127115401
-7.2963476672492344,0.4392343463547297,-0.10886454213828095,-0.03384195782609625,2.4868995751603507e-14,Anno-Teilen,4.768050607574613
-7.2963476672492344,0.4392343463547297,-0.10886454213828095,-0.03384195782609625,2.4868995751603507e-14,früh+er+en anno+-+teil+en,4.768050607574613
-4.4938924318340625,-1.296512082324377,-0.08058871661527528,0.031499209789217684,-2.1094237467877974e-15,Vulkanmechanik,8.06450089981348
-4.4938924318340625,-1.296512082324377,-0.08058871661527528,0.031499209789217684,-2.1094237467877974e-15,anno+-+teil+en vulkan+mechanik,8.06450089981348
-7.298860489374773,0.44235308984494326,-0.07053759860953772,-0.014833157150414927,1.354472090042691e-14,vulkan+mechanik 117,4.7643324574977
-7.687169943872833,0.6829383072220603,-0.0659351722114907,-0.02430690837388395,1.6431300764452317e-14,komplexer,4.307549736130014
-7.687169943872833,0.6829383072220603,-0.0659351722114907,-0.02430690837388395,1.6431300764452317e-14,117 komplex+er,4.307549736130014
-8.10998568698977,0.9448732497108701,-0.056921438058595855,-0.03508099045383227,1.9317880628477724e-14,Inselreich,3.8101995214139297
-8.10998568698977,0.9448732497108701,-0.056921438058595855,-0.03508099045383227,1.9317880628477724e-14,wie insel+reich,3.8101995214139297
-8.001292281229587,0.8778149214533539,-0.04720685588494543,-0.025905205531653725,1.4876988529977098e-14,insel+reich pompeji,3.937926175093911
-7.840567109592513,0.7783368903725498,-0.04436832888893853,-0.018609037435697803,1.176836406102666e-14,2.0,4.1269458806295996
-7.840567109592513,0.7783368903725498,-0.04436832888893853,-0.018609037435697803,1.176836406102666e-14,pompeji 2.0,4.1269458806295996
-7.542553941391836,0.5937484690358246,-0.04210103958692872,-0.0076846308000517,7.549516567451064e-15,2.0 erklär+en,4.477491105256765
-5.988274277551936,-0.3697967708419836,-0.04698264658284533,0.026100993762001427,-3.9968028886505635e-15,erklär+en der,6.30617107556061
-6.841172280274127,0.15901011388959718,-0.03911441271940637,0.012614547540096558,0.0,vulkan anno,5.302668111579102
-7.604190865288748,0.6319527319101965,-0.03161570980575406,-0.004291806829861446,5.10702591327572e-15,Fluch,4.404992438521488
-7.604190865288748,0.6319527319101965,-0.03161570980575406,-0.004291806829861446,5.10702591327572e-15,117 fluch,4.404992438521488
-7.899628586336544,0.8150032726289278,-0.02777986422718625,-0.012259674153443725,7.549516567451064e-15,Segen,4.0574562013660875
-7.899628586336544,0.8150032726289278,-0.02777986422718625,-0.012259674153443725,7.549516567451064e-15,fluch segen,4.0574562013660875
-7.8548192371502035,0.7872383402422392,-0.026425208874067248,-0.00997855993792959,6.661338147750939e-15,Klar,4.110171157360853
-7.496086436543382,0.5649289217238471,-0.027450313827146015,0.0011410305806343612,2.6645352591003757e-15,klar anno,4.532192202559027
-4.629634398342917,-1.2124145731463876,-0.04820848563621637,0.04567554387881058,-1.099120794378905e-14,Vulkan-DLC,7.904872203157348
-4.629634398342917,-1.2124145731463876,-0.04820848563621637,0.04567554387881058,-1.099120794378905e-14,117 vulkan-dlc,7.904872203157348
-6.958776237098911,0.23182062725191255,-0.02843637850897516,0.015165981531472448,-2.220446049250313e-15,auskommt,5.164368601006892
-6.958776237098911,0.23182062725191255,-0.02843637850897516,0.015165981531472448,-2.220446049250313e-15,vulkan-dlc aus+komm+t,5.164368601006892
-7.821456563398388,0.7665031196664298,-0.017945908962093415,-0.004489797507763581,3.774758283725532e-15,der schon,4.1494648911573115
-7.968921436640866,0.8578640758714813,-0.015710104881341322,-0.008609734773253278,4.884981308350689e-15,schon wegen,3.975999928613204
-8.153821078243508,0.9723934080007082,-0.01255742295694584,-0.014135311284818246,6.439293542825908e-15,historischen,3.758513558323036
-8.153821078243508,0.9723934080007082,-0.01255742295694584,-0.014135311284818246,6.439293542825908e-15,wegen historisch+en,3.758513558323036
-8.32623795922891,1.0791604993530435,-0.009114690851823135,-0.019648229347621265,8.215650382226158e-15,Pompeji-Steilvorlage,3.5557270731814437
-8.32623795922891,1.0791604993530435,-0.009114690851823135,-0.019648229347621265,8.215650382226158e-15,historisch+en pompeji-steilvorlag+e,3.5557270731814437
-8.517169676836918,1.1973486891464953,-0.004439957005659995,-0.026122214087095797,9.992007221626409e-15,logisch,3.3311896414985744
-8.517169676836918,1.1973486891464953,-0.004439957005659995,-0.026122214087095797,9.992007221626409e-15,pompeji-steilvorlag+e logisch,3.3311896414985744
-8.638519975237065,1.2724348300324297,-0.0007767247389013215,-0.030391516600438654,1.1102230246251565e-14,Tradition,3.1884981691731955
-8.638519975237065,1.2724348300324297,-0.0007767247389013215,-0.030391516600438654,1.1102230246251565e-14,logisch tradition,3.1884981691731955
-8.709077923920676,1.3160794471023194,0.001689243928917672,-0.032905271221061766,1.176836406102666e-14,Aufbauseri…,3.1055393812563525
-8.709077923920676,1.3160794471023194,0.001689243928917672,-0.032905271221061766,1.176836406102666e-14,tradition aufbauseri…,3.1055393812563525
-8.764559473215451,1.3503902361899587,0.003840560637646484,-0.03488632192434113,1.2212453270876722e-14,+1570,3.040311415296818
-8.764559473215451,1.3503902361899587,0.003840560637646484,-0.03488632192434113,1.2212453270876722e-14,aufbauseri… +1570,3.040311415296818
-8.787566426092978,1.36461583705544,0.004794554492125444,-0.03570666857340603,1.2212453270876722e-14,+1570 char+s,3.013264179882537
-4.619176975946582,-1.2198855152786892,-0.01501900634554739,0.06218964261695856,-2.0872192862952943e-14,vulkan hawaii,7.917749388743622
-5.465901530001508,-0.6950624402034786,-0.003419509728477141,0.05639096526747267,-2.0095036745715333e-14,wütet,6.921594347693977
-5.465901530001508,-0.6950624402034786,-0.003419509728477141,0.05639096526747267,-2.0095036745715333e-14,hawaii wüt+et,6.921594347693977
-6.168819829795766,-0.25785296801618873,-0.06422439488563728,0.01424957197533946,2.220446049250313e-15,wüt+et 200,6.0937126404406605
-2.3690889758854574,-2.634861442468987,-0.30906132526362495,-0.054931789536988046,5.573319583618286e-14,Lavafontäne,10.575219554853375
-5.285539939112825,-0.8124212801321753,-0.19359256409982986,-0.03356519464058268,3.4638958368304884e-14,meter lavafontäne,7.136419594042689
-4.895107295359769,-1.0486682886188219,-0.015568178544193019,0.05840986452133444,-1.942890293094024e-14,lavafontäne usa,7.593016562481459
-1.4586075169162207,-3.1794241825005325,-0.043623897031367515,0.07637676143025472,-2.275957200481571e-14,Hawaiis,11.63641158773185
-1.4586075169162207,-3.1794241825005325,-0.043623897031367515,0.07637676143025472,-2.275957200481571e-14,usa hawaii+s,11.63641158773185
3.9753311227603163,-6.548978828372929,-0.06716260132044784,0.08837211177377356,-2.453592884421596e-14,hawaii+s vulkan,18.030215396791643
-2.950675917354703,-2.2537769853416276,-0.04985101095398781,0.0622076001443507,-1.687538997430238e-14,schleudert,9.880539901045069
-2.950675917354703,-2.2537769853416276,-0.04985101095398781,0.0622076001443507,-1.687538997430238e-14,kilauea schleuder+t,9.880539901045069
-3.220600756405126,-2.0959298502762613,-0.23241913816128554,-0.02714419579488687,3.68594044175552e-14,schleuder+t lava,9.567663938232108
-4.798889382891319,-1.1075464594743862,-0.09028104506796758,0.022951224609320933,1.9984014443252818e-15,lava himmel,7.705697640073884
-5.422005041901625,-0.7209360512090042,-0.07129005546882396,0.023440796357014636,-2.220446049250313e-16,jüngste,6.972427507933161
-5.422005041901625,-0.7209360512090042,-0.07129005546882396,0.023440796357014636,-2.220446049250313e-16,himmel jung+st+e,6.972427507933161
-5.6243849562224675,-0.5956690786319223,-0.0852341931234246,0.0134243553863617,4.884981308350689e-15,Darbietung,6.734396636891136
-5.6243849562224675,-0.5956690786319223,-0.0852341931234246,0.0134243553863617,4.884981308350689e-15,jung+st+e darbietung,6.734396636891136
-5.549848503618027,-0.6444825151957314,-0.14425156804443337,-0.014055872024921114,2.1760371282653068e-14,gewaltigen,6.823371921065949
-5.549848503618027,-0.6444825151957314,-0.14425156804443337,-0.014055872024921114,2.1760371282653068e-14,darbietung gewaltig+en,6.823371921065949
-4.633007654149332,-1.2353835983168833,-0.3216931978941612,-0.08421767594020746,6.794564910705958e-14,gewaltig+en eruption,7.91367008276856
-8.042403172950845,0.9034153731316543,-0.018258146090674124,-0.012679998964411975,6.661338147750939e-15,eruption mehr,3.8895428977930253
-7.256426781942535,0.41438914166109164,0.028536049100058178,0.03647442078275338,-1.6542323066914832e-14,anzeige+n usa,4.8152880636987545
-8.52734403732825,1.2029464894960278,-0.056409418731577746,-0.05352168690891557,2.5979218776228663e-14,eruption quelle,3.319511315717401
-7.1099082714401245,0.3255934646734282,-0.03505224385892525,0.008046967394526143,1.1102230246251565e-15,USGS,4.986500976147397
-8.634860970260746,1.2701976093168166,-0.018186034291204273,-0.03928069126318291,1.6209256159527285e-14,quelle usg+s,3.1927593596837633
-8.683821511382417,1.3004856488684045,-0.0029062015725852264,-0.03393056423015149,1.2656542480726785e-14,Volcanoes,3.1352136332529903
-8.683821511382417,1.3004856488684045,-0.0029062015725852264,-0.03393056423015149,1.2656542480726785e-14,usg+s volcanoe+s,3.1352136332529903
-8.767325570297407,1.3518338876307565,0.020073820907766368,-0.02649801976111853,7.105427357601002e-15,AP16.05.2026,3.037225344683905
-8.767325570297407,1.3518338876307565,0.020073820907766368,-0.02649801976111853,7.105427357601002e-15,volcanoe+s ap16.05.2026,3.037225344683905
-8.851669100518617,1.4034645511095285,0.039718454335113784,-0.021012426254066702,2.886579864025407e-15,13:50,2.9383696724807806
-8.851669100518617,1.4034645511095285,0.039718454335113784,-0.021012426254066702,2.886579864025407e-15,ap16.05.2026 13:50,2.9383696724807806
-8.879549134811805,1.4205032807015836,0.045527810341848496,-0.019600903995839847,1.7763568394002505e-15,13:50 uhr,2.9057062897602886
-8.462763631680371,1.1623783749558856,-0.07275859407198738,-0.05872079487608482,2.9753977059954195e-14,jahr+e fund,3.395747175321892
-8.415957200192583,1.1332688301170564,-0.07689208320533829,-0.05858694881624367,3.019806626980426e-14,fund forscher,3.4508588648046166
-8.33619787140691,1.0836537502681838,-0.08367773307116495,-0.05834409531565815,3.086420008457935e-14,entdecken,3.5447772077868622
-8.33619787140691,1.0836537502681838,-0.08367773307116495,-0.05834409531565815,3.086420008457935e-14,forscher entdeck+en,3.5447772077868622
-8.23023789972798,1.0177212357890435,-0.09222499467381978,-0.05799712223310602,3.175237850427948e-14,neues,3.669558309870068
-8.23023789972798,1.0177212357890435,-0.09222499467381978,-0.05799712223310602,3.175237850427948e-14,entdeck+en neu+es,3.669558309870068
-8.155109645759238,0.9709627251117596,-0.09798690165337254,-0.05773727482206807,3.219646771412954e-14,Detail,3.7580374282280826
-8.155109645759238,0.9709627251117596,-0.09798690165337254,-0.05773727482206807,3.219646771412954e-14,neu+es detail,3.7580374282280826
-7.967544383465031,0.8541966295183787,-0.11140257771800188,-0.057050912304326254,3.352873534367973e-14,detail pompeji-opf+er,3.9789514710656255
-7.643704529868853,0.652536653821437,-0.1317921980018511,-0.05578861342244637,3.552713678800501e-14,pompeji-opf+er wer,4.360405394545712
-7.059506432471023,0.2886981302309435,-0.1618268032367759,-0.05344540360988227,3.8191672047105385e-14,wer mensch+en,5.048576766206064
-3.6824105817455504,-1.8128947058551925,-0.25560705596053157,-0.04251532523701175,4.5075054799781356e-14,mensch+en vulkan+ausbruch,9.025995065839378
-7.442280871078781,0.5270906083419438,-0.1430059221817334,-0.054981230437521386,3.6415315207705135e-14,vulkan+ausbruch begrab,4.597675672372778
-8.020158662133792,0.8869543442049603,-0.10777076174165676,-0.057247983149791806,3.3306690738754696e-14,archäologe+en pompeji,3.9169804001211905
-8.275180737934626,1.0456888322158158,-0.08866201471741643,-0.05814733881666215,3.1308289294429414e-14,Indizien,3.6166311355613576
-8.275180737934626,1.0456888322158158,-0.08866201471741643,-0.05814733881666215,3.1308289294429414e-14,neu+e indiz+ien,3.6166311355613576
-8.399299228626123,1.1229077319969392,-0.07833559887548126,-0.05853769640450171,3.019806626980426e-14,Identität,3.4704733283374085
-8.399299228626123,1.1229077319969392,-0.07833559887548126,-0.05853769640450171,3.019806626980426e-14,indiz+ien identität,3.4704733283374085
-8.518754415885086,1.1971921347715888,-0.06765806462147961,-0.058871304028856,2.90878432451791e-14,identität tot+en,3.329825805636587
-8.586000625676391,1.2389917101081571,-0.06129465435276461,-0.059036467129055026,2.842170943040401e-14,rannten,3.250659794592285
-8.586000625676391,1.2389917101081571,-0.06129465435276461,-0.059036467129055026,2.842170943040401e-14,sie renn+en,3.250659794592285
-8.663613136085981,1.2872150674870184,-0.05360534960286093,-0.05920270127079963,2.7533531010703882e-14,renn+en leben,3.159301079751435
-8.708312898075905,1.31497749085001,-0.048997733060038906,-0.059284908578970674,2.708944180085382e-14,leben versuch+ten,3.106690581181284
-8.770749060338494,1.353740169693405,-0.04232798620235104,-0.05938091271608063,2.6423307986078726e-14,versuch+ten tödlich+en,3.033213435687985
-8.805141286224544,1.3750835099917162,-0.03853149877770889,-0.05942345867740964,2.5979218776228663e-14,Wolke,2.9927441887718844
-8.805141286224544,1.3750835099917162,-0.03853149877770889,-0.05942345867740964,2.5979218776228663e-14,tödlich+en wolke,2.9927441887718844
-8.836588728104969,1.3945934559873723,-0.03498022859090784,-0.0594553391894936,2.55351295663786e-14,wolke vesuv,2.955743321328684
-8.862706507789216,1.4107922950034533,-0.03197081647471843,-0.05947638108341706,2.5091040356528538e-14,vesuv entkomm+en,2.9250158339233083
-8.89217986352843,1.4290669937633511,-0.02850718236516752,-0.0594938329591783,2.4868995751603507e-14,entkomm+en mehr,2.8903434641064543
-8.914529592993382,1.4429207422517791,-0.025831486398140084,-0.059502369632350616,2.4424906541753444e-14,mehr 2000,2.8640535110505434
-8.985462407802064,1.4868641476577824,-0.01704455583088583,-0.059500206243743164,2.353672812205332e-14,verheerend+en ausbruch,2.780629151404197
-7.921642706879542,0.8286060608886849,-0.019864817141186056,-0.009008871293176849,5.551115123125783e-15,antike,4.031591588092555
-9.01830777886067,1.5071978279727234,-0.0128161161595634,-0.059482736055231855,2.2870594307278225e-14,ausbruch antik+e,2.742007399619956
-7.968591373167515,0.8576851508189125,-0.018453485977678152,-0.010002892204246928,5.773159728050814e-15,antik+e stadt,3.9763703969383024
-9.081792491477753,1.5464703787976706,-0.0043368957671319625,-0.059415728738153636,2.19824158875781e-14,begrab geb+en,2.6673738024932696
-9.090000951489122,1.551545212266903,-0.003209784012089184,-0.059403621142461005,2.1760371282653068e-14,geb+en neu+e,2.657725469115896
-9.096660087543317,1.5556616422757836,-0.002290066305344507,-0.05939318658470867,2.1760371282653068e-14,Un…,2.6498985276986975
-9.096660087543317,1.5556616422757836,-0.002290066305344507,-0.05939318658470867,2.1760371282653068e-14,neu+e un…,2.6498985276986975
-9.103161449689742,1.5596800653453229,-0.0013874786027904817,-0.05938246201822932,2.1538326677728037e-14,+3714,2.642257288800068
-9.103161449689742,1.5596800653453229,-0.0013874786027904817,-0.05938246201822932,2.1538326677728037e-14,un… +3714,2.642257288800068
-9.110763500082493,1.5643782046567385,-0.00032619045202161856,-0.05936923850581416,2.1538326677728037e-14,+3714 chars,2.6333227102090313
-6.072769188822058,-0.32424991161357974,-0.1861225697029805,-0.043297187683073654,3.730349362740526e-14,+++Zwei,6.210137610409142
-6.358639756189668,-0.1428493131559314,-0.13422543602047599,-0.023823893008461907,2.4202861936828413e-14,Festnahmen,5.871675777150548
-6.358639756189668,-0.1428493131559314,-0.13422543602047599,-0.023823893008461907,2.4202861936828413e-14,+++zwei festnahme+n,5.871675777150548
-6.6369299581687144,0.03167429977691416,-0.09165881069490034,-0.008864918286420356,1.3766765505351941e-14,Chinesisches,5.543265349479386
-6.6369299581687144,0.03167429977691416,-0.09165881069490034,-0.008864918286420356,1.3766765505351941e-14,festnahme+n chinesisch+es,5.543265349479386
-6.851548994428701,0.1653388233825397,-0.06413480482264297,-0.00012822168583704469,7.549516567451064e-15,Ehepaar,5.290474576704826
-6.851548994428701,0.1653388233825397,-0.06413480482264297,-0.00012822168583704469,7.549516567451064e-15,chinesisch+es ehe+paar,5.290474576704826
-6.958750166877778,0.231902435738625,-0.05191463378129542,0.0033894133445316263,4.6629367034256575e-15,spionierte,5.164310445320857
-6.958750166877778,0.231902435738625,-0.05191463378129542,0.0033894133445316263,4.6629367034256575e-15,ehe+paar spionier+te,5.164310445320857
-7.997707657644339,0.8754783936849369,-0.0017371123400642258,-0.0025039786873311994,1.1102230246251565e-15,deutschen,3.9422755983487394
-7.997707657644339,0.8754783936849369,-0.0017371123400642258,-0.0025039786873311994,1.1102230246251565e-15,spionier+te deutsch+en,3.9422755983487394
-8.064577701577939,0.9167237461976043,0.006646650838570578,-0.0007166647253281679,-5.551115123125783e-16,Unis,3.863723882598324
-8.064577701577939,0.9167237461976043,0.006646650838570578,-0.0007166647253281679,-5.551115123125783e-16,deutsch+en uni+s,3.863723882598324
-7.271556127837215,0.4217750910318001,-0.1398660107000796,-0.048447338800420514,3.375077994860476e-14,uni+s +++zwei,4.798271130597184
-9.223823580469618,1.630751635037747,0.09843561929679029,-0.01454332757110344,-6.328271240363392e-15,spionier+te de…,2.5024178927954566
-9.229892343619333,1.6344587655824248,0.09917578329995369,-0.014605634894060738,-6.328271240363392e-15,+508,2.495308088931744
-9.229892343619333,1.6344587655824248,0.09917578329995369,-0.014605634894060738,-6.328271240363392e-15,de… +508,2.495308088931744
-9.235803990349364,1.6380700239008763,0.09989216204006238,-0.014670748611023018,-6.439293542825908e-15,+508 chars,2.488382293211954
-6.71707708257267,0.07668876204107278,-0.163721159022616,-0.045946009630812634,3.574918139293004e-14,Terra,5.451314830504166
-7.361666562829885,0.47688326767455935,-0.14722309425813757,-0.05465678480113753,3.68594044175552e-14,terra palma,4.692637654908473
-6.930815335265216,0.2085532286716738,-0.16753158992788786,-0.05293522216349786,3.863576125695545e-14,Protokoll,5.200171506615716
-6.930815335265216,0.2085532286716738,-0.16753158992788786,-0.05293522216349786,3.863576125695545e-14,palma protokoll,5.200171506615716
-3.6824105817455504,-1.8128947058551925,-0.25560705596053157,-0.04251532523701175,4.5075054799781356e-14,protokoll vulkan+ausbruch+s,9.025995065839378
-7.059506432471023,0.2886981302309435,-0.1618268032367759,-0.05344540360988227,3.8191672047105385e-14,vulkan+ausbruch+s drei,5.048576766206064
-5.853939746672024,-0.45496774672350204,-0.1260040351514072,-0.010314026692189286,1.84297022087776e-14,Monate,6.465094528999564
-7.313906053422191,0.44700841456296336,-0.15110145624516255,-0.05517527787031759,3.752553823233029e-14,drei monat+e,4.748964431597232
-7.514617331812781,0.5698903794591872,-0.16339498393683338,-0.06724190252820915,4.3298697960381105e-14,lang,4.513613097905055
-7.514617331812781,0.5698903794591872,-0.16339498393683338,-0.06724190252820915,4.3298697960381105e-14,monat+e lang,4.513613097905055
-7.601498352498446,0.6216858061567745,-0.18050600232094666,-0.07842151512170174,4.929390229335695e-14,floss,4.412454516025427
-7.601498352498446,0.6216858061567745,-0.18050600232094666,-0.07842151512170174,4.929390229335695e-14,lang fließ,4.412454516025427
-7.460554052220946,0.5191349517392001,-0.2823059469947451,-0.12320981676697158,7.749356711883593e-14,fließ lavastrom,4.586115521804081
-7.566904646770068,0.6042382919816478,-0.14177260082138218,-0.0582427252166277,3.752553823233029e-14,lavastrom als,4.451110368198979
-5.437006066899395,-0.7129203484444409,-0.11823879162172228,0.0003043199382929164,1.354472090042691e-14,19.,6.955379655686871
-5.437006066899395,-0.7129203484444409,-0.11823879162172228,0.0003043199382929164,1.354472090042691e-14,als 19.,6.955379655686871
-5.169381040768007,-0.8783198344900387,-0.10668344012080623,0.00990507742457691,8.659739592076221e-15,September,7.270005447229233
-5.169381040768007,-0.8783198344900387,-0.10668344012080623,0.00990507742457691,8.659739592076221e-15,19. september,7.270005447229233
-3.9058215144419046,-1.661459945122672,-0.09922640276001282,0.029124567084290114,8.881784197001252e-16,september 2021,8.756573633524786
0.8555363752441494,-4.619644201224284,-0.20576805713444155,0.01220240951311418,1.9317880628477724e-14,2021 vulkan,14.361843185396351
-3.487239664822443,-1.9209078849672445,-0.09412597685423232,0.03583283280550839,-2.1094237467877974e-15,Cumbre,9.249045053376264
-3.487239664822443,-1.9209078849672445,-0.09412597685423232,0.03583283280550839,-2.1094237467877974e-15,vulkan cumbre,9.249045053376264
-4.709615421275627,-1.162944332117878,-0.09260879678186809,0.02297186783420603,2.4424906541753444e-15,Vieja,7.810758423124328
-4.709615421275627,-1.162944332117878,-0.09260879678186809,0.02297186783420603,2.4424906541753444e-15,cumbre vieja,7.810758423124328
-5.842277609084977,-0.46072732621544077,-0.09036434469190568,0.007272759946014527,7.771561172376096e-15,vieja kanareninsel,6.478097813591419
-5.8222349390847805,-0.47647107834726743,-0.15409397560622082,-0.02335499699362369,2.6423307986078726e-14,kanareninsel palma,6.503326166490346
-6.656784472302335,0.044134944778536855,-0.0868150061668271,-0.006913215201669622,1.2656542480726785e-14,palma aus+brech,5.519832992932347
-6.88511374529368,0.1856446364174058,-0.08513673579563748,-0.011363011408946331,1.3988810110276972e-14,aus+brech werd+en,5.251215153176226
-7.016906324906302,0.2673216651034003,-0.08395135844254764,-0.014022444187467061,1.4876988529977098e-14,tausende,5.096169879588554
-7.016906324906302,0.2673216651034003,-0.08395135844254764,-0.014022444187467061,1.4876988529977098e-14,werd+en tausend+e,5.096169879588554
-7.161639535282742,0.35701647319219054,-0.08242429038680874,-0.017015449368550036,1.5765166949677223e-14,tausend+e haus+er,4.925902366668703
-7.31012515744208,0.4490350572904571,-0.080565099410223,-0.02015884996759539,1.6653345369377348e-14,landwirtschaftliche,4.751221934466913
-7.31012515744208,0.4490350572904571,-0.080565099410223,-0.02015884996759539,1.6653345369377348e-14,haus+er landwirtschaftlich+e,4.751221934466913
-8.639137192338884,1.2727549007699872,-0.02713535426705211,-0.04416289133787869,1.9095836023552692e-14,Nutzflächen,3.187763550219407
-8.639137192338884,1.2727549007699872,-0.02713535426705211,-0.04416289133787869,1.9095836023552692e-14,landwirtschaftlich+e nutz+fläche+n,3.187763550219407
-8.696692859898912,1.3083782373320054,-0.02390889394766286,-0.04560096684478218,1.9317880628477724e-14,nutz+fläche+n zerstör+t,3.1200828585993863
-8.77699010681851,1.358067887817518,-0.01889453531373648,-0.04751916097062203,1.9317880628477724e-14,terra blick+t,3.02566578275324
-8.821875618735957,1.385841428798654,-0.015419564121986938,-0.04833588314375256,1.9317880628477724e-14,blick+t katastrophe,2.972889877254123
-8.78941542766329,1.3657949152735533,-0.01306233159798633,-0.04518794946193912,1.7763568394002505e-14,katastrophe zurück,3.0110434766295624
-8.738175535534412,1.3341236085928274,-0.010357432583015566,-0.040835950086291026,1.5987211554602254e-14,glücklicherweise,3.071283349700108
-8.738175535534412,1.3341236085928274,-0.010357432583015566,-0.040835950086291026,1.5987211554602254e-14,zurück glücklicherweise,3.071283349700108
-8.670807929699585,1.2924539315997883,-0.00803401714428939,-0.035907172254567396,1.3988810110276972e-14,niemand,3.1504975709781022
-8.670807929699585,1.2924539315997883,-0.00803401714428939,-0.035907172254567396,1.3988810110276972e-14,glücklicherweise niemand,3.1504975709781022
-8.633110253046574,1.2691269996216814,-0.0071465305438938725,-0.03343343202322367,1.2878587085651816e-14,niemand um,3.1948287202783234
-8.579028783451324,1.2356539268281566,-0.006238862349356361,-0.030156142057576742,1.1546319456101628e-14,leben komm,3.2584303447065857
-7.867811402431102,0.7950963332000178,-0.008565512921304058,-0.001305563654844754,1.3322676295501878e-15,hinzu+füg+en als,4.09501692391271
-8.707331876758168,1.314811958909296,0.014371545078922354,-0.026151512049213007,7.771561172376096e-15,Nutzfläc…,3.107711061530303
-8.707331876758168,1.314811958909296,0.014371545078922354,-0.026151512049213007,7.771561172376096e-15,landwirtschaftlich+e nutzfläc…,3.107711061530303
-8.756950386341655,1.3454991910454237,0.0160165812780996,-0.028048340035995743,8.215650382226158e-15,+1520,3.0493744534691816
-8.756950386341655,1.3454991910454237,0.0160165812780996,-0.028048340035995743,8.215650382226158e-15,nutzfläc… +1520,3.0493744534691816
-8.78139918941932,1.36061752903552,0.01687034489260622,-0.02899157379589185,8.43769498715119e-15,+1520 chars,3.0206312621662175
-3.6824105817455504,-1.8128947058551925,-0.25560705596053157,-0.04251532523701175,4.5075054799781356e-14,wie vulkan+ausbruch,9.025995065839378
-7.117678096995206,0.3249266145091463,-0.15915248715697822,-0.05367742678285607,3.7969627442180354e-14,vulkan+ausbruch atmosphäre,4.980051759685041
-7.613646807416256,0.633817219853837,-0.13353076290823593,-0.055668704308070235,3.574918139293004e-14,reinigt,4.395812028685129
-7.613646807416256,0.633817219853837,-0.13353076290823593,-0.055668704308070235,3.574918139293004e-14,atmosphäre reinig+t,4.395812028685129
-7.889815200802609,0.805798503720617,-0.11659393681869819,-0.056754661147934524,3.419486915845482e-14,reinig+t neu+e,4.070506174748445
-3.62258649988323,-1.8438681387900018,-0.20609520018308736,-0.01879774044690347,3.064215547965432e-14,neu+e studie,9.093239942404544
-7.9283802138971975,0.8307882738313905,-0.098731488692759,-0.04922461116656662,2.930988785010413e-14,studie überrasch+t,4.024590959854537
-7.728923099905718,0.7081722848262606,-0.0835960476352307,-0.03457789676622748,2.220446049250313e-14,überrasch+t forscher,4.258739927649269
-7.466569488668816,0.5461191252436626,-0.07402191801743044,-0.021438811822111683,1.6431300764452317e-14,forscher nach,4.567115949060339
-6.576972439428904,-0.00478472920038886,-0.05829503602437498,0.008968162006409814,3.552713678800501e-15,vulkan+s hunga,5.613487076242836
-7.110783270987453,0.3261031434155055,-0.054940366461162585,-0.001958474230707021,7.105427357601002e-15,Tonga-Hunga,4.98545724866619
-7.110783270987453,0.3261031434155055,-0.054940366461162585,-0.001958474230707021,7.105427357601002e-15,hunga tonga-hunga,4.98545724866619
-7.754149326537923,0.7247638262424587,-0.048650431085753454,-0.017808632265949028,1.199040866595169e-14,apai,4.2286133158829475
-7.754149326537923,0.7247638262424587,-0.048650431085753454,-0.017808632265949028,1.199040866595169e-14,tonga-hunga apai,4.2286133158829475
-8.006645943811654,0.881169678981947,-0.04461719532045616,-0.02478947945376719,1.4210854715202004e-14,Satelliten,3.9316125721193056
-8.006645943811654,0.881169678981947,-0.04461719532045616,-0.02478947945376719,1.4210854715202004e-14,apai satellit+en,3.9316125721193056
-7.117678096995206,0.3249266145091463,-0.15915248715697822,-0.05367742678285607,3.7969627442180354e-14,satellit+en atmosphäre,4.980051759685041
-8.384604382101335,1.115224683465573,-0.035025378509481196,-0.03565368805384192,1.687538997430238e-14,überraschende,3.48707881501485
-8.384604382101335,1.115224683465573,-0.035025378509481196,-0.03565368805384192,1.687538997430238e-14,atmosphäre überrasch+end+e,3.48707881501485
-8.498528721956848,1.1857548521737487,-0.030832723729836503,-0.03889898259843039,1.7541523789077473e-14,chemische,3.353099702142119
-8.498528721956848,1.1857548521737487,-0.030832723729836503,-0.03889898259843039,1.7541523789077473e-14,überrasch+end+e chemisch+e,3.353099702142119
-8.565251321486102,1.2270572253035341,-0.02799466801099626,-0.04076255077254577,1.7985612998927536e-14,chemisch+e prozeß+e,3.274635067869695
-8.617550775968043,1.2594280766325703,-0.025545319205986454,-0.042195553184257065,1.8207657603852567e-14,prozeß+e entdeck+t,3.213133991165405
-8.668819686907888,1.2911576785450658,-0.02293392939506888,-0.043570755452132445,1.84297022087776e-14,Methan,3.152846946442088
-8.701163316320617,1.3111726918640798,-0.021171388724114337,-0.044420695269363056,1.84297022087776e-14,methan gelt,3.1148153795233475
-8.777312267228218,1.3582881239135882,-0.016639603603593935,-0.0463581264813043,1.865174681370263e-14,wirksamsten,3.025279479959815
-8.777312267228218,1.3582881239135882,-0.016639603603593935,-0.0463581264813043,1.865174681370263e-14,gelt wirksam+st+en,3.025279479959815
-8.818417561730637,1.3837159366145744,-0.013952928885430524,-0.04736118412353596,1.865174681370263e-14,Treibhausgase,2.9769510452069947
-8.818417561730637,1.3837159366145744,-0.013952928885430524,-0.04736118412353596,1.865174681370263e-14,wirksam+st+en treib+haus+gas+e,2.9769510452069947
-8.872309090529871,1.417046567265883,-0.010152891785644977,-0.0486236493201625,1.865174681370263e-14,entweicht,2.913593610176475
-8.950902797369828,1.4656376817586156,-0.003997916047959127,-0.050342296570322034,1.865174681370263e-14,Landwirtschaft,2.8212053012879608
-8.950902797369828,1.4656376817586156,-0.003997916047959127,-0.050342296570322034,1.865174681370263e-14,entweich+t land+wirtschaft,2.8212053012879608
-8.991723401576904,1.4908652516717031,-0.0004905077458508683,-0.05117012117248115,1.84297022087776e-14,Mülldeponien,2.7732258051908683
-8.991723401576904,1.4908652516717031,-0.0004905077458508683,-0.05117012117248115,1.84297022087776e-14,land+wirtschaft müll+deponie+n,2.7732258051908683
-9.031076277449746,1.5151778002124707,0.003106299069459445,-0.051921687571023264,1.84297022087776e-14,Erdgasförderung,2.7269760126505025
-9.031076277449746,1.5151778002124707,0.003106299069459445,-0.051921687571023264,1.84297022087776e-14,müll+deponie+n erd+gas+förderung,2.7269760126505025
-9.06870453837707,1.5384163991267557,0.006753502822111582,-0.05259449166325346,1.8207657603852567e-14,undichten,2.6827579201523695
-9.06870453837707,1.5384163991267557,0.006753502822111582,-0.05259449166325346,1.8207657603852567e-14,erd+gas+förderung un+dicht+en,2.6827579201523695
-9.083015763568532,1.5472523443187316,0.008196091573165351,-0.052837992517919985,1.8207657603852567e-14,Leitungen,2.665941753170599
-9.083015763568532,1.5472523443187316,0.008196091573165351,-0.052837992517919985,1.8207657603852567e-14,un+dicht+en leitung+en,2.665941753170599
-9.120727546494928,1.5705289353040421,0.012149244679893423,-0.05344531418214321,1.7763568394002505e-14,steigt…,2.62163320156657
-9.120727546494928,1.5705289353040421,0.012149244679893423,-0.05344531418214321,1.7763568394002505e-14,atmosphäre steigt…,2.62163320156657
-9.131425343293888,1.577129818883567,0.013311721573266058,-0.0536082294852511,1.7763568394002505e-14,+4253,2.609065233626495
-9.131425343293888,1.577129818883567,0.013311721573266058,-0.0536082294852511,1.7763568394002505e-14,steigt… +4253,2.609065233626495
-9.138321541347697,1.5813844817617144,0.014070932765704675,-0.053710994094750455,1.7763568394002505e-14,+4253 char+s,2.6009637410812054
-8.387350934241326,1.1137664712816888,0.0686687071735553,0.01827753263061028,-1.4654943925052066e-14,Buntes,3.4856758917671686
-8.285455890211207,1.05080163717803,0.06459156604726088,0.020563918216668222,-1.4988010832439613e-14,bunt+es spektakel,3.6054457168722367
-8.023550677081742,0.8888837875214728,0.0549398975642551,0.025902940782505154,-1.587618925213974e-14,spektakel himmel,3.913337599963225
-7.778791537975856,0.7374850797613539,0.04684892430380801,0.030303171987625027,-1.6431300764452317e-14,Feuerball,4.201117744430448
-7.778791537975856,0.7374850797613539,0.04684892430380801,0.030303171987625027,-1.6431300764452317e-14,himmel feuer+ball,4.201117744430448
-6.802826850761445,0.13328736928860696,0.021100944384115902,0.04390130361535322,-1.84297022087776e-14,aktivem,5.3489069002359715
-6.802826850761445,0.13328736928860696,0.021100944384115902,0.04390130361535322,-1.84297022087776e-14,feuer+ball aktiv+em,5.3489069002359715
-4.77215798396889,-1.12505638570159,-0.01309342770118814,0.061230545805961156,-2.0761170560490427e-14,aktiv+em vulkan,7.737765953269621
-6.675629551010815,0.054501939230551244,0.01833243314828814,0.04533108777920815,-1.865174681370263e-14,vulkan entdeck+t,5.498520739800831
-7.4579739468490915,0.538948534344946,0.03736828480793611,0.035377820108505036,-1.7208456881689926e-14,entdeck+t auf,4.578375627082935
-5.648989347130426,-0.5815950227682354,-0.00057375018443373,0.05495940915353807,-1.9872992140790302e-14,Luzon,6.70620398117134
-5.648989347130426,-0.5815950227682354,-0.00057375018443373,0.05495940915353807,-1.9872992140790302e-14,insel luzon,6.70620398117134
-8.360242081931219,1.0970167120973016,0.0675648116271923,0.01889844939085233,-1.4765966227514582e-14,seltenes,3.51753926015698
-8.360242081931219,1.0970167120973016,0.0675648116271923,0.01889844939085233,-1.4765966227514582e-14,luzon selten+es,3.51753926015698
-8.471986690683007,1.166051230496186,0.07220923115876374,0.01627652862236773,-1.432187701766452e-14,Schauspiel,3.3862012592145097
-8.471986690683007,1.166051230496186,0.07220923115876374,0.01627652862236773,-1.432187701766452e-14,selten+es schau+spiel,3.3862012592145097
-8.3739786541023,1.1055043060397587,0.06812239719468016,0.01858499501268644,-1.4765966227514582e-14,ereignet,3.501393389332999
-8.3739786541023,1.1055043060397587,0.06812239719468016,0.01858499501268644,-1.4765966227514582e-14,schau+spiel ereign+et,3.501393389332999
-8.216976596117682,1.0084756446433014,0.06195785958811692,0.022030894492634928,-1.5210055437364645e-14,ereign+et ein,3.68594342185921
-8.138825120615206,0.9601624210152799,0.05905015645654327,0.023641607827983725,-1.554312234475219e-14,Meteor,3.7778157963506116
-8.138825120615206,0.9601624210152799,0.05905015645654327,0.023641607827983725,-1.554312234475219e-14,ein meteor,3.7778157963506116
-7.970521811187203,0.8560881066952621,0.05311642190047666,0.026900459331596144,-1.5987211554602254e-14,meteor zieh,3.975683974490078
-7.4579739468490915,0.538948534344946,0.03736828480793611,0.035377820108505036,-1.7208456881689926e-14,zieh bereits,4.578375627082935
-6.802826850761445,0.13328736928860696,0.021100944384115902,0.04390130361535322,-1.84297022087776e-14,bereits aktiv+en,5.3489069002359715
-6.675629551010815,0.054501939230551244,0.01833243314828814,0.04533108777920815,-1.865174681370263e-14,hinweg,5.498520739800831
-6.675629551010815,0.054501939230551244,0.01833243314828814,0.04533108777920815,-1.865174681370263e-14,vulkan hinweg,5.498520739800831
-7.612735217910432,0.6347331739459592,0.04179636192709178,0.03301813689702949,-1.687538997430238e-14,dahintersteckt,4.396381456014982
-7.612735217910432,0.6347331739459592,0.04179636192709178,0.03301813689702949,-1.687538997430238e-14,was dahintersteck+t,4.396381456014982
-8.138825120615206,0.9601624210152799,0.05905015645654327,0.023641607827983725,-1.554312234475219e-14,über philippinisch+en,3.7778157963506116
-4.77215798396889,-1.12505638570159,-0.01309342770118814,0.061230545805961156,-2.0761170560490427e-14,luzon vulkan,7.737765953269621
-7.4579739468490915,0.538948534344946,0.03736828480793611,0.035377820108505036,-1.7208456881689926e-14,mayon abend,4.578375627082935
-7.88160312791889,0.8010887383585499,0.0501484097980216,0.02851676738099343,-1.6209256159527285e-14,25.,4.080230475584151
-7.88160312791889,0.8010887383585499,0.0501484097980216,0.02851676738099343,-1.6209256159527285e-14,abend 25.,4.080230475584151
-7.997601005766216,0.8728356656673522,0.05404245571016572,0.026394311735095873,-1.587618925213974e-14,Mai,3.943846548360928
-7.997601005766216,0.8728356656673522,0.05404245571016572,0.026394311735095873,-1.587618925213974e-14,25. mai,3.943846548360928
-8.09536017225567,0.9332885143630394,0.05747609399968656,0.024509732697224094,-1.5654144647214707e-14,mai 2026,3.828913949264684
-8.269131699698397,1.040712607972489,0.06395621472939003,0.020918517035254477,-1.509903313490213e-14,2026 bereits,3.6246344860492363
-8.364707525419542,1.1006009989237193,0.05603817318002835,0.012630487665927084,-1.1102230246251565e-14,eindrucksvolles,3.511837448968105
-8.364707525419542,1.1006009989237193,0.05603817318002835,0.012630487665927084,-1.1102230246251565e-14,bereits eindrucksvoll+es,3.511837448968105
-7.305661936826093,0.4463131596111021,-0.0012128755081776549,0.019944410575273408,-7.105427357601002e-15,Bild,4.756575039740765
-8.467528881876467,1.1660821883565857,0.02091519268623572,-0.010499679856319392,1.3322676295501878e-15,eindrucksvoll+es bild,3.3898930876809157
-8.479219099026018,1.1737413142681008,0.0038666043019308927,-0.019954420676203854,6.661338147750939e-15,geboten,3.3758952833605926
-8.479219099026018,1.1737413142681008,0.0038666043019308927,-0.019954420676203854,6.661338147750939e-15,bild ge+biet+en,3.3758952833605926
-8.24006536762241,1.0137738007870816,-0.1938975972515236,-0.10938468046367673,6.217248937900877e-14,glüh+end+e lavaström+e,3.6631251364002386
-8.587496300169533,1.2405902468037024,-0.0402803389850207,-0.04826745706965138,2.220446049250313e-14,zogen,3.248579431561968
-8.587496300169533,1.2405902468037024,-0.0402803389850207,-0.04826745706965138,2.220446049250313e-14,lavaström+e zieh+en,3.248579431561968
-8.793226341486006,1.3676967840933334,0.02681000879995843,-0.024424145877762395,5.551115123125783e-15,Hänge,3.006865063135754
-8.793226341486006,1.3676967840933334,0.02681000879995843,-0.024424145877762395,5.551115123125783e-15,zieh+en hang+e,3.006865063135754
-8.849742713641785,1.4022358777775963,0.04062454145866898,-0.020415994272637215,2.6645352591003757e-15,hang+e mach+ten,2.940655683171105
-8.921120794046915,1.44579421378883,0.055682442849264546,-0.01673861561143047,-4.440892098500626e-16,beson…,2.857065369231734
-8.921120794046915,1.44579421378883,0.055682442849264546,-0.01673861561143047,-4.440892098500626e-16,mach+ten beson…,2.857065369231734
-8.950927011606215,1.4639765478019626,0.061293173668161394,-0.015608855660863053,-1.5543122344752192e-15,+2793,2.8221621238204913
-8.950927011606215,1.4639765478019626,0.061293173668161394,-0.015608855660863053,-1.5543122344752192e-15,beson… +2793,2.8221621238204913
-8.971359574072435,1.4764408381143046,0.06493804013220297,-0.014958939182249196,-2.220446049250313e-15,+2793 chars,2.798235147952271
-6.275701768323101,-0.1993689063299242,-0.1927486115890131,-0.05043304178351801,4.063416270128073e-14,gut klima,5.971852553487059
-4.150666550592939,-1.5216863540080694,-0.247089894547802,-0.04371975782876529,4.440892098500626e-14,vulkan+ausbruch liefer+t,8.474592281379797
-6.026045998934711,-0.3547900051604018,-0.2009765863675407,-0.0495303803642836,4.1300296516055823e-14,erkenntnis+se der,6.265916060462792
-2.614891045096668,-2.467470589512185,-0.19721205291724364,-0.005339932966705676,2.4646951146678475e-14,der gewaltig+e,10.278289230370909
-3.093604290094895,-2.1702901314504675,-0.1919977684784055,-0.007066563478862354,2.4868995751603507e-14,gewaltig+e ausbruch,9.714845843543586
-3.564441258862737,-1.8779638718365432,-0.1861281410371251,-0.008816124900530384,2.4646951146678475e-14,Unterwasservulkans,9.16065565761344
-3.564441258862737,-1.8779638718365432,-0.1861281410371251,-0.008816124900530384,2.4646951146678475e-14,ausbruch unterwasser+vulkan+s,9.16065565761344
-4.0718872920262585,-1.5628710004488764,-0.17888831719142434,-0.010784034339134028,2.4646951146678475e-14,unterwasser+vulkan+s hunga,8.563357588486209
-4.398184305301516,-1.3602412440746403,-0.1736749655034682,-0.012108318631381735,2.4424906541753444e-14,tonga hundert+e,8.1792750239308
-4.554254974716465,-1.2633166297965768,-0.1710121246957623,-0.012761168602906204,2.4424906541753444e-14,Male,7.995562703307256
-4.554254974716465,-1.2633166297965768,-0.1710121246957623,-0.012761168602906204,2.4424906541753444e-14,hundert+e mal+e,7.995562703307256
-4.63417265663754,-1.2136841090462807,-0.16960371502827906,-0.01310080891867951,2.4424906541753444e-14,stärker,7.901490261667982
-4.63417265663754,-1.2136841090462807,-0.16960371502827906,-0.01310080891867951,2.4424906541753444e-14,mal+e stark+er,7.901490261667982
-4.863214710222632,-1.0714341587338443,-0.16539019869234278,-0.014095780099020395,2.4202861936828413e-14,Hiroshima-Bombe,7.631879062457363
-4.863214710222632,-1.0714341587338443,-0.16539019869234278,-0.014095780099020395,2.4202861936828413e-14,stark+er hiroshima-bombe,7.631879062457363
-5.179864910184492,-0.8747637858471937,-0.15910035890180554,-0.015529216832197445,2.398081733190338e-14,doch neu+e,7.259137718056104
-5.327938527523903,-0.7827920879596268,-0.15595781338358816,-0.016224974750377794,2.398081733190338e-14,Fachmagazin,7.084832938544842
-5.327938527523903,-0.7827920879596268,-0.15595781338358816,-0.016224974750377794,2.398081733190338e-14,studie fach+magazin,7.084832938544842
-5.435336092309028,-0.7160838306659492,-0.15359220450622207,-0.016740569598480682,2.398081733190338e-14,Nature,6.958409427413533
-5.435336092309028,-0.7160838306659492,-0.15359220450622207,-0.016740569598480682,2.398081733190338e-14,fach+magazin nature,6.958409427413533
-8.110972571179737,0.9459084496077219,-0.02820345514373465,-0.020453704410237746,1.0658141036401503e-14,nature ...,3.8088606350393706
-7.065478045367138,0.29546397855633844,-0.12345106812529649,-0.034794208947793184,2.6867397195928788e-14,Communications,5.039997530203918
-7.065478045367138,0.29546397855633844,-0.12345106812529649,-0.034794208947793184,2.6867397195928788e-14,nature communications,5.039997530203918
-7.9985343914585485,0.8758255080370665,-0.06006106760164929,-0.03233320034671085,1.865174681370263e-14,enthü…,3.9412980234335615
-7.9985343914585485,0.8758255080370665,-0.06006106760164929,-0.03233320034671085,1.865174681370263e-14,communications enthü…,3.9412980234335615
-9.202437562307537,1.620977512797389,0.012995265083769095,-0.05914712226918091,1.9761969838327786e-14,enthü… +299,2.5256100723502555
-9.206758356961425,1.6236423821889308,0.013648064682564465,-0.05913357657120294,1.9761969838327786e-14,+299 char+s,2.5205348547059856
-5.014505335490472,-0.9760864728178422,-0.14288170210203296,-0.005387836791057702,1.84297022087776e-14,fürs,7.4530921113521975
-5.014505335490472,-0.9760864728178422,-0.14288170210203296,-0.005387836791057702,1.84297022087776e-14,gut für,7.4530921113521975
-4.370469488065438,-1.3762286049420172,-0.15837487727494498,-0.004493305262148861,1.9984014443252818e-14,für klima,8.211278516585308
-8.939949207462755,1.4586729408714205,-0.022735112265807614,-0.05950688169203816,2.4202861936828413e-14,communications enthüll+t,2.8341549035085296
-8.979629561425206,1.4832521984912188,-0.017784622304136424,-0.059502168661166366,2.353672812205332e-14,enthüll+t echt+es,2.7874883393479397
-8.993072513710267,1.4915762112732098,-0.01607412587024208,-0.05949713810818358,2.3314683517128287e-14,Klimawunder,2.7716802206460898
-8.993072513710267,1.4915762112732098,-0.01607412587024208,-0.05949713810818358,2.3314683517128287e-14,echt+es klima+wunder,2.7716802206460898
-9.242446827275543,1.645642796223024,0.01913085886863858,-0.05901004832551986,1.9095836023552692e-14,+300,2.47862083432455
-9.242446827275543,1.645642796223024,0.01913085886863858,-0.05901004832551986,1.9095836023552692e-14,enthü… +300,2.47862083432455
-9.246092115851653,1.6478888570535883,0.019700184309137614,-0.05899622362609895,1.9095836023552692e-14,+300 char+s,2.474340254785524
-6.362832783188188,-0.13927009848904248,0.011968570229958814,0.04859713922234981,-1.9095836023552692e-14,Mega-Vulkan,5.866458391154111
-6.362832783188188,-0.13927009848904248,0.011968570229958814,0.04859713922234981,-1.9095836023552692e-14,dieser mega-vulka+n,5.866458391154111
-6.675629551010815,0.054501939230551244,0.01833243314828814,0.04533108777920815,-1.865174681370263e-14,mega-vulka+n säuber+te,5.498520739800831
-7.657977150416576,0.6627304129343972,0.04314069459891698,0.03229815044721517,-1.6764367671839864e-14,säuber+te atmosphäre,4.343180568946109
-8.023550677081742,0.8888837875214728,0.0549398975642551,0.025902940782505154,-1.587618925213974e-14,atmosphäre der,3.913337599963225
-9.330119973638302,1.6949563831852215,0.11905216188383366,-0.011707826019050942,-9.658940314238862e-15,+290,2.378282406894063
-9.330119973638302,1.6949563831852215,0.11905216188383366,-0.011707826019050942,-9.658940314238862e-15,enthü… +290,2.378282406894063
-9.333809667261047,1.6972231749513995,0.11931212511416678,-0.011871634406602025,-9.658940314238862e-15,+290 char+s,2.3739526888688443
-4.310377881336775,-1.4113102958423105,-0.018706756623136804,0.06402333081310775,-2.1094237467877974e-14,Aufzug,8.28105871790789
-7.740769941269884,0.713960503801446,0.045662820479310376,0.030942726514325412,-1.6542323066914832e-14,mit aufzug,4.245825604508112
-7.107401728688353,0.3219085043395129,0.02821201651364738,0.04020210209222666,-1.787459069646502e-14,Herz,4.990672993873869
-7.107401728688353,0.3219085043395129,0.02821201651364738,0.04020210209222666,-1.787459069646502e-14,aufzug herz,4.990672993873869
-4.77215798396889,-1.12505638570159,-0.01309342770118814,0.061230545805961156,-2.0761170560490427e-14,herz vulkan+s,7.737765953269621
-7.107401728688353,0.3219085043395129,0.02821201651364738,0.04020210209222666,-1.787459069646502e-14,vulkan+s island,4.990672993873869
-5.465901530001508,-0.6950624402034786,-0.003419509728477141,0.05639096526747267,-2.0095036745715333e-14,island lock+t,6.921594347693977
-6.1658222579921,-0.2613316668275796,0.008253025451008783,0.05049162715068075,-1.9317880628477724e-14,einzigartiges,6.098208267627088
-6.1658222579921,-0.2613316668275796,0.008253025451008783,0.05049162715068075,-1.9317880628477724e-14,lock+t einzigartig+es,6.098208267627088
-6.74122570534613,0.09513277098363604,0.01974628580992506,0.044601612387297526,-1.8540724511240114e-14,Naturabenteuer,5.421363795039916
-6.74122570534613,0.09513277098363604,0.01974628580992506,0.044601612387297526,-1.8540724511240114e-14,einzigartig+es natur+abenteuer,5.421363795039916
-5.413845695302571,-0.7273248483579522,-0.004204438649596631,0.05678513491860848,-2.020605904817785e-14,Abstieg,6.982835165290451
-7.228556593768129,0.39692479185329477,0.03124929573653827,0.03860973630239403,-1.765254609153999e-14,natur+abenteuer abstieg,4.848181363571718
-6.888587228106694,0.18640287047763415,0.02303190762997194,0.0429006919388094,-1.8318679906315083e-14,abstieg 120,5.248034897675927
-6.568719874871084,-0.011722606346108666,0.016089018156149673,0.046485636756189594,-1.8762769116165146e-14,tiefe,5.6242745009112385
-6.568719874871084,-0.011722606346108666,0.016089018156149673,0.046485636756189594,-1.8762769116165146e-14,meter tief+e,5.6242745009112385
-6.316646228145699,-0.16788475954122983,0.01107834612082409,0.049051848412819496,-1.9095836023552692e-14,tief+e magma+kammer,5.920788518651925
-5.158710147128999,-0.885455794662847,-0.007906294094659774,0.0586403569712642,-2.042810365310288e-14,Thrihnukagigur-Vulkans,7.282991950814671
-5.158710147128999,-0.885455794662847,-0.007906294094659774,0.0586403569712642,-2.042810365310288e-14,magma+kammer thrihnukagigur-vulkan+s,7.282991950814671
-4.911911850921747,-1.0384289571350958,-0.011273125219933858,0.06032272754622338,-2.0650148258027912e-14,der dabei,7.573345830425394
-5.555157400060392,-0.6397459096071505,-0.002049051609594524,0.05570205510850519,-1.9984014443252818e-14,genutzte,6.816590416291155
-5.555157400060392,-0.6397459096071505,-0.002049051609594524,0.05570205510850519,-1.9984014443252818e-14,dabei ge+nutz+t+e,6.816590416291155
-6.1658222579921,-0.2613316668275796,0.008253025451008783,0.05049162715068075,-1.9317880628477724e-14,ge+nutz+t+e aufzug,6.098208267627088
-6.641192783878041,0.03317079039934523,0.017601700007774154,0.045707543401882295,-1.865174681370263e-14,Überbleibsel,5.539027110989936
-6.641192783878041,0.03317079039934523,0.017601700007774154,0.045707543401882295,-1.865174681370263e-14,aufzug überbleibsel,5.539027110989936
-8.449275268208634,1.1520223861680525,0.07124482400837895,0.01682303662778073,-1.4432899320127035e-14,Dreharbeiten,3.4128938142003227
-8.449275268208634,1.1520223861680525,0.07124482400837895,0.01682303662778073,-1.4432899320127035e-14,überbleibsel dreh+arbeit+en,3.4128938142003227
-8.449275268208634,1.1520223861680525,0.07124482400837895,0.01682303662778073,-1.4432899320127035e-14,Dreharbeiten.Eiskalter,3.4128938142003227
-8.449275268208634,1.1520223861680525,0.07124482400837895,0.01682303662778073,-1.4432899320127035e-14,überbleibsel dreharbeiten.eiskalt+er,3.4128938142003227
-8.659851882653097,1.282051383696247,0.08062192957360109,0.01146197619561527,-1.354472090042691e-14,Wind…,3.1654291037838744
-8.659851882653097,1.282051383696247,0.08062192957360109,0.01146197619561527,-1.354472090042691e-14,dreharbeiten.eiskalt+er wind…,3.1654291037838744
-8.70773516864457,1.311603654990603,0.08289996561659832,0.010143335401176803,-1.3433698597964394e-14,+7571,3.1091661407545335
-8.70773516864457,1.311603654990603,0.08289996561659832,0.010143335401176803,-1.3433698597964394e-14,wind… +7571,3.1091661407545335
-8.744657611635663,1.3343868624052038,0.08469673257740853,0.009098681533494014,-1.3211653993039363e-14,+7571 chars,3.0657845689055794
-7.664561410871723,0.665288079980876,-0.13354784025824315,-0.05734780953822753,3.6193270602780103e-14,Lavafontänen-Rekord,4.3359575826610985
-7.664561410871723,0.665288079980876,-0.13354784025824315,-0.05734780953822753,3.6193270602780103e-14,brech+t lavafontänen-rekord,4.3359575826610985
-8.13331226065041,0.9585944952073071,0.027416728172864432,0.007358150965860795,-5.88418203051333e-15,lavafontänen-rekord seit,3.7832775439899287
-6.218291559614063,-0.22882217005781458,0.00922202661720041,0.04999838915903289,-1.9206858326015208e-14,eineinhalb,6.036486267972868
-6.218291559614063,-0.22882217005781458,0.00922202661720041,0.04999838915903289,-1.9206858326015208e-14,rund eineinhalb,6.036486267972868
-5.465901530001508,-0.6950624402034786,-0.003419509728477141,0.05639096526747267,-2.0095036745715333e-14,eineinhalb jahr+en,6.921594347693977
-5.158710147128999,-0.885455794662847,-0.007906294094659774,0.0586403569712642,-2.042810365310288e-14,kilauea immer,7.282991950814671
-6.871255593030717,0.17753781723106465,-0.027681186947587415,0.017645223602498962,-3.219646771412954e-15,Rekord,5.267355921413819
-6.871255593030717,0.17753781723106465,-0.027681186947587415,0.017645223602498962,-3.219646771412954e-15,immer rekord,5.267355921413819
-7.1754483473887,0.36529660094786065,-0.0030466077178529644,0.03862348800574277,-1.3655743202889425e-14,gebrochen,4.90991794197422
-7.1754483473887,0.36529660094786065,-0.0030466077178529644,0.03862348800574277,-1.3655743202889425e-14,rekord ge+brech+en,4.90991794197422
-7.200676136562615,0.38125182472902575,-0.032815219413897194,0.053207961752588774,-1.5432100042289676e-14,Aufgrund,4.88000176342922
-7.103343912396285,0.32071476806867194,-0.09653095389681193,0.06914998651806827,-1.3766765505351941e-14,anhaltenden,4.99448964189541
-7.103343912396285,0.32071476806867194,-0.09653095389681193,0.06914998651806827,-1.3766765505351941e-14,aufgrund an+halt+end+en,4.99448964189541
-6.509364654190404,-0.059798578380214185,-0.30137902437202946,0.04574424305816756,1.865174681370263e-14,an+halt+end+en eruption,5.699440671113431
-6.880503251843965,0.17350328943623694,-0.12150722177189681,0.20665340060644027,-6.039613253960852e-14,eruption geb+t,5.261309925325607
-6.5303456764381576,-0.09015750536405909,-0.06416163203731953,0.4353332488950174,-1.4976908602193362e-13,geb+t warnung+en,5.6977944368000495
-8.421836614205809,1.13119734304948,0.04217341127489682,0.12112730697540634,-4.873879078104437e-14,warnung+en asche+regen,3.4470589775658347
-8.435012950537539,1.1421718828548442,0.06732997064891277,0.052915128150336194,-2.6978419498391304e-14,02.06.2026,3.4301733934300285
-8.435012950537539,1.1421718828548442,0.06732997064891277,0.052915128150336194,-2.6978419498391304e-14,stand 02.06.2026,3.4301733934300285
-8.363060646946431,1.0984767091928866,0.06869369255504529,0.026813549345748703,-1.7763568394002505e-14,13:42,3.514371124337745
-8.363060646946431,1.0984767091928866,0.06869369255504529,0.026813549345748703,-1.7763568394002505e-14,02.06.2026 13:42,3.514371124337745
-8.285455890211207,1.05080163717803,0.06459156604726088,0.020563918216668222,-1.4988010832439613e-14,13:42 uhr,3.6054457168722367
-8.198431206981322,0.9970117315913809,0.06125861465454327,0.022419083433050716,-1.532107773982716e-14,uhr seit,3.7077443223067394
-8.552618622944886,1.2087387370467049,0.025540026778177252,0.16787318136036541,-6.361577931102147e-14,vo…,3.2949831272799193
-8.552618622944886,1.2087387370467049,0.025540026778177252,0.16787318136036541,-6.361577931102147e-14,warnung+en vo…,3.2949831272799193
-8.631691709340414,1.2604665236769719,0.03353621131168695,0.13672472817661752,-5.3290705182007514e-14,+2076,3.200558523114098
-8.631691709340414,1.2604665236769719,0.03353621131168695,0.13672472817661752,-5.3290705182007514e-14,vo… +2076,3.200558523114098
-8.701464023943874,1.3053342682767655,0.04140854820410261,0.1122769646817238,-4.54081217071689e-14,+2076 chars,3.1176485882031995
-8.84984948798937,1.3998260964234261,0.08315497913331574,0.0022924499205218066,-1.0547118733938987e-14,Ice,2.9419011822889862
-8.846058711624718,1.3974626490881368,0.08328417383148284,0.002584549123766565,-1.0658141036401503e-14,Age,2.946368405206549
-8.846058711624718,1.3974626490881368,0.08328417383148284,0.002584549123766565,-1.0658141036401503e-14,ice age,2.946368405206549
-8.83833477565873,1.3926469297355528,0.08354544474111533,0.00317688670615918,-1.099120794378905e-14,Siedepunkt,2.955470667757722
-8.83833477565873,1.3926469297355528,0.08354544474111533,0.00317688670615918,-1.099120794378905e-14,age siedepunkt,2.955470667757722
-8.82637756515901,1.385191717301941,0.08394475481468772,0.004086448632491472,-1.1324274851176597e-14,2027,2.9695616916371246
-8.82637756515901,1.385191717301941,0.08394475481468772,0.004086448632491472,-1.1324274851176597e-14,siedepunkt 2027,2.9695616916371246
-9.362298313499426,1.7149887741058583,0.11846962356580434,-0.014744193039930253,-8.548717289613705e-15,Film,2.340379147070122
-9.362298313499426,1.7149887741058583,0.11846962356580434,-0.014744193039930253,-8.548717289613705e-15,2027 film,2.340379147070122
-9.350453432565608,1.7075995752543027,0.11885676981430932,-0.013522218068197433,-8.992806499463768e-15,The,2.354339676754324
-9.350453432565608,1.7075995752543027,0.11885676981430932,-0.013522218068197433,-8.992806499463768e-15,film the,2.354339676754324
-9.348099443072911,1.7061310504510079,0.11893269522095584,-0.013281170851925175,-9.103828801926284e-15,Walt,2.3571141364860013
-9.348099443072911,1.7061310504510079,0.11893269522095584,-0.013281170851925175,-9.103828801926284e-15,the walt,2.3571141364860013
-9.345110344640378,1.7042663004985468,0.1190286260327185,-0.012975941805417012,-9.2148511043888e-15,Disney,2.360637156347344
-9.345110344640378,1.7042663004985468,0.1190286260327185,-0.012975941805417012,-9.2148511043888e-15,walt disney,2.360637156347344
-7.995424024899665,0.8738442684346568,-0.062073039997328924,-0.033235941725465595,1.9317880628477724e-14,Company,3.9449822561886956
-9.340835817648468,1.7015996061588883,0.11916488449388044,-0.012541102103888934,-9.43689570931383e-15,disney company,2.365675226587597
-9.335179479737281,1.6980708079808131,0.11934352823786909,-0.011968657400799023,-9.658940314238862e-15,Germany,2.3723419614292993
-9.335179479737281,1.6980708079808131,0.11934352823786909,-0.011968657400799023,-9.658940314238862e-15,company germany,2.3723419614292993
-9.328624776918746,1.6940377711720687,0.11894700577107856,-0.01164159336933707,-9.769962616701378e-15,GmbH,2.380036978911134
-9.328624776918746,1.6940377711720687,0.11894700577107856,-0.01164159336933707,-9.769962616701378e-15,germany gmbh,2.380036978911134
-9.377866662478468,1.7247003119293907,0.11794758567219898,-0.016373677178312212,-7.882583474838611e-15,gmbh ice,2.322030330453099
-9.292607327813213,1.6719050458119293,0.11644656550329371,-0.01007150195860371,-9.992007221626409e-15,John,2.4223049076113643
-9.292607327813213,1.6719050458119293,0.11644656550329371,-0.01007150195860371,-9.992007221626409e-15,2027 john,2.4223049076113643
-9.285334319133764,1.66743475980789,0.11594912525612608,-0.00976024351358731,-1.0103029524088925e-14,Donkin,2.4308406333046735
-9.285334319133764,1.66743475980789,0.11594912525612608,-0.00976024351358731,-1.0103029524088925e-14,john donkin,2.4308406333046735
-8.639400728414397,1.2694276349444544,0.07966635025365135,0.012013191617973042,-1.3655743202889425e-14,Manni,3.1894602695219314
-9.26700801961297,1.6561692010053457,0.11470656302324411,-0.0089843291996753,-1.021405182655144e-14,donkin manni,2.4523494901501026
-8.625847694715038,1.2610612541271715,0.07903867874496176,0.012374643537423909,-1.3766765505351941e-14,Diego,3.205386110262674
-8.625847694715038,1.2610612541271715,0.07903867874496176,0.012374643537423909,-1.3766765505351941e-14,manni diego,3.205386110262674
-8.61184804194662,1.2524186886127318,0.07839493925390426,0.012744845269185786,-1.3766765505351941e-14,Sid,3.221837028203756
-8.61184804194662,1.2524186886127318,0.07839493925390426,0.012744845269185786,-1.3766765505351941e-14,diego sid,3.221837028203756
-8.601560884933065,1.2460676919856928,0.07792486666180962,0.013014853860266625,-1.3877787807814457e-14,Buck,3.23392558169612
-8.601560884933065,1.2460676919856928,0.07792486666180962,0.013014853860266625,-1.3877787807814457e-14,sid buck,3.23392558169612
-8.58240538825239,1.2342409516627326,0.07705614568447375,0.013513135327760223,-1.3877787807814457e-14,Ellie,3.2564357969716715
-8.58240538825239,1.2342409516627326,0.07705614568447375,0.013513135327760223,-1.3877787807814457e-14,buck ellie,3.2564357969716715
-8.569153130979883,1.2260584012031779,0.07646010016301627,0.013854484617310203,-1.3988810110276972e-14,katapultieren,3.2720092153003355
-8.569153130979883,1.2260584012031779,0.07646010016301627,0.013854484617310203,-1.3988810110276972e-14,ellie katapultier+en,3.2720092153003355
-8.519403512686491,1.1953370902528853,0.07425785676227556,0.015111967454195378,-1.4210854715202004e-14,gemeinsam,3.330474576753349
-8.519403512686491,1.1953370902528853,0.07425785676227556,0.015111967454195378,-1.4210854715202004e-14,katapultier+en gemeinsam,3.330474576753349
-8.460766150244371,1.1591204363062384,0.07173142694520196,0.016547426399375478,-1.4432899320127035e-14,Eicheln,3.3993885982544656
-8.460766150244371,1.1591204363062384,0.07173142694520196,0.016547426399375478,-1.4432899320127035e-14,gemeinsam eichel+n,3.3993885982544656
-8.437502884530133,1.1447501704672036,0.07074912071216954,0.017103515650089985,-1.4432899320127035e-14,besessenen,3.4267300322359455
-8.437502884530133,1.1447501704672036,0.07074912071216954,0.017103515650089985,-1.4432899320127035e-14,eichel+n besitz+en+en,3.4267300322359455
-7.700571531019115,0.6890875524600122,0.04442804784460934,0.031607072829900454,-1.6653345369377348e-14,Scrat,4.293093940124527
-8.403578270789653,1.1237921985848143,0.06933636452133465,0.017901308350187495,-1.4654943925052066e-14,besitz+en+en scrat,3.4666028724919706
-8.367156944274551,1.1012893315082708,0.06784504053156296,0.01874095947328702,-1.4765966227514582e-14,Opossum-Brüdern,3.509411555190563
-8.367156944274551,1.1012893315082708,0.06784504053156296,0.01874095947328702,-1.4765966227514582e-14,scrat opossum-brüder+n,3.509411555190563
-8.309038545292772,1.0653758993151907,0.06551794025232,0.020046082289759286,-1.4988010832439613e-14,Crash,3.5777252054680186
-8.309038545292772,1.0653758993151907,0.06551794025232,0.020046082289759286,-1.4988010832439613e-14,opossum-brüder+n crash,3.5777252054680186
-9.26700801961297,1.6561692010053457,0.11470656302324411,-0.0089843291996753,-1.021405182655144e-14,crash manni,2.4523494901501026
-8.387350934241326,1.1137664712816888,0.0686687071735553,0.01827753263061028,-1.4654943925052066e-14,Eddie,3.4856758917671686
-8.387350934241326,1.1137664712816888,0.0686687071735553,0.01827753263061028,-1.4654943925052066e-14,crash eddie,3.4856758917671686
-8.301294125524237,1.060589893885879,0.06521260444560525,0.02021686947840018,-1.4988010832439613e-14,sowie,3.5868284171916835
-8.301294125524237,1.060589893885879,0.06521260444560525,0.02021686947840018,-1.4988010832439613e-14,eddie sowie,3.5868284171916835
-8.198431206981322,0.9970117315913809,0.06125861465454327,0.022419083433050716,-1.532107773982716e-14,Baby,3.7077443223067394
-8.198431206981322,0.9970117315913809,0.06125861465454327,0.022419083433050716,-1.532107773982716e-14,sowie baby,3.7077443223067394
-9.14218671843078,1.5793871040593592,0.10663468633557349,-0.003998172629648012,-1.099120794378905e-14,baby scrat,2.5988756197514395
-7.942227544975561,0.8385881080085045,0.052160044344289516,0.027422262626314038,-1.609823385706477e-14,scrat direkt,4.008950511104029
-6.01974162172981,-0.3518459806350238,0.005629832815047198,0.0518240196737281,-1.9539925233402755e-14,brodelnden,6.27005182130533
-7.107401728688353,0.3219085043395129,0.02821201651364738,0.04020210209222666,-1.787459069646502e-14,direkt brodel+nd+en,4.990672993873869
-4.77215798396889,-1.12505638570159,-0.01309342770118814,0.061230545805961156,-2.0761170560490427e-14,brodel+nd+en vulkan,7.737765953269621
-7.3347620639660605,0.46267717363314453,0.03401951980407161,0.03715060236172002,-1.7430501486614958e-14,vulkan ver…,4.723276138161061
-7.657977150416576,0.6627304129343972,0.04314069459891698,0.03229815044721517,-1.6764367671839864e-14,+164,4.343180568946109
-7.657977150416576,0.6627304129343972,0.04314069459891698,0.03229815044721517,-1.6764367671839864e-14,ver… +164,4.343180568946109
-7.849048999976328,0.7809505895767503,0.049088741478210324,0.02909167437018291,-1.63202784619898e-14,+164 char+s,4.1185073791175695
-9.814734305882862,1.9772571002157293,0.18433479772167596,0.13862811958699697,-7.16093850883226e-14,Angriffe,1.8176750279239529
-9.809339188075604,1.9729019943287622,0.18459370367581382,0.14617035845429227,-7.438494264988549e-14,Nahen,1.8245504871898097
-9.809339188075604,1.9729019943287622,0.18459370367581382,0.14617035845429227,-7.438494264988549e-14,angriff+e nah+en,1.8245504871898097
-9.806355489251706,1.9704798287199672,0.18473082314073844,0.1503207766490576,-7.582823258189819e-14,nah+en osten,1.828360055039492
-9.802591120253288,1.9674102813260965,0.18489773619779146,0.15553618923125925,-7.771561172376096e-14,Verspielt,1.8331735646906437
-9.802591120253288,1.9674102813260965,0.18489773619779146,0.15553618923125925,-7.771561172376096e-14,osten verspiel+t,1.8331735646906437
-9.347903797726033,1.533580577109656,0.17375302386168057,0.6472979355343196,-2.540190280342358e-13,Israel,2.4478517261521713
-9.796590804822689,1.9624865671319631,0.18514995180970115,0.16380139512034603,-8.08242361927114e-14,verspiel+t israel,1.840862489282184
-9.791868915808239,1.9585856778401536,0.18533665690055048,0.17026436833716432,-8.315570454442422e-14,israel gerade,1.846927035286397
-9.783357627042445,1.9514973894983751,0.18564754547298148,0.18182300560067005,-8.737455203799982e-14,Unterstützung,1.8578884655331054
-9.783357627042445,1.9514973894983751,0.18564754547298148,0.18182300560067005,-8.737455203799982e-14,gerade unterstützung,1.8578884655331054
-9.765378099769134,1.9362931881230376,0.18619943902636923,0.20586046804067784,-9.603429163007604e-14,unterstützung usa,1.881165360156607
-9.752091773185896,1.9248671240198068,0.1865197655316593,0.22329855712111626,-1.0236256287043943e-13,Angriffen,1.8984667815519431
-9.752091773185896,1.9248671240198068,0.1865197655316593,0.22329855712111626,-1.0236256287043943e-13,nach angriff+en,1.8984667815519431
-9.717175044222968,1.8941342758212205,0.18703231225054165,0.26785079459518624,-1.1857181902996672e-13,angriff+en iran,1.9443069588942579
-9.689714728531744,1.8693199435514352,0.18712790964153134,0.3016385476178724,-1.3078427230084344e-13,iran israel,1.980697887810443
-9.658895123456265,1.840880757179451,0.1869458414866478,0.3383093719353929,-1.439959262938828e-13,israel trotz,2.021851418433119
-9.619904965765045,1.8041315440912458,0.18632445139246798,0.3829017322043786,-1.5998313784848506e-13,Donald,2.0743216388178576
-9.619904965765045,1.8041315440912458,0.18632445139246798,0.3829017322043786,-1.5998313784848506e-13,trotz donald,2.0743216388178576
-9.54075931405832,1.7274398861858813,0.1839375526476076,0.4677109334265178,-1.9029222642075183e-13,Trumps,2.1819359570707046
-9.54075931405832,1.7274398861858813,0.1839375526476076,0.4677109334265178,-1.9029222642075183e-13,donald trump+s,2.1819359570707046
-9.313831955320587,1.4987991831254979,0.17152090054325006,0.6756591639439051,-2.639000129533997e-13,trump+s warnung,2.495113085091242
-9.555999615701367,1.742390736639246,0.18450036246276522,0.4519417966182467,-1.8474111129762605e-13,zurückgefeuert,2.1611170564094895
-9.555999615701367,1.742390736639246,0.18450036246276522,0.4519417966182467,-1.8474111129762605e-13,warnung zurück+ge+feuer+t,2.1611170564094895
-9.67786741583748,1.858457133027925,0.18709247841927293,0.315888389259897,-1.3589129821411916e-13,Schwindet,1.9964810125059391
-9.722091276819567,1.8985195096879846,0.18698761045232368,0.2616873121875429,-1.163513729807164e-13,Einfluss,1.9378220873973024
-9.722091276819567,1.8985195096879846,0.18698761045232368,0.2616873121875429,-1.163513729807164e-13,schwind+et einflus+s,1.9378220873973024
-9.747443620235208,1.9208333743626786,0.18661496229075078,0.22933508599665517,-1.0458300891968975e-13,einflus+s usa,1.904538787098484
-9.759115417129042,1.930926883162003,0.18635944646464334,0.21411414753206368,-9.903189379656396e-14,usa israel,1.8893103185589328
-9.774127748554497,1.9437304188469489,0.18594829316126668,0.19422656131397134,-9.181544413650045e-14,Armeniens,1.8698176441381231
-9.774127748554497,1.9437304188469489,0.18594829316126668,0.19422656131397134,-9.181544413650045e-14,und armenien+s,1.8698176441381231
-9.783357627042445,1.9514973894983751,0.18564754547298148,0.18182300560067005,-8.737455203799982e-14,Spagat,1.8578884655331054
-9.783357627042445,1.9514973894983751,0.18564754547298148,0.18182300560067005,-8.737455203799982e-14,armenien+s spagat,1.8578884655331054
-9.795289709834153,1.961413977778136,0.18520242437568954,0.1655858524741035,-8.137934770502397e-14,Ost,1.8425323438125871
-9.795289709834153,1.961413977778136,0.18520242437568954,0.1655858524741035,-8.137934770502397e-14,spagat ost,1.8425323438125871
-9.800286023142334,1.9655232347076164,0.18499662687450144,0.1587183380317732,-7.893685705084863e-14,West,1.836125011008633
-9.800286023142334,1.9655232347076164,0.18499662687450144,0.1587183380317732,-7.893685705084863e-14,ost west,1.836125011008633
-9.80314914815595,1.96786626186262,0.18487341872546995,0.154764530617361,-7.749356711883593e-14,west ein,1.832459510625902
-9.807873519288316,1.9717133673555731,0.18466159607050334,0.14821098792819357,-7.505107646466058e-14,posiert,1.8264212100241062
-9.807873519288316,1.9717133673555731,0.18466159607050334,0.14821098792819357,-7.505107646466058e-14,mann posier+t,1.8264212100241062
-9.815978407923206,1.9782568175768238,0.1842730700474233,0.13688202328959787,-7.09432512735475e-14,abgestürzten,1.8160919662997288
-9.815978407923206,1.9782568175768238,0.1842730700474233,0.13688202328959787,-7.09432512735475e-14,posier+t ab+ge+stürz+t+en,1.8160919662997288
-9.820958133466355,1.9822409836088486,0.18401830382550824,0.12986706730544606,-6.838973831690964e-14,Rakete,1.8097646541498142
-9.820958133466355,1.9822409836088486,0.18401830382550824,0.12986706730544606,-6.838973831690964e-14,ab+ge+stürz+t+en rakete,1.8097646541498142
-9.824393209432781,1.9849729092001254,0.18383531628345515,0.12500379789922586,-6.661338147750939e-14,Umland,1.8054086415708763
-9.824393209432781,1.9849729092001254,0.18383531628345515,0.12500379789922586,-6.661338147750939e-14,rakete umland,1.8054086415708763
-9.826622673782339,1.9867387448331186,0.18371335022410382,0.12183674584525568,-6.550315845288424e-14,Jerichos,1.802585291219476
-9.826622673782339,1.9867387448331186,0.18371335022410382,0.12183674584525568,-6.550315845288424e-14,umland jericho+s,1.802585291219476
-9.833363045805838,1.9920420949953643,0.1833290788869025,0.11221051449810286,-6.195044477408373e-14,seit anfang,1.7940680353282725
-9.835106438705992,1.9934050434447823,0.18322584551893992,0.10970810768819146,-6.106226635438361e-14,anfang april,1.7918696696572005
-9.837900081028472,1.995581441490283,0.18305709148655988,0.1056873726124567,-5.950795411990839e-14,april iran,1.78835098424778
-9.839639328936963,1.9969316363789562,0.18294994417025892,0.10317741247774942,-5.861977570020827e-14,iran sonntag,1.7861628594152776
-9.841289888211014,1.9982095678323977,0.18284677099777083,0.1007906347783897,-5.773159728050814e-14,sonntag israel,1.7840881117883494
-9.842667167203318,1.9992733549763102,0.18275956433569315,0.09879544253653735,-5.706546346573305e-14,israel direkt,1.7823582255506616
-9.84398657085372,2.000290244695767,0.18267506604017855,0.09688102377661484,-5.6288307348495437e-14,beschossen.©,1.780702188905007
-9.84398657085372,2.000290244695767,0.18267506604017855,0.09688102377661484,-5.6288307348495437e-14,direkt beschossen.©,1.780702188905007
-9.846973477792496,2.0025843182834873,0.18248029920037132,0.09253598963617268,-5.473399511402022e-14,Ahmad,1.7769574145003184
-9.846973477792496,2.0025843182834873,0.18248029920037132,0.09253598963617268,-5.473399511402022e-14,beschossen.© ahmad,1.7769574145003184
-9.847960956028082,2.0033402894482837,0.1824148421694066,0.09109611364688747,-5.417888360170764e-14,Gharabli/AFP,1.7757206773688075
-9.847960956028082,2.0033402894482837,0.1824148421694066,0.09109611364688747,-5.417888360170764e-14,ahmad gharabli/afp,1.7757206773688075
-8.980139009174003,1.475449640769073,0.10669316176502563,0.07703842152749235,-4.030109579389318e-14,via,2.7913127006074197
-9.849993712887333,2.004892612691262,0.182278417777387,0.08812675353062631,-5.306866057708248e-14,gharabli/afp via,1.773176851722154
-9.850591733045624,2.005348297512151,0.18223785103276688,0.0872518254466583,-5.284661597215745e-14,Getty,1.7724290041967752
-9.850591733045624,2.005348297512151,0.18223785103276688,0.0872518254466583,-5.284661597215745e-14,via getty,1.7724290041967752
-9.851466122909088,2.0060137546442123,0.18217818208401024,0.08597143694489705,-5.229150445984487e-14,Images,1.7713359769065993
-9.851466122909088,2.0060137546442123,0.18217818208401024,0.08597143694489705,-5.229150445984487e-14,getty image+s,1.7713359769065993
-9.852591807233273,2.006869024501797,0.18210074280623526,0.08432111157162327,-5.1736392947532295e-14,image+s ein,1.7699295767419732
-9.853938488165454,2.0078900708047662,0.1820071777902386,0.08234388771345505,-5.0959236830294685e-14,Eskal…,1.7682481928539455
-9.853938488165454,2.0078900708047662,0.1820071777902386,0.08234388771345505,-5.0959236830294685e-14,neu+e eskal…,1.7682481928539455
-9.854970760916396,2.0086711553751737,0.18193477431606278,0.08082614006872896,-5.040412531798211e-14,+2298,1.7669601921617877
-9.854970760916396,2.0086711553751737,0.18193477431606278,0.08082614006872896,-5.040412531798211e-14,eskal… +2298,1.7669601921617877
-9.855720281683052,2.0092374293915194,0.1818818304238797,0.0797229544511577,-5.007105841059456e-14,+2298 char+s,1.7660254447633639
-4.77215798396889,-1.12505638570159,-0.01309342770118814,0.061230545805961156,-2.0761170560490427e-14,dieser vulkan,7.737765953269621
-6.675629551010815,0.054501939230551244,0.01833243314828814,0.04533108777920815,-1.865174681370263e-14,schlug,5.498520739800831
-6.675629551010815,0.054501939230551244,0.01833243314828814,0.04533108777920815,-1.865174681370263e-14,vulkan schlag,5.498520739800831
-7.700571531019115,0.6890875524600131,0.04442804784460934,0.03160707282990057,-1.6653345369377348e-14,Army,4.293093940124527
-7.700571531019115,0.6890875524600131,0.04442804784460934,0.03160707282990057,-1.6653345369377348e-14,schlag army,4.293093940124527
-8.072363405811522,0.9190687941320963,0.05665529910948039,0.024961365095505835,-1.5654144647214707e-14,army flucht,3.8559499414961103
-8.216976596117682,1.0084756446433014,0.06195785958811692,0.022030894492634928,-1.5210055437364645e-14,flucht mehr,3.68594342185921
-6.941815622036889,0.21936798988231132,0.024257679938086862,0.04226402848562638,-1.8207657603852567e-14,600,5.1854282552505415
-6.941815622036889,0.21936798988231132,0.024257679938086862,0.04226402848562638,-1.8207657603852567e-14,mehr 600,5.1854282552505415
-7.040041289448687,0.2801967957188509,0.026576910764841102,0.04105621442449332,-1.7985612998927536e-14,600 jahr+e,5.069898447720948
-7.1700639458866515,0.36070859914009024,0.029767077724436306,0.039387780310318865,-1.7763568394002505e-14,schien,4.9169746224986906
-7.1700639458866515,0.36070859914009024,0.029767077724436306,0.039387780310318865,-1.7763568394002505e-14,jahr+e schein+en,4.9169746224986906
-7.3673618984767035,0.4828583815535068,0.03489105847403286,0.036690175400595854,-1.7430501486614958e-14,Pinatubo,4.684937256162904
-7.3673618984767035,0.4828583815535068,0.03489105847403286,0.036690175400595854,-1.7430501486614958e-14,schein+en pinatubo,4.684937256162904
-7.6009779772543755,0.6274570991961483,0.041450807225391004,0.03320293157692849,-1.687538997430238e-14,pinatubo philippinen,4.4102071939316305
-7.730932474396801,0.7078736705614204,0.045358835200985465,0.031106416830052074,-1.6542323066914832e-14,philippinen erlösch+en,4.2573931627091195
-7.873613327240751,0.7961463159306237,0.04988702586203443,0.028658682090928964,-1.6209256159527285e-14,spie,4.089624763856041
-7.873613327240751,0.7961463159306237,0.04988702586203443,0.028658682090928964,-1.6209256159527285e-14,dann spie,4.089624763856041
-7.942227544975559,0.838588108008504,0.052160044344289294,0.02742226262631397,-1.609823385706477e-14,spie berg,4.00895051110403
-7.9774020297852175,0.8603433734950956,0.05335070399628042,0.026772490358776463,-1.5987211554602254e-14,1991,3.96759474778481
-7.9774020297852175,0.8603433734950956,0.05335070399628042,0.026772490358776463,-1.5987211554602254e-14,berg 1991,3.96759474778481
-8.05451643481485,0.9080328807076348,0.05602392642636386,0.02530828353494965,-1.5765166949677223e-14,1991 feuer,3.8769318859933204
-8.09536017225567,0.9332885143630394,0.05747609399968656,0.024509732697224094,-1.5654144647214707e-14,Einer,3.828913949264684
-5.045597263344211,-0.9543200108695373,-0.06850875117303422,0.030268937896988243,-3.1086244689504383e-15,größten,7.415316466028287
-8.149201953158403,0.9665779030751336,0.059430426734222275,0.023431481461047142,-1.5432100042289676e-14,einer groß,3.765616832644882
-8.188922296755548,0.9911335505333017,0.06090234501291725,0.022616661599612183,-1.532107773982716e-14,US-Stützpunkte,3.7189225685149547
-8.188922296755548,0.9911335505333017,0.06090234501291725,0.022616661599612183,-1.532107773982716e-14,groß us+-+stütz+punkt+e,3.7189225685149547
-8.256554270073025,1.0329389296369487,0.06346993591459388,0.021189611243237323,-1.509903313490213e-14,us+-+stütz+punkt+e werd+e,3.6394191780737124
-8.281421372475311,1.0483081790304227,0.06443409367422856,0.0206518480246257,-1.4988010832439613e-14,weitgehend,3.6101881911221607
-8.281421372475311,1.0483081790304227,0.06443409367422856,0.0206518480246257,-1.4988010832439613e-14,werd+e weitgehend,3.6101881911221607
-8.32419215611937,1.0747404380656607,0.06611859381740884,0.01970980369772483,-1.4876988529977098e-14,weitgehend zerstör+t,3.559912995227407
-8.591057691323394,1.2395051059850017,0.07776175666547183,0.01570796660582918,-1.4765966227514582e-14,Besatzung,3.2463081527261197
-8.591057691323394,1.2395051059850017,0.07776175666547183,0.01570796660582918,-1.4765966227514582e-14,der besatzung,3.2463081527261197
-8.621175221095902,1.2580716030133083,0.07924664265026879,0.015751155655144296,-1.4988010832439613e-14,besatzung gerade,3.210930673204186
-9.169479821553054,1.5961833460038368,0.1083438629134231,-0.005046190870971468,-1.0880185641326534e-14,vorher,2.5668326285413543
-9.169479821553054,1.5961833460038368,0.1083438629134231,-0.005046190870971468,-1.0880185641326534e-14,gerade vorher,2.5668326285413543
-9.179915960698379,1.6026047443763152,0.10900539396264797,-0.005452935023979814,-1.0769163338864018e-14,evakuiert,2.5545808223524062
-9.179915960698379,1.6026047443763152,0.10900539396264797,-0.005452935023979814,-1.0769163338864018e-14,vorher evakuier+t,2.5545808223524062
-9.194101256835138,1.611332078722741,0.10991180067235334,-0.006011254162695812,-1.0658141036401503e-14,evakuier+t werd+en,2.5379280959413175
-9.373707821219355,1.7215630647054239,0.12302294209206485,-0.007585661737589577,-1.1657341758564144e-14,+6720,2.3272217845123357
-9.373707821219355,1.7215630647054239,0.12302294209206485,-0.007585661737589577,-1.1657341758564144e-14,gerade +6720,2.3272217845123357
-9.376711712149433,1.723393756829935,0.12330835606345372,-0.007246646080768231,-1.176836406102666e-14,+6720 char+s,2.3237044291090845
-8.198431206981322,0.9970117315913809,0.06125861465454327,0.022419083433050716,-1.532107773982716e-14,meter tiefe,3.7077443223067394
-5.700474852983738,-0.5496884495843366,0.0002512901905876441,0.05454361425994293,-1.9872992140790302e-14,Spiderman,6.645635482241746
-8.023550677081742,0.8888837875214728,0.0549398975642551,0.025902940782505154,-1.587618925213974e-14,tiefe spiderma+n,3.913337599963225
-4.786617210360866,-1.1160936160867077,-0.012907859631132855,0.06113805271732854,-2.0761170560490427e-14,Jemen,7.720754637546603
-4.786617210360866,-1.1160936160867077,-0.012907859631132855,0.06113805271732854,-2.0761170560490427e-14,spiderma+n jemen,7.720754637546603
-7.016438488106362,0.265580608019913,0.026012686053875106,0.041350444013433574,-1.8096635301390052e-14,stürzt,5.097659028450145
-7.016438488106362,0.265580608019913,0.026012686053875106,0.041350444013433574,-1.8096635301390052e-14,jemen stürz+t,5.097659028450145
-4.77215798396889,-1.12505638570159,-0.01309342770118814,0.061230545805961156,-2.0761170560490427e-14,stürz+t vulkan+krater,7.737765953269621
-7.657977150416576,0.6627304129343972,0.04314069459891698,0.03229815044721517,-1.6764367671839864e-14,vulkan+krater tod,4.343180568946109
-7.8148282517517,0.7597802173750892,0.04798985339304532,0.029686674134527666,-1.6431300764452317e-14,tod mit,4.158744573334073
-7.209955039137325,0.3854077189450913,0.030774658063154575,0.038859082763287735,-1.7763568394002505e-14,mit video+s,4.8700585413677455
-7.476071322035898,0.5501503317418415,0.03787297213886802,0.03510978095225184,-1.7208456881689926e-14,waghalsigen,4.557093153697991
-7.476071322035898,0.5501503317418415,0.03787297213886802,0.03510978095225184,-1.7208456881689926e-14,video+s waghalsig+en,4.557093153697991
-7.677219070905178,0.674637403190276,0.043719612446053255,0.03198757123082498,-1.6764367671839864e-14,Kletteraktionen,4.320553925099503
-7.677219070905178,0.674637403190276,0.043719612446053255,0.03198757123082498,-1.6764367671839864e-14,waghalsig+en kletter+aktion+en,4.320553925099503
-7.3643789614568105,0.48101179967362384,0.03481088597203093,0.03673255761735893,-1.7430501486614958e-14,kletter+aktion+en spiderma+n,4.688445307912453
-7.930473403518414,0.8313178916271688,0.051766056430764706,0.02763695092563243,-1.609823385706477e-14,Internet,4.022770413696154
-7.930473403518414,0.8313178916271688,0.051766056430764706,0.02763695092563243,-1.609823385706477e-14,jemen internet,4.022770413696154
-7.8576681107751565,0.7862825290746445,0.04936793174686065,0.028940313223912176,-1.63202784619898e-14,berühmt,4.108373029001046
-7.8576681107751565,0.7862825290746445,0.04936793174686065,0.028940313223912176,-1.63202784619898e-14,internet berühmt,4.108373029001046
-8.301294125524237,1.060589893885879,0.06521260444560525,0.02021686947840018,-1.4988010832439613e-14,inszeniert,3.5868284171916835
-8.301294125524237,1.060589893885879,0.06521260444560525,0.02021686947840018,-1.4988010832439613e-14,jetzt inszenier+t,3.5868284171916835
-7.849048999976328,0.7809505895767503,0.049088741478210324,0.02909167437018291,-1.63202784619898e-14,inszenier+t abstieg,4.1185073791175695
-7.265459568415082,0.4197724617724923,0.0322001038438848,0.03810966556562343,-1.765254609153999e-14,Innere,4.804780357916136
-7.265459568415082,0.4197724617724923,0.0322001038438848,0.03810966556562343,-1.765254609153999e-14,abstieg innere+e,4.804780357916136
-4.77215798396889,-1.12505638570159,-0.01309342770118814,0.061230545805961156,-2.0761170560490427e-14,innere+e vulkan+s,7.737765953269621
-6.802826850761445,0.13328736928860696,0.021100944384115902,0.04390130361535322,-1.84297022087776e-14,vulkan+s jedoch,5.3489069002359715
-7.912623239980011,0.8202768298296896,0.051171407259200954,0.027960681586184276,-1.609823385706477e-14,fällt,4.0437578714501425
-8.159394758363701,0.9728794562778147,0.05980566037853918,0.023223984664554942,-1.5432100042289676e-14,schwindelerregender,3.753634295891563
-8.159394758363701,0.9728794562778147,0.05980566037853918,0.023223984664554942,-1.5432100042289676e-14,fall+t schwindel+er+reg+end+er,3.753634295891563
-8.460766150244371,1.1591204363062386,0.07173142694520179,0.01654742639937534,-1.4432899320127035e-14,schwindel+er+reg+end+er höhe,3.3993885982544656
-8.580224199923412,1.2328942146694755,0.07695776554430203,0.01356950635904538,-1.3877787807814457e-14,Schwefelsee,3.258999009363133
-8.580224199923412,1.2328942146694755,0.07695776554430203,0.01356950635904538,-1.3877787807814457e-14,höhe schwefel+see,3.258999009363133
-8.694621603286896,1.303510933512818,0.0822703265962095,0.010508450410300746,-1.3433698597964394e-14,schwefel+see boden,3.1245742689576566
-8.738740533165794,1.330735956892098,0.08440637668977588,0.009267773092800666,-1.3211653993039363e-14,Retter,3.072736623824839
-8.778365329208619,1.3551829461494767,0.08636873831767317,0.00812288600481851,-1.3100631690576847e-14,retter berg+en,3.026181998348279
-8.83323188985059,1.389025594242306,0.08915751168394434,0.006487357158518482,-1.27675647831893e-14,Kletterer,2.9617243855328956
-8.83323188985059,1.389025594242306,0.08915751168394434,0.006487357158518482,-1.27675647831893e-14,berg+en kletterer,2.9617243855328956
-8.91540462741138,1.4396925530642857,0.09349864320297988,0.00392126128633891,-1.2323475573339238e-14,Metallkäfig,2.865197495110726
-8.91540462741138,1.4396925530642857,0.09349864320297988,0.00392126128633891,-1.2323475573339238e-14,kletterer metall+käfig,2.865197495110726
-8.981297076757691,1.4803035690774227,0.0971318347647758,0.0017544266010587686,-1.199040866595169e-14,Yemeni,2.787804455537606
-8.981297076757691,1.4803035690774227,0.0971318347647758,0.0017544266010587686,-1.199040866595169e-14,foto yemeni,2.787804455537606
-9.001460715641874,1.4927274862108686,0.09827222103788269,0.0010706372602245912,-1.1879386363489175e-14,Civil,2.7641233973507826
-9.001460715641874,1.4927274862108686,0.09827222103788269,0.0010706372602245912,-1.1879386363489175e-14,yemeni civil,2.7641233973507826
-9.017745019854305,1.5027599168056305,0.09920333019271299,0.0005110233565002766,-1.176836406102666e-14,Defense,2.74499906518594
-9.017745019854305,1.5027599168056305,0.09920333019271299,0.0005110233565002766,-1.176836406102666e-14,civil defense,2.74499906518594
-9.038166480885797,1.5153395871091717,0.1003840329275078,-0.00020030250334983346,-1.1657341758564144e-14,Authority,2.7210169083663587
-9.038166480885797,1.5153395871091717,0.1003840329275078,-0.00020030250334983346,-1.1657341758564144e-14,defense authority,2.7210169083663587
-9.061842951516528,1.5299220875030834,0.10177147245634066,-0.0010386235949750092,-1.1546319456101628e-14,authority via,2.693213435079287
-9.081597899250838,1.542087376519349,0.10294469095526296,-0.0017495805372956877,-1.1435297153639112e-14,via mit,2.6700160872701137
-9.241447633013806,1.6404532728816419,0.11299900408177807,-0.00792171857777851,-1.0325074129013956e-14,+2337,2.482350578034522
-9.241447633013806,1.6404532728816419,0.11299900408177807,-0.00792171857777851,-1.0325074129013956e-14,jetzt +2337,2.482350578034522
-9.248115182633338,1.6445532252576818,0.1134416072643174,-0.008196743197035092,-1.0325074129013956e-14,+2337 chars,2.474524444528135
-7.17130864213126,0.36147928458219347,0.02979830693275691,0.03937140641944581,-1.7763568394002505e-14,400,4.915510721861017
-7.136827508865292,0.34012906952629285,0.028938108536294027,0.039822124964712685,-1.787459069646502e-14,400 erdbeben,4.956064544942344
-7.997601005766216,0.8728356656673522,0.05404245571016572,0.026394311735095873,-1.587618925213974e-14,wenigen,3.943846548360928
-7.997601005766216,0.8728356656673522,0.05404245571016572,0.026394311735095873,-1.587618925213974e-14,erdbeben wenig+en,3.943846548360928
-7.740769941269884,0.713960503801446,0.045662820479310376,0.030942726514325412,-1.6542323066914832e-14,wenig+en stunde+n,4.245825604508112
-7.265459568415082,0.4197724617724923,0.0322001038438848,0.03810966556562343,-1.765254609153999e-14,Isländischer,4.804780357916136
-7.265459568415082,0.4197724617724923,0.0322001038438848,0.03810966556562343,-1.765254609153999e-14,stunde+n isländisch+er,4.804780357916136
-4.77215798396889,-1.12505638570159,-0.01309342770118814,0.061230545805961156,-2.0761170560490427e-14,isländisch+er vulkan,7.737765953269621
-3.6064309727810944,-1.846820349920057,-0.06953151825582496,0.046581549140566635,-8.881784197001252e-15,vulkan sorg+t,9.108744749012027
-7.42495654235419,0.5159432510283759,0.04215013523263772,0.08467779210788272,-3.552713678800501e-14,sorg+t erhöh+t+e,4.618534579694012
-7.462476598630552,0.5180219676861428,0.059268295832474144,0.24977371933885223,-9.71445146547012e-14,erhöh+t+e warn+stufe,4.585469497440224
-7.578407590009839,0.6111402183504042,0.04619841949889361,0.07944025656407123,-3.419486915845482e-14,warn+stufe auf,4.4379648972867045
-7.4427606358192895,0.5292040433511156,0.03796886478855249,0.044088131957317526,-2.042810365310288e-14,auf island,4.596435303555575
-4.77215798396889,-1.12505638570159,-0.01309342770118814,0.061230545805961156,-2.0761170560490427e-14,island vulkan,7.737765953269621
-6.675629551010815,0.054501939230551244,0.01833243314828814,0.04533108777920815,-1.865174681370263e-14,Bárðarbunga,5.498520739800831
-6.675629551010815,0.054501939230551244,0.01833243314828814,0.04533108777920815,-1.865174681370263e-14,vulkan bárðarbunga,5.498520739800831
-7.612735217910432,0.6347331739459592,0.04179636192709178,0.03301813689702949,-1.687538997430238e-14,bárðarbunga derzeit,4.396381456014982
-7.912623239980011,0.8202768298296896,0.051171407259200954,0.027960681586184276,-1.609823385706477e-14,intensiv,4.0437578714501425
-7.912623239980011,0.8202768298296896,0.051171407259200954,0.027960681586184276,-1.609823385706477e-14,derzeit intensiv,4.0437578714501425
-8.138825120615206,0.9601624210152799,0.05905015645654327,0.023641607827983725,-1.554312234475219e-14,überwacht,3.7778157963506116
-8.138825120615206,0.9601624210152799,0.05905015645654327,0.023641607827983725,-1.554312234475219e-14,intensiv überwach+t,3.7778157963506116
-8.331606725891035,1.0793223023912875,0.06641404490930919,0.019544243959800634,-1.4876988529977098e-14,Anlass,3.551197670407258
-8.524384261285878,1.1984130463717724,0.074475864296487,0.01498774474348697,-1.4210854715202004e-14,anlass serie,3.3246211015332787
-8.613876275834777,1.25367083153272,0.07848791418369816,0.012691408649838035,-1.3766765505351941e-14,serie etwa,3.2194536447148314
-8.652530621580059,1.2775323615515588,0.08027866806435005,0.011660112883767898,-1.3655743202889425e-14,etwa 400,3.1740318965206735
-8.62976450310093,1.263479174526579,0.07921962091992615,0.012270495654670598,-1.3766765505351941e-14,erdbeben gebiet,3.200783537641293
-8.54377969493498,1.210390537571,0.07533000869310288,0.014500496661343459,-1.4099832412739488e-14,gebiet kurz+er,3.3018274913479266
-8.413065622559401,1.129653529243972,0.06972912814906213,0.017679745203669606,-1.454392162258955e-14,zeit erschütter+t,3.455451915105137
-7.970521811187203,0.8560881066952621,0.05311642190047666,0.026900459331596144,-1.5987211554602254e-14,island gelt,3.975683974490078
-7.016438488106362,0.265580608019913,0.026012686053875106,0.041350444013433574,-1.8096635301390052e-14,gelt aktiv+st+en,5.097659028450145
-4.77215798396889,-1.12505638570159,-0.01309342770118814,0.061230545805961156,-2.0761170560490427e-14,Vulkangebiete,7.737765953269621
-4.77215798396889,-1.12505638570159,-0.01309342770118814,0.061230545805961156,-2.0761170560490427e-14,aktiv+st+en vulkan+gebiet+e,7.737765953269621
-7.3347620639660605,0.46267717363314453,0.03401951980407161,0.03715060236172002,-1.7430501486614958e-14,vulkan+gebiet+e weltweit,4.723276138161061
-7.8148282517517,0.7597802173750892,0.04798985339304532,0.029686674134527666,-1.6431300764452317e-14,Spätestens,4.158744573334073
-8.117496421325036,0.9469754525724068,0.05827399289309537,0.024070009093052288,-1.554312234475219e-14,spätestens seit,3.8028900024162433
-8.285455890211207,1.05080163717803,0.06459156604726088,0.020563918216668222,-1.4988010832439613e-14,seit ausbruch,3.6054457168722367
-5.4359834195902375,-0.7136045913584215,-0.003871904642402696,0.056618180778145955,-2.0095036745715333e-14,Eyjafjallajökull,6.956791319359978
-8.460766150244371,1.1591204363062386,0.07173142694520179,0.01654742639937534,-1.4432899320127035e-14,ausbruch eyjafjallajökull,3.3993885982544656
-8.645078331622384,1.272932319638931,0.07993061222488312,0.011860867978215051,-1.3655743202889425e-14,eyjafjallajökull jahr,3.1827887321846973
-8.681067046479047,1.2951455713107063,0.08162411248308674,0.010882660822480045,-1.354472090042691e-14,2010,3.1405008227673608
-8.681067046479047,1.2951455713107063,0.08162411248308674,0.010882660822480045,-1.354472090042691e-14,jahr 2010,3.1405008227673608
-8.761883345105328,1.3450147555751664,0.08554734084356616,0.008602705230112268,-1.3100631690576847e-14,2010 europa,3.0455461433104567
-8.799274341121055,1.3680811025466422,0.08742151813290996,0.00750664123646343,-1.2989609388114332e-14,massive,3.0016173358947746
-8.799274341121055,1.3680811025466422,0.08742151813290996,0.00750664123646343,-1.2989609388114332e-14,europa massiv+e,3.0016173358947746
-6.571482614660583,-0.010250925763953589,-0.12148536195379628,-0.022088001276080484,2.19824158875781e-14,Einschränkungen,5.620932652897962
-8.837833119386826,1.3918632757706075,0.0893952811417098,0.006347447399026165,-1.27675647831893e-14,massiv+e einschränkung+en,2.9563190690358936
-8.91540462741138,1.4396925530642857,0.09349864320297988,0.00392126128633891,-1.2323475573339238e-14,einschränkung+en flug+verkehr,2.865197495110726
-8.956536667075778,1.4650451147671995,0.09575005646793139,0.0025806039231474932,-1.2101430968414206e-14,auslöste,2.816885375137587
-8.956536667075778,1.4650451147671995,0.09575005646793139,0.0025806039231474932,-1.2101430968414206e-14,flug+verkehr aus+lös+te,2.816885375137587
-9.00971231494824,1.4978112674528303,0.09874289195870678,0.000787902808771869,-1.1879386363489175e-14,Inse…,2.7544326208089744
-9.00971231494824,1.4978112674528303,0.09874289195870678,0.000787902808771869,-1.1879386363489175e-14,aus+lös+te inse…,2.7544326208089744
-9.028131270582998,1.5091580951929224,0.09980200002444628,0.00015058723486964173,-1.176836406102666e-14,inse… +2088,2.732801741143899
-9.04305859481068,1.5183528752562123,0.10066906409690932,-0.0003723084610184127,-1.1657341758564144e-14,+2088 chars,2.71527194864169
-7.874144052636704,0.7960403721860541,-0.11761641874860893,-0.05669429047406066,3.419486915845482e-14,Theater-Biennale,4.0889650157258695
-7.777649486798394,0.7359520815240774,-0.12374255058820813,-0.05631863092122784,3.4861002973229915e-14,Venedig,4.202626572642597
-7.777649486798394,0.7359520815240774,-0.12374255058820813,-0.05631863092122784,3.4861002973229915e-14,theater+-+biennale venedig,4.202626572642597
-8.77788529953341,1.3581693514978077,-0.041547571053288296,-0.059390373984867253,2.6201263381153694e-14,venedig der,3.0248159475239254
-8.763475596674681,1.3492255411460983,-0.04311951333835072,-0.059370938102575446,2.6423307986078726e-14,Räuspern,3.041772554406353
-8.763475596674681,1.3492255411460983,-0.04311951333835072,-0.059370938102575446,2.6423307986078726e-14,der räusper+n,3.041772554406353
-8.712521365244875,1.3175908547571726,-0.04855688101185582,-0.059292092607874866,2.708944180085382e-14,Berge,3.1017375758165215
-8.712521365244875,1.3175908547571726,-0.04855688101185582,-0.059292092607874866,2.708944180085382e-14,räusper+n berg+e,3.1017375758165215
-8.68657938363455,1.3014801869622366,-0.05125493762631869,-0.05924626200493452,2.731148640577885e-14,berg+e der,3.132269775919542
-8.66831064534843,1.2901330326489284,-0.053127467027625844,-0.059211832451460666,2.7533531010703882e-14,der indonesisch+e,3.153772003833537
-8.602693813732833,1.2493656748084427,-0.0596729098744933,-0.059074557946115644,2.8199664825478976e-14,Bumi,3.231008957296754
-8.602693813732833,1.2493656748084427,-0.0596729098744933,-0.059074557946115644,2.8199664825478976e-14,indonesisch+e bumi,3.231008957296754
-8.574505989046807,1.2318478124580674,-0.06240144162642716,-0.05900953935350782,2.864375403532904e-14,Purnati,3.2641913343166733
-8.574505989046807,1.2318478124580674,-0.06240144162642716,-0.05900953935350782,2.864375403532904e-14,bumi purnati,3.2641913343166733
-8.525300195472129,1.2012615561441988,-0.06705027445271287,-0.05888816219033101,2.90878432451791e-14,purnati company,3.3221193928236574
-8.470139188396898,1.1669648202470717,-0.07209659979593437,-0.05874124237230369,2.9531932455029164e-14,beeindruckt,3.3870632015752244
-8.470139188396898,1.1669648202470717,-0.07209659979593437,-0.05874124237230369,2.9531932455029164e-14,company beeindruck+t,3.3870632015752244
-8.859898385256779,1.4090508420712096,-0.032297048074791494,-0.059474364489925644,2.531308496145357e-14,beeindruck+t theater+-+biennale,2.9283194666853847
-7.643704529868853,0.652536653821437,-0.1317921980018511,-0.05578861342244637,3.552713678800501e-14,mitreißenden,4.360405394545712
-7.643704529868853,0.652536653821437,-0.1317921980018511,-0.05578861342244637,3.552713678800501e-14,venedig mit+reiß+end+en,4.360405394545712
-7.117678096995206,0.3249266145091463,-0.15915248715697822,-0.05367742678285607,3.7969627442180354e-14,Ballade,4.980051759685041
-7.117678096995206,0.3249266145091463,-0.15915248715697822,-0.05367742678285607,3.7969627442180354e-14,mit+reiß+end+en ballade,4.980051759685041
-3.6824105817455504,-1.8128947058551925,-0.25560705596053157,-0.04251532523701175,4.5075054799781356e-14,ballade vulkan+ausbruch,9.025995065839378
-7.5154694734084035,0.5726728701559511,-0.13904728532989616,-0.05527543434877853,3.6193270602780103e-14,komische,4.511461415792816
-7.777649486798394,0.7359520815240774,-0.12374255058820816,-0.05631863092122792,3.4861002973229915e-14,Sache,4.202626572642597
-7.777649486798394,0.7359520815240774,-0.12374255058820816,-0.05631863092122792,3.4861002973229915e-14,komisch+e sache,4.202626572642597
-8.052895046505874,0.9073348261770673,-0.10546083889122318,-0.057368969888590166,3.3084646133829665e-14,Katastrophen,3.8784230033964815
-8.052895046505874,0.9073348261770673,-0.10546083889122318,-0.057368969888590166,3.3084646133829665e-14,sache katastrophe+n,3.8784230033964815
-8.241827268982275,1.0249335246257665,-0.09131474796377805,-0.05803625820196305,3.1530333899354446e-14,Entweder,3.6559098475290868
-8.373215171565295,1.1066824363111343,-0.08056770791337678,-0.058458975019133635,3.042011087472929e-14,entweder seh+t,3.501187557914299
-8.477401572150512,1.1714807469657371,-0.07144187141224562,-0.05876119733440052,2.9531932455029164e-14,früh,3.3785125582042816
-8.477401572150512,1.1714807469657371,-0.07144187141224562,-0.05876119733440052,2.9531932455029164e-14,seh+t früh,3.3785125582042816
-8.518754415885086,1.1971921347715888,-0.06765806462147961,-0.058871304028856,2.90878432451791e-14,früh sprech+t,3.329825805636587
-8.629152900621929,1.265806563882201,-0.057066797827615895,-0.05913237290179098,2.7977620220553945e-14,bevor,3.1998630932717242
-8.629152900621929,1.265806563882201,-0.057066797827615895,-0.05913237290179098,2.7977620220553945e-14,sprech+t bevor,3.1998630932717242
-8.699760236142312,1.3096662294218235,-0.049889870561787675,-0.059270006708540046,2.731148640577885e-14,ereignen,3.1167564704053774
-8.699760236142312,1.3096662294218235,-0.049889870561787675,-0.059270006708540046,2.731148640577885e-14,bevor ereign+en,3.1167564704053774
-8.74078579927648,1.335140268967003,-0.04556378183788523,-0.059337726760450016,2.6645352591003757e-14,warnt,3.0684739603470605
-8.74078579927648,1.335140268967003,-0.04556378183788523,-0.059337726760450016,2.6645352591003757e-14,ereign+en warn+t,3.0684739603470605
-8.801841929303631,1.373036259459825,-0.03889961350075482,-0.059419716659925736,2.5979218776228663e-14,versucht,2.9966263764976118
-8.801841929303631,1.373036259459825,-0.03889961350075482,-0.059419716659925736,2.5979218776228663e-14,warn+t versuch+t,2.9966263764976118
-8.862706507789216,1.4107922950034533,-0.03197081647471843,-0.05947638108341706,2.5091040356528538e-14,Vorahnung,2.9250158339233083
-8.862706507789216,1.4107922950034533,-0.03197081647471843,-0.05947638108341706,2.5091040356528538e-14,versuch+t vorahnung,2.9250158339233083
-8.897276236089727,1.4322263538100253,-0.027900833515545682,-0.05949614479092505,2.4646951146678475e-14,bannen,2.8843484371527097
-8.897276236089727,1.4322263538100253,-0.027900833515545682,-0.05949614479092505,2.4646951146678475e-14,vorahnung bann+en,2.8843484371527097
-8.942164990267672,1.4600457988130824,-0.022462473872494032,-0.05950700362299233,2.4202861936828413e-14,zerst…,2.8315488228495878
-8.942164990267672,1.4600457988130824,-0.022462473872494032,-0.05950700362299233,2.4202861936828413e-14,bann+en zerst…,2.8315488228495878
-8.959363079242822,1.470700099420642,-0.02033119006310788,-0.05950642316882644,2.375877272697835e-14,+5128,2.8113221077975985
-8.959363079242822,1.470700099420642,-0.02033119006310788,-0.05950642316882644,2.375877272697835e-14,zerst… +5128,2.8113221077975985
-8.971678845272319,1.4783283085749248,-0.018788233545809586,-0.05950430780482384,2.375877272697835e-14,+5128 char+s,2.796838309741566
-8.738740533165794,1.330735956892098,0.08440637668977588,0.009267773092800666,-1.3211653993039363e-14,jetzt sogar,3.072736623824839
-7.539260150953434,0.5892605284393673,0.03966197317028489,0.034157782392335884,-1.6986412276764895e-14,Frostpunk,4.482784357395802
-8.681067046479047,1.2951455713107063,0.08162411248308674,0.010882660822480045,-1.354472090042691e-14,sogar frost+punk,3.1405008227673608
-8.58888454522901,1.23824132814812,0.07734902846013256,0.013345246182137773,-1.3877787807814457e-14,heiß,3.2488218853432245
-8.58888454522901,1.23824132814812,0.07734902846013256,0.013345246182137773,-1.3877787807814457e-14,frost+punk heiß,3.2488218853432245
-8.534185589407219,1.2044658819248837,0.07490645967074835,0.014742220318462073,-1.4099832412739488e-14,heiß der,3.3131024737639194
-8.493658365051704,1.17943681777966,0.07313957849718727,0.0157482813627366,-1.432187701766452e-14,knallharte,3.3607312655448767
-8.493658365051704,1.17943681777966,0.07313957849718727,0.0157482813627366,-1.432187701766452e-14,der knallhart+e,3.3607312655448767
-8.360242081931219,1.0970167120973016,0.0675648116271923,0.01889844939085233,-1.4765966227514582e-14,knallhart+e aufbau+spiel,3.51753926015698
-8.159394758363701,0.9728794562778147,0.05980566037853918,0.023223984664554942,-1.5432100042289676e-14,aufbau+spiel bekomm+t,3.753634295891563
-7.8148282517517,0.7597802173750892,0.04798985339304532,0.029686674134527666,-1.6431300764452317e-14,Erweiterung,4.158744573334073
-7.8148282517517,0.7597802173750892,0.04798985339304532,0.029686674134527666,-1.6431300764452317e-14,bekomm+t erweiterung,4.158744573334073
-4.77215798396889,-1.12505638570159,-0.01309342770118814,0.061230545805961156,-2.0761170560490427e-14,erweiterung vulkan,7.737765953269621
-7.1900011438097255,0.3730531113431219,0.03026891681888394,0.0391245611951174,-1.7763568394002505e-14,vulkan stadt,4.893526332777002
-7.564555257813479,0.6049158151346332,0.04039007970725314,0.03376948859401366,-1.6986412276764895e-14,bedroht,4.453038325241243
-7.564555257813479,0.6049158151346332,0.04039007970725314,0.03376948859401366,-1.6986412276764895e-14,stadt bedroh+t,4.453038325241243
-8.681067046479047,1.2951455713107063,0.08162411248308674,0.010882660822480045,-1.354472090042691e-14,bedroh+t frost+punk,3.1405008227673608
-8.23492076478021,1.0195673947504902,0.06264004599432374,0.02165165601961483,-1.5210055437364645e-14,frost+punk geh+t,3.664849567071248
-8.360242081931219,1.0970167120973016,0.0675648116271923,0.01889844939085233,-1.4765966227514582e-14,geh+t eigentlich,3.51753926015698
-8.493658365051704,1.17943681777966,0.07313957849718727,0.0157482813627366,-1.432187701766452e-14,darum,3.3607312655448767
-8.493658365051704,1.17943681777966,0.07313957849718727,0.0157482813627366,-1.432187701766452e-14,eigentlich darum,3.3607312655448767
-7.1900011438097255,0.3730531113431219,0.03026891681888394,0.0391245611951174,-1.7763568394002505e-14,darum stadt,4.893526332777002
-8.652530621580059,1.2775323615515588,0.08027866806435005,0.011660112883767898,-1.3655743202889425e-14,inmitten,3.1740318965206735
-8.652530621580059,1.2775323615515588,0.08027866806435005,0.011660112883767898,-1.3655743202889425e-14,stadt inmitten,3.1740318965206735
-8.75048563094769,1.3379827178392119,0.08498362980148216,0.00893149908994498,-1.3211653993039363e-14,verschneiten,3.058937205447246
-8.75048563094769,1.3379827178392119,0.08498362980148216,0.00893149908994498,-1.3211653993039363e-14,inmitten verschneit+en,3.058937205447246
-8.819064549382983,1.3802878453478071,0.08842924701649774,0.006915430527026877,-1.2878587085651816e-14,Eisw,2.9783677737459273
-8.819064549382983,1.3802878453478071,0.08842924701649774,0.006915430527026877,-1.2878587085651816e-14,verschneit+en eisw,2.9783677737459273
-8.842375900290701,1.3946648425251233,0.08963063388656892,0.0062088872818811015,-1.27675647831893e-14,uuml,2.950982452745433
-8.842375900290701,1.3946648425251233,0.08963063388656892,0.0062088872818811015,-1.27675647831893e-14,eisw uuml,2.950982452745433
-8.864255155773208,1.4081569798983864,0.09077264036061347,0.005535523704572137,-1.2656542480726785e-14,ste,2.9252803999406494
-8.864255155773208,1.4081569798983864,0.09077264036061347,0.005535523704572137,-1.2656542480726785e-14,uuml st+e,2.9252803999406494
-8.892746906556628,1.425724353676057,0.09228122982026926,0.004643390684792751,-1.2545520178264269e-14,st+e leben,2.8918118422514025
-8.92618223481116,1.446336159102193,0.09408335467603296,0.0035737309492954346,-1.2323475573339238e-14,leben erhalt+en,2.8525381954715616
-8.972347036368811,1.4754188579300378,0.0889772178110157,-0.0020806652627499353,-9.658940314238862e-15,mit neu+en,2.7979719470502724
-8.98449232139451,1.4831614325191311,0.08634987166771585,-0.0042781378592701425,-8.548717289613705e-15,neu+en dlc,2.7835662438557875
-8.992006099448682,1.4879633251365016,0.08450605001069919,-0.005759069174337956,-7.771561172376096e-15,Breach,2.774647438581422
-8.992006099448682,1.4879633251365016,0.08450605001069919,-0.005759069174337956,-7.771561172376096e-15,dlc breach,2.774647438581422
-9.008832462869234,1.498761141265356,0.07952222622957422,-0.00954659655995178,-5.88418203051333e-15,Trust,2.7546499069148354
-9.008832462869234,1.498761141265356,0.07952222622957422,-0.00954659655995178,-5.88418203051333e-15,breach trust,2.7546499069148354
-8.16927365851764,0.980869280119697,0.02813256998194265,0.006294222527484454,-5.551115123125783e-15,nbsp,3.7409785973546574
-9.017618617068763,1.5044334391376433,0.07623251467880884,-0.011900394308020912,-4.6629367034256575e-15,trust nbsp,2.744188869102251
-9.039739907202975,1.5189331110090092,0.06305876772461383,-0.020475684714849635,0.0,ordentlich,2.7177280173959115
-9.039739907202975,1.5189331110090092,0.06305876772461383,-0.020475684714849635,0.0,nbsp ordentlich,2.7177280173959115
-9.046753113270091,1.5237338167949694,0.05375195930812779,-0.02595442527763449,3.1086244689504383e-15,ordentlich feuer,2.7092236245342654
-9.048733717645032,1.5252112388150902,0.04777297536575195,-0.029298647099733417,4.884981308350689e-15,unterm,2.7067525614102266
-9.048733717645032,1.5252112388150902,0.04777297536575195,-0.029298647099733417,4.884981308350689e-15,feuer unter,2.7067525614102266
-9.049058638357103,1.5256996298362435,0.03971983530173208,-0.03363659299383649,7.549516567451064e-15,Hinter,2.706206504764681
-9.049058638357103,1.5256996298362435,0.03971983530173208,-0.03363659299383649,7.549516567451064e-15,unter hinter,2.706206504764681
-9.0467481108427,1.5245373553897392,0.030134008174075078,-0.03860482883491917,1.0436096431476471e-14,gemacht,2.708767592416743
-9.0467481108427,1.5245373553897392,0.030134008174075078,-0.03860482883491917,1.0436096431476471e-14,hinter ge+mach+t,2.708767592416743
-9.028248300476715,1.5134305822299852,0.001121505154847699,-0.05278126372447518,1.887379141862766e-14,ge+mach+t gut+er,2.730296949877727
-9.017618617068763,1.5044334391376433,0.07623251467880884,-0.011900394308020912,-4.6629367034256575e-15,gut+er nbsp,2.744188869102251
-8.986363103457187,1.4868594355226348,-0.03968653665870054,-0.0714739743688204,3.042011087472929e-14,gesagt,2.7798306797083314
-8.986363103457187,1.4868594355226348,-0.03968653665870054,-0.0714739743688204,3.042011087472929e-14,nbsp ge+sag+t,2.7798306797083314
-8.932487874697985,1.451478407170287,-0.08248009919448787,-0.09023479594961158,4.218847493575595e-14,ge+sag+t tonne+n,2.8441932237572893
-8.660779954554323,1.2612352919923762,-0.25896219416701005,-0.16310555137224875,8.926193117986259e-14,tonne+n lava,3.1750739286128766
-8.966993945318167,1.4730396936488306,-0.07759694797399515,-0.0899875999425432,4.1522341120980855e-14,Sta…,2.803514274982765
-8.966993945318167,1.4730396936488306,-0.07759694797399515,-0.0899875999425432,4.1522341120980855e-14,der sta…,2.803514274982765
-9.016034725090654,1.5048192188875473,-0.04821367907910446,-0.07796858175125203,3.375077994860476e-14,sta… für,2.745137063719455
-9.328624776918746,1.6940377711720687,0.11894700577107856,-0.01164159336933707,-9.769962616701378e-15,Gemessene,2.380036978911134
-9.320977177693583,1.6893390385915135,0.11841086369572942,-0.01130415852770324,-9.769962616701378e-15,ge+mess+en+e stärke,2.3890113538257007
-9.312217757692993,1.6839567158614352,0.11780026251879541,-0.010920378626301467,-9.880984919163893e-15,"3,6",2.3992907002185713
-9.312217757692993,1.6839567158614352,0.11780026251879541,-0.010920378626301467,-9.880984919163893e-15,"stärke 3,6",2.3992907002185713
-9.308109040582824,1.68143189427421,0.11751512447145882,-0.010741349890086366,-9.880984919163893e-15,"3,6 erdbeben",2.4041124533474343
-9.297029536092065,1.6746229493768123,0.11675023672728366,-0.01026169368432751,-9.992007221626409e-15,erdbeben supervulkan,2.4171150192679587
-9.286257119694728,1.6680019690248233,0.11601210374194904,-0.00979963037302584,-9.992007221626409e-15,supervulkan nahe,2.42975760886959
-9.281602905380407,1.6651411517713028,0.11569487073737408,-0.009601291338699861,-1.0103029524088925e-14,nahe neapel,2.4352199542305466
-9.274913503428854,1.6610291229522827,0.11524067558709825,-0.009317577763401603,-1.0103029524088925e-14,Wieder,2.4430709951744918
-9.274913503428854,1.6610291229522827,0.11524067558709825,-0.009317577763401603,-1.0103029524088925e-14,neapel wieder,2.4430709951744918
-9.26088667717523,1.6524058223915543,0.11429494883979976,-0.008727794767256197,-1.021405182655144e-14,wieder rumor+t,2.459534120687145
-9.249207634182044,1.6452249610517642,0.11351431464967923,-0.008241949247042742,-1.0325074129013956e-14,rumor+t erde,2.473242177315548
-9.297029536092065,1.6746229493768123,0.11675023672728366,-0.01026169368432751,-9.992007221626409e-15,erde supervulka+n,2.4171150192679587
-9.226299657780483,1.6311376419705326,0.11200074463073806,-0.007302460973277334,-1.0436096431476471e-14,Phlegräische,2.500131262686781
-9.226299657780483,1.6311376419705326,0.11200074463073806,-0.007302460973277334,-1.0436096431476471e-14,supervulka+n phlegräisch+e,2.500131262686781
-9.210099687933377,1.6211736021189758,0.11094419941836925,-0.006648611786280335,-1.0547118733938987e-14,phlegräisch+e feld+er,2.5191475735727558
-9.191329020389547,1.609626578989055,0.10973400178710166,-0.005901642950004331,-1.0769163338864018e-14,feld+er nähe,2.5411824962103777
-9.178451545130834,1.6017037184953449,0.10891229676320613,-0.005395656309336482,-1.0769163338864018e-14,nähe haupt+stadt,2.5562999961380766
-9.155393611305023,1.587515137211985,0.10745800131098016,-0.004502489734790102,-1.099120794378905e-14,haupt+stadt region,2.58337003606501
-9.143874917817453,1.5804261367612285,0.10673954098017396,-0.004062347583018447,-1.099120794378905e-14,Kampanien,2.5968935582812813
-9.143874917817453,1.5804261367612285,0.10673954098017396,-0.004062347583018447,-1.099120794378905e-14,region kampanien,2.5968935582812813
-9.124678077439434,1.568610254275207,0.10555383976843744,-0.0033375565855910116,-1.1102230246251565e-14,Berichte,2.619432420663404
-9.098059559744096,1.552223254624275,0.10393338162831237,-0.0023501983766161805,-1.1324274851176597e-14,bericht+e verletz+t+e,2.650686649050976
-9.066353427714416,1.5326998384938486,0.10203808235775422,-0.001200018944753297,-1.1546319456101628e-14,größere,2.687916900260066
-9.066353427714416,1.5326998384938486,0.10203808235775422,-0.001200018944753297,-1.1546319456101628e-14,verletz+t+e groß+er+e,2.687916900260066
-9.04787013582271,1.5213164328949522,0.10095023322670693,-0.0005420931496983063,-1.1657341758564144e-14,groß+er+e schaden,2.7096216638278916
-9.028131270582998,1.5091580951929224,0.09980200002444628,0.00015058723486964173,-1.176836406102666e-14,schaden lieg+en,2.732801741143899
-9.00971231494824,1.4978112674528303,0.09874289195870678,0.000787902808771869,-1.1879386363489175e-14,lieg+en bislang,2.7544326208089744
-8.94002445355482,1.4548682425910466,0.09483973076189453,0.0031234941473411992,-1.2212453270876722e-14,der gebiet,2.8362795712203877
-8.91540462741138,1.4396925530642857,0.09349864320297988,0.00392126128633891,-1.2323475573339238e-14,gebiet rund,2.865197495110726
-8.868472011027457,1.4107571747910557,0.09099437368771318,0.00540458490740562,-1.2656542480726785e-14,süditalienische,2.9203268671509766
-8.868472011027457,1.4107571747910557,0.09099437368771318,0.00540458490740562,-1.2656542480726785e-14,rund süditalienisch+e,2.9203268671509766
-8.794156051072664,1.3649239041971766,0.08716268631729354,0.00765828044279342,-1.2989609388114332e-14,süditalienisch+e großstadt,3.0076304194885712
-8.738740533165794,1.330735956892098,0.08440637668977588,0.009267773092800666,-1.3211653993039363e-14,großstadt neapel,3.072736623824839
-8.58888454522901,1.23824132814812,0.07734902846013256,0.013345246182137773,-1.3877787807814457e-14,neapel erdbeben,3.2488218853432245
-8.159394758363701,0.9728794562778147,0.05980566037853918,0.023223984664554942,-1.5432100042289676e-14,Nationale,3.753634295891563
-8.159394758363701,0.9728794562778147,0.05980566037853918,0.023223984664554942,-1.5432100042289676e-14,der national+e,3.753634295891563
-7.912623239980011,0.8202768298296896,0.051171407259200954,0.027960681586184276,-1.609823385706477e-14,national+e institut,4.0437578714501425
-7.657977150416576,0.6627304129343972,0.04314069459891698,0.03229815044721517,-1.6764367671839864e-14,verortete,4.343180568946109
-7.657977150416576,0.6627304129343972,0.04314069459891698,0.03229815044721517,-1.6764367671839864e-14,ingv verort+ete,4.343180568946109
-8.09536017225567,0.9332885143630394,0.05747609399968656,0.024509732697224094,-1.5654144647214707e-14,Erdstoß,3.828913949264684
-8.09536017225567,0.9332885143630394,0.05747609399968656,0.024509732697224094,-1.5654144647214707e-14,verort+ete erd+stoß,3.828913949264684
-8.400374916190001,1.121813111626603,0.06920415396762677,0.01797584982475459,-1.4654943925052066e-14,erd+stoß stärke,3.4703679565272507
-8.514368057683154,1.1922272934634373,0.07403800545848385,0.015237183234166358,-1.4210854715202004e-14,+1537,3.3363923746982977
-8.514368057683154,1.1922272934634373,0.07403800545848385,0.015237183234166358,-1.4210854715202004e-14,stärke +1537,3.3363923746982977
-8.57138967325253,1.2274393738465517,0.07656041098068847,0.013797067772631934,-1.3988810110276972e-14,+1537 chars,3.2693809219139456
-3.2679570342603927,-2.056739168315359,-0.07993136367243818,0.044768343306003114,-6.994405055138486e-15,möchte,9.50700953417199
-7.107401728688353,0.3219085043395129,0.02821201651364738,0.04020210209222666,-1.787459069646502e-14,ich mög+e,4.990672993873869
-4.77215798396889,-1.12505638570159,-0.01309342770118814,0.061230545805961156,-2.0761170560490427e-14,mög+e vulkan,7.737765953269621
-7.016438488106362,0.265580608019913,0.026012686053875106,0.041350444013433574,-1.8096635301390052e-14,vulkan ganz+en,5.097659028450145
-5.757169027453926,-0.5135185874239463,-0.09179459497688933,0.008021602323783215,7.771561172376096e-15,Körper,6.578246141878819
-7.513099774965935,0.5730691697807755,0.0389162031328117,0.03455499091478455,-1.709743457922741e-14,ganz+en körper,4.513548219235972
-7.8148282517517,0.7597802173750892,0.04798985339304532,0.029686674134527666,-1.6431300764452317e-14,körper spür+en,4.158744573334073
-7.107401728688353,0.3219085043395129,0.02821201651364738,0.04020210209222666,-1.787459069646502e-14,spür+en mög+e,4.990672993873869
-8.269131699698397,1.040712607972489,0.06395621472939003,0.020918517035254477,-1.509903313490213e-14,riechen,3.6246344860492363
-8.269131699698397,1.040712607972489,0.06395621472939003,0.020918517035254477,-1.509903313490213e-14,mög+e riech+en,3.6246344860492363
-8.138825120615206,0.9601624210152799,0.05905015645654327,0.023641607827983725,-1.554312234475219e-14,schmecken,3.7778157963506116
-8.138825120615206,0.9601624210152799,0.05905015645654327,0.023641607827983725,-1.554312234475219e-14,riech+en schmeck+en,3.7778157963506116
-7.849048999976328,0.7809505895767503,0.049088741478210324,0.02909167437018291,-1.63202784619898e-14,schmeck+en sie,4.1185073791175695
-5.717898410380107,-0.5388908581097289,0.0005330479422510359,0.05440153633349965,-1.9872992140790302e-14,seilt,6.625138160791133
-5.717898410380107,-0.5388908581097289,0.0005330479422510359,0.05440153633349965,-1.9872992140790302e-14,sie seil+t,6.625138160791133
-3.8193571955555097,-1.7157127370062093,-0.024076750581960953,0.06668766529605753,-2.142730437526552e-14,seil+t aktiv+e,8.858766800524508
-5.158710147128999,-0.885455794662847,-0.007906294094659774,0.0586403569712642,-2.042810365310288e-14,trifft,7.282991950814671
-5.158710147128999,-0.885455794662847,-0.007906294094659774,0.0586403569712642,-2.042810365310288e-14,vulkan+e treff+t,7.282991950814671
-5.792387182705648,-0.4927300029609567,0.0017524450933446428,0.053786166113690824,-1.9761969838327786e-14,isoliert,6.537508934581842
-5.792387182705648,-0.4927300029609567,0.0017524450933446428,0.053786166113690824,-1.9761969838327786e-14,treff+t isolier+t,6.537508934581842
-6.316646228145699,-0.16788475954122983,0.01107834612082409,0.049051848412819496,-1.9095836023552692e-14,lebende,5.920788518651925
-6.316646228145699,-0.16788475954122983,0.01107834612082409,0.049051848412819496,-1.9095836023552692e-14,isolier+t leb+end+e,5.920788518651925
-6.641192783878041,0.03317079039934523,0.017601700007774154,0.045707543401882295,-1.865174681370263e-14,indigene,5.539027110989936
-6.641192783878041,0.03317079039934523,0.017601700007774154,0.045707543401882295,-1.865174681370263e-14,leb+end+e indigen+e,5.539027110989936
-6.915571134011701,0.20311457055793047,0.023650643073551372,0.04257946700896248,-1.8207657603852567e-14,Völker,5.216296630910588
-6.915571134011701,0.20311457055793047,0.023650643073551372,0.04257946700896248,-1.8207657603852567e-14,indigen+e volk+er,5.216296630910588
-7.1074017286883535,0.32190850433951335,0.028212016513647548,0.04020210209222656,-1.787459069646502e-14,Fotografin,4.9906729938738685
-7.35009233086425,0.4729110741092999,0.021552837904876776,0.030330843708123653,-1.354472090042691e-14,Dokumentarfilmerin,4.704834931869973
-7.35009233086425,0.4729110741092999,0.021552837904876776,0.030330843708123653,-1.354472090042691e-14,foto+graf+in dokumentarfilmer+in,4.704834931869973
-7.5064387098092595,0.5711609854651085,-0.013902512368856756,0.00770872612776561,-1.2212453270876722e-15,Ulla,4.520131507793871
-7.5064387098092595,0.5711609854651085,-0.013902512368856756,0.00770872612776561,-1.2212453270876722e-15,dokumentarfilmer+in ulla,4.520131507793871
-7.528896712475824,0.5852609275418312,-0.026819600888597105,0.00046942589632589793,2.886579864025407e-15,Lohmann,4.493594686032788
-7.528896712475824,0.5852609275418312,-0.026819600888597105,0.00046942589632589793,2.886579864025407e-15,ulla lohmann,4.493594686032788
-7.544822624229463,0.5950475396057193,-0.05318796786107313,-0.013350221548315205,1.0880185641326534e-14,erzählt,4.474860922692824
-7.544822624229463,0.5950475396057193,-0.05318796786107313,-0.013350221548315205,1.0880185641326534e-14,lohmann erzähl+t,4.474860922692824
-4.516524280482611,-1.2827458644461829,-0.09641765012276661,0.023533385535149557,2.6645352591003757e-15,Ausbrüchen,8.037987054779421
-7.441549073121013,0.5286539225734574,-0.11597828510878935,-0.04159800795558216,2.842170943040401e-14,erzähl+t ausbruch+en,4.597516809274088
-6.85667608684185,0.13835746926553183,-0.32440857678508506,-0.12607024017595292,8.348877145181177e-14,Lava-Spritzern,5.299918904433236
-6.85667608684185,0.13835746926553183,-0.32440857678508506,-0.12607024017595292,8.348877145181177e-14,ausbruch+en lava-spritzer+n,5.299918904433236
-7.464059464723498,0.5446595796761198,-0.0707497671847971,-0.0197238369562021,1.532107773982716e-14,Stämmen,4.570023445737172
-7.464059464723498,0.5446595796761198,-0.0707497671847971,-0.0197238369562021,1.532107773982716e-14,lava-spritzer+n stamm+en,4.570023445737172
-7.476443819106347,0.5525371224369273,-0.012633735345190238,0.009249228394430504,-1.887379141862766e-15,stamm+en tot+en,4.555439207720273
-8.252295870318486,1.0303068995338474,0.06330592882762748,0.021280983613907994,-1.509903313490213e-14,tot+en monat+e,3.644424933745377
-8.117496421325036,0.9469754525724068,0.05827399289309537,0.024070009093052288,-1.554312234475219e-14,räuchern,3.8028900024162433
-8.117496421325036,0.9469754525724068,0.05827399289309537,0.024070009093052288,-1.554312234475219e-14,monat+e räucher+n,3.8028900024162433
-8.944857027817488,1.461339616956786,0.03515348934667306,-0.029188955163473942,6.439293542825908e-15,über…,2.8286694126914096
-8.944857027817488,1.461339616956786,0.03515348934667306,-0.029188955163473942,6.439293542825908e-15,tot+en über…,2.8286694126914096
-8.972422182455645,1.4781338999758804,0.043101411630970116,-0.026720863165364633,4.6629367034256575e-15,+15696,2.796405854810229
-8.972422182455645,1.4781338999758804,0.043101411630970116,-0.026720863165364633,4.6629367034256575e-15,über… +15696,2.796405854810229
-8.996948063902334,1.4930601862528492,0.0496873631775151,-0.024799986185146835,3.1086244689504383e-15,+15696 chars,2.7677074449854002
-7.648878667266022,0.6596287610304139,-0.027456736970812433,-0.003598810939514724,4.440892098500626e-15,300 meter,4.352436224782579
-8.642644320871346,1.2748753739131353,0.008076833485101034,-0.025975859446286217,8.43769498715119e-15,hoch video,3.1837209146161776
-8.489155663074033,1.1798044680264161,-0.039925453717009264,-0.04313650884804482,2.020605904817785e-14,explosive,3.3641867270782067
-8.489155663074033,1.1798044680264161,-0.039925453717009264,-0.04313650884804482,2.020605904817785e-14,zeig+t explosiv+e,3.3641867270782067
-8.143500675705663,0.9558858006120781,-0.18187950573683898,-0.09922987989065546,5.706546346573305e-14,explosiv+e lavafontän+e,3.7757151599300727
-8.352995763408282,1.095773075067867,-0.01698321344090349,-0.024909362526815425,1.0880185641326534e-14,lavafontän+e ein,3.5242202269488834
-8.766082968992281,1.3505233827350263,0.0374197035873145,-0.01726070564102578,1.7763568394002505e-15,ein 300,3.0389991027830052
-8.143500675705663,0.9558858006120781,-0.18187950573683898,-0.09922987989065546,5.706546346573305e-14,hoch+e lavafontän+e,3.7757151599300727
-7.75889852150803,0.7257273478953392,0.037633344594376825,0.0261892905896167,-1.3877787807814457e-14,lavafontän+e hawaii,4.224205483795615
-6.802826850761445,0.13328736928860696,0.021100944384115902,0.04390130361535322,-1.84297022087776e-14,Kilauea-Vulkan,5.3489069002359715
-6.802826850761445,0.13328736928860696,0.021100944384115902,0.04390130361535322,-1.84297022087776e-14,hawaii kilauea-vulka+n,5.3489069002359715
-6.443700221656581,-0.08741979871239591,-0.06094601144854435,0.0104543994488222,3.3306690738754696e-15,kilauea-vulka+n aus+ge+brech+en,5.770292705478605
-7.814908883717738,0.7607574814891529,0.033002024624248394,0.021917917935512215,-1.1879386363489175e-14,US-Geologiebehörde,4.15813751038517
-7.814908883717738,0.7607574814891529,0.033002024624248394,0.021917917935512215,-1.1879386363489175e-14,der us+-+geologie+behörde,4.15813751038517
-8.270364268685894,1.0420114979106831,0.05643781655292099,0.016917002433580526,-1.27675647831893e-14,us+-+geologie+behörde usg+s,3.622890735514832
-8.34732267426336,1.0895148132824777,0.06040734774770534,0.015695564928691515,-1.27675647831893e-14,veröffentlichte,3.5324609060431076
-8.34732267426336,1.0895148132824777,0.06040734774770534,0.015695564928691515,-1.27675647831893e-14,usg+s veröffentlich+t+e,3.5324609060431076
-8.535191542812665,1.2054446515770652,0.07025771367991923,0.012227945700360853,-1.2656542480726785e-14,Webcam-Aufnahmen,3.3117245218005267
-8.535191542812665,1.2054446515770652,0.07025771367991923,0.012227945700360853,-1.2656542480726785e-14,veröffentlich+t+e webcam-aufnahme+n,3.3117245218005267
-8.693617779679986,1.3035212973022543,0.07406150522070756,0.006182834410711383,-1.0880185641326534e-14,Vorfalls,3.1254090952299727
-8.693617779679986,1.3035212973022543,0.07406150522070756,0.006182834410711383,-1.0880185641326534e-14,webcam-aufnahme+n vorfall+s,3.1254090952299727
-8.736896541227042,1.3309193684964138,0.06633508126168722,-0.0002779412925001945,-7.66053886991358e-15,Zunächst,3.0741788857895207
-8.796361391069926,1.3690303045013348,0.04367577377281512,-0.015669782558115092,4.440892098500626e-16,zunächst video+s,3.003524419892035
-8.808998958847692,1.3774433594710893,0.027553424740884153,-0.02494548414918393,5.773159728050814e-15,video+s krater,2.988325853020386
-8.809744733844822,1.3782418684429898,0.012453720097293827,-0.032964491466849946,1.0436096431476471e-14,Gasflammen,2.9872476341278307
-8.809744733844822,1.3782418684429898,0.012453720097293827,-0.032964491466849946,1.0436096431476471e-14,krater gas+flamme+n,2.9872476341278307
-8.734897816407669,1.3303831593997442,-0.07188747009516397,-0.07263291190888127,3.4638958368304884e-14,geringer,3.0759432151785555
-8.734897816407669,1.3303831593997442,-0.07188747009516397,-0.07263291190888127,3.4638958368304884e-14,gas+flamme+n gering+er,3.0759432151785555
-8.486467501552596,1.15959788448865,-0.2305616646807024,-0.13942478768176206,7.72715225139109e-14,Lavaaustritt,3.3768173783344464
-8.486467501552596,1.15959788448865,-0.2305616646807024,-0.13942478768176206,7.72715225139109e-14,gering+er lavaaustritt,3.3768173783344464
-8.859268147913477,1.4086141925798064,-0.03420728784903061,-0.060434646842149706,2.5757174171303632e-14,lavaaustritt seh+en,2.929082167784931
-8.997927833077206,1.4944351359830037,0.025716312901803026,-0.03766638944010653,1.0658141036401503e-14,Fontäne,2.766112823419231
-8.997927833077206,1.4944351359830037,0.025716312901803026,-0.03766638944010653,1.0658141036401503e-14,schieß+t fontäne,2.766112823419231
-9.049241408529157,1.5256901730596943,0.0433575006157505,-0.03170062395406213,6.439293542825908e-15,fontäne luft,2.7060618384986235
-9.075340100773175,1.5417442427099979,0.04620065736162597,-0.03197919156784053,6.217248937900877e-15,Behörde,2.6754267152241376
-9.075340100773175,1.5417442427099979,0.04620065736162597,-0.03197919156784053,6.217248937900877e-15,wie behörde,2.6754267152241376
-9.069599933901559,1.5387896580758078,0.024412406201896178,-0.0432444460569692,1.2656542480726785e-14,Pressemitteilung,2.6818278797930875
-9.069599933901559,1.5387896580758078,0.024412406201896178,-0.0432444460569692,1.2656542480726785e-14,behörde presse+mitteilung,2.6818278797930875
-9.040105056430413,1.5206544614661657,-0.01261108309961708,-0.06087264267675227,2.353672812205332e-14,presse+mitteilung mit+teil+te,2.716392414452442
-8.988173761706465,1.4871945823261865,-0.05821796245483246,-0.08130575542758253,3.6193270602780103e-14,erreichte,2.7780862032177156
-8.988173761706465,1.4871945823261865,-0.05821796245483246,-0.08130575542758253,3.6193270602780103e-14,mit+teil+te erreich+te,2.7780862032177156
-8.679892866704996,1.2721008987510545,-0.2631597054187511,-0.16631263648221978,9.08162434143378e-14,Lavaf…,3.1530984514013944
-8.679892866704996,1.2721008987510545,-0.2631597054187511,-0.16631263648221978,9.08162434143378e-14,erreich+te lavaf…,3.1530984514013944
-8.943889863414558,1.456684320786916,-0.10573229372735375,-0.10303741918088104,4.951594689828198e-14,+938,2.831723408218578
-8.943889863414558,1.456684320786916,-0.10573229372735375,-0.10303741918088104,4.951594689828198e-14,lavaf… +938,2.831723408218578
-9.006704574079789,1.4981240426292377,-0.06713034922847451,-0.08723015988091645,3.930189507173054e-14,+938 char+s,2.7565645794904468
-8.041607976462132,0.9023893736605118,0.009794047641019654,0.0017863407482460944,-1.887379141862766e-15,aus+ge+brech+en video,3.8908035529207265
-7.8148282517517,0.7597802173750892,0.04798985339304532,0.029686674134527666,-1.6431300764452317e-14,fantastische,4.158744573334073
-7.8148282517517,0.7597802173750892,0.04798985339304532,0.029686674134527666,-1.6431300764452317e-14,zeig+t fantastisch+e,4.158744573334073
-7.107401728688353,0.3219085043395129,0.02821201651364738,0.04020210209222666,-1.787459069646502e-14,fantastisch+e bild+er,4.990672993873869
-4.77215798396889,-1.12505638570159,-0.01309342770118814,0.061230545805961156,-2.0761170560490427e-14,bild+er vulkan,7.737765953269621
-6.675629551010815,0.054501939230551244,0.01833243314828814,0.04533108777920815,-1.865174681370263e-14,vulkan glüh+end+e,5.498520739800831
-8.449146756594667,1.1550827680294782,0.005595336451453714,-0.017624275688190857,5.773159728050814e-15,ström+t ätna,3.4112874268940234
-8.188531414211845,0.9923270633731189,0.0381519364172606,0.01073353154475939,-8.326672684688674e-15,ätna bring+t,3.7185901488930817
-5.9925697112390885,-0.36823028092601096,-0.004293186220549028,0.04732013362797605,-1.6653345369377348e-14,Siziliens,6.301762719773072
-8.310381912398034,1.0674209532547623,0.047388713436071817,0.010464676570868739,-9.325873406851315e-15,bring+t sizilien+s,3.575477469670762
-8.445637872145902,1.150764168448107,0.05709607447981713,0.009520027059661818,-1.0103029524088925e-14,sizilien+s nacht+e,3.416625966804457
-8.56019104044767,1.2213395004275378,0.06500444625780957,0.008219812816443257,-1.0547118733938987e-14,Leuchten,3.2820944452260554
-8.56019104044767,1.2213395004275378,0.06500444625780957,0.008219812816443257,-1.0547118733938987e-14,nacht+e leucht+en,3.2820944452260554
-8.656382652150093,1.2812092772598533,0.06244623081777084,0.0019730188257523207,-7.993605777301127e-15,wie tourist+en,3.1687928013534155
-8.603328535037134,1.2494289133551681,0.04214253971103585,-0.0060293814443839085,-2.7755575615628914e-15,tourist+en natur+schau+spiel,3.230596156624216
-8.428004263230331,1.1417948980209363,0.0138308117806836,-0.012343745343836452,2.886579864025407e-15,reagieren,3.436270595274634
-8.428004263230331,1.1417948980209363,0.0138308117806836,-0.012343745343836452,2.886579864025407e-15,natur+schau+spiel reagier+en,3.436270595274634
-7.973926111370121,0.8607958662744561,-0.05151691578518387,-0.027067692547578386,1.5765166949677223e-14,erleuchtet,3.9701451810546375
-7.973926111370121,0.8607958662744561,-0.05151691578518387,-0.027067692547578386,1.5765166949677223e-14,lava erleucht+et,3.9701451810546375
-7.796040892167257,0.7486869180500801,0.039195705080726534,0.02576020927411871,-1.3988810110276972e-14,Ostküste,4.180543183212956
-7.796040892167257,0.7486869180500801,0.039195705080726534,0.02576020927411871,-1.3988810110276972e-14,erleucht+et ost+küste,4.180543183212956
-7.398712403009119,0.502265472110845,0.035738914972150926,0.03624162057672378,-1.7319479184152442e-14,ost+küste sizilien+s,4.648068039132458
-6.165822257992101,-0.26133166682757913,0.008253025451009005,0.05049162715068081,-1.9317880628477724e-14,sizilien+s der,6.098208267627087
-7.85479131037199,0.7852607603581863,0.03737731621677766,0.022817607469590148,-1.2656542480726785e-14,sizilien italien,4.111337508439132
-7.972254825222999,0.8597452743323166,-0.052316799662220484,-0.02741165114080377,1.5987211554602254e-14,italien erneut,3.972117898813715
-7.641648742000729,0.6483443179812332,-0.163624803867902,-0.07144909069179164,4.4853010194856324e-14,der lava,4.364311055020563
-6.232371162339057,-0.22024495952433965,-0.12079625510801928,-0.014759725533004659,1.9317880628477724e-14,fließt,6.0197939864856265
-7.7728764803654595,0.7363052220311412,-0.052301947813394506,-0.02029201393309429,1.3322676295501878e-14,lava fließ+t,4.2066101499456385
-7.707843887600342,0.6952228535083211,0.014314081323141908,0.015840422995324527,-7.438494264988549e-15,fließ+t seit,4.283632971146231
-7.55840025212379,0.6012688772770582,0.03769335891988952,0.032564932824538054,-1.6209256159527285e-14,seit freitag,4.460186806421349
-4.77215798396889,-1.12505638570159,-0.01309342770118814,0.061230545805961156,-2.0761170560490427e-14,Vulkanspalte,7.737765953269621
-4.77215798396889,-1.12505638570159,-0.01309342770118814,0.061230545805961156,-2.0761170560490427e-14,freitag vulkan+spalte,7.737765953269621
-7.3347620639660605,0.46267717363314453,0.03401951980407161,0.03715060236172002,-1.7430501486614958e-14,Damit,4.723276138161061
-7.8148282517517,0.7597802173750892,0.04798985339304532,0.029686674134527666,-1.6431300764452317e-14,damit europa+s,4.158744573334073
-8.048448126391776,0.9042803639154431,0.0558103534192273,0.025425539457616962,-1.5765166949677223e-14,europa+s höchster,3.8840661985898244
-8.23492076478021,1.0195673947504902,0.06264004599432374,0.02165165601961483,-1.5210055437364645e-14,aktive…,3.664849567071248
-8.23492076478021,1.0195673947504902,0.06264004599432374,0.02165165601961483,-1.5210055437364645e-14,höchster aktive…,3.664849567071248
-8.3739786541023,1.1055043060397587,0.06812239719468016,0.01858499501268644,-1.4765966227514582e-14,+1762,3.501393389332999
-8.3739786541023,1.1055043060397587,0.06812239719468016,0.01858499501268644,-1.4765966227514582e-14,aktive… +1762,3.501393389332999
-8.449275268208634,1.1520223861680525,0.07124482400837895,0.01682303662778073,-1.4432899320127035e-14,+1762 chars,3.4128938142003227
-7.96104432782159,0.8502263927838434,0.05279480757789093,0.02707603840288296,-1.5987211554602254e-14,entschlüsseln,3.986826916022963
-9.166416522748149,1.5942983767433152,0.10815053147516332,-0.004927437972388229,-1.0880185641326534e-14,forscher entschlüssel+n,2.57042893603386
-9.143874917817453,1.5804261367612285,0.10673954098017396,-0.004062347583018447,-1.099120794378905e-14,Rollen,2.5968935582812813
-9.143874917817453,1.5804261367612285,0.10673954098017396,-0.004062347583018447,-1.099120794378905e-14,entschlüssel+n rolle+n,2.5968935582812813
-9.124678077439434,1.568610254275207,0.10555383976843744,-0.0033375565855910116,-1.1102230246251565e-14,rolle+n pompeji,2.619432420663404
-9.103987740199884,1.5558730795696838,0.10429192766971723,-0.0025683471511488178,-1.1324274851176597e-14,Stimmen,2.643725893708768
-9.103987740199884,1.5558730795696838,0.10429192766971723,-0.0025683471511488178,-1.1324274851176597e-14,pompeji stimme+n,2.643725893708768
-9.087886071299634,1.545959318900491,0.10332116258930754,-0.00197812234185428,-1.1435297153639112e-14,schwiegen,2.6626323743507467
-9.087886071299634,1.545959318900491,0.10332116258930754,-0.00197812234185428,-1.1435297153639112e-14,stimme+n schweig+en,2.6626323743507467
-9.066353427714416,1.5326998384938486,0.10203808235775422,-0.001200018944753297,-1.1546319456101628e-14,schweig+en seit,2.687916900260066
-9.054941172514773,1.5256714901041226,0.10136494590522055,-0.0007927169362973233,-1.1546319456101628e-14,seit 2000,2.701318110915249
-9.022983305469424,1.5059868829033305,0.09950479729480866,0.00032958279281081887,-1.176836406102666e-14,jahr+en lange,2.738847336979098
-8.97830644783747,1.4784607402034737,0.09696386054354889,0.0018549972642442313,-1.199040866595169e-14,lange antik+en,2.7913168570375038
-8.95330129280168,1.463051158294675,0.09557099235868538,0.002687479975561763,-1.2212453270876722e-14,Schriften,2.8206853950923856
-8.95330129280168,1.463051158294675,0.09557099235868538,0.002687479975561763,-1.2212453270876722e-14,antik+en schrift+en,2.8206853950923856
-8.91903624928743,1.441931229714414,0.09369525902147985,0.003804451018042901,-1.2323475573339238e-14,unlesbar,2.860931792267445
-8.91903624928743,1.441931229714414,0.09369525902147985,0.003804451018042901,-1.2323475573339238e-14,schrift+en un+les+bar,2.860931792267445
-8.75048563094769,1.3379827178392119,0.08498362980148216,0.00893149908994498,-1.3211653993039363e-14,Röntgentechnik,3.058937205447246
-8.75048563094769,1.3379827178392119,0.08498362980148216,0.00893149908994498,-1.3211653993039363e-14,intelligenz röntgentechnik,3.058937205447246
-8.652530621580059,1.2775323615515588,0.08027866806435005,0.011660112883767898,-1.3655743202889425e-14,röntgentechnik entschlüssel+n,3.1740318965206735
-8.346124170102616,1.088293132865995,0.06699551458804717,0.01921812003419609,-1.4765966227514582e-14,Papyrusrollen,3.534133554707018
-8.346124170102616,1.088293132865995,0.06699551458804717,0.01921812003419609,-1.4765966227514582e-14,was papyrus+rolle+n,3.534133554707018
-8.09536017225567,0.9332885143630394,0.05747609399968656,0.024509732697224094,-1.5654144647214707e-14,papyrus+rolle+n steh+t,3.828913949264684
-7.657977150416576,0.6627304129343972,0.04314069459891698,0.03229815044721517,-1.6764367671839864e-14,als jahr,4.343180568946109
-4.77215798396889,-1.12505638570159,-0.01309342770118814,0.061230545805961156,-2.0761170560490427e-14,chr. vulkan,7.737765953269621
-6.675629551010815,0.054501939230551244,0.01833243314828814,0.04533108777920815,-1.865174681370263e-14,vulkan vesuv,5.498520739800831
-7.778791537975856,0.7374850797613539,0.04684892430380801,0.030303171987625027,-1.6431300764452317e-14,aus+brech begrab,4.201117744430448
-8.159394758363701,0.9728794562778147,0.05980566037853918,0.023223984664554942,-1.5432100042289676e-14,begrab asche,3.753634295891563
-8.413065622559401,1.129653529243972,0.06972912814906213,0.017679745203669606,-1.454392162258955e-14,asche pompeji,3.455451915105137
-8.681067046479047,1.2951455713107063,0.08162411248308674,0.010882660822480045,-1.354472090042691e-14,benachbarte,3.1405008227673608
-8.681067046479047,1.2951455713107063,0.08162411248308674,0.010882660822480045,-1.354472090042691e-14,auch benachbart+e,3.1405008227673608
-8.756226823843367,1.34152490453449,0.08526714207632005,0.008766186385302523,-1.3211653993039363e-14,benachbart+e antik+e,3.052191908129075
-8.823848941033361,1.38323870546175,0.08867454147188195,0.006771323439981845,-1.2878587085651816e-14,Herculaneum,2.972747166893121
-8.823848941033361,1.38323870546175,0.08867454147188195,0.006771323439981845,-1.2878587085651816e-14,stadt herculaneum,2.972747166893121
-8.876755218242927,1.4158645839430102,0.0914314780937836,0.00514627548989904,-1.2545520178264269e-14,herculaneum samt,2.910596694769112
-8.91903624928743,1.441931229714414,0.09369525902147985,0.003804451018042901,-1.2323475573339238e-14,Villa,2.860931792267445
-8.91903624928743,1.441931229714414,0.09369525902147985,0.003804451018042901,-1.2323475573339238e-14,samt villa,2.860931792267445
-8.972238125312167,1.4747213239710764,0.09662393810511671,0.0020584014147761627,-1.2101430968414206e-14,Bibliothek,2.7984439745618643
-8.972238125312167,1.4747213239710764,0.09662393810511671,0.0020584014147761627,-1.2101430968414206e-14,villa bibliothek,2.7984439745618643
-9.004236187224588,1.4944374758499501,0.09843027325424375,0.0009757280712514686,-1.1879386363489175e-14,versank,2.7608638332831728
-9.004236187224588,1.4944374758499501,0.09843027325424375,0.0009757280712514686,-1.1879386363489175e-14,bibliothek versink,2.7608638332831728
-9.050246383729968,1.5227799905013888,0.10108939838969139,-0.0006261686005203,-1.1657341758564144e-14,+1122,2.706831210854855
-9.050246383729968,1.5227799905013888,0.10108939838969139,-0.0006261686005203,-1.1657341758564144e-14,versink +1122,2.706831210854855
-9.064107099916002,1.5313164617871349,0.10190521138998734,-0.001119571714064932,-1.1546319456101628e-14,+1122 chars,2.6905546982856805
-6.019104302791143,-0.47449250380984287,0.541853641908261,-0.41432397716387037,8.593126210598712e-14,rumor+t flug+hafen,6.3365799032206525
11.974442352901441,-11.533704668710913,0.2873702153685639,-0.217280966648559,4.39648317751562e-14,flug+hafen catania,27.456208454552492
-8.880466956171501,1.3749414486574623,0.3671583546656706,-0.19726485171548894,2.8199664825478976e-14,catania ge+schließ+en,2.929679158783389
-8.90462285511013,1.4061902271320774,0.2974707053694512,-0.15063065563013228,1.9539925233402755e-14,ge+schließ+en nan,2.892515874096283
-8.877550068656431,1.3446923352628688,0.4607207120532093,-0.25949754586621077,3.9745984281580604e-14,nan ätna,2.9483215640372373
-8.90526019718889,1.4202100140753438,0.21983841104909915,-0.1008608433511909,1.0658141036401503e-14,ätna heute,2.8844021235403865
-8.88721307524727,1.4154178225078506,0.17095345373150614,-0.07128756826072997,5.773159728050814e-15,verstärkten,2.902150618385674
-8.88721307524727,1.4154178225078506,0.17095345373150614,-0.07128756826072997,5.773159728050814e-15,heute verstärk+t+en,2.902150618385674
-7.311129340803563,0.4489517237207816,-0.0496300216248332,-0.05433182178078273,2.531308496145357e-14,Ascheausstoß,4.750495858725294
-8.86339232234929,1.4043612232516454,0.13520465516173147,-0.050911987777598144,2.4424906541753444e-15,verstärk+t+en asche+ausstoß,2.9281388434149047
-8.827945382261024,1.3854916835337185,0.09743819692650676,-0.030916534423954947,-2.220446049250313e-16,asche+ausstoß ge+komm+en,2.9681214790415087
-8.776417924352609,1.356101454862284,0.05542049633976967,-0.011073550341590657,-2.55351295663786e-15,der aktivität,3.027306608037981
-8.715263904861816,1.3187850520567979,0.04313621463555617,-0.011411307189695751,-9.992007221626409e-16,nahm,3.0989214124867046
-8.715263904861816,1.3187850520567979,0.04313621463555617,-0.011411307189695751,-9.992007221626409e-16,aktivität nehm,3.0989214124867046
-8.620652985021994,1.2608237311454418,0.02568289530479903,-0.015586870652776991,2.6645352591003757e-15,nehm früh,3.2098425421814105
-8.487156300859299,1.1787704977514912,-0.004888377437070782,-0.02489299958206771,9.547918011776346e-15,führte,3.366485883497152
-8.487156300859299,1.1787704977514912,-0.004888377437070782,-0.02489299958206771,9.547918011776346e-15,früh führ+te,3.366485883497152
-5.7540475357925525,-0.5418305964875949,-0.32065189467929656,-0.10092257105705581,7.37188088351104e-14,Eruptionswolke,6.595451050469194
-8.022443646435914,0.8829192217580215,-0.1680225628511815,-0.08740603782462389,5.10702591327572e-14,führ+te eruption+s+wolke,3.917069123935337
-8.13331226065041,0.9585944952073071,0.027416728172864432,0.007358150965860795,-5.88418203051333e-15,eruption+s+wolke rund,3.7832775439899287
-8.065816979456304,0.9159321376055138,0.04249065866286321,0.017820362019580788,-1.1435297153639112e-14,"1,5",3.863144160310338
-8.065816979456304,0.9159321376055138,0.04249065866286321,0.017820362019580788,-1.1435297153639112e-14,"rund 1,5",3.863144160310338
-7.994364474211203,0.8709384747656599,0.0524396345147676,0.025677327166236056,-1.5432100042289676e-14,"1,5 kilo+meter",3.947594382373647
-7.107401728688353,0.3219085043395129,0.02821201651364738,0.04020210209222666,-1.787459069646502e-14,Gipfel,4.990672993873869
-7.107401728688353,0.3219085043395129,0.02821201651364738,0.04020210209222666,-1.787459069646502e-14,kilo+meter gipfel,4.990672993873869
-4.77215798396889,-1.12505638570159,-0.01309342770118814,0.061230545805961156,-2.0761170560490427e-14,gipfel vulkan+s,7.737765953269621
-6.802826850761445,0.13328736928860696,0.021100944384115902,0.04390130361535322,-1.84297022087776e-14,vulkan+s aufstieg,5.3489069002359715
-7.8148282517517,0.7597802173750892,0.04798985339304532,0.029686674134527666,-1.6431300764452317e-14,+567,4.158744573334073
-7.8148282517517,0.7597802173750892,0.04798985339304532,0.029686674134527666,-1.6431300764452317e-14,aufstieg +567,4.158744573334073
-7.970521811187203,0.8560881066952621,0.05311642190047666,0.026900459331596144,-1.5987211554602254e-14,+567 char+s,3.975683974490078
-4.522608255372382,-1.290336847799281,-0.23963695594877563,-0.04474182848472612,4.39648317751562e-14,vulkan+ausbruch ätna,8.036586827469353
-5.545732209700712,-0.6461831277650534,-0.13058837142361682,-0.007389392587736961,1.7763568394002505e-14,schränkt,6.827788263092314
-5.545732209700712,-0.6461831277650534,-0.13058837142361682,-0.007389392587736961,1.7763568394002505e-14,ätna schränk+t,6.827788263092314
-6.02722096123197,-0.34703366561577864,-0.10316235904562704,-0.021392538938518935,1.9761969838327786e-14,schränk+t flug+verkehr,6.2609998594346585
-6.238605462237279,-0.22203231574409577,0.007475259755785349,-0.15068674181473743,5.3290705182007514e-14,flug+verkehr catania,6.015779375120469
-7.430901453980226,0.5050762036216567,-0.2589421199584386,-0.11106393529554216,7.038813976123492e-14,catania eruption+s+wolke,4.618762120021451
-7.194927293238387,0.37799614656996994,-0.06959083413607088,-0.011507619316368168,1.2212453270876722e-14,eruption+s+wolke europa+s,4.886577053525058
9.101670309847805,-9.72934291977364,-0.15341825283510319,0.05797396666670766,-3.6637359812630166e-15,groß vulkan,24.062806550984007
-7.289510964337652,0.43686467335700563,-0.05391747520886063,-0.006244560279039482,8.43769498715119e-15,Betriebseinschränkungen,4.775196848180856
-7.289510964337652,0.43686467335700563,-0.05391747520886063,-0.006244560279039482,8.43769498715119e-15,sorg+t betrieb+s+einschränkung+en,4.775196848180856
-7.576845543742041,0.5381502433820522,0.4190750534881843,-0.34289157014452354,7.460698725481052e-14,betrieb+s+einschränkung+en flug+hafen,4.478766976967443
-8.172288469535445,0.9715097763150093,0.13971919488779147,-0.15230845994885658,3.863576125695545e-14,catania sie,3.743673762287935
-6.059891393292723,-0.33015074828841007,-0.07424180957523215,-0.10198684806710849,4.529709940470639e-14,entscheiden,6.224448725582761
-6.059891393292723,-0.33015074828841007,-0.07424180957523215,-0.10198684806710849,4.529709940470639e-14,sie entscheid+en,6.224448725582761
-6.4926425795417595,-0.06126964756475051,-0.08594342386497442,-0.0885136201943555,4.196643033083092e-14,darüber,5.714937330967894
-6.4926425795417595,-0.06126964756475051,-0.08594342386497442,-0.0885136201943555,4.196643033083092e-14,entscheid+en darüber,5.714937330967894
-5.8651130647202,-0.4512292989499458,-0.06743488638057804,-0.10894692029827184,4.707345624410664e-14,darüber sie,6.453809937914526
-7.020409567502607,0.26653029965792197,-0.09331842955341997,-0.07581713134062323,3.8191672047105385e-14,Inhalte,5.093634208055166
-7.020409567502607,0.26653029965792197,-0.09331842955341997,-0.07581713134062323,3.8191672047105385e-14,sie inhalt+e,5.093634208055166
-4.971926327306357,-1.0005479219425277,-0.08652826068410333,-0.008094634081845142,1.2878587085651816e-14,nutzen,7.502280504678007
-7.144514661275496,0.34360939167533155,-0.0938125547124467,-0.07343473605240801,3.730349362740526e-14,inhalt+e nutz+en,4.947538625102342
-7.3811189714373855,0.4905664544302941,-0.09326806268785004,-0.06952546799840832,3.597122599785507e-14,Gerät,4.669009408259528
-7.3811189714373855,0.4905664544302941,-0.09326806268785004,-0.06952546799840832,3.597122599785507e-14,ihr gerät,4.669009408259528
-7.4432432048208925,0.5291547557730372,-0.09277869904708518,-0.0686346283530432,3.552713678800501e-14,erlaubt,4.595876630593935
-7.4432432048208925,0.5291547557730372,-0.09277869904708518,-0.0686346283530432,3.552713678800501e-14,gerät erlaub+t,4.595876630593935
-7.5540537452047545,0.59798751512362,-0.09152199062990284,-0.06718242598823669,3.4861002973229915e-14,erlaub+t derzeit,4.465429439348506
-7.619647793064873,0.6387349080728537,-0.09053609345654881,-0.06640380457021437,3.441691376337985e-14,leider,4.388210991916419
-7.619647793064873,0.6387349080728537,-0.09053609345654881,-0.06640380457021437,3.441691376337985e-14,derzeit leider,4.388210991916419
-7.748252463551042,0.7186292852404086,-0.08805017485600627,-0.06504663258741508,3.375077994860476e-14,entsprechenden,4.23681420174703
-7.748252463551042,0.7186292852404086,-0.08805017485600627,-0.06504663258741508,3.375077994860476e-14,leider entsprech+end+en,4.23681420174703
-7.839575792161947,0.7753664048496813,-0.08581500240754272,-0.06421410856655034,3.3084646133829665e-14,Optionen,4.1293051886698935
-7.839575792161947,0.7753664048496813,-0.08581500240754272,-0.06421410856655034,3.3084646133829665e-14,entsprech+end+en option+en,4.1293051886698935
-7.888856104463803,0.8059841918659427,-0.08443788944479727,-0.06380822514663638,3.2862601528904634e-14,anzuzeigen,4.071290494102956
-7.888856104463803,0.8059841918659427,-0.08443788944479727,-0.06380822514663638,3.2862601528904634e-14,option+en an+zu+zeig+en,4.071290494102956
-7.953942757601025,0.8464233680969344,-0.08242758036658308,-0.06331695424718442,3.241851231905457e-14,Bitte,3.9946678719555666
-7.981844452727135,0.8637593148206415,-0.08149705067188931,-0.06312149515778502,3.219646771412954e-14,deaktivieren,3.961820880039027
-7.981844452727135,0.8637593148206415,-0.08149705067188931,-0.06312149515778502,3.219646771412954e-14,bitte deaktivier+en,3.961820880039027
-8.038260194048656,0.8988120133743625,-0.07948552136164104,-0.06275306978300343,3.197442310920451e-14,deaktivier+en sie,3.895406103948007
-8.054607239984655,0.9089689515036077,-0.0788694369357542,-0.06265283711795032,3.175237850427948e-14,sämtliche,3.876161773596429
-8.054607239984655,0.9089689515036077,-0.0788694369357542,-0.06265283711795032,3.175237850427948e-14,sie sämtlich+e,3.876161773596429
-8.093601996674856,0.9331976640704136,-0.07733806691958321,-0.062425203868634815,3.1530333899354446e-14,Hard-,3.8302558533355753
-8.093601996674856,0.9331976640704136,-0.07733806691958321,-0.062425203868634815,3.1530333899354446e-14,sämtlich+e hard+-,3.8302558533355753
-8.130150284034306,0.9559062679061805,-0.07582218149484925,-0.062226112722065643,3.1308289294429414e-14,Software…,3.7872301833275612
-8.130150284034306,0.9559062679061805,-0.07582218149484925,-0.062226112722065643,3.1308289294429414e-14,hard+- software…,3.7872301833275612
-8.167826043718971,0.979315255635907,-0.07417584817556849,-0.06203479402044243,3.108624468950438e-14,+180,3.742877471761306
-8.167826043718971,0.979315255635907,-0.07417584817556849,-0.06203479402044243,3.108624468950438e-14,software… +180,3.742877471761306
-8.184151711361817,0.9894587640464538,-0.07343554078987591,-0.06195613924155294,3.086420008457935e-14,+180 char+s,3.7236586424831684
-4.055015122321981,-1.5696168624129663,-0.02157064671069632,0.06544497813313101,-2.1316282072803006e-14,vulkan asche,8.581503071045763
-3.9561106577471428,-1.6309719724565483,-0.002691471788702285,0.052907763628833385,-1.8984813721090177e-14,asche ätna,8.697937611323923
-4.366253249545035,-1.3774488528023965,0.037940577154247576,0.026924915172713226,-1.432187701766452e-14,ätna behinder+t,8.21586247523208
-4.702645578465134,-1.1855689058585983,0.23128728147429053,-0.10137151144758329,9.325873406851315e-15,behinder+t betrieb,7.829315938205881
-2.605489620230898,-2.604233496102801,0.6098173677932783,-0.3770711928985531,6.439293542825908e-14,betrieb flug+hafen,10.360162238279557
-8.178264978756417,0.9735651019973595,0.19393875445037748,-0.06619745139190594,1.1102230246251565e-15,catania hier,3.737556365234261
-7.88160312791889,0.8010887383585499,0.0501484097980216,0.02851676738099343,-1.6209256159527285e-14,sie asche,4.080230475584151
-1.1658751592798922,-3.360398289584776,-0.08684014263919056,0.05736963720230123,-1.0880185641326534e-14,starken,11.980496984101107
-4.410882274241707,-1.349006466787825,-0.017534561988861268,0.06344088015230072,-2.1094237467877974e-14,wegen stark+en,8.162812322916057
-3.6135160152076837,-1.8433271565369442,-0.0261658639312006,0.06772284291060955,-2.1649348980190553e-14,Ascheausstoßes,9.100951608722806
-3.6135160152076837,-1.8433271565369442,-0.0261658639312006,0.06772284291060955,-2.1649348980190553e-14,stark+en asche+ausstoß+es,9.100951608722806
3.9753311227603163,-6.548978828372929,-0.06716260132044784,0.08837211177377356,-2.453592884421596e-14,asche+ausstoß+es vulkan+s,18.030215396791643
-1.4586075169162207,-3.1794241825005325,-0.043623897031367515,0.07637676143025472,-2.275957200481571e-14,vulkan+s ätna,11.63641158773185
-5.716113756631216,-0.5704537659936415,0.3046448505441277,-0.14901981012879972,1.7985612998927536e-14,sizilien flug+verkehr,6.644015311543707
-5.045206650454158,-1.1465630041843933,0.7047408607396792,-0.435083045757375,7.438494264988549e-14,flug+verkehr flug+hafen,7.518765343911881
-6.291819624584181,-0.2251941210939421,0.35552828305441264,-0.18249044781271248,2.4202861936828413e-14,catania derzeit,5.972913275888668
-7.625284398723062,0.6175151261697382,0.27997732436464906,-0.12653944532758873,1.2878587085651816e-14,bedingt,4.3953595997961985
-7.625284398723062,0.6175151261697382,0.27997732436464906,-0.12653944532758873,1.2878587085651816e-14,derzeit beding+t,4.3953595997961985
-7.649243332973958,0.6247662289823084,0.3176921978284396,-0.15225008975742563,1.7763568394002505e-14,beding+t möglich,4.371266691263272
-5.732834011255554,-0.7956052058665475,0.8081077872677493,-0.5119138182329791,8.992806499463768e-14,Flughafenbetr…,6.749669972039381
-5.732834011255554,-0.7956052058665475,0.8081077872677493,-0.5119138182329791,8.992806499463768e-14,angabe+n flughafenbetr…,6.749669972039381
-8.798776877405075,1.3156595780677711,0.4026576224641403,-0.20695806765382277,2.7533531010703882e-14,+1207,3.030420843916304
-8.798776877405075,1.3156595780677711,0.4026576224641403,-0.20695806765382277,2.7533531010703882e-14,flughafenbetr… +1207,3.030420843916304
-8.850485752769664,1.3584270181853626,0.36335998181008533,-0.17942580733911595,2.220446049250313e-14,+1207 char+s,2.963842595566961
-8.210978377717819,0.9944607900317302,0.15991507506841018,-0.14334728027533505,3.2862601528904634e-14,catania wegen,3.698730213234333
-5.62148018317921,-0.5981284452298228,-0.012569024299938461,0.04939962355922739,-1.6542323066914832e-14,asche+wolke ätna,6.738276817553044
-7.112832787979681,0.3265190902615056,-0.026016117570334688,-0.043393860449688126,1.865174681370263e-14,ätna flug+verkehr,4.983580801770058
-7.66246304680668,0.6565008456939121,0.16868508292136042,-0.0773269075319539,7.993605777301127e-15,eingeschränkt,4.342969192235804
-8.755261419668427,1.3408467750472604,0.09132118752987112,-0.03387465100577436,1.5543122344752192e-15,catania ein+ge+schränk+t,3.0534109987454636
-8.731864985952905,1.327566577665046,0.06977321902563585,0.0018299866416743409,-8.881784197001252e-15,Verbindungen,3.080227106160158
-8.672411749798544,1.289881794904619,0.08023727438973044,0.01059896012258098,-1.3211653993039363e-14,müssen,3.150628170828752
-8.672411749798544,1.289881794904619,0.08023727438973044,0.01059896012258098,-1.3211653993039363e-14,verbindung+en müss+en,3.150628170828752
-8.621894439330006,1.2586207952829223,0.07885642520845343,0.012479505530498787,-1.3766765505351941e-14,gestrichen,3.210031532568009
-8.621894439330006,1.2586207952829223,0.07885642520845343,0.012479505530498787,-1.3766765505351941e-14,müss+en ge+streich+en,3.210031532568009
-8.471986690683007,1.166051230496186,0.07220923115876374,0.01627652862236773,-1.432187701766452e-14,umgeleitet,3.3862012592145097
-8.471986690683007,1.166051230496186,0.07220923115876374,0.01627652862236773,-1.432187701766452e-14,ge+streich+en um+ge+leit+et,3.3862012592145097
-8.798776877405075,1.3156595780677711,0.4026576224641403,-0.20695806765382277,2.7533531010703882e-14,flughafenbetr… +1263,3.030420843916304
-8.850485752769664,1.3584270181853626,0.36335998181008533,-0.17942580733911595,2.220446049250313e-14,+1263 char+s,2.963842595566961
-6.802826850761445,0.13328736928860696,0.021100944384115902,0.04390130361535322,-1.84297022087776e-14,Aktiver,5.3489069002359715
-6.555112097500428,-0.018407782409652462,-0.06568214385652635,0.005767312453682137,5.551115123125783e-15,vulkan asche+wolke,5.639232656760101
-8.250270694873107,1.0110375318027607,0.24280957600598083,-0.10732922664987853,1.021405182655144e-14,flug+verkehr der,3.656735920045696
-8.251524670167392,1.0018453423100626,0.2976750931416765,-0.14401670126243582,1.709743457922741e-14,der betrieb,3.660645330666609
-7.657977150416576,0.6627304129343972,0.04314069459891698,0.03229815044721517,-1.6764367671839864e-14,catania stark+en,4.343180568946109
-7.1900011438097255,0.3730531113431219,0.03026891681888394,0.0391245611951174,-1.7763568394002505e-14,Ausstoß,4.893526332777002
-7.1900011438097255,0.3730531113431219,0.03026891681888394,0.0391245611951174,-1.7763568394002505e-14,stark+en ausstoß,4.893526332777002
-4.77215798396889,-1.12505638570159,-0.01309342770118814,0.061230545805961156,-2.0761170560490427e-14,ausstoß vulkan+s,7.737765953269621
-7.4579739468490915,0.538948534344946,0.03736828480793611,0.035377820108505036,-1.7208456881689926e-14,vulkan+s italienisch+en,4.578375627082935
-5.874113643727944,-0.44208538210506587,0.0031186641889472955,0.05309575093951194,-1.965094753586527e-14,stark,6.441366056932598
-7.657977150416576,0.6627304129343972,0.04314069459891698,0.03229815044721517,-1.6764367671839864e-14,mittelmeer+insel stark,4.343180568946109
-8.400374916190001,1.121813111626603,0.06920415396762677,0.01797584982475459,-1.4654943925052066e-14,stark behinder+t,3.4703679565272507
-8.613876275834777,1.25367083153272,0.07848791418369816,0.012691408649838035,-1.3766765505351941e-14,Verbindung,3.2194536447148314
-8.613876275834777,1.25367083153272,0.07848791418369816,0.012691408649838035,-1.3766765505351941e-14,auch verbindung,3.2194536447148314
-7.445401499002495,0.5142562490612592,0.2311255126266302,-0.09399198422157636,6.8833827526759706e-15,Deutschland,4.60253636518906
-8.553173852599958,1.2161915165645052,0.07574671907981931,0.014262465276961945,-1.3988810110276972e-14,verbindung deutschland,3.290787599023269
-8.3739786541023,1.1055043060397587,0.06812239719468016,0.01858499501268644,-1.4765966227514582e-14,deutschland betreff+en,3.501393389332999
-7.912623239980011,0.8202768298296896,0.051171407259200954,0.027960681586184276,-1.609823385706477e-14,derzeit stark,4.0437578714501425
-8.740954754778684,1.3125772039684505,0.25967536941743785,-0.10854986877488733,8.659739592076221e-15,stark ein+ge+schränk+t,3.0808436504088754
-8.798776877405075,1.3156595780677711,0.4026576224641403,-0.20695806765382277,2.7533531010703882e-14,+1318,3.030420843916304
-8.798776877405075,1.3156595780677711,0.4026576224641403,-0.20695806765382277,2.7533531010703882e-14,flughafenbetr… +1318,3.030420843916304
-8.850485752769664,1.3584270181853626,0.36335998181008533,-0.17942580733911595,2.220446049250313e-14,+1318 char+s,2.963842595566961
-8.011038682310865,0.8786189348316382,0.05043836016693526,-0.11708839178819082,3.6415315207705135e-14,catania bleib+t,3.929470932260569
-8.110273298391245,0.9413439779560706,0.02261717440222645,-0.10842249792792528,3.6415315207705135e-14,bleib+t ge+schließ+en,3.8120193308737713
-8.232598501281842,1.0178387948605345,-0.013075343271916173,-0.10280792508745347,3.863576125695545e-14,ge+schließ+en auch,3.6676740985938006
-8.205231248382896,1.0018219406896245,-0.057929322928976124,-0.08063389564855598,3.574918139293004e-14,Militärflugplätze,3.699271402552896
-8.205231248382896,1.0018219406896245,-0.057929322928976124,-0.08063389564855598,3.574918139293004e-14,auch militär+flug+platz+e,3.699271402552896
-7.967544383465031,0.8541966295183787,-0.11140257771800188,-0.057050912304326254,3.352873534367973e-14,NAS,3.9789514710656255
-7.967544383465031,0.8541966295183787,-0.11140257771800188,-0.057050912304326254,3.352873534367973e-14,militär+flug+platz+e na+s,3.9789514710656255
-6.065044107267301,-0.33051334467747084,-0.1997340805656203,-0.04966937821194227,4.107825191113079e-14,Sigonella,6.219981722050726
-7.889815200802609,0.805798503720617,-0.11659393681869819,-0.056754661147934524,3.419486915845482e-14,na+s sigonella,4.070506174748445
-7.889815200802609,0.805798503720617,-0.11659393681869819,-0.056754661147934524,3.419486915845482e-14,sigonella sigonella,4.070506174748445
-7.059506432471023,0.2886981302309435,-0.1618268032367759,-0.05344540360988227,3.8191672047105385e-14,Air,5.048576766206064
-7.059506432471023,0.2886981302309435,-0.1618268032367759,-0.05344540360988227,3.8191672047105385e-14,sigonella air,5.048576766206064
-6.78203048332359,0.11589885759247887,-0.1737885658658052,-0.05235185354848769,3.907985046680551e-14,Base,5.3754345512760615
-6.78203048332359,0.11589885759247887,-0.1737885658658052,-0.05235185354848769,3.907985046680551e-14,air bas+e,5.3754345512760615
-3.6824105817455504,-1.8128947058551925,-0.25560705596053157,-0.04251532523701175,4.5075054799781356e-14,bas+e vulkan+ausbruch,9.025995065839378
-6.859255803688668,0.16398957327937058,-0.17058440891363758,-0.052653699479934646,3.885780586188048e-14,vulkan+ausbruch betreff+en,5.284466230688716
-7.402979855228861,0.5026135868961012,-0.14508011997527354,-0.054823074876110475,3.6637359812630166e-14,betreff+en sie,4.643971409627227
-1.4586075169162207,-3.1794241825005325,-0.043623897031367515,0.07637676143025472,-2.275957200481571e-14,Größter,11.63641158773185
-4.560248969393742,-1.30209513883726,0.37115628977471293,-0.19720532873553878,2.7533531010703882e-14,europa+s flug+hafen,8.012077802667417
-5.20517551439463,-0.862220839054741,0.1266024253600399,-0.030112683410952818,-4.107825191113079e-15,catania asche+regen,7.231579046784319
-5.815116533307702,-0.4818663342430711,0.09384960792123337,-0.006913891763657965,-8.659739592076221e-15,asche+regen ätna,6.512686798954173
-6.057127938574955,-0.329771362022921,0.05080204217410643,0.022189745339716932,-1.4099832412739488e-14,ätna betrieb,6.226753022948214
-8.400374916190001,1.121813111626603,0.06920415396762677,0.01797584982475459,-1.4654943925052066e-14,betrieb hier,3.4703679565272507
-6.802826850761445,0.13328736928860696,0.021100944384115902,0.04390130361535322,-1.84297022087776e-14,thema groß,5.3489069002359715
-7.626569604431204,0.5633809322535659,0.4815554075324674,-0.2664631583050708,3.9745984281580604e-14,sie flug+hafen,4.423279175989004
-6.967354324586719,0.23518397865458995,0.024853437855051827,0.041954172353447935,-1.8096635301390052e-14,vorübergehenden,5.155390200660934
-6.967354324586719,0.23518397865458995,0.024853437855051827,0.041954172353447935,-1.8096635301390052e-14,nach vor+übergeh+end+en,5.155390200660934
-6.44987365750679,-0.08534626642975152,0.013679577755748629,0.04772173035418473,-1.8984813721090177e-14,vor+übergeh+end+en sperrung,5.764071640534293
-5.993070436841797,-0.36837256811131924,0.005162357812243654,0.052061036150931474,-1.9539925233402755e-14,sperrung wegen,6.3014271138926485
-5.158710147128999,-0.885455794662847,-0.007906294094659774,0.0586403569712642,-2.042810365310288e-14,Ascheregens,7.282991950814671
-5.158710147128999,-0.885455794662847,-0.007906294094659774,0.0586403569712642,-2.042810365310288e-14,wegen asche+regen+s,7.282991950814671
-0.28552094514476245,-3.9068246490115457,-0.05061085890176067,0.07986631685225032,-2.3314683517128287e-14,asche+regen+s vulkan,13.016698354013446
-7.0044653368891465,0.22898845983228577,0.29949324793441423,-0.14193514864453974,1.5987211554602254e-14,Flugbetrieb,5.127772343300368
-7.0044653368891465,0.22898845983228577,0.29949324793441423,-0.14193514864453974,1.5987211554602254e-14,sizilien flug+betrieb,5.127772343300368
-6.543645796211693,-0.20041013873934999,0.6755008045422658,-0.40995286596514563,6.88338275267597e-14,flug+betrieb flug+hafen,5.746602228614036
-7.542262712019131,0.5618255618747217,0.3017033897412553,-0.1416684252497205,1.5765166949677223e-14,aufgenommen,4.495317252455813
-7.542262712019131,0.5618255618747217,0.3017033897412553,-0.1416684252497205,1.5765166949677223e-14,catania auf+ge+nehm+en,4.495317252455813
-7.708850122993072,0.6741153592446381,0.2526939714382783,-0.1076790743327918,9.103828801926284e-15,auf+ge+nehm+en werd+en,4.294446377476963
-7.8726092799267295,0.7816340668641009,0.2129798709168034,-0.08019599174337666,3.9968028886505635e-15,Betre…,4.09851577919297
-7.8726092799267295,0.7816340668641009,0.2129798709168034,-0.08019599174337666,3.9968028886505635e-15,wie betre…,4.09851577919297
-8.894771646989561,1.4166818645884725,0.20134119916318408,-0.06842470811553117,1.1102230246251565e-15,+952,2.8951172419275535
-8.894771646989561,1.4166818645884725,0.20134119916318408,-0.06842470811553117,1.1102230246251565e-15,betre… +952,2.8951172419275535
-8.915086981310026,1.4300036645670793,0.19562557894643648,-0.06449248175222766,4.440892098500626e-16,+952 char+s,2.8708176807201156
-8.62371831697175,1.2577622682365637,0.11080785046398098,-0.00875630950732231,-9.880984919163893e-15,betrieb der,3.209010271113284
-8.676985828817699,1.28946168713666,0.12789808545951797,-0.019943267889924395,-7.771561172376096e-15,ätna spuck+te,3.147075297998403
-8.135386923081963,0.9529202042180924,0.13816811927123218,-0.02895852817061847,-5.773159728050814e-15,spuck+te asche,3.784743474595749
-8.723023162641859,1.3116183847748637,0.19041908323329612,-0.06170214952094204,0.0,asche flug+e,3.096422667095479
-8.734000259007251,1.314759431257967,0.21817541155736284,-0.08040272315325939,3.552713678800501e-15,fielen,3.0855046815401552
-8.734000259007251,1.314759431257967,0.21817541155736284,-0.08040272315325939,3.552713678800501e-15,flug+e fall+en,3.0855046815401552
-8.71763711106918,1.2756584524528165,0.36509388577788016,-0.18107785077312508,2.2648549702353193e-14,fall+en deutschland,3.1203692200077073
-8.411224870366905,0.9506855497338331,0.6848700867300074,-0.4115531244172032,6.838973831690964e-14,der flug+hafen,3.5528075968323574
-8.859468995505079,1.3748952760073938,0.317115526423409,-0.14744685303629204,1.5987211554602254e-14,offen,2.947418447560098
-8.859468995505079,1.3748952760073938,0.317115526423409,-0.14744685303629204,1.5987211554602254e-14,catania offen,2.947418447560098
-8.866835727203583,1.3900015987113976,0.2630767793765494,-0.11041217539131677,9.103828801926284e-15,offen betrieb,2.9330672629525263
-8.852527689656826,1.391316258024339,0.19495960632364254,-0.06427325447840884,4.440892098500626e-16,normalisieren,2.944371326464879
-8.852527689656826,1.391316258024339,0.19495960632364254,-0.06427325447840884,4.440892098500626e-16,betrieb normalisier+en,2.944371326464879
-8.822967924720786,1.3782238826558824,0.14731946562666431,-0.03236164508126517,-5.551115123125783e-15,Reisende,2.976278897122716
-8.798181840419687,1.3651667679588282,0.12048518530153232,-0.0145157053285466,-8.881784197001252e-15,reis+end+e soll+ten,3.004160685607917
-8.771424087391875,1.350238143031912,0.09701340983346979,0.0010184558003906892,-1.176836406102666e-14,dennoch,3.034712467753247
-8.771424087391875,1.350238143031912,0.09701340983346979,0.0010184558003906892,-1.176836406102666e-14,soll+ten dennoch,3.034712467753247
-8.73273208116187,1.327028569427124,0.08411248605516386,0.009438814381657015,-1.3322676295501878e-14,prüfen,3.079796091529252
-8.73273208116187,1.327028569427124,0.08411248605516386,0.009438814381657015,-1.3322676295501878e-14,dennoch prüf+en,3.079796091529252
-8.621894439330006,1.2586207952829223,0.07885642520845343,0.012479505530498787,-1.3766765505351941e-14,prüf+en flug+e,3.210031532568009
-8.57138967325253,1.2274393738465517,0.07656041098068847,0.013797067772631934,-1.3988810110276972e-14,starten,3.2693809219139456
-8.57138967325253,1.2274393738465517,0.07656041098068847,0.013797067772631934,-1.3988810110276972e-14,flug+e start+en,3.2693809219139456
-8.894771646989561,1.4166818645884725,0.20134119916318408,-0.06842470811553117,1.1102230246251565e-15,+1006,2.8951172419275535
-8.894771646989561,1.4166818645884725,0.20134119916318408,-0.06842470811553117,1.1102230246251565e-15,betre… +1006,2.8951172419275535
-8.918986914189805,1.432553514228935,0.19456821009787936,-0.06376488499792064,2.220446049250313e-16,+1006 char+s,2.866156962606515
-7.320229283507699,0.4558129606740775,-0.019910998088409883,0.010048308663714783,-1.3322676295501878e-15,Flugchaos,4.739159156221178
-4.64129340117386,-1.2052306108416064,-0.045379873333773926,0.04692149265572417,-1.176836406102666e-14,flug+chaos vulkan+asche,7.891182301574382
-7.229372844599423,0.3996410465890947,-0.0332451035670274,0.00580336193770669,1.7763568394002505e-15,vulkan+asche ätna,4.8459544492525035
-7.428127529548331,0.5217419430967474,-0.08983210755288511,-0.028194774889852437,2.0650148258027912e-14,Dass,4.612607213677173
-7.428127529548331,0.5217419430967474,-0.08983210755288511,-0.028194774889852437,2.0650148258027912e-14,ätna dass,4.612607213677173
-7.382083733046814,0.4861992654459426,-0.18015838097824227,-0.07140009347748974,4.6851411639181606e-14,dass lava,4.670324085704427
-7.922589066802472,0.8283126219576444,-0.07583653045057612,-0.037482536466668284,2.2426505097428162e-14,lava nordost+krater,4.030853480069704
-8.18773699643858,0.9931177906549913,-0.051385587318785925,-0.03543209223988049,1.887379141862766e-14,nordost+krater fließ+t,3.718707645495845
-8.289664448620739,1.0563070500585834,-0.04550920547102198,-0.03677748511602369,1.865174681370263e-14,geschieht,3.5987948429989736
-8.289664448620739,1.0563070500585834,-0.04550920547102198,-0.03677748511602369,1.865174681370263e-14,fließ+t gescheh+t,3.5987948429989736
-8.389686050625533,1.1182580221771496,-0.041536845422805405,-0.039239046766673696,1.9095836023552692e-14,selten,3.481151420037681
-8.389686050625533,1.1182580221771496,-0.041536845422805405,-0.039239046766673696,1.9095836023552692e-14,gescheh+t selten,3.481151420037681
-8.45451016594287,1.1583796284774663,-0.03999105535463206,-0.041493761003427346,1.9539925233402755e-14,selten ein,3.4049202747819027
-8.47707913481077,1.1723527323367489,-0.03914470642629219,-0.04214563850991723,1.9761969838327786e-14,ein ausbruch,3.378378007992483
-7.229372844599423,0.3996410465890947,-0.0332451035670274,0.00580336193770669,1.7763568394002505e-15,ausbruch ätna,4.8459544492525035
-8.005141689146633,0.8803291414840855,-0.03647419809441395,-0.020581136550006072,1.1546319456101628e-14,flug+verkehr sizilien,3.933346769159436
-7.800885308920367,0.7538035140687258,-0.03957107457096851,-0.01479561461370361,9.992007221626409e-15,beeinträchtigt,4.173605687214695
-7.800885308920367,0.7538035140687258,-0.03957107457096851,-0.01479561461370361,9.992007221626409e-15,sizilien beeinträchtig+t,4.173605687214695
-6.814197344696255,0.14231058758762138,-0.048804940815842524,0.008395165749793557,2.6645352591003757e-15,Potsdamer,5.334377957240597
-6.814197344696255,0.14231058758762138,-0.048804940815842524,0.008395165749793557,2.6645352591003757e-15,ein potsdamer,5.334377957240597
-4.574140410166148,-1.2466955054588795,-0.061567864739748714,0.039807488803440115,-7.327471962526033e-15,Vulkanologe,7.970078791461793
-4.574140410166148,-1.2466955054588795,-0.061567864739748714,0.039807488803440115,-7.327471962526033e-15,potsdamer vulkanolog+e,7.970078791461793
-6.968159009844892,0.23771348189736585,-0.05487656067022364,0.0016773967579520807,5.773159728050814e-15,vulkanolog+e erklär+t,5.153247260188875
-7.649331557023912,0.6584059196778065,-0.09487603105769679,-0.03759193829581252,2.4646951146678475e-14,erklär+t un+gewöhnlich+e,4.352588960148035
-7.5828049928835295,0.599016537418267,-0.25728211691803643,-0.1151437990719575,7.172040739078511e-14,Lavaverlauf,4.440164417407097
-7.5828049928835295,0.599016537418267,-0.25728211691803643,-0.1151437990719575,7.172040739078511e-14,un+gewöhnlich+e lavaverlauf,4.440164417407097
-8.07945462880515,0.9209239546266694,-0.14078901028636612,-0.07613332175231254,4.39648317751562e-14,Risiko,3.8486340928901774
-8.07945462880515,0.9209239546266694,-0.14078901028636612,-0.07613332175231254,4.39648317751562e-14,lavaverlauf risiko,3.8486340928901774
-8.01692989999979,0.8833519127109919,-0.12919321609986048,-0.0678564786347642,3.952393967665557e-14,verrät,3.9215887444876234
-8.01692989999979,0.8833519127109919,-0.12919321609986048,-0.0678564786347642,3.952393967665557e-14,risiko verrat,3.9215887444876234
-7.752815385583606,0.7204868972589384,-0.12527360845203273,-0.05622100682126362,3.4861002973229915e-14,verrat weit+er+e,4.231879273189232
-7.5154694734084035,0.5726728701559511,-0.13904728532989616,-0.05527543434877853,3.6193270602780103e-14,weit+er+e einschränkung+en,4.511461415792816
-6.6072029405431865,0.007033597524514601,-0.1807174361791618,-0.051676884140558085,3.9745984281580604e-14,drohen,5.5813720828829005
-6.6072029405431865,0.007033597524514601,-0.1807174361791618,-0.051676884140558085,3.9745984281580604e-14,einschränkung+en droh+en,5.5813720828829005
-7.582318956510914,0.614306567224546,-0.1353176183204023,-0.055543451089443474,3.574918139293004e-14,Wochenbeginn,4.432714972736922
-7.582318956510914,0.614306567224546,-0.1353176183204023,-0.055543451089443474,3.574918139293004e-14,ätna woche+n+beginn,4.432714972736922
-8.020158662133792,0.8869543442049603,-0.10777076174165676,-0.057247983149791806,3.3306690738754696e-14,anhaltend,3.9169804001211905
-8.020158662133792,0.8869543442049603,-0.10777076174165676,-0.057247983149791806,3.3306690738754696e-14,woche+n+beginn an+halt+end,3.9169804001211905
-8.168348099900687,0.9792026689793949,-0.0969886626770784,-0.05778379288736413,3.219646771412954e-14,an+halt+end stark+en,3.7424460712538172
-8.264290538767074,1.0389122443801126,-0.08953361321131248,-0.05811132961572611,3.1530333899354446e-14,stark+en asche+ausstoß,3.629455861811744
-8.38962443926712,1.1168784397352662,-0.07741823563773162,-0.059601950389367025,3.064215547965432e-14,Turbulenzen,3.4818755175852307
-8.38962443926712,1.1168784397352662,-0.07741823563773162,-0.059601950389367025,3.064215547965432e-14,asche+ausstoß turbulenz+en,3.4818755175852307
-8.470000167871355,1.1656222157940823,-0.017134615802774825,-0.09310934152462917,3.552713678800501e-14,Luftverkehr,3.388018858327766
-8.470000167871355,1.1656222157940823,-0.017134615802774825,-0.09310934152462917,3.552713678800501e-14,turbulenz+en luft+verkehr,3.388018858327766
-8.52925203851397,1.198461738923871,0.05510656570543557,-0.1351092589743365,4.218847493575595e-14,luft+verkehr sizilien,3.3205249406701833
-8.547061492288291,1.2056606113968136,0.09858543097265646,-0.16140777344046922,4.6629367034256575e-14,sizilien aus+ge+lös+t,3.3016975527186414
-8.539052150440916,1.1828217353395623,0.22207185155837442,-0.2398853450377836,6.061817714453355e-14,der tourist+en,3.320832396748811
-8.476453325087805,1.117525178943716,0.33415643746372403,-0.3150308212501081,7.460698725481052e-14,tourist+en wichtig+e,3.4087111298369437
-8.223255455673034,0.865696577307459,0.5674361384415139,-0.4805665497743078,1.0702549957386509e-13,wichtig+e flug+hafen,3.7571678848470866
-8.725571676369595,1.301927448116762,0.2099710623968072,-0.22027579161762803,5.484501741648273e-14,zwische…,3.0995109162934575
-8.725571676369595,1.301927448116762,0.2099710623968072,-0.22027579161762803,5.484501741648273e-14,catania zwische…,3.0995109162934575
-8.78013830715366,1.341559549963615,0.17660103233860236,-0.1954852397855606,4.9960036108132044e-14,+892,3.032169340188065
-8.78013830715366,1.341559549963615,0.17660103233860236,-0.1954852397855606,4.9960036108132044e-14,zwische… +892,3.032169340188065
-8.80308994238476,1.357801357499546,0.1638242958841986,-0.18583339557329792,4.796163466380676e-14,+892 char+s,3.004072911064677
-7.442280871078781,0.5270906083419438,-0.1430059221817334,-0.054981230437521386,3.6415315207705135e-14,Filmkunst,4.597675672372778
-6.698336989729282,0.06378185121723856,-0.17716001666528758,-0.05202722015975843,3.952393967665557e-14,München,5.474021446837566
-6.698336989729282,0.06378185121723856,-0.17716001666528758,-0.05202722015975843,3.952393967665557e-14,film+kunst münchen,5.474021446837566
-3.6824105817455504,-1.8128947058551925,-0.25560705596053157,-0.04251532523701175,4.5075054799781356e-14,münchen vulkan+ausbruch,9.025995065839378
-6.930815335265216,0.2085532286716738,-0.16753158992788786,-0.05293522216349786,3.863576125695545e-14,vulkan+ausbruch wie,5.200171506615716
-7.172300962243576,0.35894539421019855,-0.1565842568605803,-0.05389594943767484,3.774758283725532e-14,berauschend,4.915707045041602
-7.172300962243576,0.35894539421019855,-0.1565842568605803,-0.05389594943767484,3.774758283725532e-14,wie berauschend,4.915707045041602
-7.8471709053619145,0.779244362678472,-0.1193579365977682,-0.05658993264791723,3.441691376337985e-14,Weltuntergang,4.120736545216802
-7.8471709053619145,0.779244362678472,-0.1193579365977682,-0.05658993264791723,3.441691376337985e-14,berauschend welt+untergang,4.120736545216802
-8.098889945646807,0.9359677824675798,-0.10214782928649602,-0.05753659202491318,3.26405569239796e-14,welt+untergang der,3.8242506068237736
-6.840509459739442,0.15231548720592114,-0.1713706781735451,-0.052580232754441014,3.885780586188048e-14,Krakatoa,5.306548721021726
-6.840509459739442,0.15231548720592114,-0.1713706781735451,-0.052580232754441014,3.885780586188048e-14,ausbruch krakatoa,5.306548721021726
-6.997377966618665,0.2500060238635009,-0.16461636401011134,-0.05319852215331558,3.8413716652030416e-14,erschütterte,5.121762606203431
-6.997377966618665,0.2500060238635009,-0.16461636401011134,-0.05319852215331558,3.8413716652030416e-14,krakatoa erschütter+te,5.121762606203431
-7.18544442564458,0.3671311161928692,-0.15595780561492023,-0.053948613222510905,3.774758283725532e-14,1883,4.900224278211386
-7.18544442564458,0.3671311161928692,-0.15595780561492023,-0.053948613222510905,3.774758283725532e-14,erschütter+te 1883,4.900224278211386
-7.2955225316880865,0.43568817305384666,-0.15057687600989922,-0.054390643612177686,3.708144902248023e-14,Globus,4.7705541448242075
-7.2955225316880865,0.43568817305384666,-0.15057687600989922,-0.054390643612177686,3.708144902248023e-14,1883 globus,4.7705541448242075
-7.382585509774626,0.48991179198916246,-0.1461427287279121,-0.05474098593042792,3.68594044175552e-14,Carlos,4.667995537356051
-7.4518108823872,0.5330259738986531,-0.14249761351571402,-0.05501956862085687,3.6415315207705135e-14,Casas,4.586449543062989
-7.4518108823872,0.5330259738986531,-0.14249761351571402,-0.05501956862085687,3.6415315207705135e-14,carlos casas,4.586449543062989
-7.5154694734084035,0.5726728701559511,-0.13904728532989616,-0.05527543434877853,3.6193270602780103e-14,Filminstallation,4.511461415792816
-7.5154694734084035,0.5726728701559511,-0.13904728532989616,-0.05527543434877853,3.6193270602780103e-14,casas film+installation,4.511461415792816
-7.672576721707662,0.6705175496037254,-0.13009942439499572,-0.05590350819978415,3.530509218307998e-14,Münchner,4.326395416223146
-7.672576721707662,0.6705175496037254,-0.13009942439499572,-0.05590350819978415,3.530509218307998e-14,film+installation münchner,4.326395416223146
-7.73359171443654,0.7085153851125052,-0.12644642763999442,-0.05614521293331533,3.5083047578154947e-14,Haus,4.254523421023875
-7.73359171443654,0.7085153851125052,-0.12644642763999442,-0.05614521293331533,3.5083047578154947e-14,münchner haus,4.254523421023875
-7.789739948403152,0.7434811998873747,-0.12299055223550154,-0.056366032498555874,3.4638958368304884e-14,Kunst,4.188384981706287
-7.789739948403152,0.7434811998873747,-0.12299055223550154,-0.056366032498555874,3.4638958368304884e-14,haus kunst,4.188384981706287
-7.8247798137034685,0.7653012707540983,-0.1207862606942518,-0.056502899999859815,3.441691376337985e-14,kunst lass+st,4.147111086468852
-7.879409346990041,0.7993189891756751,-0.11727376150195479,-0.056714596244763923,3.419486915845482e-14,lass+st beb+en,4.082763083840818
-7.9394872387194555,0.8367273184532138,-0.11329986668577371,-0.05694462870832957,3.375077994860476e-14,beb+en körper,4.011998777188664
-7.9721020888631475,0.8570343520813237,-0.1110918208839432,-0.05706810243144103,3.352873534367973e-14,wandern,3.973583180138422
-7.9721020888631475,0.8570343520813237,-0.1110918208839432,-0.05706810243144103,3.352873534367973e-14,körper wander+n,3.973583180138422
-8.609810179397355,1.2511605911620405,0.0783016209038967,0.012798468619312933,-1.3766765505351941e-14,Sonnenfinsternis,3.2242317319791933
-8.564645883749918,1.223275326300391,0.07625829236571188,0.01396996033997091,-1.3988810110276972e-14,sonne+n+finsternis island,3.2773059682418237
-9.217715030534212,1.625857720748296,0.11143945546607448,-0.006954903891826559,-1.0547118733938987e-14,island der,2.510208213653821
-9.21266537282593,1.6227517648941832,0.1111107783773431,-0.0067515935373514795,-1.0547118733938987e-14,Zwei-Minuten-Spektakel,2.5161357941314204
-9.21266537282593,1.6227517648941832,0.1111107783773431,-0.0067515935373514795,-1.0547118733938987e-14,der zwei+-+minute+n+-+spektakel,2.5161357941314204
-9.181371787515632,1.6035004744057486,0.1090980329388512,-0.005509944068023874,-1.0769163338864018e-14,Astronomische,2.5528717376693266
-9.181371787515632,1.6035004744057486,0.1090980329388512,-0.005509944068023874,-1.0769163338864018e-14,zwei+-+minute+n+-+spektakel astronomisch+e,2.5528717376693266
-9.160176313208597,1.5904583765372073,0.10775787803884923,-0.0046864157410954725,-1.0880185641326534e-14,Zimmerpreise,2.5777550140900467
-9.160176313208597,1.5904583765372073,0.10775787803884923,-0.0046864157410954725,-1.0880185641326534e-14,astronomisch+e zimmer+preis+e,2.5777550140900467
-9.137055524281118,1.5762289301007122,0.10631667849950541,-0.003803634761411802,-1.1102230246251565e-14,exklusive,2.6049000405539684
-9.137055524281118,1.5762289301007122,0.10631667849950541,-0.003803634761411802,-1.1102230246251565e-14,zimmer+preis+e exklusiv+e,2.6049000405539684
-9.119191369465103,1.565232785376564,0.10521759672318776,-0.003132378790353652,-1.1213252548714081e-14,Expeditionen,2.62587450533249
-9.119191369465103,1.565232785376564,0.10521759672318776,-0.003132378790353652,-1.1213252548714081e-14,exklusiv+e expedition+en,2.62587450533249
-9.085805739821602,1.5446783749352275,0.10319645043262099,-0.0019023924654513885,-1.1435297153639112e-14,See,2.665075135228977
-9.085805739821602,1.5446783749352275,0.10319645043262099,-0.0019023924654513885,-1.1435297153639112e-14,expedition+en see,2.665075135228977
-9.059560743767918,1.5285165681378765,0.10163685544742537,-0.0009571689373907913,-1.1546319456101628e-14,Rave,2.6958933912550846
-9.059560743767918,1.5285165681378765,0.10163685544742537,-0.0009571689373907913,-1.1546319456101628e-14,see rave,2.6958933912550846
-9.038166480885797,1.5153395871091717,0.1003840329275078,-0.00020030250334983346,-1.1657341758564144e-14,Björk,2.7210169083663587
-9.038166480885797,1.5153395871091717,0.1003840329275078,-0.00020030250334983346,-1.1657341758564144e-14,rave björk,2.7210169083663587
-9.020375618526778,1.5043804715400595,0.09935460357353834,0.0004199936832943313,-1.176836406102666e-14,Ausblick,2.7419097396464296
-9.020375618526778,1.5043804715400595,0.09935460357353834,0.0004199936832943313,-1.176836406102666e-14,björk ausblick,2.7419097396464296
-8.972238125312167,1.4747213239710764,0.09662393810511671,0.0020584014147761627,-1.2101430968414206e-14,totale,2.7984439745618643
-8.972238125312167,1.4747213239710764,0.09662393810511671,0.0020584014147761627,-1.2101430968414206e-14,ausblick total+e,2.7984439745618643
-9.251376806823949,1.6465587390782344,0.11365884049531702,-0.00833183143319233,-1.0325074129013956e-14,total+e sonne+n+finsternis,2.4706961180450344
-8.726629855722525,1.3232632151960606,0.08381498211949678,0.00961184730295117,-1.3322676295501878e-14,12.,3.086965793922171
-8.726629855722525,1.3232632151960606,0.08381498211949678,0.00961184730295117,-1.3322676295501878e-14,grönland 12.,3.086965793922171
-8.701231990464194,1.3075904341582716,0.08258716965137614,0.010324781648997998,-1.3433698597964394e-14,August,3.1168071883305704
-8.701231990464194,1.3075904341582716,0.08258716965137614,0.010324781648997998,-1.3433698597964394e-14,12. august,3.1168071883305704
-8.652530621580059,1.2775323615515588,0.08027866806435005,0.011660112883767898,-1.3655743202889425e-14,verdunkeln,3.1740318965206735
-8.652530621580059,1.2775323615515588,0.08027866806435005,0.011660112883767898,-1.3655743202889425e-14,august verdunkel+n,3.1740318965206735
-8.460766150244371,1.1591204363062386,0.07173142694520179,0.01654742639937534,-1.4432899320127035e-14,Isländer,3.3993885982544656
-8.460766150244371,1.1591204363062386,0.07173142694520179,0.01654742639937534,-1.4432899320127035e-14,der isländer,3.3993885982544656
-8.346124170102616,1.088293132865995,0.06699551458804717,0.01921812003419609,-1.4765966227514582e-14,isländer wiss+en,3.534133554707018
-8.23492076478021,1.0195673947504902,0.06264004599432374,0.02165165601961483,-1.5210055437364645e-14,wiss+en seit,3.664849567071248
-8.138825120615206,0.9601624210152799,0.05905015645654327,0.023641607827983725,-1.554312234475219e-14,jeher,3.7778157963506116
-8.138825120615206,0.9601624210152799,0.05905015645654327,0.023641607827983725,-1.554312234475219e-14,seit jeher,3.7778157963506116
-7.88160312791889,0.8010887383585499,0.0501484097980216,0.02851676738099343,-1.6209256159527285e-14,jeher moment,4.080230475584151
-7.4579739468490915,0.538948534344946,0.03736828480793611,0.035377820108505036,-1.7208456881689926e-14,moment nutz+en,4.578375627082935
-6.675629551010815,0.054501939230551244,0.01833243314828814,0.04533108777920815,-1.865174681370263e-14,vulkan eyjafjallajökull,5.498520739800831
-7.8148282517517,0.7597802173750892,0.04798985339304532,0.029686674134527666,-1.6431300764452317e-14,eyjafjallajökull aus+brech,4.158744573334073
-8.09536017225567,0.9332885143630394,0.05747609399968656,0.024509732697224094,-1.5654144647214707e-14,veranstalteten,3.828913949264684
-8.09536017225567,0.9332885143630394,0.05747609399968656,0.024509732697224094,-1.5654144647214707e-14,aus+brech veranstalt+eten,3.828913949264684
-8.413065622559401,1.129653529243972,0.06972912814906213,0.017679745203669606,-1.454392162258955e-14,anfangs,3.455451915105137
-8.413065622559401,1.129653529243972,0.06972912814906213,0.017679745203669606,-1.454392162258955e-14,veranstalt+eten anfangs,3.455451915105137
-8.504128921809993,1.1859036356097266,0.07359265607850282,0.015490654178245605,-1.4210854715202004e-14,Picknicks,3.348425768363944
-8.504128921809993,1.1859036356097266,0.07359265607850282,0.015490654178245605,-1.4210854715202004e-14,anfangs picknick+s,3.348425768363944
-8.652530621580059,1.2775323615515588,0.08027866806435005,0.011660112883767898,-1.3655743202889425e-14,picknick+s brodel+nd+en,3.1740318965206735
-8.726629855722525,1.3232632151960606,0.08381498211949678,0.00961184730295117,-1.3322676295501878e-14,Ausbruchsstelle,3.086965793922171
-8.726629855722525,1.3232632151960606,0.08381498211949678,0.00961184730295117,-1.3322676295501878e-14,brodel+nd+en ausbruch+s+stelle,3.086965793922171
-8.83323188985059,1.389025594242306,0.08915751168394434,0.006487357158518482,-1.27675647831893e-14,gingen,2.9617243855328956
-8.83323188985059,1.389025594242306,0.08915751168394434,0.006487357158518482,-1.27675647831893e-14,ausbruch+s+stelle geh+en,2.9617243855328956
-8.876755218242927,1.4158645839430102,0.0914314780937836,0.00514627548989904,-1.2545520178264269e-14,nah,2.910596694769112
-8.876755218242927,1.4158645839430102,0.0914314780937836,0.00514627548989904,-1.2545520178264269e-14,geh+en nah,2.910596694769112
-8.908020479298816,1.435140521526751,0.09310013865047104,0.004157857093692693,-1.2434497875801753e-14,nah möglich,2.8738709961131224
-8.956536667075778,1.4650451147671995,0.09575005646793139,0.0025806039231474932,-1.2101430968414206e-14,+5591,2.816885375137587
-8.956536667075778,1.4650451147671995,0.09575005646793139,0.0025806039231474932,-1.2101430968414206e-14,möglich +5591,2.816885375137587
-8.97528695445192,1.4766000889370334,0.09679456784665227,0.001956318790669386,-1.2101430968414206e-14,+5591 chars,2.7948631787100022
3.9753311227603163,-6.548978828372929,-0.06716260132044784,0.08837211177377356,-2.453592884421596e-14,Vulkaneifel,18.030215396791643
-7.265459568415082,0.4197724617724923,0.0322001038438848,0.03810966556562343,-1.765254609153999e-14,vulkaneifel warum,4.804780357916136
-7.88160312791889,0.8010887383585499,0.0501484097980216,0.02851676738099343,-1.6209256159527285e-14,warum krater,4.080230475584151
-8.159394758363701,0.9728794562778147,0.05980566037853918,0.023223984664554942,-1.5432100042289676e-14,Meerfelder,3.753634295891563
-8.159394758363701,0.9728794562778147,0.05980566037853918,0.023223984664554942,-1.5432100042289676e-14,krater meer+feld+er,3.753634295891563
-8.346124170102616,1.088293132865995,0.06699551458804717,0.01921812003419609,-1.4765966227514582e-14,Maars,3.534133554707018
-8.346124170102616,1.088293132865995,0.06699551458804717,0.01921812003419609,-1.4765966227514582e-14,meer+feld+er maar+s,3.534133554707018
-8.42543717949819,1.1372964709956266,0.07024399996423072,0.017389027653499922,-1.454392162258955e-14,schwimmen,3.4409111534635324
-8.42543717949819,1.1372964709956266,0.07024399996423072,0.017389027653499922,-1.454392162258955e-14,maar+s schwimm+en,3.4409111534635324
-8.504128921809993,1.1859036356097266,0.07359265607850282,0.015490654178245605,-1.4210854715202004e-14,schwimm+en vor,3.348425768363944
-7.1287832118858505,0.3351480572886447,0.028738887444817215,0.03992642396567861,-1.787459069646502e-14,80.000,4.965525630324479
-7.1287832118858505,0.3351480572886447,0.028738887444817215,0.03992642396567861,-1.787459069646502e-14,vor 80.000,4.965525630324479
-6.967354324586719,0.23518397865458995,0.024853437855051827,0.041954172353447935,-1.8096635301390052e-14,80.000 jahr+en,5.155390200660934
-6.77249961086554,0.11450345311885402,0.020430712321712244,0.04424795871715756,-1.84297022087776e-14,explodierte,5.3845784829894106
-6.77249961086554,0.11450345311885402,0.020430712321712244,0.04424795871715756,-1.84297022087776e-14,jahr+en explodier+te,5.3845784829894106
-5.792387182705648,-0.4927300029609567,0.0017524450933446428,0.053786166113690824,-1.9761969838327786e-14,explodier+te erde,6.537508934581842
-5.268474701830918,-0.8174232921242393,-0.0063425015710765476,0.05785737955638744,-2.0317081350640365e-14,Heute,7.1538575727503595
-5.268474701830918,-0.8174232921242393,-0.0063425015710765476,0.05785737955638744,-2.0317081350640365e-14,erde heute,7.1538575727503595
-4.45069977082044,-1.3243234231915753,-0.01706282006556993,0.0632063736457307,-2.098321516541546e-14,heute lock+t,8.115966023463837
-0.28552094514476245,-3.9068246490115457,-0.05061085890176067,0.07986631685225032,-2.3314683517128287e-14,lock+t vulkaneifel,13.016698354013446
-5.268474701830918,-0.8174232921242393,-0.0063425015710765476,0.05785737955638744,-2.0317081350640365e-14,idyllischen,7.1538575727503595
-5.268474701830918,-0.8174232921242393,-0.0063425015710765476,0.05785737955638744,-2.0317081350640365e-14,vulkaneifel idyllisch+en,7.1538575727503595
-6.1658222579921,-0.2613316668275796,0.008253025451008783,0.05049162715068075,-1.9317880628477724e-14,Maaren,6.098208267627088
-6.1658222579921,-0.2613316668275796,0.008253025451008783,0.05049162715068075,-1.9317880628477724e-14,idyllisch+en maar+en,6.098208267627088
-6.5305384544141365,-0.03537492642473872,0.015305477321654576,0.04688804607112592,-1.887379141862766e-14,Wanderwegen,5.669186450926709
-6.5305384544141365,-0.03537492642473872,0.015305477321654576,0.04688804607112592,-1.887379141862766e-14,maar+en wander+weg+en,5.669186450926709
-7.016438488106362,0.26558060801991257,0.026012686053875272,0.04135044401343371,-1.8096635301390052e-14,erfrischenden,5.097659028450145
-7.016438488106362,0.26558060801991257,0.026012686053875272,0.04135044401343371,-1.8096635301390052e-14,wander+weg+en erfrisch+end+en,5.097659028450145
-7.300826363748148,0.4416682097781508,0.03312300315589789,0.03762353647813118,-1.7541523789077473e-14,Badeseen,4.76318649320835
-7.300826363748148,0.4416682097781508,0.03312300315589789,0.03762353647813118,-1.7541523789077473e-14,erfrisch+end+en bad+e+see+n,4.76318649320835
-8.687900998295362,1.299363291288806,0.08194934060709713,0.010694392586620183,-1.3433698597964394e-14,Sabine,3.132470920647843
-8.687900998295362,1.299363291288806,0.08194934060709713,0.010694392586620183,-1.3433698597964394e-14,bild sabine,3.132470920647843
-8.637491015728607,1.268248784356762,0.07957763906539417,0.012064306442273022,-1.3655743202889425e-14,Küster-Reeck,3.191704311026951
-8.637491015728607,1.268248784356762,0.07957763906539417,0.012064306442273022,-1.3655743202889425e-14,sabine küster-reeck,3.191704311026951
-8.504128921809993,1.1859036356097266,0.07359265607850282,0.015490654178245605,-1.4210854715202004e-14,küster-reeck vor,3.348425768363944
-8.667045947370397,1.2864917578104655,0.0809605152900304,0.011266395252022878,-1.354472090042691e-14,äußersten,3.1569758472171086
-8.73273208116187,1.327028569427124,0.08411248605516386,0.009438814381657015,-1.3322676295501878e-14,äußer+st+en westen,3.079796091529252
-8.77295062272774,1.351842554542897,0.08609807280340995,0.008281090467027723,-1.3100631690576847e-14,Deutschlands…,3.0325435107075913
-8.77295062272774,1.351842554542897,0.08609807280340995,0.008281090467027723,-1.3100631690576847e-14,westen deutschlands…,3.0325435107075913
-8.846861470617624,1.3974310602102462,0.0898636137121532,0.006071653138026132,-1.27675647831893e-14,+12036,2.9457130810589787
-8.846861470617624,1.3974310602102462,0.0898636137121532,0.006071653138026132,-1.27675647831893e-14,deutschlands… +12036,2.9457130810589787
-8.876755218242927,1.4158645839430102,0.0914314780937836,0.00514627548989904,-1.2545520178264269e-14,+12036 char+s,2.910596694769112
-6.507436421910595,-0.05508738287463233,-0.18448288257079504,-0.05129736440632661,3.9968028886505635e-14,Streaming,5.698890137110313
-3.6824105817455504,-1.8128947058551925,-0.25560705596053157,-0.04251532523701175,4.5075054799781356e-14,streaming vulkan+ausbruch,9.025995065839378
-7.361666562829885,0.47688326767455935,-0.14722309425813757,-0.05465678480113753,3.68594044175552e-14,drei zwei,4.692637654908473
-7.582318956510914,0.614306567224546,-0.1353176183204023,-0.055543451089443474,3.574918139293004e-14,zwei eins,4.432714972736922
-7.727065156143575,0.7044509498508549,-0.12684218892627752,-0.056119438554627546,3.5083047578154947e-14,eins der,4.26221127380205
-7.8247798137034685,0.7653012707540983,-0.1207862606942518,-0.056502899999859815,3.441691376337985e-14,Zerstörung,4.147111086468852
-7.8247798137034685,0.7653012707540983,-0.1207862606942518,-0.056502899999859815,3.441691376337985e-14,der zerstörung,4.147111086468852
-8.098889945646807,0.9359677824675798,-0.10214782928649602,-0.05753659202491318,3.26405569239796e-14,zerstörung pompeji,3.8242506068237736
-8.253175365358974,1.0319954596782699,-0.09041774166412206,-0.058074314745683,3.1530333899354446e-14,pompeji einzigartig,3.6425456440956934
-8.432067869669751,1.1432888859325037,-0.07548237108171281,-0.058633793016113364,2.9976021664879227e-14,einzigartig menschheit+s+geschichte,3.4318891951580297
-7.879632325711281,0.7994578341975616,-0.11725923072437727,-0.05671545568187711,3.419486915845482e-14,Doku-Serie,4.08250043990465
-8.608118080530726,1.2527363644149914,-0.0591422273354722,-0.05908667011946943,2.8199664825478976e-14,der doku+-+serie,3.224623755627476
-8.66831064534843,1.2901330326489284,-0.053127467027625844,-0.059211832451460666,2.7533531010703882e-14,doku+-+serie pompeji,3.153772003833537
-8.720806545519277,1.3227355255531805,-0.047685362176378684,-0.05930594499747438,2.6867397195928788e-14,Tom,3.0919867619514605
-8.720806545519277,1.3227355255531805,-0.047685362176378684,-0.05930594499747438,2.6867397195928788e-14,pompeji tom,3.0919867619514605
-8.736870936529094,1.332709756815999,-0.04598174041212866,-0.05933168301053922,2.6867397195928788e-14,Hiddleston,3.0730811244391014
-8.736870936529094,1.332709756815999,-0.04598174041212866,-0.05933168301053922,2.6867397195928788e-14,tom hiddlesto+n,3.0730811244391014
-8.781403311487438,1.3603527421858685,-0.04116144118066721,-0.059394918182057485,2.6201263381153694e-14,schickt,3.020676222559949
-8.781403311487438,1.3603527421858685,-0.04116144118066721,-0.059394918182057485,2.6201263381153694e-14,hiddlesto+n schick+t,3.020676222559949
-8.8212061234039,1.3850508424161336,-0.036727052374375596,-0.05944061255862419,2.5757174171303632e-14,Hollywoodstar,2.973841996198168
-8.8212061234039,1.3850508424161336,-0.036727052374375596,-0.05944061255862419,2.5757174171303632e-14,schick+t hollywoodstar,2.973841996198168
-8.8764168498128,1.4192940000831793,-0.03036866082333317,-0.05948535261083111,2.5091040356528538e-14,hollywoodstar italien,2.9088866278805496
-8.924002000387718,1.4487912354173729,-0.024684342640044064,-0.059504712001318016,2.4424906541753444e-14,betroffenen,2.8529117326193782
-8.924002000387718,1.4487912354173729,-0.024684342640044064,-0.059504712001318016,2.4424906541753444e-14,italien betreff+en+en,2.8529117326193782
-8.950879202006353,1.4654445897275958,-0.021385932203378998,-0.059507050187226934,2.398081733190338e-14,Geschichtslehrer,2.8212998556693134
-8.950879202006353,1.4654445897275958,-0.021385932203378998,-0.059507050187226934,2.398081733190338e-14,betreff+en+en geschichtslehrer,2.8212998556693134
-8.994946030430867,1.492736187265741,-0.01583436729672142,-0.059496293625358396,2.3314683517128287e-14,Vorhaben,2.769477143740604
-8.994946030430867,1.492736187265741,-0.01583436729672142,-0.059496293625358396,2.3314683517128287e-14,der vorhaben,2.769477143740604
-9.023451145845156,1.5103810588132867,-0.01214441456858472,-0.05947898201053646,2.2870594307278225e-14,vorhaben eigentlich,2.7359599756985835
-9.041581515898192,1.52159994503138,-0.009755556174685612,-0.05946346112486099,2.2648549702353193e-14,sympathisch,2.714643899555126
-9.041581515898192,1.52159994503138,-0.009755556174685612,-0.05946346112486099,2.2648549702353193e-14,eigentlich sympathisch,2.714643899555126
-9.06164987178065,1.5340142727705812,-0.0070723127728932605,-0.05944199484230002,2.220446049250313e-14,Man,2.6910513680170087
-9.06164987178065,1.5340142727705812,-0.0070723127728932605,-0.05944199484230002,2.220446049250313e-14,sympathisch man,2.6910513680170087
-9.06755276868182,1.5376650384660837,-0.006275116001023068,-0.059434796372579826,2.220446049250313e-14,man mög+e,2.6841122969073927
-9.083177501590423,1.547326704648084,-0.004147226019976746,-0.05941374370917185,2.19824158875781e-14,historisches,2.6657458151794087
-9.083177501590423,1.547326704648084,-0.004147226019976746,-0.05941374370917185,2.19824158875781e-14,mög+e historisch+es,2.6657458151794087
-9.100579434427372,1.5580842059486573,-0.001746494904643861,-0.05938678530167586,2.1538326677728037e-14,Ereignis,2.64529197498947
-9.100579434427372,1.5580842059486573,-0.001746494904643861,-0.05938678530167586,2.1538326677728037e-14,historisch+es ereignis,2.64529197498947
-9.122975440309336,1.5719238999623093,0.00139210748552894,-0.059346424867378844,2.1316282072803006e-14,ereignis doku+-+serie,2.6189709579859444
-9.135790888458764,1.5798405960994926,0.0032133904231314847,-0.05932035151253583,2.1094237467877974e-14,beleuchten,2.6039109859368077
-9.135790888458764,1.5798405960994926,0.0032133904231314847,-0.05932035151253583,2.1094237467877974e-14,doku+-+serie beleucht+en,2.6039109859368077
-9.149091045243361,1.5880545944334634,0.00512344544862639,-0.05929091837659961,2.0872192862952943e-14,beleucht+en mehr,2.5882825688010875
-9.06755276868182,1.5376650384660837,-0.006275116001023068,-0.059434796372579826,2.220446049250313e-14,mehr mög+e,2.6841122969073927
-9.174762660482392,1.6039026626798691,0.008868749455790692,-0.0592270098658724,2.042810365310288e-14,mög+e wirklich,2.558120474669326
-9.186210175480443,1.6109668318057897,0.010564279193461673,-0.059195385458473,2.020605904817785e-14,wirklich all,2.5446720927351443
-9.196255091693244,1.6171639816419183,0.012065246385355083,-0.05916599239147424,1.9984014443252818e-14,Dramatik,2.532872272245189
-9.196255091693244,1.6171639816419183,0.012065246385355083,-0.05916599239147424,1.9984014443252818e-14,all dramatik,2.532872272245189
-9.204175232501377,1.6220492609799362,0.013257517056555923,-0.05914171026142315,1.9761969838327786e-14,spürbar,2.52356898246091
-9.204175232501377,1.6220492609799362,0.013257517056555923,-0.05914171026142315,1.9761969838327786e-14,dramatik spür+bar,2.52356898246091
-9.22088867508381,1.6323554154511817,0.015799352107966597,-0.05908718528480196,1.9539925233402755e-14,deshalb,2.5039383763394776
-9.22088867508381,1.6323554154511817,0.015799352107966597,-0.05908718528480196,1.9539925233402755e-14,und deshalb,2.5039383763394776
-9.23037503584846,1.638203219982311,0.01725791078141574,-0.05905420522290285,1.9317880628477724e-14,+451,2.4927972716999456
-9.23037503584846,1.638203219982311,0.01725791078141574,-0.05905420522290285,1.9317880628477724e-14,deshalb +451,2.4927972716999456
-9.234216039247535,1.6405705904203705,0.017851783900365875,-0.05904042382289476,1.9317880628477724e-14,+451 chars,2.488286478712584
-6.675629551010815,0.054501939230551244,0.01833243314828814,0.04533108777920815,-1.865174681370263e-14,Manche,5.498520739800831
-4.77215798396889,-1.12505638570159,-0.01309342770118814,0.061230545805961156,-2.0761170560490427e-14,manch+e vulkan+e,7.737765953269621
-6.802826850761445,0.13328736928860696,0.021100944384115902,0.04390130361535322,-1.84297022087776e-14,sprechen,5.3489069002359715
-6.802826850761445,0.13328736928860696,0.021100944384115902,0.04390130361535322,-1.84297022087776e-14,vulkan+e sprech+en,5.3489069002359715
-3.614658381030332,-1.8426189210758843,-0.026154515628203957,0.06771722116118424,-2.1649348980190553e-14,miteinander,9.099607540235093
-7.513099774965935,0.5730691697807755,0.0389162031328117,0.03455499091478455,-1.709743457922741e-14,sprech+en miteinander,4.513548219235972
-8.138825120615206,0.9601624210152799,0.05905015645654327,0.023641607827983725,-1.554312234475219e-14,lauschen,3.7778157963506116
-8.138825120615206,0.9601624210152799,0.05905015645654327,0.023641607827983725,-1.554312234475219e-14,miteinander lausch+en,3.7778157963506116
-8.387350934241326,1.1137664712816888,0.0686687071735553,0.01827753263061028,-1.4654943925052066e-14,lausch+en forscher,3.4856758917671686
-7.398712403009119,0.502265472110845,0.035738914972150926,0.03624162057672378,-1.7319479184152442e-14,Alaska,4.648068039132458
-8.605705258548657,1.2486263409477674,0.07811394466149385,0.012906280394638184,-1.3877787807814457e-14,forscher alaska,3.22905546466447
-7.513099774965934,0.573069169780775,0.03891620313281159,0.0345549909147847,-1.709743457922741e-14,alaska island,4.513548219235973
-7.700571531019115,0.6890875524600122,0.04442804784460934,0.031607072829900454,-1.6653345369377348e-14,griechischen,4.293093940124527
-7.700571531019115,0.6890875524600122,0.04442804784460934,0.031607072829900454,-1.6653345369377348e-14,island griechisch+en,4.293093940124527
-7.668863516327445,0.6694669888507803,0.043467693847234576,0.032122760322613034,-1.6764367671839864e-14,Ägäis,4.330379228621483
-7.668863516327445,0.6694669888507803,0.043467693847234576,0.032122760322613034,-1.6764367671839864e-14,griechisch+en ägäis,4.330379228621483
-7.5890323741252335,0.6200643319846364,0.04110130013458477,0.03338972637388512,-1.687538997430238e-14,Weltweit,4.4242545020172654
-7.5890323741252335,0.6200643319846364,0.04110130013458477,0.03338972637388512,-1.687538997430238e-14,ägäis weltweit,4.4242545020172654
-7.472123597989191,0.5477068163352832,0.037762592852560034,0.03516842294732441,-1.7208456881689926e-14,verfolgen,4.5617356564601055
-7.472123597989191,0.5477068163352832,0.037762592852560034,0.03516842294732441,-1.7208456881689926e-14,weltweit verfolg+en,4.5617356564601055
-7.31796693241322,0.4522797162440204,0.03357446882937423,0.037385464341505824,-1.7541523789077473e-14,Wissenschafter,4.743028133982878
-7.31796693241322,0.4522797162440204,0.03357446882937423,0.037385464341505824,-1.7541523789077473e-14,verfolg+en wissenschaft+er,4.743028133982878
-6.915571134011701,0.20311457055793047,0.023650643073551372,0.04257946700896248,-1.8207657603852567e-14,Weg,5.216296630910588
-6.915571134011701,0.20311457055793047,0.023650643073551372,0.04257946700896248,-1.8207657603852567e-14,wissenschaft+er weg,5.216296630910588
-6.675629551010815,0.0545019392305508,0.01833243314828796,0.04533108777920826,-1.865174681370263e-14,Magmas,5.498520739800832
-6.675629551010815,0.0545019392305508,0.01833243314828796,0.04533108777920826,-1.865174681370263e-14,weg magma+s,5.498520739800832
-5.648996218924255,-0.5815907641464824,-0.0005736408102537255,0.054959354055474925,-1.9872992140790302e-14,magma+s miteinander,6.706195897045117
-4.77215798396889,-1.12505638570159,-0.01309342770118814,0.061230545805961156,-2.0761170560490427e-14,verbundenen,7.737765953269621
-4.77215798396889,-1.12505638570159,-0.01309342770118814,0.061230545805961156,-2.0761170560490427e-14,miteinander verbind+en+en,7.737765953269621
-0.28552094514476245,-3.9068246490115457,-0.05061085890176067,0.07986631685225032,-2.3314683517128287e-14,verbind+en+en vulkan+en,13.016698354013446
-5.993070436841797,-0.36837256811131924,0.005162357812243654,0.052061036150931474,-1.9539925233402755e-14,Vorhersage,6.3014271138926485
-5.993070436841797,-0.36837256811131924,0.005162357812243654,0.052061036150931474,-1.9539925233402755e-14,der vorhersage,6.3014271138926485
-6.675629551010815,0.0545019392305508,0.01833243314828796,0.04533108777920826,-1.865174681370263e-14,vorhersage ausbruch+en,5.498520739800832
-6.992218757341543,0.2505820746717049,0.02543831428453143,0.04164970530794007,-1.8096635301390052e-14,verbessern,5.126145387620152
-6.992218757341543,0.2505820746717049,0.02543831428453143,0.04164970530794007,-1.8096635301390052e-14,ausbruch+en verbesser+n,5.126145387620152
-8.553173852599958,1.2161915165645052,0.07574671907981931,0.014262465276961945,-1.3988810110276972e-14,+15663,3.290787599023269
-8.613876275834777,1.25367083153272,0.07848791418369816,0.012691408649838035,-1.3766765505351941e-14,+15663 chars,3.2194536447148314
