,summary,Hazard,Impacts,Mitigation,word
summaryOfAllWords,39141.417036867184,18890.862474013084,6408.707957172832,13841.84660568433,
Guatemala,7.282991950814671,-0.04114528219850095,0.02178117469994993,0.043843542323976116,Guatemala
Der,227.8804789793591,0.039828436117026925,-0.18706678028910378,0.023266178488327655,Der
guatemala der,6.098208267627087,-0.046811020623828185,0.041407318593840295,0.041947721775926476,guatemala der
Vulkan,956.670564968405,0.04258662699580348,-0.24938216733036356,0.041924034390521704,Vulkan
der vulkan,185.33766378232528,0.03982227948520136,-0.2145798563288732,0.033404576047143066,der vulkan
brodelt,26.114568173899453,0.006111771550852685,-0.10456460492238859,0.036911375752250515,brodelt
vulkan brodel+t,5.498520739800831,-0.05026634182875336,0.05340180195096798,0.04067083067505976,vulkan brodel+t
Zeit,15.846447165587044,-0.022995005786321503,-0.055438278265019764,0.054482345673970485,Zeit
brodel+t zeit,4.201117744430448,-0.0597890782793733,0.08671098134957814,0.036590154618650214,brodel+t zeit
kreisförmig,3.8840661985898244,-0.06271538260181336,0.09706040684215712,0.03514640321979045,kreisförmig
zeit kreisförmig,3.8840661985898244,-0.06271538260181336,0.09706040684215712,0.03514640321979045,zeit kreisförmig
premium,9.249637183169954,-0.011134852853848408,-0.021801957827334288,0.02478736007252635,premium
kreisförmig premium,3.5868284171916835,-0.06575482204833918,0.10788550785877962,0.03353975779269305,kreisförmig premium
Ruinen,3.4409111534635324,-0.06736875098485517,0.11366871535151593,0.03263956742529198,Ruinen
premium ruine+n,3.4409111534635324,-0.06736875098485517,0.11366871535151593,0.03263956742529198,premium ruine+n
präkolumbischen,3.5868284171916835,-0.06575482204833918,0.10788550785877962,0.03353975779269305,präkolumbischen
ruine+n präkolumbisch+en,3.5868284171916835,-0.06575482204833918,0.10788550785877962,0.03353975779269305,ruine+n präkolumbisch+en
Großstadt,5.149534803652929,-0.05251415873702523,0.06122461912601862,0.039785653335084145,Großstadt
präkolumbisch+en großstadt,3.975683974490078,-0.061838764420945276,0.09395307033045289,0.035589181335442255,präkolumbisch+en großstadt
Regenwald,4.453038325241243,-0.05766142328346752,0.07922505050098555,0.037580393640295015,Regenwald
großstadt regen+wald,4.453038325241243,-0.05766142328346752,0.07922505050098555,0.037580393640295015,großstadt regen+wald
aktive,12.035181975501798,-0.02681805388364994,-0.028053836281440654,0.04776316428673734,aktive
regen+wald aktiv+e,5.498520739800831,-0.05026634182875336,0.05340180195096798,0.04067083067505976,regen+wald aktiv+e
Vulkane,73.3455408454945,0.011410134317920177,-0.15738780268968816,0.05046820659091555,Vulkane
aktiv+e vulkan+e,18.030215396791643,-0.01698368199264116,-0.06286964663050752,0.04992781401158603,aktiv+e vulkan+e
bunte,4.893526332777002,-0.05429419307882305,0.06743422581302078,0.039052092837270215,bunte
vulkan+e bunt+e,4.893526332777002,-0.05429419307882305,0.06743422581302078,0.039052092837270215,vulkan+e bunt+e
Kolonialstädte,4.453038325241243,-0.05766142328346752,0.07922505050098555,0.037580393640295015,Kolonialstädte
bunt+e kolonialstädte,4.453038325241243,-0.05766142328346752,0.07922505050098555,0.037580393640295015,bunt+e kolonialstädte
kolonialstädte guatemala,4.648068039132458,-0.05611919129825001,0.07381682722799843,0.03826852410670141,kolonialstädte guatemala
besitzt,3.6054457168722367,-0.06555500973111471,0.10717128256156058,0.03364888430537068,besitzt
guatemala besitz+t,3.6054457168722367,-0.06555500973111471,0.10717128256156058,0.03364888430537068,guatemala besitz+t
Geschichte,4.962285257385669,-0.05380432851541293,0.06572389354271474,0.039256931714919285,Geschichte
besitz+t geschichte,3.3246211015332787,-0.06871956776188012,0.11852945275941003,0.03185984741552274,besitz+t geschichte
Geologie,3.1740318965206735,-0.07056208482673361,0.12519127830522628,0.030756261686553526,Geologie
geschichte geologie,3.1740318965206735,-0.07056208482673361,0.12519127830522628,0.030756261686553526,geschichte geologie
Zentralamerikas,3.101647722645388,-0.07148822516098323,0.12855438572185876,0.030183548465321636,Zentralamerikas
geologie zentralamerika+s,3.101647722645388,-0.07148822516098323,0.12855438572185876,0.030183548465321636,geologie zentralamerika+s
bieten,2.995686368764523,-0.07289523587467803,0.13368320581805376,0.02928971251670696,bieten
zentralamerika+s biet+en,2.995686368764523,-0.07289523587467803,0.13368320581805376,0.02928971251670696,zentralamerika+s biet+en
Schwitzend,2.9154326941594944,-0.0740040794622531,0.13774236554173716,0.028564592055873195,Schwitzend
plagen,2.865197495110726,-0.07471826958989242,0.14036511885108283,0.028087663360468095,plagen
schwitz+end plag+en,2.865197495110726,-0.07471826958989242,0.14036511885108283,0.028087663360468095,schwitz+end plag+en
Wanderer,36.620379611062326,0.1293771111995652,-0.2774724812363671,-0.07938402958157596,Wanderer
plag+en wanderer,2.802059811406576,-0.07563897024983067,0.14375612014141906,0.0274611703824907,plag+en wanderer
bergauf,2.770732711241949,-0.07610570563596111,0.14547947050578747,0.027138488381267506,bergauf
wanderer bergauf,2.770732711241949,-0.07610570563596111,0.14547947050578747,0.027138488381267506,wanderer bergauf
Ihnen,4.6609910274650135,-0.0399466982841644,0.06112170705146987,0.023971866814112425,Ihnen
folgen,2.723925729273547,-0.07681579100915942,0.14810705733706242,0.02664089710642949,folgen
ihnen folg+en,2.723925729273547,-0.07681579100915942,0.14810705733706242,0.02664089710642949,ihnen folg+en
zwei,24.251291327121375,0.05388228533273476,-0.14503467222692762,-0.013131800336227501,zwei
folg+en zwei,2.704063462728559,-0.07712184076085028,0.14924170984707286,0.026423926224398667,folg+en zwei
gesattelte,2.6905546982856805,-0.07733163760557331,0.15002027031465145,0.0262743129758077,gesattelte
zwei gesattelt+e,2.6905546982856805,-0.07733163760557331,0.15002027031465145,0.0262743129758077,zwei gesattelt+e
Pferde,2.6626323743507467,-0.07776957861615029,0.15164748012606843,0.02595968071657288,Pferde
gesattelt+e pferd+e,2.6626323743507467,-0.07776957861615029,0.15164748012606843,0.02595968071657288,gesattelt+e pferd+e
Führer,2.62587450533249,-0.07835512173602402,0.15382739395263492,0.025534059045870968,Führer
pferd+e führer,2.62587450533249,-0.07835512173602402,0.15382739395263492,0.025534059045870968,pferd+e führer
Berg,9.730410421826639,0.013409365039343818,-0.046872922465960844,0.002773447408951938,Berg
bequem,2.5580293593577332,-0.07946384393609682,0.15796869593007415,0.024712412144982595,bequem
berg bequem,2.5580293593577332,-0.07946384393609682,0.15796869593007415,0.024712412144982595,berg bequem
hinaufreiten,2.5461343312152502,-0.07966209672408285,0.15871112329492063,0.02456329317075177,hinaufreiten
bequem hinauf+reit+en,2.5461343312152502,-0.07966209672408285,0.15871112329492063,0.02456329317075177,bequem hinauf+reit+en
wolle,2.5252700485152957,-0.08001270624641268,0.16002554449764275,0.024297925268363645,wolle
hinauf+reit+en woll+e,2.5252700485152957,-0.08001270624641268,0.16002554449764275,0.024297925268363645,hinauf+reit+en woll+e
frohlocken,2.5146420094399526,-0.08019272509502477,0.1607011472883076,0.024160849549078548,frohlocken
woll+e frohlock+en,2.5146420094399526,-0.08019272509502477,0.1607011472883076,0.024160849549078548,woll+e frohlock+en
Gleich,3.281614061891836,-0.06923464639671696,0.12038800049326298,0.03155605710231444,Gleich
Beginn,6.286561166375334,-0.045817099466722626,0.037962018994166125,0.042297337006210925,Beginn
gleich beginn,2.4784088015194445,-0.08081380805378094,0.16303582557660115,0.02368360030574345,gleich beginn
au…,2.4547223136870264,-0.0812261087560525,0.16458895160032874,0.023363049008779974,au…
beginn au…,2.4547223136870264,-0.0812261087560525,0.16458895160032874,0.023363049008779974,beginn au…
+9349,2.4488306601380163,-0.08132944931959996,0.16497864538114113,0.023282234360807195,+9349
au… +9349,2.4488306601380163,-0.08132944931959996,0.16497864538114113,0.023282234360807195,au… +9349
chars,138.57147389170106,0.06090122516624501,-0.2029484580732381,-0.0006563467118583061,chars
+9349 char+s,2.441934466526578,-0.08145081239291392,0.16543651362532535,0.023187083891890944,+9349 char+s
Welche,4.449317933876441,-0.05769169559920367,0.07933135224964187,0.03756664142670884,Welche
Kanareninsel,7.984837921545992,0.012304310483993705,-0.03032119072115811,-0.0030730732476924928,Kanareninsel
welche kanareninsel,2.5494834411737775,-0.07960615835126902,0.1585015829741345,0.02460543623170476,welche kanareninsel
Richtige,2.587172573418507,-0.07898304558618281,0.1561706003658523,0.02507126999843548,Richtige
kanareninsel richtig+e,2.587172573418507,-0.07898304558618281,0.1561706003658523,0.02507126999843548,kanareninsel richtig+e
Inseln,4.3068710043981415,-0.058876199097884434,0.08349538610958517,0.03702096345264459,Inseln
ewigen,4.193209523064109,-0.059858542995990784,0.08695590857207136,0.03655700025226919,ewigen
insel+n ewig+en,4.193209523064109,-0.059858542995990784,0.08695590857207136,0.03655700025226919,insel+n ewig+en
Frühlings,4.137742532882505,-0.06035059284921131,0.08869183526017363,0.036320626972016594,Frühlings
ewig+en frühling+s,4.137742532882505,-0.06035059284921131,0.08869183526017363,0.036320626972016594,ewig+en frühling+s
Die,80.60792432422731,0.07834130079802747,-0.22115568254355888,-0.019544762067898083,Die
frühling+s der,4.07017177325845,-0.06096172782745252,0.09085037434451654,0.03602328755707137,frühling+s der
Kanaren,4.050488091539892,-0.06114223782354305,0.09148847807966565,0.03593465767752667,Kanaren
der kanaren,4.050488091539892,-0.06114223782354305,0.09148847807966565,0.03593465767752667,der kanaren
Spaniens,4.0232519070999135,-0.06139389569046742,0.09237850807746689,0.035810476384677194,Spaniens
kanaren spanien+s,4.0232519070999135,-0.06139389569046742,0.09237850807746689,0.035810476384677194,kanaren spanien+s
Sonneninseln,3.99606317685206,-0.06164733093293568,0.09327532219873075,0.035684686597167045,Sonneninseln
spanien+s sonne+n+insel+n,3.99606317685206,-0.06164733093293568,0.09327532219873075,0.035684686597167045,spanien+s sonne+n+insel+n
Küste,6.532858859509474,0.03480494842463697,-0.03339044981468684,-0.03369381459450345,Küste
sonne+n+insel+n küste,3.9649445482015984,-0.0619401591050844,0.09431216452389075,0.03553842464480086,sonne+n+insel+n küste
Afrikas,5.061642943007784,-0.0073649976879322475,0.026858510567370663,-0.0025926568475672946,Afrikas
küste afrika+s,3.9635943355686982,-0.061952932152628835,0.09435740671895661,0.03553202220762647,küste afrika+s
locken,3.97577578867706,-0.06183789910379536,0.09395000612070108,0.03558961398902182,locken
afrika+s lock+en,3.97577578867706,-0.06183789910379536,0.09395000612070108,0.03558961398902182,afrika+s lock+en
Jahr,20.534353477821753,0.06622431332073063,-0.1474243591573409,-0.03043514625476333,Jahr
lock+en jahr,3.9952942173345325,-0.06165453118855534,0.09330080862332514,0.03568110206215532,lock+en jahr
Millionen,4.0073525461268655,-0.06154182798973117,0.09290192492506585,0.03573714128760491,Millionen
jahr million+en,4.0073525461268655,-0.06154182798973117,0.09290192492506585,0.03573714128760491,jahr million+en
Deutsche,15.94675682081079,0.10568784343104122,-0.17232012368773816,-0.08213163334187285,Deutsche
million+en deutsch+e,4.039934048698064,-0.061239493953482035,0.09183238257396294,0.03588675188521821,million+en deutsch+e
besonders,4.102061609666631,-0.06067167457719658,0.08982555280036258,0.036164931782703254,besonders
deutsch+e besonders,4.102061609666631,-0.06067167457719658,0.08982555280036258,0.036164931782703254,deutsch+e besonders
daheim,4.238739151053395,-0.05946093090239246,0.08555442198503813,0.03674605857391738,daheim
besonders daheim,4.238739151053395,-0.05946093090239246,0.08555442198503813,0.03674605857391738,besonders daheim
kalt,4.314855536143282,-0.05880846155453818,0.08325701054280982,0.037052571027800456,kalt
daheim kalt,4.314855536143282,-0.05880846155453818,0.08325701054280982,0.037052571027800456,daheim kalt
Doch,17.632901589979102,0.06188437970670655,-0.13363310164565703,-0.02964517816090783,Doch
gleicht,4.7145139375853455,-0.05561293556265945,0.07204451181025641,0.03848916700351543,gleicht
doch gleich+t,4.7145139375853455,-0.05561293556265945,0.07204451181025641,0.03848916700351543,doch gleich+t
rauen,5.669186450926709,-0.04923423212509985,0.04981568756991824,0.04106255947018652,rauen
gleich+t rau+en,5.669186450926709,-0.04923423212509985,0.04981568756991824,0.04106255947018652,gleich+t rau+en
Vulkanlandschaften,18.030215396791643,-0.01698368199264116,-0.06286964663050752,0.04992781401158603,Vulkanlandschaften
rau+en vulkan+landschaft+en,7.737765953269621,-0.039286260320388566,0.015342625529002365,0.04441740333533516,rau+en vulkan+landschaft+en
grünen,4.080230475584151,-0.060869921281365404,0.09052593298940625,0.036068222839232424,grünen
vulkan+landschaft+en grün+en,4.080230475584151,-0.060869921281365404,0.09052593298940625,0.036068222839232424,vulkan+landschaft+en grün+en
Oasen,3.8559499414961103,-0.06298979709389071,0.0980344210414033,0.03500594282780883,Oasen
grün+en oase+n,3.8559499414961103,-0.06298979709389071,0.0980344210414033,0.03500594282780883,grün+en oase+n
pass…,3.551197670407258,-0.0661409961267708,0.10926696264680623,0.0333274148607866,pass…
welche pass…,3.551197670407258,-0.0661409961267708,0.10926696264680623,0.0333274148607866,welche pass…
pass… insel+n,3.455451915105137,-0.06720399065396425,0.1130771393964067,0.03273301363239744,pass… insel+n
+5699,2.5379280959413175,-0.07979955835920825,0.15922624160304275,0.024459503778141718,+5699
gleich+t +5699,2.5379280959413175,-0.07979955835920825,0.15922624160304275,0.024459503778141718,gleich+t +5699
+5699 chars,2.528381964919058,-0.07996017890809315,0.1598285039144944,0.024337816762755777,+5699 chars
Magisches,2.757633722548162,-0.07630286985659725,0.14620835889940303,0.027001136431849013,Magisches
Bali,6.7997557172119505,-0.032599093028335586,0.020737236088007007,0.03350368410783963,Bali
magisch+es bali,2.7913168570375038,-0.07579827194314898,0.14434398665275752,0.027351423570178054,magisch+es bali
Mount,17.736110755715412,0.02776724273144295,-0.10142081947073579,0.006208526317930555,Mount
bali mount,2.813123436301995,-0.07547572809797728,0.14315406610377232,0.027573216636023988,bali mount
Batur,2.8362795712203877,-0.07513670648601341,0.1419048562463751,0.027804577888160143,Batur
mount batur,2.8362795712203877,-0.07513670648601341,0.1419048562463751,0.027804577888160143,mount batur
Reisterrassen,5.668017794166257,-0.04924116015005368,0.04983974867471029,0.04105995995504109,Reisterrassen
batur reis+terrasse+n,2.865197495110726,-0.07471826958989242,0.14036511885108283,0.028087663360468095,batur reis+terrasse+n
Inseltraum,2.9405095413806968,-0.07365343712309341,0.13645708608453755,0.028795896037001077,Inseltraum
reis+terrasse+n insel+traum,2.9405095413806968,-0.07365343712309341,0.13645708608453755,0.028795896037001077,reis+terrasse+n insel+traum
Gili,3.0016173358947746,-0.0728148034510721,0.13338936423074524,0.029341594063460794,Gili
insel+traum gili,3.0016173358947746,-0.0728148034510721,0.13338936423074524,0.029341594063460794,insel+traum gili
Vergiss,4.281023312485781,-0.059096606660981814,0.08427123891729393,0.036917775648593464,Vergiss
gili vergis+s,3.0325435107075913,-0.07239867881144087,0.13187041879031414,0.029608477843028946,gili vergis+s
Alltag,4.482784357395802,-0.0574205637335648,0.07837947180375801,0.03768947241448959,Alltag
vergis+s alltag,4.482784357395802,-0.0574205637335648,0.07837947180375801,0.03768947241448959,vergis+s alltag
Auf,36.074882993017255,0.012613128031542601,-0.1331056612565662,0.03958498893715999,Auf
alltag auf,4.612575733492036,-0.0563934986707666,0.07477773124733922,0.038147900867869795,alltag auf
auf bali,4.260954540082859,-0.05926893442632977,0.08487807844039617,0.03683673185010324,auf bali
wartet,4.78376554912956,-0.05509512987093735,0.0702332024542978,0.03871222039456089,wartet
bali wart+et,4.78376554912956,-0.05509512987093735,0.0702332024542978,0.03871222039456089,bali wart+et
Leben,30.991826722337112,0.08918149567601766,-0.19453514697384017,-0.04651986919111155,Leben
wart+et leben,5.0428329195990536,-0.05324165811488216,0.06376075342820495,0.03948942016256494,wart+et leben
Farben,5.314293182702466,-0.05142881027009472,0.05744505239938839,0.040218648250252155,Farben
leben farbe+n,5.314293182702466,-0.05142881027009472,0.05744505239938839,0.040218648250252155,leben farbe+n
nie,11.98133929574751,-0.02693531410841176,-0.0276426907163075,0.04773519075919576,nie
farbe+n nie,6.537508934581842,-0.04455237444631291,0.033580099756921854,0.04273138451664104,farbe+n nie
gesehen,6.921594347693977,-0.0427361866231825,0.027290102134675875,0.04333429714846001,gesehen
nie ge+seh+en,6.921594347693977,-0.0427361866231825,0.027290102134675875,0.04333429714846001,nie ge+seh+en
hast,8.115966023463837,-0.03784767160941153,0.010357828145997653,0.04484654746790829,hast
ge+seh+en hab+st,8.115966023463837,-0.03784767160941153,0.010357828145997653,0.04484654746790829,ge+seh+en hab+st
Vom,11.209177029055596,-0.028699378649889126,-0.02146645538540914,0.04730728986233736,Vom
Vulkanfeuer,13.016698354013446,-0.024797472599240308,-0.0351513059297267,0.04823640931613546,Vulkanfeuer
von vulkan+feuer,13.016698354013446,-0.024797472599240308,-0.0351513059297267,0.04823640931613546,von vulkan+feuer
türkisen,6.717982643161748,-0.04368186341252728,0.03056499653157552,0.043023303609759284,türkisen
vulkan+feuer türkisen,6.717982643161748,-0.04368186341252728,0.03056499653157552,0.043023303609759284,vulkan+feuer türkisen
Meer,11.1384838803782,0.033464403092685786,-0.07509177339236199,-0.01303455354923528,Meer
türkisen meer,6.036486267972868,-0.0471455754443861,0.04256741071567697,0.041828315236335324,türkisen meer
Gili-Inseln,5.580917711186196,-0.049762859697287415,0.05165202096238545,0.04086305123619138,Gili-Inseln
meer gili-insel+n,5.580917711186196,-0.049762859697287415,0.05165202096238545,0.04086305123619138,meer gili-insel+n
üppigen,5.016433520279561,-0.053424768274274795,0.0643994603054188,0.039414086779699216,üppigen
gili-insel+n üppig+en,5.016433520279561,-0.053424768274274795,0.0643994603054188,0.039414086779699216,gili-insel+n üppig+en
Grün,4.826246746364823,-0.0547823154548151,0.0691396448541888,0.03884569958479929,Grün
üppig+en grün,4.826246746364823,-0.0547823154548151,0.0691396448541888,0.03884569958479929,üppig+en grün
grün reis+terrasse+n,4.648068039132458,-0.05611919129825001,0.07381682722799843,0.03826852410670141,grün reis+terrasse+n
Gold,4.317767445085812,-0.05878379869439407,0.08317022701203042,0.037064066942874965,Gold
reis+terrasse+n gold,4.317767445085812,-0.05878379869439407,0.08317022701203042,0.037064066942874965,reis+terrasse+n gold
balinesischen,2.995686368764523,-0.07289523587467803,0.13368320581805376,0.02928971251670696,balinesischen
gold balinesisch+en,2.995686368764523,-0.07289523587467803,0.13368320581805376,0.02928971251670696,gold balinesisch+en
Tempel,2.9203268671509766,-0.07393534279563524,0.13749028769252042,0.02861008188783034,Tempel
balinesisch+en tempel,2.9203268671509766,-0.07393534279563524,0.13749028769252042,0.02861008188783034,balinesisch+en tempel
besten,5.487586121775868,-0.050333902569570856,0.053636661783376165,0.04064487203152682,besten
packst,2.905817715850734,-0.07413954945295524,0.13823935171795962,0.02847472739340497,packst
gut+esten pack+st,2.905817715850734,-0.07413954945295524,0.13823935171795962,0.02847472739340497,gut+esten pack+st
Koff…,2.995686368764523,-0.07289523587467803,0.13368320581805376,0.02928971251670696,Koff…
pack+st koff…,2.995686368764523,-0.07289523587467803,0.13368320581805376,0.02928971251670696,pack+st koff…
koff… vergis+s,3.0325435107075913,-0.07239867881144087,0.13187041879031414,0.029608477843028946,koff… vergis+s
der…,3.0199107222136155,-0.0725679975366469,0.13248821272569025,0.029500193109298807,der…
gold der…,3.0199107222136155,-0.0725679975366469,0.13248821272569025,0.029500193109298807,gold der…
+503,2.98406336862753,-0.07305345441760336,0.13426145526089292,0.02918737541683432,+503
der… +503,2.98406336862753,-0.07305345441760336,0.13426145526089292,0.02918737541683432,der… +503
+503 chars,2.9563190690358936,-0.07343434084275484,0.13565478091000222,0.0289394800966313,+503 chars
Seit,28.340258512394556,-0.004978250412512734,-0.09920926270816895,0.04927164105058273,Seit
2023,15.341897477704853,-0.020740529709273942,-0.04948353127272881,0.0491400468279149,2023
seit 2023,14.617654005766488,-0.02190940146408176,-0.045342013335248274,0.04888568939363183,seit 2023
aktiv,15.077391107844052,-0.021158546189251563,-0.048001228457144864,0.04904961478758906,aktiv
2023 aktiv,10.948488004607366,-0.029332373213075132,-0.01925416001625181,0.04715042023798136,2023 aktiv
Indonesischer,17.18248445899085,-0.018081025601128824,-0.05894722736940012,0.049702176654038456,Indonesischer
aktiv indonesisch+er,9.970624440201611,-0.03190072763479575,-0.01029654798736307,0.046494838690873036,aktiv indonesisch+er
indonesisch+er vulkan,32.363733889152385,-0.005132288222534552,-0.10601711535339005,0.05217438371080186,indonesisch+er vulkan
spuckt,73.30867705710202,0.02236791024162711,-0.1670220376189835,0.03955389327996213,spuckt
vulkan spuck+t,32.50484875880449,-0.005053807848923666,-0.10630827422952566,0.052188302362191435,vulkan spuck+t
zehn,21.047881877370337,0.005496574146597012,-0.0805711806342223,0.02792506769612546,zehn
spuck+t zehn,12.42986535591289,-0.025979625714264095,-0.030995902099559162,0.04796152696209886,spuck+t zehn
Kilometer,51.65113734607434,0.07227209913317319,-0.19360747168533818,-0.021009445248173008,Kilometer
zehn kilo+meter,17.514835520300625,0.005006903412005461,-0.05570951087441442,0.018073238327240112,zehn kilo+meter
hohe,48.04788573030753,0.11208359657848713,-0.24168421206920157,-0.06450292248906823,hohe
kilo+meter hoch+e,26.85728231984917,0.08053014773939769,-0.17764158864196775,-0.039880020675730876,kilo+meter hoch+e
Aschesäule,35.537602006235645,0.02679307053134085,-0.12423127585196782,0.01688528788485454,Aschesäule
hoch+e asche+säule,16.424863745114454,-0.011171521904965682,-0.061970193949558584,0.042084505187955666,hoch+e asche+säule
Hier,17.027150345927144,0.010336719261969848,-0.06556512452651808,0.015087826645690198,Hier
asche+säule hier,3.5868284171916835,-0.06575482204833918,0.10788550785877962,0.03353975779269305,asche+säule hier
finden,16.778251376504112,0.02511743938260192,-0.08506319994391179,0.003037151978195754,finden
hier find+en,14.763504867011216,0.0005061364479382001,-0.05348398200160247,0.023151264500691653,hier find+en
Sie,63.97046387115868,0.06038982387512945,-0.17553891445867476,-0.010471974503819908,Sie
find+en sie,14.99327455047021,0.007340493943976778,-0.07107332820856685,0.021477233561082457,find+en sie
Informationen,16.528250120730824,0.009795884333988751,-0.0806594424852655,0.022195584909485172,Informationen
sie information+en,15.294034295328553,0.00882091201006863,-0.07476797011829993,0.021040114160277613,sie information+en
Thema,20.279922311081037,0.01627872445403895,-0.09915320924690872,0.021082662917132945,Thema
information+en thema,20.279922311081037,0.01627872445403895,-0.09915320924690872,0.021082662917132945,information+en thema
thema seit,3.7302931740507197,-0.06424867362870469,0.10251097507561893,0.03435003064837867,thema seit
Lesen,21.68471347115073,0.012847323868808071,-0.10002946886489608,0.02608235219537772,Lesen
les+en sie,21.190868004471735,0.007631668782818029,-0.07360985561320235,0.022154370272792493,les+en sie
sie indonesisch+er,4.723276138161061,-0.05554687156376422,0.07181333682892325,0.03851777209029968,sie indonesisch+er
Lewotobi,31.41674644342382,-0.00955919975018697,-0.09776596993727758,0.054589274092409816,Lewotobi
vulkan lewotobi,26.83246616821121,-0.008643580621043494,-0.09306899958637134,0.05154038413073346,vulkan lewotobi
Laki-Laki,25.208266696027273,-0.01420200392736785,-0.07809278755140937,0.05261735425425414,Laki-Laki
lewotobi laki-laki,25.208266696027273,-0.01420200392736785,-0.07809278755140937,0.05261735425425414,lewotobi laki-laki
indonesischen,42.88467079494657,0.05703837600367646,-0.17795573508205212,-0.004639854036905457,indonesischen
laki-laki indonesisch+en,5.764071640534293,-0.04867792662809413,0.04788406911702955,0.04126999225878934,laki-laki indonesisch+en
Insel,64.64531818267496,0.07956572129676132,-0.2333928667609625,-0.01678953984558925,Insel
indonesisch+en insel,28.353931518140005,0.04395129786782933,-0.14411950008487642,0.0008200206962350199,indonesisch+en insel
Flores,14.587912015797261,-0.014712147245244517,-0.03219275543059912,0.034014265553839025,Flores
insel flore+s,10.329958849309879,-0.008865194980801136,-0.032060137392743174,0.02630467702367907,insel flore+s
erneut,36.38389164138307,0.05167505245064555,-0.15332740200599615,-0.0065845729782888765,erneut
flore+s erneut,8.465902237461803,0.008495294679889496,0.037197112742299185,-0.029624362830467457,flore+s erneut
ausgebrochen,122.08525532020124,0.18100020879639336,-0.36444513760624553,-0.13855343943203705,ausgebrochen
erneut aus+ge+brech+en,24.015273805733237,0.17449717863790365,-0.28803527316242233,-0.1558557510326613,erneut aus+ge+brech+en
knapp,13.460020800834718,0.06422046586744223,-0.11796025305984771,-0.039785592953906095,knapp
der knapp,4.680474619680124,0.018173181861146588,0.012865131985524043,-0.031515257573823945,der knapp
1.600,4.54579259529238,0.005473184209464956,0.02671369542488879,-0.020228300481942057,1.600
knapp 1.600,4.54579259529238,0.005473184209464956,0.02671369542488879,-0.020228300481942057,knapp 1.600
Meter,43.90191459851559,0.07980752201859383,-0.20226921164899925,-0.029013562220938666,Meter
1.600 meter,4.435203857157565,-0.003847814169355202,0.03704304339733537,-0.01230651163612407,1.600 meter
meter hoch+e,25.64126627681231,0.11650573041439181,-0.21428711293186298,-0.08265538737873514,meter hoch+e
Feuerberg,15.196536832348697,0.007390676410815984,-0.07308195967322462,0.022256330266927565,Feuerberg
hoch+e feuer+berg,4.2711798641812395,-0.015936986164477508,0.050843027667299395,-0.002574247386099747,hoch+e feuer+berg
spuckte,10.913731570519206,-0.02034957651499932,-0.014772331229650203,0.033706459497800906,spuckte
feuer+berg spuck+te,4.150373322685746,-0.02364873164729377,0.06002977166887841,0.0032463784389173906,feuer+berg spuck+te
spuck+te asche+säule,4.01981158264568,-0.031002222385282906,0.06921228072955364,0.008445894878247064,spuck+te asche+säule
asche+säule zehn,6.947243699903869,-0.04047889732619032,0.060877148454941014,0.024770220712105558,asche+säule zehn
hoch,20.522207328871026,0.06297171368086359,-0.14414646362621636,-0.026912082151705513,hoch
kilo+meter hoch,8.535925485321231,0.08102103999732713,-0.10040677218129525,-0.07358987942508972,kilo+meter hoch
Gip…,3.640940091438916,-0.04789073213181851,0.09291195545513625,0.018566205389049573,Gip…
hoch gip…,3.640940091438916,-0.04789073213181851,0.09291195545513625,0.018566205389049573,hoch gip…
+1703,3.6674610640801197,-0.053372642207443415,0.09625638122917243,0.0238627268484309,+1703
gip… +1703,2.6752725171921106,-0.06559369030905239,0.1423747435413316,0.015681269992574087,gip… +1703
+1703 char+s,2.6601726443192866,-0.06639340316684457,0.14367017129678356,0.016005809645594844,+1703 char+s
asche+säule der,6.884355189780182,-0.042906368820679705,0.0278794176317715,0.043278795020788706,asche+säule der
der lewotobi,7.59453179038664,-0.059763315578758455,0.04565282268115166,0.055951617037304925,der lewotobi
laki-laki flore+s,6.77949667357205,-0.06273917108191064,0.08666609620378321,0.04025614295002987,laki-laki flore+s
riesige,23.95100346421779,0.09948763266633615,-0.15193319694844082,-0.08066765224542469,riesige
erneut riesig+e,5.194895472686359,-0.09918863584286644,0.25584797088591027,-0.006135795464907501,erneut riesig+e
riesig+e asche+säule,13.430986194884891,0.035004453795432613,-0.04611827885148042,-0.028143500986317103,riesig+e asche+säule
Himmel,42.09609593202005,0.07712862452164784,-0.15793998996954217,-0.04268318370631399,Himmel
asche+säule himmel,10.033545530805132,-0.038333321234441,0.16499273491750396,-0.0322424969578756,asche+säule himmel
geschleudert,6.803687502805246,-0.09357065251511722,0.3386174156392304,-0.06686724315529437,geschleudert
himmel ge+schleuder+t,6.803687502805246,-0.09357065251511722,0.3386174156392304,-0.06686724315529437,himmel ge+schleuder+t
nahe,6.625961908354949,-0.25017644880069273,0.6779722784601753,-0.1589688081545449,nahe
der nah+e,6.006276574153903,-0.2813635851114453,0.7382766979085649,-0.18758184135786515,der nah+e
Flughafen,40.64378476600211,-0.26290648119949384,0.7673436948658995,-0.24692244981130604,Flughafen
nah+e flug+hafen,6.737800772285179,-0.39197844455254516,0.9214457603255515,-0.2982811836964541,nah+e flug+hafen
wurde,18.72103757504595,-0.033659157913324654,0.1923659034428444,-0.05449356902973107,wurde
flug+hafen werd+e,9.51662768868229,-0.1675663864586675,0.489630577092046,-0.08547615376327769,flug+hafen werd+e
geschlossen,15.042235816923858,-0.058382637300008464,0.20414229057833153,-0.027842527291781674,geschlossen
werd+e ge+schließ+en,5.608627349735635,-0.18746528651325142,0.5294618340291412,-0.09418248463395305,werd+e ge+schließ+en
Behörden,32.17161205239664,0.03178826734353687,-0.13182007430088086,0.013015035823739333,Behörden
ge+schließ+en behörde+n,4.718548640815902,-0.09999020045101296,0.25569264920717544,-0.005046599166877996,ge+schließ+en behörde+n
warnen,12.91607343167103,0.0002431451657386181,-0.01606893311075538,0.007023781118384013,warnen
behörde+n warn+en,10.65422728761874,0.001268463454759344,0.00600491450792696,-0.004531113110132146,behörde+n warn+en
weiteren,9.95647083178778,-0.024546365168064826,0.026613578218637114,0.02039540705556208,weiteren
warn+en weit+er+en,5.145408958889972,-0.07538018836734361,0.1622373946956349,0.017390623023227428,warn+en weit+er+en
Gefahren,7.363272809918384,-0.05358852654690724,0.08143285511754451,0.03143080154728579,Gefahren
weit+er+en gefahr+en,5.619028401493446,-0.06742009615378393,0.1318955412160966,0.023425545085077413,weit+er+en gefahr+en
Kopiere,20.758375553566477,0.052524695142800934,-0.12188452470598612,-0.020683850709986042,Kopiere
aktuellen,20.668629637913494,0.04852395887406698,-0.11842902475781052,-0.01627891589878754,aktuellen
kopier+e aktuell+en,20.668629637913494,0.04852395887406698,-0.11842902475781052,-0.01627891589878754,kopier+e aktuell+en
Link,21.314312943055977,0.0473137086777175,-0.12018575162776456,-0.013787073244858164,Link
aktuell+en link,21.314312943055977,0.0473137086777175,-0.12018575162776456,-0.013787073244858164,aktuell+en link
Zur,21.95499225823403,0.046465885378003814,-0.12226063549129905,-0.011696995491840575,Zur
link zu,21.95499225823403,0.046465885378003814,-0.12226063549129905,-0.011696995491840575,link zu
Merkliste,22.49722758284161,0.04611192348761858,-0.12408932268041578,-0.010428527317704854,Merkliste
zu merk+liste,22.49722758284161,0.04611192348761858,-0.12408932268041578,-0.010428527317704854,zu merk+liste
hinzufügen,24.527037391494712,0.0465967328069704,-0.131360076052914,-0.008137709988453208,hinzufügen
merk+liste hinzu+füg+en,10.768468541339352,-0.00548126094121253,-0.02125468263422136,0.017050940191167444,merk+liste hinzu+füg+en
hinzu+füg+en der,8.144905996338906,-0.009019436013583142,0.017419297247176734,0.004109900787579991,hinzu+füg+en der
Behörd…,2.5950460043465395,-0.17937230673228272,0.49404757119569015,-0.07442498356452511,Behörd…
ge+schließ+en behörd…,2.5950460043465395,-0.17937230673228272,0.49404757119569015,-0.07442498356452511,ge+schließ+en behörd…
+1797,2.555998943058045,-0.16733747967000331,0.4604478852691641,-0.062365930805918325,+1797
behörd… +1797,2.555998943058045,-0.16733747967000331,0.4604478852691641,-0.062365930805918325,behörd… +1797
+1797 char+s,2.5348253908912985,-0.16105531877197876,0.4422788461820279,-0.0560681490066246,+1797 char+s
+2329,2.6752725171921106,-0.06559369030905239,0.1423747435413316,0.015681269992574087,+2329
gip… +2329,2.6752725171921106,-0.06559369030905239,0.1423747435413316,0.015681269992574087,gip… +2329
+2329 char+s,2.6601726443192866,-0.06639340316684457,0.14367017129678356,0.016005809645594844,+2329 char+s
laki-laki erneut,6.550229475371546,0.009429082824117488,-0.01107985175162392,-0.007858533239305271,laki-laki erneut
nan,15.549574052970048,0.02041792376920281,-0.04754631124064301,-0.006675745680877718,nan
aus+ge+brech+en nan,3.717100955196416,-0.01866675563491235,0.06785644998014823,-0.0072947792809769495,aus+ge+brech+en nan
nan auf,3.7307307152918616,-0.031466402569339844,0.07758983159451355,0.004909414405321281,nan auf
auf indonesisch+en,7.538501254966082,-0.03425295659851167,0.013448175868769343,0.038919875135108334,auf indonesisch+en
flore+s vulkan,13.016698354013446,-0.024797472599240308,-0.0351513059297267,0.04823640931613546,flore+s vulkan
zweimal,7.638404522151637,-0.008686594543265641,-0.02645457872121119,0.023610626401470845,zweimal
laki-laki zweimal,6.515933549027024,0.0038737944124926363,-0.0058302608745433165,-0.0026089423622245997,laki-laki zweimal
zweimal aus+ge+brech+en,6.691639905059239,0.09856513346789066,-0.09748857576761438,-0.10354497032812832,zweimal aus+ge+brech+en
Nach,46.71728698585084,0.05168169844614102,-0.12786863090147985,-0.01695697983248528,Nach
Ausbruch,93.41186302346061,0.08031886625432201,-0.23706629996137724,-0.01655478713270839,Ausbruch
nach ausbruch,30.9175936097939,0.06343008650698828,-0.16789773373608352,-0.017971730419156288,nach ausbruch
gestern,3.396305553906894,-0.05140270837260263,0.10331728048789743,0.01782638326952493,gestern
ausbruch gestern,3.396305553906894,-0.05140270837260263,0.10331728048789743,0.01782638326952493,ausbruch gestern
Abend,6.140953809693886,-0.04396861727685476,0.03857263309321557,0.03970029192129602,Abend
gestern abend,3.470896367338744,-0.06180770989977564,0.10861750866436692,0.028273382900357923,gestern abend
brach,10.926238639082333,0.035179918965161525,-0.08142582452461225,-0.012741949148505221,brach
abend brech,3.551197670407258,-0.0661409961267708,0.10926696264680623,0.0333274148607866,abend brech
heute,10.623750245708177,-0.027342117849727617,0.0161278549771037,0.028861832811169115,heute
brech heute,3.7302931740507197,-0.06424867362870469,0.10251097507561893,0.03435003064837867,brech heute
Früh,5.247444180885127,-0.030233965861791706,0.04204329686023644,0.020551251551432524,Früh
heute früh,3.8840661985898244,-0.06271538260181336,0.09706040684215712,0.03514640321979045,heute früh
früh erneut,4.0437578714501425,-0.06120421912427268,0.09170763988485155,0.03590413976418069,früh erneut
schleuderte,10.358259637987636,0.014838432606709284,-0.052852827009038164,0.0034273365137413078,schleuderte
erneut schleuder+te,5.879360793007183,-0.04487737051235267,0.04315078812577815,0.03871785037846133,erneut schleuder+te
Vulkangestein,7.737765953269621,-0.039286260320388566,0.015342625529002365,0.04441740333533516,Vulkangestein
schleuder+te vulkan+gestein,7.737765953269621,-0.039286260320388566,0.015342625529002365,0.04441740333533516,schleuder+te vulkan+gestein
vulkan+gestein zehn,4.723276138161061,-0.05554687156376422,0.07181333682892325,0.03851777209029968,vulkan+gestein zehn
Kilom…,4.396381456014982,-0.05812603967876966,0.08085719789643268,0.03736826998577545,Kilom…
zehn kilom…,4.396381456014982,-0.05812603967876966,0.08085719789643268,0.03736826998577545,zehn kilom…
+850,4.0437578714501425,-0.06120421912427268,0.09170763988485155,0.03590413976418069,+850
kilom… +850,4.0437578714501425,-0.06120421912427268,0.09170763988485155,0.03590413976418069,kilom… +850
+850 chars,3.8840661985898244,-0.06271538260181336,0.09706040684215712,0.03514640321979045,+850 chars
Über,14.820728513536347,-0.021573826591774092,-0.0465299542422757,0.04895919033648986,Über
aus+ge+brech+en über,5.216296630910588,-0.0520689481405248,0.05967367231443781,0.03996455139060235,aus+ge+brech+en über
über vulkan,13.016698354013446,-0.024797472599240308,-0.0351513059297267,0.04823640931613546,über vulkan
ragt,6.230434933807902,-0.04610911677364537,0.03897408851689769,0.04219540702921642,ragt
laki-laki rag+t,6.230434933807902,-0.04610911677364537,0.03897408851689769,0.04219540702921642,laki-laki rag+t
rag+t asche+säule,5.669186450926709,-0.04923423212509985,0.04981568756991824,0.041062559470186735,rag+t asche+säule
Höhe,13.553606424295335,-0.009833088024866333,0.03532978953030406,-0.0033012646795568543,Höhe
kilo+meter höhe,12.242511786242494,-0.010784392073229516,0.052696468232487095,-0.01046802270901951,kilo+meter höhe
örtliche,5.472595606990159,-0.1510153240223744,0.4284034362139479,-0.05796742395971918,örtliche
der örtlich+e,5.472595606990159,-0.1510153240223744,0.4284034362139479,-0.05796742395971918,der örtlich+e
örtlich+e flug+hafen,6.367341038134685,-0.25146321870535504,0.6798997530569058,-0.1594297191742279,örtlich+e flug+hafen
gesperrt,6.060284918090287,-0.08059671264779288,0.1896020756449766,0.00898037534285406,gesperrt
werd+e ge+sperr+t,6.060284918090287,-0.08059671264779288,0.1896020756449766,0.00898037534285406,werd+e ge+sperr+t
Weil,6.537508934581842,-0.04455237444631291,0.033580099756921854,0.04273138451664104,Weil
indonesische,8.767945937796974,-0.0068342455566829845,-0.021286726592426863,0.01886771143409155,indonesische
weil indonesisch+e,7.573345830425394,-0.03994120850080608,0.017611266955973252,0.044217762954757274,weil indonesisch+e
indonesisch+e vulkan,13.016698354013446,-0.024797472599240308,-0.0351513059297267,0.04823640931613546,indonesisch+e vulkan
seit,64.0848500306836,0.014733814294135474,-0.157470037120347,0.046120150138239877,seit
vulkan seit,18.565548254034375,-0.016326471030344552,-0.06522402750606,0.05006128856022994,vulkan seit
immer,21.81503147052396,0.03287061768440918,-0.11876726401002198,0.006223262873424744,immer
2023 immer,4.513548219235972,-0.057173645116895835,0.07751299314757006,0.03780067129795438,2023 immer
ausbricht,5.758930792790689,-0.04870775737504964,0.047987626895401744,0.0412589340756567,ausbricht
immer aus+brech+t,3.943846548360928,-0.06214039429007722,0.09502154926661767,0.0354378398880019,immer aus+brech+t
gilt,16.866049913627993,0.02047955700575932,-0.1282917978673664,0.027136664814751518,gilt
aus+brech+t gelt,3.6997386783554567,-0.0744011641424782,0.09545138950722493,0.05020178731771687,aus+brech+t gelt
schon,16.08172587075689,-0.0011767298047981802,-0.07545461125761131,0.034647445077126686,schon
gelt schon,3.6378157168948944,-0.08511686563729405,0.08941707756984058,0.06583551393270512,gelt schon
länger,3.5873976454990837,-0.10020232707900062,0.07930748480546805,0.08792850892756066,länger
schon lang+er,3.5873976454990837,-0.10020232707900062,0.07930748480546805,0.08792850892756066,schon lang+er
höchste,15.300770906877775,-0.06825411991138793,-0.21938328526474254,0.16657030001730672,höchste
lang+er hoch+st+e,3.649062217052159,-0.13871884389900824,0.044502867131144826,0.14470990656262572,lang+er hoch+st+e
Warnstufe,57.48909439206542,-0.1967004785700872,-0.38171680080191683,0.32974301392097793,Warnstufe
hoch+st+e warn+stufe,25.879703132086615,-0.1768458255016794,-0.34863769568558306,0.3056442750301575,hoch+st+e warn+stufe
Stand,18.084874154721653,-0.012845650978399693,-0.09292591734289672,0.05685743554627556,Stand
15.10.2025,3.981044974028876,-0.07958614190205635,0.07890297115027589,0.06428380115889579,15.10.2025
stand 15.10.2025,3.981044974028876,-0.07958614190205635,0.07890297115027589,0.06428380115889579,stand 15.10.2025
12:32,4.343180568946109,-0.058569473583329236,0.08241623255212518,0.037163694605423195,12:32
15.10.2025 12:32,4.343180568946109,-0.058569473583329236,0.08241623255212518,0.037163694605423195,15.10.2025 12:32
Uhr,23.429751142939338,0.012107419223044204,-0.10869784668606633,0.03059092642882924,Uhr
12:32 uhr,4.723276138161061,-0.05554687156376422,0.07181333682892325,0.03851777209029968,12:32 uhr
uhr über,5.216296630910588,-0.0520689481405248,0.05967367231443781,0.03996455139060235,uhr über
+1625,4.293093940124527,-0.058993463433538104,0.08390812508787926,0.03696612918104855,+1625
2023 +1625,4.293093940124527,-0.058993463433538104,0.08390812508787926,0.03696612918104855,2023 +1625
+1625 chars,4.0437578714501425,-0.06120421912427268,0.09170763988485155,0.03590413976418069,+1625 chars
vulkan aus+ge+brech+en,12.771930810347804,0.03623717373591589,-0.08746950218305498,-0.011652501614876975,vulkan aus+ge+brech+en
Höchste,10.206015233006754,-0.05952214441032271,-0.11324360616998508,0.12083156419135672,Höchste
aus+ge+brech+en hoch+st+e,6.3023568210700835,-0.0699969996467629,-0.04374542810518972,0.10623214242558551,aus+ge+brech+en hoch+st+e
warn+stufe gelt,3.885265242144336,-0.10542880480013904,0.05147652532547727,0.10625269433107941,warn+stufe gelt
gelt der,3.7379898798612126,-0.09667147806884807,0.06660586897500513,0.08972089256872502,gelt der
flore+s brech,3.217035423036221,-0.0816215102630405,0.10941364356997135,0.052057247612450654,flore+s brech
binnen,3.1694342199831476,-0.08326584588124955,0.1110969639025607,0.053192242422171104,binnen
brech binnen,3.1694342199831476,-0.08326584588124955,0.1110969639025607,0.053192242422171104,brech binnen
kurzer,4.621393471650539,-0.06648676967940657,0.06369844695886813,0.05575295659757419,kurzer
binnen kurz+er,3.1271536607008734,-0.08745207002991649,0.11044238931212612,0.05847333106314826,binnen kurz+er
kurz+er zeit,4.66789231554229,-0.06842267112799467,0.06075571211774222,0.05945320797671416,kurz+er zeit
gleich,5.556997060974911,-0.06159426267532801,0.04065225879307152,0.06045100281244187,gleich
zeit gleich,3.0703053180381095,-0.09581965875218734,0.10741529285939978,0.06971205912131442,zeit gleich
gleich zweimal,3.0453683621486904,-0.10156814005388431,0.10444120383369383,0.07773693809859267,gleich zweimal
Anwohner,3.0671493597825554,-0.10833669713224582,0.10040494813562656,0.08730161522959973,Anwohner
Touristen,18.03343577397565,0.05179556054889496,-0.10995124115539597,-0.02464458200157092,Touristen
anwohner tourist+en,3.1712030775130406,-0.11489588052683974,0.08897284623041679,0.09989132793848024,anwohner tourist+en
sollen,4.187337969436927,-0.09718077052004913,0.04299409222341585,0.10079329899091709,sollen
tourist+en soll+en,3.296749374264148,-0.12997311854946625,0.06961754443886863,0.12483170755209229,tourist+en soll+en
Evakuierungen,3.836938408677253,-0.23601558679413556,-0.04455402122819375,0.26780498070801595,Evakuierungen
soll+en evakuierung+en,3.836938408677253,-0.23601558679413556,-0.04455402122819375,0.26780498070801595,soll+en evakuierung+en
vorbereiten,3.5794257779053207,-0.11533059353902038,0.067176676578335,0.11019055022590633,vorbereiten
evakuierung+en vor+bereit+en,3.5794257779053207,-0.11533059353902038,0.067176676578335,0.11019055022590633,evakuierung+en vor+bereit+en
späten,3.2997754721993005,-0.04744733367059971,0.10363236586574703,0.012606793199801103,späten
ausbruch spät+en,3.2997754721993005,-0.04744733367059971,0.10363236586574703,0.012606793199801103,ausbruch spät+en
Dienstagabend,3.2249878436930306,-0.05141544398454638,0.10926476882920955,0.014829752210536765,Dienstagabend
spät+en dienstag+abend,3.2249878436930306,-0.05141544398454638,0.10926476882920955,0.014829752210536765,spät+en dienstag+abend
dienstag+abend brech,3.103510613386425,-0.05715745938115779,0.11803167987751195,0.0176582750702919,dienstag+abend brech
frühen,3.0202678019452867,-0.060669123763214934,0.12384679804704246,0.019111224614992334,frühen
brech früh+en,3.0202678019452867,-0.060669123763214934,0.12384679804704246,0.019111224614992334,brech früh+en
Mittwochmorgen,2.978194473650553,-0.062332008690751055,0.12674583489823438,0.01971211757731091,Mittwochmorgen
früh+en mittwoch+morgen,2.978194473650553,-0.062332008690751055,0.12674583489823438,0.01971211757731091,früh+en mittwoch+morgen
mittwoch+morgen erneut,2.900254014614973,-0.06523765044247576,0.13207054632138132,0.020608427254702594,mittwoch+morgen erneut
Vul…,4.564508986997907,-0.053048808401712555,0.07327548000907214,0.034703032007058265,Vul…
schleuder+te vul…,2.7900445343922913,-0.06901115682040693,0.13955664303650817,0.021436218346133327,schleuder+te vul…
+1292,2.7694280938512996,-0.06967903666788262,0.14095787906937202,0.02153799048844907,+1292
vul… +1292,2.7694280938512996,-0.06967903666788262,0.14095787906937202,0.02153799048844907,vul… +1292
+1292 char+s,2.74993585034135,-0.0703005411280643,0.14228423706893464,0.02161955646228541,+1292 char+s
Podcast,2.6369133720212496,-0.07817818169628891,0.1531681457428426,0.025663274125926772,Podcast
Buchmesse,3.6101881911221607,-0.06550432360376399,0.1069901661906349,0.03367648611708102,Buchmesse
podcast buch+messe,2.675032526545935,-0.07757437093138088,0.15092183246689883,0.02610031381736004,podcast buch+messe
buch+messe sie,2.704063462728559,-0.07712184076085028,0.14924170984707286,0.026423926224398667,buch+messe sie
sie schon,2.74499906518594,-0.07649418278558301,0.14691612473641966,0.026867266346548693,sie schon
gewöhnen,2.809398941681566,-0.0755305906165532,0.1433563649228721,0.027535606868640403,gewöhnen
schon gewöhn+en,2.809398941681566,-0.0755305906165532,0.1433563649228721,0.027535606868640403,schon gewöhn+en
Sprache,2.882739939217457,-0.07446705972605182,0.1394418354328894,0.02825631201990845,Sprache
gewöhn+en sprache,2.882739939217457,-0.07446705972605182,0.1394418354328894,0.02825631201990845,gewöhn+en sprache
schreiben,2.9203268671509766,-0.07393534279563524,0.13749028769252042,0.02861008188783034,schreiben
sprache schreib+en,2.9203268671509766,-0.07393534279563524,0.13749028769252042,0.02861008188783034,sprache schreib+en
Darumherumreden,3.072736623824839,-0.07186593110373478,0.1299288503008594,0.02994644263228402,Darumherumreden
schreib+en darumherumrede+n,3.072736623824839,-0.07186593110373478,0.1299288503008594,0.02994644263228402,schreib+en darumherumrede+n
gibt,16.358967553866762,-0.04306143194639843,-0.1605360843643479,0.11883982245368539,gibt
darumherumrede+n geb+t,3.200783537641293,-0.07022664942048276,0.12397564895796516,0.030960687413532546,darumherumrede+n geb+t
Gespräch,3.290787599023269,-0.06912405180914295,0.11998870148415777,0.031621590557199895,Gespräch
geb+t gespräch,3.290787599023269,-0.06912405180914295,0.11998870148415777,0.031621590557199895,geb+t gespräch
Patrick,3.455451915105137,-0.06720399065396425,0.1130771393964067,0.03273301363239744,Patrick
gespräch patrick,3.455451915105137,-0.06720399065396425,0.1130771393964067,0.03273301363239744,gespräch patrick
Bahners,3.5868284171916835,-0.06575482204833918,0.10788550785877962,0.03353975779269305,Bahners
patrick bahners,3.5868284171916835,-0.06575482204833918,0.10788550785877962,0.03353975779269305,patrick bahners
stellt,3.753634295891563,-0.06401071634370434,0.10166373975760264,0.03447548210731276,stellt
bahners stell+t,3.753634295891563,-0.06401071634370434,0.10166373975760264,0.03447548210731276,bahners stell+t
Annette,3.943846548360928,-0.06214039429007722,0.09502154926661767,0.0354378398880019,Annette
stell+t annette,3.943846548360928,-0.06214039429007722,0.09502154926661767,0.0354378398880019,stell+t annette
Pehnt,4.245825604508112,-0.05939954428723556,0.08533814822122733,0.03677509295135843,Pehnt
annette pehnt,4.245825604508112,-0.05939954428723556,0.08533814822122733,0.03677509295135843,annette pehnt
Buch,2.675032526545935,-0.07757437093138088,0.15092183246689883,0.02610031381736004,Buch
pehnt buch,2.675032526545935,-0.07757437093138088,0.15092183246689883,0.02610031381736004,pehnt buch
Einen,5.669186450926709,-0.04923423212509985,0.04981568756991824,0.04106255947018652,Einen
buch ein+en,5.669186450926709,-0.04923423212509985,0.04981568756991824,0.04106255947018652,buch ein+en
ein+en vulkan,7.737765953269621,-0.039286260320388566,0.015342625529002365,0.04441740333533516,ein+en vulkan
besteigen,5.498520739800831,-0.05026634182875336,0.05340180195096798,0.04067083067505976,besteigen
vulkan besteig+en,5.498520739800831,-0.05026634182875336,0.05340180195096798,0.04067083067505976,vulkan besteig+en
F.A.Z.-Stand,4.293093940124527,-0.058993463433538104,0.08390812508787926,0.03696612918104855,F.A.Z.-Stand
besteig+en f.a.z.-stand,4.293093940124527,-0.058993463433538104,0.08390812508787926,0.03696612918104855,besteig+en f.a.z.-stand
f.a.z.-stand buch+messe,2.675032526545935,-0.07757437093138088,0.15092183246689883,0.02610031381736004,f.a.z.-stand buch+messe
Eine,36.83539498883823,0.10176261410603107,-0.22077493312649468,-0.05601365451582709,Eine
Frau,5.970980266199949,-0.028221375796178397,0.028568536133445822,0.02426255497696798,Frau
ein frau,3.3363923746982977,-0.06858008202628528,0.11802664151687496,0.031941494431917544,ein frau
Schwester,3.094248658331703,-0.07158445764662277,0.12890441280363293,0.03012333430875111,Schwester
frau schwester,3.094248658331703,-0.07158445764662277,0.12890441280363293,0.03012333430875111,frau schwester
wählt,3.026181998348279,-0.07248382952503489,0.13218106476098496,0.029554074065230616,wählt
schwester wähl+t,3.026181998348279,-0.07248382952503489,0.13218106476098496,0.029554074065230616,schwester wähl+t
erfolgreicher,2.9617243855328956,-0.07335977559457353,0.13538186967329863,0.028988181276365765,erfolgreicher
wähl+t erfolgreich+er,2.9617243855328956,-0.07335977559457353,0.13538186967329863,0.028988181276365765,wähl+t erfolgreich+er
Komponist,2.8918118422514025,-0.07433791574681481,0.13896750593818544,0.028342634082373322,Komponist
erfolgreich+er komponist,2.8918118422514025,-0.07433791574681481,0.13896750593818544,0.028342634082373322,erfolgreich+er komponist
Uraufführung,2.809398941681566,-0.0755305906165532,0.1433563649228721,0.027535606868640403,Uraufführung
komponist uraufführung,2.809398941681566,-0.0755305906165532,0.1433563649228721,0.027535606868640403,komponist uraufführung
Spitzenpolitiker,2.7481157135502805,-0.07644688631303918,0.14674110374956473,0.02690041637560653,Spitzenpolitiker
uraufführung spitze+n+politiker,2.7481157135502805,-0.07644688631303918,0.14674110374956473,0.02690041637560653,uraufführung spitze+n+politiker
wiedergewählt,2.685299765576525,-0.07741361275047509,0.15032465001926498,0.026215658447295558,wiedergewählt
spitze+n+politiker wieder+ge+wähl+t,2.685299765576525,-0.07741361275047509,0.15032465001926498,0.026215658447295558,spitze+n+politiker wieder+ge+wähl+t
wieder+ge+wähl+t frau,3.3363923746982977,-0.06858008202628528,0.11802664151687496,0.031941494431917544,wieder+ge+wähl+t frau
Schwa…,2.5444742346193747,-0.07968985919648511,0.15881513649022042,0.02454235745841053,Schwa…
frau schwa…,2.5444742346193747,-0.07968985919648511,0.15881513649022042,0.02454235745841053,frau schwa…
+362,2.5315285078840915,-0.07990715078749862,0.15962962694783697,0.024378040296581277,+362
schwa… +362,2.5315285078840915,-0.07990715078749862,0.15962962694783697,0.024378040296581277,schwa… +362
+362 char+s,2.5237268763503122,-0.08003878469565524,0.16012338544553795,0.02427810248940418,+362 char+s
Eigentlich,5.695971834651463,-0.010205825600333847,0.018112895199880772,0.005380620693733258,Eigentlich
eigentlich seit,3.68594342185921,-0.06470616304866253,0.1041412705494367,0.034106892002802675,eigentlich seit
710.000,5.436828076889515,-0.05064984963686692,0.054735183233029734,0.040522953866264685,710.000
seit 710.000,3.8028900024162433,-0.06351479531264506,0.09989963989043325,0.03473472319029756,seit 710.000
Jahren,47.9270735626844,0.016802042470767074,-0.14458360228657544,0.03845374922232577,Jahren
710.000 jahr+en,4.0437578714501425,-0.06120421912427268,0.09170763988485155,0.03590413976418069,710.000 jahr+en
erloschen,17.00967030361958,-0.018313841575041973,-0.058116397040591794,0.04965384627167274,erloschen
jahr+en erlösch+en,4.343180568946109,-0.058569473583329236,0.08241623255212518,0.037163694605423195,jahr+en erlösch+en
Zombie,5.3489069002359715,-0.05120639688915587,0.056671091494934774,0.040306079356850676,Zombie
erlösch+en zombie,5.3489069002359715,-0.05120639688915587,0.056671091494934774,0.040306079356850676,erlösch+en zombie
-Vulkan,7.153857572750359,-0.04170147570759844,0.023707158926133735,0.043667454988015254,-Vulkan
zombie -vulkan,7.153857572750359,-0.04170147570759844,0.023707158926133735,0.043667454988015254,zombie -vulkan
ausbrechen,6.443030967718986,-0.016575648519240385,0.012351623937371062,0.016543595370323176,ausbrechen
-vulkan aus+brech+en,4.648068039132458,-0.05611919129825001,0.07381682722799843,0.03826852410670141,-vulkan aus+brech+en
Ein,61.447310166842826,0.08576610064440178,-0.2270605608265702,-0.028573991376744688,Ein
aus+brech+en ein,6.098208267627087,-0.046811020623828185,0.041407318593840295,0.041947721775926476,aus+brech+en ein
ein vulkan,32.363733889152385,-0.005132288222534552,-0.10601711535339005,0.05217438371080186,ein vulkan
Iran,7.7310356279541645,-0.08133760003716843,-0.021021073958932938,0.10996875594518069,Iran
vulkan iran,5.097659028450145,-0.052865357684872966,0.062448647366898875,0.03964325626508686,vulkan iran
iran seit,3.68594342185921,-0.06470616304866253,0.1041412705494367,0.034106892002802675,iran seit
Jahrtausenden,21.940635877257876,-0.00522161823967231,-0.08472423129043545,0.043747790009021285,Jahrtausenden
seit jahr+tausend+en,18.226701117195585,-0.007528117990484853,-0.0716222839937857,0.04136900951726229,seit jahr+tausend+en
jahr+tausend+en erlösch+en,4.343180568946109,-0.058569473583329236,0.08241623255212518,0.037163694605423195,jahr+tausend+en erlösch+en
galt,12.914689427764529,-0.024997724166585474,-0.034446785048218014,0.048190232151764545,galt
erlösch+en gelt,4.8089378977659125,-0.05490933456390606,0.06958362591415879,0.03879161473888335,erlösch+en gelt
zeigt,37.20803600048046,0.031112502610774872,-0.14597085508640056,0.019561402334746417,zeigt
gelt zeig+t,4.686052707266647,-0.05582863525933815,0.07279946647983997,0.03839546998653395,gelt zeig+t
Anzeichen,6.873756421728288,-0.04295502818070344,0.028047919493376528,0.04326288842217227,Anzeichen
zeig+t anzeichen,3.3607312655448767,-0.06829367478337027,0.11699486500576184,0.03210831735844496,zeig+t anzeichen
Aktivität,19.42097652871658,-0.011210450544077478,-0.04957696044328698,0.036918426504857306,Aktivität
anzeichen aktivität,6.54433337787918,-0.04451888055115027,0.033464077950292805,0.042742718258276864,anzeichen aktivität
Forscher,33.33740408150247,0.07298779566568499,-0.18153893667112486,-0.026829366373979553,Forscher
beobachten,7.244843378264801,-0.041308220428769395,0.022345404269681242,0.043792171065009565,beobachten
forscher beobacht+en,4.080230475584151,-0.060869921281365404,0.09052593298940625,0.036068222839232424,forscher beobacht+en
Bewegungen,4.648068039132458,-0.05611919129825001,0.07381682722799843,0.03826852410670141,Bewegungen
beobacht+en bewegung+en,4.648068039132458,-0.05611919129825001,0.07381682722799843,0.03826852410670141,beobacht+en bewegung+en
Vulkanspitze,7.737765953269621,-0.039286260320388566,0.015342625529002365,0.04441740333533516,Vulkanspitze
bewegung+en vulkan+spitze,7.737765953269621,-0.039286260320388566,0.015342625529002365,0.04441740333533516,bewegung+en vulkan+spitze
vulkan+spitze warn+en,4.513548219235972,-0.057173645116895835,0.07751299314757006,0.03780067129795438,vulkan+spitze warn+en
möglichen,6.0378591448036065,-0.04713808496410147,0.04254143452937872,0.04183099830727912,möglichen
warn+en möglich+en,4.008950511104029,-0.0615269256417699,0.0928491894047442,0.03574454024418794,warn+en möglich+en
möglich+en gefahr+en,3.7302931740507197,-0.06424867362870469,0.10251097507561893,0.03435003064837867,möglich+en gefahr+en
nahegelegene,4.1185073791175695,-0.06052323503843875,0.08930132782675781,0.03623705468087511,nahegelegene
gefahr+en nahe+ge+leg+en+e,4.1185073791175695,-0.06052323503843875,0.08930132782675781,0.03623705468087511,gefahr+en nahe+ge+leg+en+e
Städte,4.893526332777002,-0.05429419307882305,0.06743422581302078,0.039052092837270215,Städte
nahe+ge+leg+en+e stadt+e,4.893526332777002,-0.05429419307882305,0.06743422581302078,0.039052092837270215,nahe+ge+leg+en+e stadt+e
Grenzregion,4.723276138161061,-0.05554687156376422,0.07181333682892325,0.03851777209029968,Grenzregion
vulkan grenz+region,4.723276138161061,-0.05554687156376422,0.07181333682892325,0.03851777209029968,vulkan grenz+region
Iran-Pakistan,4.080230475584151,-0.060869921281365404,0.09052593298940625,0.036068222839232424,Iran-Pakistan
grenz+region iran-pakistan,4.080230475584151,-0.060869921281365404,0.09052593298940625,0.036068222839232424,grenz+region iran-pakistan
iran-pakistan 710.000,3.501393389332999,-0.06668925378721162,0.11123072728457191,0.03302266886145269,iran-pakistan 710.000
Jahre,28.451114839181322,0.028803286737311678,-0.12994647761227135,0.016402893153640505,Jahre
710.000 jahr+e,3.3862012592145097,-0.06799680573747394,0.115926314552732,0.03228007116945351,710.000 jahr+e
jahr+e erlösch+en,3.2693809219139456,-0.06938274790601841,0.12092292695936689,0.031468035815732216,jahr+e erlösch+en
unerwartete,3.079796091529252,-0.07177328349889853,0.12959155010584633,0.030004793781631744,unerwartete
zeig+t un+erwart+et+e,3.079796091529252,-0.07177328349889853,0.12959155010584633,0.030004793781631744,zeig+t un+erwart+et+e
un+erwart+et+e anzeichen,3.0016173358947746,-0.0728148034510721,0.13338936423074524,0.029341594063460794,un+erwart+et+e anzeichen
Laut,5.671885020599782,0.016603225166458315,0.03234488718911478,-0.038812555896329634,Laut
Bericht,2.8284023031460888,-0.07525163630621773,0.14232817253885055,0.027726347017609454,Bericht
laut bericht,2.8284023031460888,-0.07525163630621773,0.14232817253885055,0.027726347017609454,laut bericht
Live,2.780879258851598,-0.0759537985625932,0.1449182526548868,0.02724389004926356,Live
bericht live,2.780879258851598,-0.0759537985625932,0.1449182526548868,0.02724389004926356,bericht live
Science,2.7641233973507826,-0.07620503882268996,0.14584662496998926,0.02706936673803163,Science
live science,2.7641233973507826,-0.07620503882268996,0.14584662496998926,0.02706936673803163,live science
science forscher,2.7181324282021433,-0.07690476239053415,0.14843677629909938,0.026577978306337645,science forscher
forscher 2023,2.6700160872701137,-0.07765320209441808,0.15121480723271682,0.026043597119779507,forscher 2023
+1925,2.6483495934065084,-0.07799586677584504,0.1524893432463102,0.02579586969755287,+1925
2023 +1925,2.6483495934065084,-0.07799586677584504,0.1524893432463102,0.02579586969755287,2023 +1925
+1925 chars,2.634674561896611,-0.07821399068214026,0.15330152741940517,0.025637165768216473,+1925 chars
Geophysik,14.849542362652608,-0.02152671946437323,-0.04669678180871257,0.0489694771687587,Geophysik
Erwacht,4.648068039132458,-0.05611919129825001,0.07381682722799843,0.03826852410670141,Erwacht
geophysik erwach+t,4.648068039132458,-0.05611919129825001,0.07381682722799843,0.03826852410670141,geophysik erwach+t
erwach+t vulkan,7.737765953269621,-0.039286260320388566,0.015342625529002365,0.04441740333533516,erwach+t vulkan
vulkan leben,4.990672993873869,-0.053604667922763874,0.06502711708206499,0.03933976894721954,vulkan leben
südlichen,5.097659028450145,-0.052865357684872966,0.062448647366898875,0.03964325626508686,südlichen
vulkan südlich+en,5.097659028450145,-0.052865357684872966,0.062448647366898875,0.03964325626508686,vulkan südlich+en
südlich+en iran,4.343180568946109,-0.058569473583329236,0.08241623255212518,0.037163694605423195,südlich+en iran
zeigten,4.1185073791175695,-0.06052323503843875,0.08930132782675781,0.03623705468087511,zeigten
iran zeig+ten,4.1185073791175695,-0.06052323503843875,0.08930132782675781,0.03623705468087511,iran zeig+ten
Zeichen,3.8559499414961103,-0.06298979709389071,0.0980344210414033,0.03500594282780883,Zeichen
zeig+ten zeichen,3.8559499414961103,-0.06298979709389071,0.0980344210414033,0.03500594282780883,zeig+ten zeichen
Wiedererwachens,3.5868284171916835,-0.06575482204833918,0.10788550785877962,0.03353975779269305,Wiedererwachens
zeichen wiedererwachen+s,3.5868284171916835,-0.06575482204833918,0.10788550785877962,0.03353975779269305,zeichen wiedererwachen+s
wiedererwachen+s seit,3.258999009363133,-0.06950899810253137,0.12137911928676562,0.031392763086694433,wiedererwachen+s seit
hunderttausenden,3.210031532568009,-0.07011152765789598,0.12355873842044407,0.03103048215202249,hunderttausenden
seit hundert+tausend+en,3.210031532568009,-0.07011152765789598,0.12355873842044407,0.03103048215202249,seit hundert+tausend+en
hundert+tausend+en jahr+en,3.3607312655448767,-0.06829367478337027,0.11699486500576184,0.03210831735844496,hundert+tausend+en jahr+en
mehr,19.704362728289233,0.015429818305498427,-0.0966501903958941,0.021206286760997336,mehr
jahr+en mehr,3.551197670407258,-0.0661409961267708,0.10926696264680623,0.0333274148607866,jahr+en mehr
mehr aktiv,3.644424933745377,-0.06514094732144791,0.10569242377622745,0.033873422062902635,mehr aktiv
letzte,10.349031732289143,-0.030868204545876847,-0.013894265629375997,0.04676216649224065,letzte
der letzt+e,3.913337599963225,-0.0624324167903752,0.09605669626195706,0.035290310410650415,der letzt+e
letzt+e ausbruch,4.158744573334073,-0.06016327958520843,0.08803079624695859,0.03641092564835946,letzt+e ausbruch
iranischen,4.990672993873869,-0.053604667922763874,0.06502711708206499,0.03933976894721954,iranischen
ausbruch iranisch+en,4.990672993873869,-0.053604667922763874,0.06502711708206499,0.03933976894721954,ausbruch iranisch+en
Vulkans,180.5024666365755,0.03702162600098159,-0.21111779542644626,0.03598965183424535,Vulkans
iranisch+en vulkan+s,7.737765953269621,-0.039286260320388566,0.015342625529002365,0.04441740333533516,iranisch+en vulkan+s
Taftan,5.3489069002359715,-0.05120639688915587,0.056671091494934774,0.040306079356850676,Taftan
vulkan+s tafta+n,5.3489069002359715,-0.05120639688915587,0.056671091494934774,0.040306079356850676,vulkan+s tafta+n
710,4.158744573334073,-0.06016327958520843,0.08803079624695859,0.03641092564835946,710
tafta+n 710,4.158744573334073,-0.06016327958520843,0.08803079624695859,0.03641092564835946,tafta+n 710
000,8.011174572866903,-0.03823719008040651,0.011707814523563124,0.044731599103867016,000
710 000,4.008950511104029,-0.0615269256417699,0.0928491894047442,0.03574454024418794,710 000
000 jahr+en,5.217270410555291,-0.02845131176983555,0.04116314291272592,0.018651129232586588,000 jahr+en
stattgefunden,3.7077443223067394,-0.06448039121852363,0.10333648063170117,0.0342272030892115,stattgefunden
jahr+en statt+ge+find+en,3.7077443223067394,-0.06448039121852363,0.10333648063170117,0.0342272030892115,jahr+en statt+ge+find+en
damals,3.3311872872781336,-0.058296521617153665,0.11065755412665193,0.02284724231534121,damals
seit damals,3.3311872872781336,-0.058296521617153665,0.11065755412665193,0.02284724231534121,seit damals
ließen,3.3094456669061523,-0.051066287729136225,0.10601851204242191,0.016032155842350647,ließen
damals lass+en,3.3094456669061523,-0.051066287729136225,0.10601851204242191,0.016032155842350647,damals lass+en
Spuren,3.5761663700667143,-0.03657718188568645,0.0862291758438851,0.007295102097578227,Spuren
lass+en spur+en,3.5761663700667143,-0.03657718188568645,0.0862291758438851,0.007295102097578227,lass+en spur+en
spur+en weit+er+en,3.9093162102237065,-0.01034181993523047,0.0556353281759646,-0.012525616251275701,spur+en weit+er+en
Eruption,36.8047338559946,0.21351337043714283,-0.37358984457352856,-0.19906922521140727,Eruption
weit+er+en eruption,4.440100576786527,0.05678760332264225,-0.016527155928294908,-0.07489104492330542,weit+er+en eruption
nachweisen,4.447540543762047,-0.03087052830010175,0.0586719056531361,0.013419367706433986,nachweisen
eruption nach+weis+en,4.447540543762047,-0.03087052830010175,0.0586719056531361,0.013419367706433986,eruption nach+weis+en
nach+weis+en vulkan,7.737765953269621,-0.039286260320388566,0.015342625529002365,0.04441740333533516,nach+weis+en vulkan
vulkan gelt,5.498520739800831,-0.05026634182875336,0.05340180195096798,0.04067083067505976,vulkan gelt
erlosch…,4.578375627082935,-0.05666043854835278,0.07571324220882711,0.03802978820046194,erlosch…
gelt erlosch…,4.578375627082935,-0.05666043854835278,0.07571324220882711,0.03802978820046194,gelt erlosch…
+1661,4.080230475584151,-0.060869921281365404,0.09052593298940625,0.036068222839232424,+1661
erlosch… +1661,4.080230475584151,-0.060869921281365404,0.09052593298940625,0.036068222839232424,erlosch… +1661
+1661 chars,3.8840661985898244,-0.06271538260181336,0.09706040684215712,0.03514640321979045,+1661 chars
Bilder,13.904572180510987,-0.00470669208978892,-0.056612025898915924,0.03139342980535239,Bilder
Woche,8.392520046655022,0.032809668743163725,-0.05273081446426385,-0.021978315175809813,Woche
bild+er woche,3.038629479598319,0.014840012616167403,0.06380753596613997,-0.05225124668606654,bild+er woche
Heißer,3.159788217567225,0.04513155042199294,0.03270875022301571,-0.08164332931568385,Heißer
woche heiß+er,3.159788217567225,0.04513155042199294,0.03270875022301571,-0.08164332931568385,woche heiß+er
Lavasee,3.4742443927877815,0.12213323619406892,-0.05363879256750163,-0.16618333534922206,Lavasee
heiß+er lavase+e,3.4742443927877815,0.12213323619406892,-0.05363879256750163,-0.16618333534922206,heiß+er lavase+e
Kilauea-Caldera,4.88505872119655,0.02855007656432577,-0.0005315937399281299,-0.04007188030299191,Kilauea-Caldera
lavase+e kilauea-caldera,3.1381736087514303,0.004573154656132742,0.06844070960946479,-0.03983583725429955,lavase+e kilauea-caldera
kilauea-caldera der,3.126401008783154,-0.03159389104869718,0.0978329759622471,-0.005155043654144158,kilauea-caldera der
europäische,3.2590523580103214,0.005100011714769807,0.06348211676122734,-0.03803732997052424,europäische
der europäisch+e,3.2590523580103214,0.005100011714769807,0.06348211676122734,-0.03803732997052424,der europäisch+e
Erderkundungssatellit,3.181902995357217,-0.052244016720722666,0.11145153222387287,0.014773685654842245,Erderkundungssatellit
europäisch+e erderkundung+s+satellit,3.181902995357217,-0.052244016720722666,0.11145153222387287,0.014773685654842245,europäisch+e erderkundung+s+satellit
Sentinel-2,3.348425768363944,-0.0684381441098333,0.11751520403953501,0.0320243068211623,Sentinel-2
erderkundung+s+satellit sentinel-2,3.348425768363944,-0.0684381441098333,0.11751520403953501,0.0320243068211623,erderkundung+s+satellit sentinel-2
lieferte,5.740543617528679,0.030233744010401443,-0.017532854436897106,-0.034431158741317525,lieferte
sentinel-2 liefer+te,3.501393389332999,-0.06668925378721162,0.11123072728457191,0.03302266886145269,sentinel-2 liefer+te
Ansicht,3.7778157963506116,-0.06376620354370077,0.10079368538073849,0.03460367210951019,Ansicht
liefer+te ansicht,3.7778157963506116,-0.06376620354370077,0.10079368538073849,0.03460367210951019,liefer+te ansicht
Ausbruchs,4.961642694595669,-0.02241658069563394,0.04111343122676571,0.01076283575412315,Ausbruchs
ansicht ausbruch+s,4.245825604508112,-0.05939954428723556,0.08533814822122733,0.03677509295135843,ansicht ausbruch+s
Kilauea-Vulkans,5.3489069002359715,-0.05120639688915587,0.056671091494934774,0.040306079356850676,Kilauea-Vulkans
ausbruch+s kilauea-vulkan+s,5.3489069002359715,-0.05120639688915587,0.056671091494934774,0.040306079356850676,ausbruch+s kilauea-vulkan+s
Hawaii,30.350678142325613,2.6059843968225258e-05,-0.10723493611265424,0.04597122427269772,Hawaii
kilauea-vulkan+s hawaii,4.893526332777002,-0.05429419307882305,0.06743422581302078,0.039052092837270215,kilauea-vulkan+s hawaii
Lavaflüsse,4.385862452005795,0.059673586665815875,-0.017938976538732335,-0.07870536239003878,Lavaflüsse
hawaii lavaflüss+e,4.385862452005795,0.059673586665815875,-0.017938976538732335,-0.07870536239003878,hawaii lavaflüss+e
innerhalb,5.599006406325374,0.011846834731001133,0.0010001380140640189,-0.01686906754055309,innerhalb
lavaflüss+e innerhalb,3.8062799197296195,-0.01490970200121994,0.062238695140824224,-0.009580306572500651,lavaflüss+e innerhalb
Caldera,3.1201095101320426,-0.01676919351114049,0.08644592149669288,-0.0192947176465447,Caldera
innerhalb caldera,3.1201095101320426,-0.01676919351114049,0.08644592149669288,-0.0192947176465447,innerhalb caldera
caldera zeig+t,3.5791407128489348,0.017924940323392195,0.0417862071377279,-0.045458359272295815,caldera zeig+t
Lava,45.910572903125384,0.19189589560416362,-0.3390564187255528,-0.16909396191433768,Lava
lava kilauea-caldera,3.5678736811277783,-0.00783601366616541,0.0636652243115169,-0.019981019071761523,lava kilauea-caldera
kilauea-caldera hawaii,3.748412295386755,-0.0584193586849895,0.09766544215232785,0.029504497725087713,kilauea-caldera hawaii
hawaii seit,3.943846548360928,-0.06214039429007722,0.09502154926661767,0.0354378398880019,hawaii seit
Dezember,4.1185073791175695,-0.06052323503843875,0.08930132782675781,0.03623705468087511,Dezember
seit dezember,4.1185073791175695,-0.06052323503843875,0.08930132782675781,0.03623705468087511,seit dezember
2024,4.578375627082935,-0.05666043854835278,0.07571324220882711,0.03802978820046194,2024
dezember 2024,4.578375627082935,-0.05666043854835278,0.07571324220882711,0.03802978820046194,dezember 2024
bricht,55.745146694354595,0.02133631968462612,-0.15541187292422684,0.03653483647484782,bricht
2024 brech+t,4.990672993873869,-0.053604667922763874,0.06502711708206499,0.03933976894721954,2024 brech+t
brech+t vulkan,53.05514005032993,0.04835378085002018,-0.17909358769486877,0.008271073792530562,brech+t vulkan
Kilauea,42.87788374856553,0.005709078253064167,-0.1293893700158996,0.04724522254262435,Kilauea
vulkan kilauea,36.62611298850804,0.0010722218968725826,-0.11769733580385161,0.04873732445457472,vulkan kilauea
Abständen,4.453038325241243,-0.05766142328346752,0.07922505050098555,0.037580393640295015,Abständen
kilauea abstand+en,4.453038325241243,-0.05766142328346752,0.07922505050098555,0.037580393640295015,kilauea abstand+en
abstand+en zwei,3.8840661985898244,-0.06271538260181336,0.09706040684215712,0.03514640321979045,abstand+en zwei
drei,29.694919817658803,0.12378991600978434,-0.2301658016486971,-0.08845436964007668,drei
zwei drei,3.664849567071248,-0.06492626313466944,0.10492629051503366,0.03398899657490336,zwei drei
Wochen,9.607191571950102,-0.01249282760913562,-0.023554552193887024,0.02734462328946494,Wochen
drei woche+n,3.5687544706888525,-0.06595008903732869,0.10858385416980597,0.03343262490868097,drei woche+n
produziert,3.368307692105867,-0.061270087149759615,0.11159506981734041,0.02610417259896768,produziert
woche+n produzier+t,3.368307692105867,-0.061270087149759615,0.11159506981734041,0.02610417259896768,woche+n produzier+t
mehrere,17.8925733317825,0.04445564847964185,-0.11763628867117913,-0.010713981878447796,mehrere
produzier+t mehrere,3.267302089560587,-0.042436419865084465,0.10097705364125702,0.0074821773636224685,produzier+t mehrere
Stunden,9.902213555534804,0.04008480115735937,-0.07243413441096119,-0.0237464335177995,Stunden
mehrere stunde+n,3.2386478312090077,-0.028953826301833838,0.09161939591413559,-0.0054897433539410215,mehrere stunde+n
hochaufschießende,3.232685213110056,-0.01055525452056257,0.0772524793602573,-0.023120925446962443,hochaufschießende
stunde+n hoch+auf+schieß+end+e,3.232685213110056,-0.01055525452056257,0.0772524793602573,-0.023120925446962443,stunde+n hoch+auf+schieß+end+e
Lavafontänen,43.79608479361054,0.16712534671599966,-0.29983616989984146,-0.13732171283374944,Lavafontänen
hoch+auf+schieß+end+e lavafontäne+n,3.55651089016594,0.11515821565794788,-0.04918025960430726,-0.15589556041767808,hoch+auf+schieß+end+e lavafontäne+n
La…,4.859401466283505,-0.011822009782578831,0.034504888112651816,-0.00021516927862464186,La…
lavafontäne+n la…,3.072060774875798,0.001912848144299502,0.07321891700637384,-0.03851736378923913,lavafontäne+n la…
+855,3.020207099269607,-0.0086842914181716,0.08392020931842924,-0.02915168747537159,+855
la… +855,3.020207099269607,-0.0086842914181716,0.08392020931842924,-0.02915168747537159,la… +855
+855 char+s,2.9775992809210683,-0.016739641622405686,0.09209639040903334,-0.022255689129666273,+855 char+s
Vulkanausbruch,317.9533415645283,0.19883441006860095,-0.4144360918862002,-0.15447195560994537,Vulkanausbruch
Philippinen,41.7742307934585,0.028286524101927443,-0.1489127650917932,0.02459739350166656,Philippinen
vulkan+ausbruch philippinen,5.284466230688716,0.07797411957577595,-0.05450313215215687,-0.09005143527345406,vulkan+ausbruch philippinen
Plötzlich,9.006263076353394,0.11318457963052662,-0.1383479079453358,-0.10951415852718038,Plötzlich
philippinen plötzlich,4.471224198341327,0.06343116280402725,-0.023512368316312083,-0.08187625731132268,philippinen plötzlich
regnet,7.42991126383575,0.10206525143161109,-0.11038001658858693,-0.10343559410355664,regnet
plötzlich regn+et,4.147111086468852,0.05613559530241695,-0.00865179512729288,-0.0777610726697827,plötzlich regn+et
schwarze,7.377999275906986,0.10163053495871995,-0.10931626028417993,-0.10319650905475013,schwarze
regn+et schwarz+e,3.9169804001211905,0.05024791613436648,0.0030304666266842873,-0.07443688083337024,regn+et schwarz+e
Asche,75.49015807778505,0.06557771634173654,-0.2061978370447439,-0.006248460368722327,Asche
schwarz+e asche,3.7580374282280826,0.04576997169296312,0.011738174575883376,-0.071908068807395,schwarz+e asche
Mit,18.67104619159342,0.07179801638208219,-0.14715097992101955,-0.03898638188794397,Mit
asche mit,3.669558309870068,0.043111504140234756,0.01683765110640031,-0.07040691530362339,asche mit
beeindruckender,8.069575088803655,0.09124870775611907,-0.10617803643363094,-0.08746771111404414,beeindruckender
mit beeindruck+end+er,8.069575088803655,0.09124870775611907,-0.10617803643363094,-0.08746771111404414,mit beeindruck+end+er
zugleich,9.191251277049721,0.06772740935288454,-0.09311323571249999,-0.05600880511047817,zugleich
beeindruck+end+er zugleich,8.37062438432998,0.07619509329780919,-0.09396540599343964,-0.06884492110376897,beeindruck+end+er zugleich
beunruhigender,8.657603856470818,0.06948944298204032,-0.09006268812057144,-0.06010410947482735,beunruhigender
zugleich beunruhig+end+er,8.657603856470818,0.06948944298204032,-0.09006268812057144,-0.06010410947482735,zugleich beunruhig+end+er
Kraft,9.62846109260225,0.05617324951624838,-0.08551450647900925,-0.0417705712778891,Kraft
beunruhig+end+er kraft,9.62846109260225,0.05617324951624838,-0.08551450647900925,-0.0417705712778891,beunruhig+end+er kraft
kraft brech+t,10.42802647313586,0.04929523123717866,-0.08503103445006117,-0.03171830981730635,kraft brech+t
vulkan mount,12.520582787584283,0.01599425246112591,-0.06759355775479607,0.008223442813381792,vulkan mount
Kanlaon,17.16762596580608,0.039930804396621875,-0.11071712571479607,-0.007098323523644077,Kanlaon
mount kanlaon,10.67473975447134,0.019329411474042185,-0.05909786713406636,-6.75033552632937e-05,mount kanlaon
zentralphilippinischen,6.396333238527487,0.016706540807856794,-0.015335385026819437,-0.016074480506160845,zentralphilippinischen
kanlaon zentralphilippinisch+en,6.396333238527487,0.016706540807856794,-0.015335385026819437,-0.016074480506160845,kanlaon zentralphilippinisch+en
zentralphilippinisch+en insel,5.447239802763014,0.020397705002071668,-0.0038789544846465776,-0.026684345586458567,zentralphilippinisch+en insel
Negros,9.597931485560093,0.05078057903080187,-0.09439687212779432,-0.029827925999768537,Negros
insel negro+s,9.597931485560093,0.05078057903080187,-0.09439687212779432,-0.029827925999768537,insel negro+s
Mehr,29.892458415081887,0.05445491632705666,-0.18074227006230575,0.00017715509884031716,Mehr
Video,26.67419197955379,0.06231837428259532,-0.1587521220418109,-0.019990331703373537,Video
mehr video,14.715499511954288,0.04185651729061287,-0.10245531652591496,-0.013338047563987078,mehr video
anzeigen,15.193186785202931,0.03758757319239901,-0.10056611314183272,-0.008009549353693139,anzeigen
video anzeige+n,15.193186785202931,0.03758757319239901,-0.10056611314183272,-0.008009549353693139,video anzeige+n
anzeige+n mit,3.475184762947479,-0.0029408752706689694,0.06264757419662385,-0.026267647476957073,anzeige+n mit
gewaltige,15.313414654962962,0.11493524811141113,-0.17966971316260835,-0.094407469253242,gewaltige
ein gewaltig+e,7.607928908874653,0.11461652059724264,-0.12577257217361174,-0.11768348276816121,ein gewaltig+e
rund,23.937166783118577,0.03134118106322875,-0.12272295753231172,0.009971368413364025,rund
gewaltig+e rund,3.2622062779743013,-0.015499388594103748,0.08015075048445511,-0.017804761521604765,gewaltig+e rund
rund zwei,5.406990860759931,-0.016055906407035896,0.027765760991919828,0.008664367223957406,rund zwei
zwei kilo+meter,8.98386703302547,0.04910053197537086,-0.07333325915694124,-0.036607110364968935,zwei kilo+meter
+154,3.1115759723648115,-0.015825930817112196,0.08602418969987224,-0.020369498697060708,+154
kilo+meter +154,3.1115759723648115,-0.015825930817112196,0.08602418969987224,-0.020369498697060708,kilo+meter +154
+154 chars,3.0845319493247407,-0.015923527811983706,0.08715294831924936,-0.020817407994226073,+154 chars
video zeig+t,12.7910460752387,0.007053958133490674,-0.06115020531340657,0.017646334381303103,video zeig+t
Naturschauspiel,11.603329672342463,0.018756277297280435,-0.06466729844814795,0.003148656145636814,Naturschauspiel
zeig+t natur+schau+spiel,6.568692974127233,-0.04439970117176329,0.033051253147013064,0.04278297990762372,zeig+t natur+schau+spiel
natur+schau+spiel vulkan,7.737765953269621,-0.039286260320388566,0.015342625529002365,0.04441740333533516,natur+schau+spiel vulkan
vulkan brech+t,8.858766800524508,-0.03526654328708314,0.0014049602511804712,0.04558577300296502,vulkan brech+t
spektakulärer,4.485068634529009,-0.04916376625790193,0.07205788489341462,0.03041322803272422,spektakulärer
brech+t spektakulär+er,4.485068634529009,-0.04916376625790193,0.07205788489341462,0.03041322803272422,brech+t spektakulär+er
Aschewolke,100.67994708749762,0.23469751278109466,-0.43244547304780545,-0.2212301052466188,Aschewolke
spektakulär+er asche+wolke,4.360405394545712,0.06105394852592489,-0.018622032391766404,-0.08053603601413313,spektakulär+er asche+wolke
Nahe,3.6825477348065574,-0.023762899984331752,0.07294704930337896,-0.0029924984826405123,Nahe
asche+wolke nahe,3.6825477348065574,-0.023762899984331752,0.07294704930337896,-0.0029924984826405123,asche+wolke nahe
philippinischen,7.978638881512111,0.0317876048933959,-0.0476815228080276,-0.022778688455380277,philippinischen
nahe philippinisch+en,3.654702562306636,-0.043480985652738766,0.08913915904898938,0.014793408982902904,nahe philippinisch+en
Hauptstadt,8.410682140825063,-0.03678721190927388,0.00668120209809343,0.045154914611704774,Hauptstadt
philippinisch+en haupt+stadt,3.975683974490078,-0.061838764420945276,0.09395307033045289,0.035589181335442255,philippinisch+en haupt+stadt
Manila,6.6126959197017126,-0.04418589204659969,0.032310673773719406,0.04285495029002863,Manila
haupt+stadt manila,4.453038325241243,-0.05766142328346752,0.07922505050098555,0.037580393640295015,haupt+stadt manila
manila brech+t,5.498520739800831,-0.05026634182875336,0.05340180195096798,0.04067083067505976,manila brech+t
Taal,11.63641158773185,-0.027703780559266276,-0.024950138189234097,0.047550433484280535,Taal
vulkan taal,5.3489069002359715,-0.05120639688915587,0.056671091494934774,0.040306079356850676,vulkan taal
Wissenschaftler,11.485234670801434,-0.02805035274823445,-0.023736866382908613,0.04746628433967455,Wissenschaftler
filmen,5.403255189155219,-0.03073878963129451,0.03970651482287772,0.022308523874683687,filmen
wissenschaftler film+en,3.9037376252069675,-0.032788681938539316,0.07372648488601462,0.008561568185878762,wissenschaftler film+en
film+en asche+wolke,4.028077112737741,0.08073680323267557,-0.02889739105559021,-0.10710544947870942,film+en asche+wolke
ausgestoßen,9.191172324148617,0.01878438683204045,-0.04726047222338154,-0.004516387486603014,ausgestoßen
asche+wolke aus+ge+stoß+en,4.9902412750825516,0.05316285575602274,-0.025064881182961872,-0.06513319594838951,asche+wolke aus+ge+stoß+en
aus+ge+stoß+en zwei,3.1428821116751604,-0.044862844390144645,0.10735717434807668,0.007374766679501353,aus+ge+stoß+en zwei
schießt,8.386873222232452,0.056517329739943646,-0.07487735252555164,-0.04704175813690756,schießt
höhe schieß+t,2.9570983040315344,-0.0568061935019235,0.12355212659997052,0.01437435311410647,höhe schieß+t
Zugang,6.349170803460371,0.009562396843484637,-0.008448447908100015,-0.009260651172088743,Zugang
stern+statt,6.183820495623758,0.006677648516148688,-0.003608462100463362,-0.007504311632669551,stern+statt
zugang stern+statt,6.183820495623758,0.006677648516148688,-0.003608462100463362,-0.007504311632669551,zugang stern+statt
"11,96",6.00903172017566,0.0037802378383762847,0.0014540942987185089,-0.005859761773449099,"11,96"
"stern+statt 11,96",6.00903172017566,0.0037802378383762847,0.0014540942987185089,-0.005859761773449099,"stern+statt 11,96"
Alles,5.691025493229604,-0.0011897275732673644,0.010638885497478207,-0.0033348698028021887,Alles
"11,96 alle+s",5.691025493229604,-0.0011897275732673644,0.010638885497478207,-0.0033348698028021887,"11,96 alle+s"
stern+,6.183820495623758,0.006677648516148688,-0.003608462100463362,-0.007504311632669551,stern+
alle+s stern+,6.183820495623758,0.006677648516148688,-0.003608462100463362,-0.007504311632669551,alle+s stern+
erstklassigen,5.486289958135274,-0.004211689975690652,0.016581771671122604,-0.002007420144187586,erstklassigen
stern+ erstklassig+en,5.486289958135274,-0.004211689975690652,0.016581771671122604,-0.002007420144187586,stern+ erstklassig+en
Inhalten,5.3671262637748764,-0.00593204226968781,0.020081266616258198,-0.0013205054420757103,Inhalten
erstklassig+en inhalt+en,5.3671262637748764,-0.00593204226968781,0.020081266616258198,-0.0013205054420757103,erstklassig+en inhalt+en
GEO,5.266554616527571,-0.007368102388607398,0.02306647453390367,-0.000785327520359737,GEO
inhalt+en geo,5.266554616527571,-0.007368102388607398,0.02306647453390367,-0.000785327520359737,inhalt+en geo
Capital,5.208859940022687,-0.008187005069487406,0.02479441320492071,-0.0004955943957053751,Capital
geo capital,5.208859940022687,-0.008187005069487406,0.02479441320492071,-0.0004955943957053751,geo capital
/li,12.743852814673534,0.004202672411772512,0.011907234792005979,-0.011357930801899877,/li
capital /li,5.1540306424713975,-0.008962761373847489,0.02644817317635422,-0.0002313674304373803,capital /li
/li woche+n,5.089165767313247,-0.009878275664233022,0.02842056436834252,6.779545899075477e-05,/li woche+n
testen,5.739109297520379,-0.012125659674264279,0.019013804496976282,0.0075327765739447205,testen
woche+n test+en,5.045987096557231,-0.010486854176766373,0.02974382641671475,0.0002591730213196639,woche+n test+en
"2,99",4.970204562988069,-0.011554382248014269,0.032087769827600615,0.0005806849201794531,"2,99"
"test+en 2,99",4.970204562988069,-0.011554382248014269,0.032087769827600615,0.0005806849201794531,"test+en 2,99"
"2,99 woche",5.089165767313247,-0.009878275664233022,0.02842056436834252,6.779545899075477e-05,"2,99 woche"
woche /li,5.1540306424713975,-0.008962761373847489,0.02644817317635422,-0.0002313674304373803,woche /li
jederzeit,4.848411044689027,-0.013272236969139315,0.035917906713870004,0.0010611639770789591,jederzeit
/li jederzeit,4.848411044689027,-0.013272236969139315,0.035917906713870004,0.0010611639770789591,/li jederzeit
kündbar,4.799724901961008,-0.013961018567529009,0.03747279305107057,0.0012414550857247012,kündbar
jederzeit künd+bar,4.799724901961008,-0.013961018567529009,0.03747279305107057,0.0012414550857247012,jederzeit künd+bar
künd+bar /li,5.1540306424713975,-0.008962761373847489,0.02644817317635422,-0.0002313674304373803,künd+bar /li
/ul,4.739826238904208,-0.01481104166203379,0.039405983508573494,0.0014545463662206106,/ul
/li /ul,4.739826238904208,-0.01481104166203379,0.039405983508573494,0.0014545463662206106,/li /ul
Zwei,13.635942099439612,0.1281431302016852,-0.1863386493791035,-0.11414574034342012,Zwei
hoch+e asche+wolke,22.362913930120875,0.20044971601898187,-0.310214095798366,-0.19775240079632958,hoch+e asche+wolke
asche+wolke video,3.33193112997227,0.004832381640637635,0.061098001546849835,-0.0364369846394332,asche+wolke video
spektakulären,6.3867600922297045,0.036555536962352385,-0.032975282089313,-0.03645070071725639,spektakulären
zeig+t spektakulär+en,3.3315607886620002,-0.02969083760568445,0.08890648750266664,-0.003128094048334343,zeig+t spektakulär+en
Vulkauausbruch,3.415463347766582,-0.05322813616401222,0.10404941461602978,0.019777638880236436,Vulkauausbruch
spektakulär+en vulkauausbruch,3.415463347766582,-0.05322813616401222,0.10404941461602978,0.019777638880236436,spektakulär+en vulkauausbruch
Zeitrafferaufnahmen,3.6054457168722367,-0.06555500973111471,0.10717128256156058,0.03364888430537068,Zeitrafferaufnahmen
vulkauausbruch zeitraffer+aufnahme+n,3.6054457168722367,-0.06555500973111471,0.10717128256156058,0.03364888430537068,vulkauausbruch zeitraffer+aufnahme+n
zeigen,16.13341122734413,0.02340913568132122,-0.09137694697353599,0.008074176515304215,zeigen
zeitraffer+aufnahme+n zeig+en,4.158744573334073,-0.06016327958520843,0.08803079624695859,0.03641092564835946,zeitraffer+aufnahme+n zeig+en
zeig+en ausbruch,4.804780357916136,-0.054939933288420555,0.0696905927121341,0.03877856236083213,zeig+en ausbruch
ausbruch vulkan+s,88.71915153629075,0.037832836669300346,-0.18940521833088309,0.026902096936246577,ausbruch vulkan+s
vulkan+s taal,8.581503071045763,-0.03619499792900747,0.004627032935388186,0.045324269337618586,vulkan+s taal
taal philippinen,4.293093940124527,-0.058993463433538104,0.08390812508787926,0.03696612918104855,taal philippinen
Sonntag,11.713087669718306,0.0050756230084746485,-0.07876310299891409,0.02773495024467129,Sonntag
philippinen sonntag,3.667327338426041,-0.06410842839354093,0.10425042808534948,0.033313134145219234,philippinen sonntag
sonntag zwei,3.4673028138295456,-0.027502733467603922,0.08262851490448402,-0.0028623823138887524,sonntag zwei
erzeugte,3.4255999804206727,0.0040007689145989825,0.05856286560633969,-0.03396539066208171,erzeugte
asche+wolke erzeug+te,3.4255999804206727,0.0040007689145989825,0.05856286560633969,-0.03396539066208171,asche+wolke erzeug+te
der asche+wolke,7.785450632373297,0.17368245103350133,-0.19578189185208061,-0.19424150870230672,der asche+wolke
gigantisch,3.7138444972716322,-0.025113454691106527,0.07308627792338512,-0.0012594721427013607,gigantisch
asche+wolke gigantisch,3.7138444972716322,-0.025113454691106527,0.07308627792338512,-0.0012594721427013607,asche+wolke gigantisch
gigantisch ein,3.8781107412448304,-0.05611805133714393,0.09230370303787186,0.02927522482427744,gigantisch ein
ein video,3.975683974490078,-0.061838764420945276,0.09395307033045289,0.035589181335442255,ein video
zeig+t ausbruch,4.804780357916136,-0.054939933288420555,0.0696905927121341,0.03877856236083213,zeig+t ausbruch
südlich,4.804780357916136,-0.054939933288420555,0.0696905927121341,0.03877856236083213,südlich
taal südlich,4.804780357916136,-0.054939933288420555,0.0696905927121341,0.03877856236083213,taal südlich
südlich manila,4.1185073791175695,-0.06052323503843875,0.08930132782675781,0.03623705468087511,südlich manila
manila haupt+stadt,3.8559499414961103,-0.06298979709389071,0.0980344210414033,0.03500594282780883,manila haupt+stadt
haupt+stadt philippinen,3.534133554707018,-0.06632771785166304,0.10993543696509574,0.033224060632310336,haupt+stadt philippinen
Bis,9.338784340702464,0.011697849159608972,-0.04221280420909467,0.003074274069195755,Bis
bis zwei,3.8559499414961103,-0.06298979709389071,0.0980344210414033,0.03500594282780883,bis zwei
Kilometern,4.008950511104029,-0.0615269256417699,0.0928491894047442,0.03574454024418794,Kilometern
zwei kilo+meter+n,4.008950511104029,-0.0615269256417699,0.0928491894047442,0.03574454024418794,zwei kilo+meter+n
kilo+meter+n hoch,4.513548219235972,-0.057173645116895835,0.07751299314757006,0.03780067129795438,kilo+meter+n hoch
hoch spuck+te,4.893526332777002,-0.05429419307882305,0.06743422581302078,0.039052092837270215,hoch spuck+te
spuck+te vulkan,13.016698354013446,-0.024797472599240308,-0.0351513059297267,0.04823640931613546,spuck+te vulkan
vulkan sonntag,5.097659028450145,-0.052865357684872966,0.062448647366898875,0.03964325626508686,vulkan sonntag
sonntag asche,4.158744573334073,-0.06016327958520843,0.08803079624695859,0.03641092564835946,sonntag asche
gen,3.943846548360928,-0.06214039429007722,0.09502154926661767,0.0354378398880019,gen
asche gen,3.943846548360928,-0.06214039429007722,0.09502154926661767,0.0354378398880019,asche gen
+974,3.753634295891563,-0.06401071634370434,0.10166373975760264,0.03447548210731276,+974
gen +974,3.753634295891563,-0.06401071634370434,0.10166373975760264,0.03447548210731276,gen +974
+974 chars,3.644424933745377,-0.06514094732144791,0.10569242377622745,0.033873422062902635,+974 chars
Meine,2.9480757117763847,-0.03411277880528675,0.10686413936530316,-0.006468093562067253,Meine
mein+e frau,2.987813399064235,-0.028664783171088403,0.10102570037621425,-0.010710580419398798,mein+e frau
kommt,9.898491642055037,-0.020017154676007138,-0.019515783938917692,0.03536252323710114,kommt
frau komm+t,3.0255200220366687,-0.023051316770082635,0.09512175070312145,-0.015218983633709618,frau komm+t
zurück,9.133885921499932,0.06983827859204352,-0.09155479735761338,-0.05997621378631756,zurück
komm+t zurück,3.1442455226758734,-0.0025039298942234572,0.07402575365619081,-0.03268954715717999,komm+t zurück
Giftige,3.2936097171640446,0.028604844775531407,0.042260685817984554,-0.06143764693913732,Giftige
zurück giftig+e,3.2936097171640446,0.028604844775531407,0.042260685817984554,-0.06143764693913732,zurück giftig+e
Lavamassen,3.645105542245973,0.10800115014038024,-0.04472641708214532,-0.14548626391853536,Lavamassen
giftig+e lavamasse+n,3.645105542245973,0.10800115014038024,-0.04472641708214532,-0.14548626391853536,giftig+e lavamasse+n
begraben,3.364760357077873,0.007459384308817211,0.05776110896472632,-0.03847987009697173,begraben
lavamasse+n begrab+en,3.364760357077873,0.007459384308817211,0.05776110896472632,-0.03847987009697173,lavamasse+n begrab+en
Lebensgrundlage,3.354027011046941,-0.022120913946324736,0.08218567023920668,-0.009848911311794377,Lebensgrundlage
begrab+en leben+s+grund+lage,3.354027011046941,-0.022120913946324736,0.08218567023920668,-0.009848911311794377,begrab+en leben+s+grund+lage
Grindavíks,3.4826052824663662,-0.05776762552394774,0.10524973030344367,0.024905604539434474,Grindavíks
leben+s+grund+lage grindavík+s,3.4826052824663662,-0.05776762552394774,0.10524973030344367,0.024905604539434474,leben+s+grund+lage grindavík+s
Bewohnern,3.644424933745377,-0.06514094732144791,0.10569242377622745,0.033873422062902635,Bewohnern
grindavík+s bewohner+n,3.644424933745377,-0.06514094732144791,0.10569242377622745,0.033873422062902635,grindavík+s bewohner+n
bewohner+n nach,3.8840661985898244,-0.06271538260181336,0.09706040684215712,0.03514640321979045,bewohner+n nach
800,4.245825604508112,-0.05939954428723556,0.08533814822122733,0.03677509295135843,800
nach 800,4.245825604508112,-0.05939954428723556,0.08533814822122733,0.03677509295135843,nach 800
800 jahr+en,4.453038325241243,-0.05766142328346752,0.07922505050098555,0.037580393640295015,800 jahr+en
jahr+en brech+t,10.035639262462011,-0.015112138838346703,-0.024638389627288784,0.03124429915030855,jahr+en brech+t
Grindavík,3.4826052824663662,-0.05776762552394774,0.10524973030344367,0.024905604539434474,Grindavík
vulkan grindavík,3.4826052824663662,-0.05776762552394774,0.10524973030344367,0.024905604539434474,vulkan grindavík
grindavík gleich,4.343180568946109,-0.058569473583329236,0.08241623255212518,0.037163694605423195,grindavík gleich
neunmal,4.0437578714501425,-0.06120421912427268,0.09170763988485155,0.03590413976418069,neunmal
gleich neunmal,4.0437578714501425,-0.06120421912427268,0.09170763988485155,0.03590413976418069,gleich neunmal
Viele,3.699709278692497,-0.0602123341985317,0.10041353697401006,0.030379158427376263,Viele
Bewohner,7.277653107848911,0.06106673849735013,-0.0673925483405167,-0.05737997286152949,Bewohner
viel+e bewohner,4.627499913124013,-0.0023764601216494626,0.031520356556770227,-0.011654400172786716,viel+e bewohner
verlieren,3.5361149866555017,-0.030583420491342116,0.0828268429304091,0.001125393807755776,verlieren
bewohner verlier+en,3.5361149866555017,-0.030583420491342116,0.0828268429304091,0.001125393807755776,bewohner verlier+en
verlier+en lava,3.7677156048927265,0.09865770639064723,-0.0390975931527854,-0.13211255469721817,verlier+en lava
all,4.268861377502162,0.060696043645690395,-0.01602739022173285,-0.08125333651226418,all
lava all,3.48929626633013,0.03948188793651382,0.025888392787184772,-0.06946158777049828,lava all
Besitz,3.269056322685072,-0.0031920664774725874,0.06995358392552824,-0.029633172398686045,Besitz
all besitz,3.269056322685072,-0.0031920664774725874,0.06995358392552824,-0.029633172398686045,all besitz
verlassen,3.116743953976862,-0.026276738555435514,0.09406773027796106,-0.010325763023385766,verlassen
besitz verlass+en,3.116743953976862,-0.026276738555435514,0.09406773027796106,-0.010325763023385766,besitz verlass+en
Zuhause,3.0063015847709913,-0.039337224917472026,0.10847522461283624,-0.0004049811918537297,Zuhause
verlass+en zuhause,3.0063015847709913,-0.039337224917472026,0.10847522461283624,-0.0004049811918537297,verlass+en zuhause
oft,3.991220542070663,-0.041532388574382774,0.0781668395801347,0.01772014330322298,oft
zuhause oft,2.9560103089464254,-0.04438271468481023,0.11434255455624096,0.0031570311432601284,zuhause oft
oft immer,2.9119716348857665,-0.04839666001582241,0.11918640626361292,0.005854173336242486,oft immer
Warum,5.5076555228805955,-0.050210036813250924,0.05320608155636878,0.04069243459250289,Warum
plötzlich,2.5146420094399526,-0.08019272509502477,0.1607011472883076,0.024160849549078548,plötzlich
warum plötzlich,2.5146420094399526,-0.08019272509502477,0.1607011472883076,0.024160849549078548,warum plötzlich
Lissabon,4.6342985034865025,-0.056225285402759693,0.0741884261357947,0.038221960289009024,Lissabon
plötzlich lissabon,2.5461343312152502,-0.07966209672408285,0.15871112329492063,0.02456329317075177,plötzlich lissabon
Portugal,4.827279423751934,-0.05477475610013184,0.06911322457838848,0.03884891343250534,Portugal
lissabon portugal,2.5740694250658005,-0.07919835952583369,0.1569754114578192,0.024911049757296525,lissabon portugal
vielseitigsten,4.358677265313791,-0.058439579997746474,0.08195941629243861,0.03722383627213309,vielseitigsten
portugal vielseitig+st+en,4.358677265313791,-0.058439579997746474,0.08195941629243861,0.03722383627213309,portugal vielseitig+st+en
Reisedestinationen,4.193209523064109,-0.059858542995990784,0.08695590857207136,0.03655700025226919,Reisedestinationen
vielseitig+st+en reise+destination+en,4.193209523064109,-0.059858542995990784,0.08695590857207136,0.03655700025226919,vielseitig+st+en reise+destination+en
Europas,41.72116785425701,0.011012631405841229,-0.13289946269852998,0.04162704025178276,Europas
reise+destination+en europa+s,4.065029221857574,-0.06100877821781422,0.09101667372784086,0.03600022152423648,reise+destination+en europa+s
Was,11.268866548433618,-0.028557230886826525,-0.02196353014074,0.047342270968798464,Was
etwa,12.05871292040076,0.028108720490352637,-0.07590262762929964,-0.005076934290613126,etwa
was etwa,3.7245834786952114,-0.06430717615764941,0.10271934778551443,0.034319082082800774,was etwa
etwa haupt+stadt,3.7965347261012874,-0.06357831338077242,0.10012546787327477,0.034701685175287204,etwa haupt+stadt
haupt+stadt lissabon,3.869868522552995,-0.0628536288109632,0.09755102284433514,0.03507575262715198,haupt+stadt lissabon
Kunstverständnis,4.017503269631089,-0.06144729495895418,0.09256742666285593,0.03578403343289495,Kunstverständnis
lissabon kunst+verständnis,4.017503269631089,-0.06144729495895418,0.09256742666285593,0.03578403343289495,lissabon kunst+verständnis
liegt,7.651969966298116,-0.03962568250789141,0.01651838243104978,0.04431428020160622,liegt
kunst+verständnis lieg+t,4.179652325465751,-0.05997802482248104,0.08737727314761398,0.03649984923555894,kunst+verständnis lieg+t
Oder,4.2573931627091195,-0.059299625846849065,0.0849861775138571,0.0368222642613935,Oder
Algarve,4.4102071939316305,-0.058011944316181716,0.08045626565079023,0.037420570823676495,Algarve
oder algarve,4.4102071939316305,-0.058011944316181716,0.08045626565079023,0.037420570823676495,oder algarve
preisgekrönten,4.703916851153808,-0.05569304863959658,0.07232487997438893,0.03845442085079403,preisgekrönten
algarve preis+ge+krön+t+en,4.703916851153808,-0.05569304863959658,0.07232487997438893,0.03845442085079403,algarve preis+ge+krön+t+en
Stränden,5.0428329195990536,-0.05324165811488216,0.06376075342820495,0.03948942016256494,Stränden
preis+ge+krön+t+en strand+en,5.0428329195990536,-0.05324165811488216,0.06376075342820495,0.03948942016256494,preis+ge+krön+t+en strand+en
Und,5.323992123146292,-0.05573851917857802,0.0047013231034881775,0.0693459874773053,Und
zuletzt,5.044159145129619,-0.05323249235722536,0.0637287862953254,0.03949318283672859,zuletzt
und zuletzt,3.828913949264684,-0.0632561251404635,0.09898033991016005,0.034868766534346216,und zuletzt
Azoren,4.245825604508112,-0.05939954428723556,0.08533814822122733,0.03677509295135843,Azoren
zuletzt azoren,4.245825604508112,-0.05939954428723556,0.08533814822122733,0.03677509295135843,zuletzt azoren
azoren vulkan,7.737765953269621,-0.039286260320388566,0.015342625529002365,0.04441740333533516,azoren vulkan
überragten,5.498520739800831,-0.05026634182875336,0.05340180195096798,0.04067083067505976,überragten
vulkan überrag+ten,5.498520739800831,-0.05026634182875336,0.05340180195096798,0.04067083067505976,vulkan überrag+ten
Außenpo…,4.453038325241243,-0.05766142328346752,0.07922505050098555,0.037580393640295015,Außenpo…
überrag+ten außenpo…,4.453038325241243,-0.05766142328346752,0.07922505050098555,0.037580393640295015,überrag+ten außenpo…
außenpo… portugal,4.0437578714501425,-0.06120421912427268,0.09170763988485155,0.03590413976418069,außenpo… portugal
nicht…,2.5988756197514395,-0.07879191091588705,0.15545673888087097,0.025212840946217008,nicht…
und nicht…,2.5988756197514395,-0.07879191091588705,0.15545673888087097,0.025212840946217008,und nicht…
+10928,2.58337003606501,-0.0790453862801208,0.1564035502348664,0.02502496158075487,+10928
nicht… +10928,2.58337003606501,-0.0790453862801208,0.1564035502348664,0.02502496158075487,nicht… +10928
+10928 char+s,2.57042893603386,-0.07925842908638046,0.15720006452378102,0.02486621023627663,+10928 char+s
regn+et asche,6.13230538044519,0.08929560139527304,-0.08000744707159943,-0.09637245920968379,regn+et asche
asche vulkan+ausbruch,9.025995065839378,0.11330271483798048,-0.13865311980520803,-0.1095783419988753,asche vulkan+ausbruch
geht,14.304186691984118,0.05744036435036722,-0.11549675465732974,-0.030650825764546648,geht
vulkan+ausbruch geh+t,5.200171506615716,0.07666475358998573,-0.05163409623489252,-0.08931755024325774,vulkan+ausbruch geh+t
AUF,4.855129070241646,0.07086630047754881,-0.03911989015003534,-0.08606188605686603,AUF
geh+t auf,4.855129070241646,0.07086630047754881,-0.03911989015003534,-0.08606188605686603,geh+t auf
Haut,9.321797932099539,0.1150233778953671,-0.14311844679391508,-0.11051220538072334,Haut
auf haut,4.471224198341327,0.06343116280402725,-0.023512368316312083,-0.08187625731132268,auf haut
haut plötzlich,4.293691541235711,0.059566184630048646,-0.015585323315210824,-0.07969689669102467,haut plötzlich
Meteorologin,5.828318408680293,0.08558104310183738,-0.0714984534485016,-0.0943038445503139,Meteorologin
plötzlich meteorologi+n,5.828318408680293,0.08558104310183738,-0.0714984534485016,-0.0943038445503139,plötzlich meteorologi+n
meteorologi+n schwarz+e,5.448601759802672,0.08041623661668765,-0.05989780731142876,-0.09141878937116577,meteorologi+n schwarz+e
Flecken,5.24153716816542,0.07731216029642451,-0.05305064835232737,-0.08968047873179671,Flecken
schwarz+e flecken,5.24153716816542,0.07731216029642451,-0.05305064835232737,-0.08968047873179671,schwarz+e flecken
flecken haut,6.964518987158827,0.09796791571965728,-0.1004390337488438,-0.10117812922818545,flecken haut
haut mit,4.855129070241647,0.07086630047754881,-0.03911989015003557,-0.08606188605686652,haut mit
Vul,9.025995065839378,0.11330271483798048,-0.13865311980520803,-0.1095783419988753,Vul
brech+t vul,9.025995065839378,0.11330271483798048,-0.13865311980520803,-0.1095783419988753,brech+t vul
...,10.269060447081602,0.06635912984113095,-0.10037456951273126,-0.05068333867419053,...
vul ...,2.987854234598436,0.015853722651173047,0.06504323115930047,-0.0543766574216223,vul ...
... mehr,4.966427431170912,0.03697661677993165,-0.009721098217202882,-0.0480668946947891,... mehr
anzeige+n plötzlich,4.293691541235711,0.059566184630048646,-0.015585323315210824,-0.07969689669102467,anzeige+n plötzlich
zentralphilippi…,4.128126111864411,-0.018332591200666933,0.05632629462131425,-0.002037594373696349,zentralphilippi…
kanlaon zentralphilippi…,4.128126111864411,-0.018332591200666933,0.05632629462131425,-0.002037594373696349,kanlaon zentralphilippi…
+95,3.702615935822454,-0.017701135957272233,0.06751230166440052,-0.008427246121619086,+95
zentralphilippi… +95,3.702615935822454,-0.017701135957272233,0.06751230166440052,-0.008427246121619086,zentralphilippi… +95
+95 char+s,3.63674378304185,-0.01761636205303351,0.0694318399527008,-0.009502233793606091,+95 char+s
Wie,29.29837969910453,0.0950817737875337,-0.1710716641970966,-0.06542722942209353,Wie
Neapel,10.715318540559652,0.08354793724987321,-0.13797939085364672,-0.06107739567954082,Neapel
wie neapel,5.12176260620343,0.07541102463741947,-0.04890205664964198,-0.08861437849925753,wie neapel
neapel vulkan+ausbruch,9.025995065839378,0.11330271483798048,-0.13865311980520803,-0.1095783419988753,neapel vulkan+ausbruch
vorbereitet,6.040945707608447,0.06421858156354948,-0.053849173676329284,-0.06854238334299581,vorbereitet
vulkan+ausbruch vor+bereit+et,5.284466230688716,0.07797411957577595,-0.05450313215215687,-0.09005143527345406,vulkan+ausbruch vor+bereit+et
vor+bereit+et neapel,5.12176260620343,0.07541102463741947,-0.04890205664964198,-0.08861437849925753,vor+bereit+et neapel
neapel sonntag,4.951749795241451,0.05281590041983701,-0.05758494277335413,-0.049306140422450226,neapel sonntag
Erde,13.890844293341816,0.033564842296834846,-0.10490170290956044,-0.0004773812510743942,Erde
sonntag erde,4.584790861283533,0.047952859584633134,-0.04150651668890267,-0.04941602357330995,sonntag erde
gebebt,4.511180070743048,0.04693466991581733,-0.03800899232068953,-0.04952016372944813,gebebt
erde ge+beb+t,4.511180070743048,0.04693466991581733,-0.03800899232068953,-0.04952016372944813,erde ge+beb+t
kleineres,5.121762606203431,0.07541102463741947,-0.04890205664964221,-0.08861437849925778,kleineres
ein klein+er+es,5.121762606203431,0.07541102463741947,-0.04890205664964221,-0.08861437849925778,ein klein+er+es
Beben,16.229482230967573,0.036477860727168514,-0.10385281244987023,-0.005044751785467297,Beben
klein+er+es beben,4.947384134102873,0.07249053696094322,-0.04259432790604456,-0.08697471746539237,klein+er+es beben
spüren,8.308008257356287,0.053449809170726725,-0.07117599534944884,-0.04407978586476097,spüren
beben spür+en,4.564395201652922,0.06534446892481066,-0.02748297606803682,-0.08295432624929223,beben spür+en
spür+en erde,4.378144892023533,0.048410643064229326,-0.02897327830750403,-0.05601226298931248,spür+en erde
Phlegräischen,4.32814545454509,0.041515420604233765,-0.03092494440132376,-0.044738360197758766,Phlegräischen
erde phlegräisch+en,4.32814545454509,0.041515420604233765,-0.03092494440132376,-0.044738360197758766,erde phlegräisch+en
Felder,4.99593018424562,0.020413399183349272,-0.03465589048212059,-0.012452334590511442,Felder
phlegräisch+en feld+er,4.265101525643588,0.029866481480167368,-0.03541030691615429,-0.025592294664038867,phlegräisch+en feld+er
liegen,5.160506568389733,0.013275655307536827,-0.037135320781340714,-0.0013617239985653016,liegen
feld+er lieg+en,4.240379364742703,0.023429697516551162,-0.03847891137102077,-0.014988180299385446,feld+er lieg+en
gelten,3.760643108560665,0.008948708342138708,-0.01447228253111154,-0.005631170616099721,gelten
sie gelt+en,3.760643108560665,0.008948708342138708,-0.01447228253111154,-0.005631170616099721,sie gelt+en
Supervulkan,8.964474176834074,-0.02342207672188019,-0.028229498528659,0.04352062832820169,Supervulkan
gelt+en supervulkan,2.985952088384378,-0.02925651993016056,0.033251210707498785,0.023419483408018513,gelt+en supervulkan
Tilmann,2.99307399252515,-0.0458616620782176,0.02155638879309389,0.04982578343708524,Tilmann
Kleinjung,3.0110714786102797,-0.06008826814321259,0.010189379715931087,0.07218055751100572,Kleinjung
tilmann kleinjung,3.0110714786102797,-0.06008826814321259,0.010189379715931087,0.07218055751100572,tilmann kleinjung
Evakuierungsübung,3.445525316139146,-0.21750920452777595,-0.13929882065452162,0.28291177977790877,Evakuierungsübung
kleinjung evakuierung+s+übung,3.445525316139146,-0.21750920452777595,-0.13929882065452162,0.28291177977790877,kleinjung evakuierung+s+übung
dabei,17.94807660772261,0.0006692199137712194,-0.0968448003214385,0.040971361774105104,dabei
evakuierung+s+übung dabei,2.9691142460815043,-0.0839433067633123,-0.00033449513077977837,0.1043970177936214,evakuierung+s+übung dabei
10.11.2025,2.871107841956049,-0.06136451770771708,0.026162758595289496,0.06668361762360443,10.11.2025
stand 10.11.2025,2.871107841956049,-0.06136451770771708,0.026162758595289496,0.06668361762360443,stand 10.11.2025
11:27,2.8202976371705017,-0.05166603752586252,0.038785880291621735,0.04918145786273365,11:27
10.11.2025 11:27,2.8202976371705017,-0.05166603752586252,0.038785880291621735,0.04918145786273365,10.11.2025 11:27
11:27 uhr,2.797531460915192,-0.04784774422018268,0.044146437358748764,0.041972511872397554,11:27 uhr
uhr neapel,2.77082528672406,-0.04380361443480494,0.050192066484483766,0.03407233309210734,uhr neapel
+4294,2.496548920064753,-0.02631132635131518,0.09978809961199776,-0.013231887206365919,+4294
gelt+en +4294,2.496548920064753,-0.02631132635131518,0.09978809961199776,-0.013231887206365919,gelt+en +4294
+4294 chars,2.490795763110192,-0.026306742646346675,0.10066592349672936,-0.01369342698881484,+4294 chars
sterbendes,3.664849567071248,-0.06492626313466944,0.10492629051503366,0.03398899657490336,sterbendes
ein sterb+end+es,3.664849567071248,-0.06492626313466944,0.10492629051503366,0.03398899657490336,ein sterb+end+es
Mädchen,3.943846548360928,-0.06214039429007722,0.09502154926661767,0.0354378398880019,Mädchen
sterb+end+es mädchen,3.943846548360928,-0.06214039429007722,0.09502154926661767,0.0354378398880019,sterb+end+es mädchen
mädchen werd+e,4.245825604508112,-0.05939954428723556,0.08533814822122733,0.03677509295135843,mädchen werd+e
Gesicht,4.893526332777002,-0.05429419307882305,0.06743422581302078,0.039052092837270215,Gesicht
werd+e gesicht,4.893526332777002,-0.05429419307882305,0.06743422581302078,0.039052092837270215,werd+e gesicht
Vulkankatastrophe,13.19899517578532,-0.009392728544159977,-0.049058987596126834,0.0343287276497355,Vulkankatastrophe
gesicht vulkan+katastrophe,7.737765953269621,-0.039286260320388566,0.015342625529002365,0.04441740333533516,gesicht vulkan+katastrophe
Armero,7.92689202176762,-0.03855543602529598,0.01281062029672862,0.04463700048531617,Armero
vulkan+katastrophe armero,4.245825604508112,-0.05939954428723556,0.08533814822122733,0.03677509295135843,vulkan+katastrophe armero
armero premium,3.943846548360928,-0.06214039429007722,0.09502154926661767,0.0354378398880019,armero premium
13.,3.644424933745377,-0.06514094732144791,0.10569242377622745,0.033873422062902635,13.
premium 13.,3.644424933745377,-0.06514094732144791,0.10569242377622745,0.033873422062902635,premium 13.
November,4.7944602058650085,-0.021480700310613273,0.04369522681726197,0.008289842032380148,November
13. november,3.5687544706888525,-0.06595008903732869,0.10858385416980597,0.03343262490868097,13. november
1985,3.4267300322359455,-0.06753030369001255,0.11424904294203177,0.03254759381937858,1985
november 1985,3.4267300322359455,-0.06753030369001255,0.11424904294203177,0.03254759381937858,november 1985
zerstörte,3.3607312655448767,-0.06829367478337027,0.11699486500576184,0.03210831735844496,zerstörte
1985 zerstör+te,3.3607312655448767,-0.06829367478337027,0.11699486500576184,0.03210831735844496,1985 zerstör+te
zerstör+te ausbruch,3.148667803405103,-0.07088349623571814,0.12635729425623285,0.030558891085564845,zerstör+te ausbruch
Nevado,4.7708737749962555,-0.05519077879905615,0.07056767987468761,0.038671216214477805,Nevado
ausbruch nevado,3.052191908129075,-0.07213712003362542,0.13091675426053884,0.029774924477031665,ausbruch nevado
del,4.853866685000977,-0.05458085849490582,0.06843564296660491,0.038931159854895606,del
nevado del,4.853866685000977,-0.05458085849490582,0.06843564296660491,0.038931159854895606,nevado del
Ruiz,4.916738320573389,-0.05412782008836211,0.066853215181567,0.03912191830341344,Ruiz
del ruiz,4.916738320573389,-0.05412782008836211,0.066853215181567,0.03912191830341344,del ruiz
Schlammlawine,2.9302945130264844,-0.07379580664393653,0.13697875267103393,0.028702205807269905,Schlammlawine
ruiz schlamm+lawine,2.9302945130264844,-0.07379580664393653,0.13697875267103393,0.028702205807269905,ruiz schlamm+lawine
kolumbianische,2.848408651894422,-0.07496053898132747,0.14125632520447262,0.027924092277102235,kolumbianische
schlamm+lawine kolumbianisch+e,2.848408651894422,-0.07496053898132747,0.14125632520447262,0.027924092277102235,schlamm+lawine kolumbianisch+e
Stadt,20.491162965048623,0.06167505962940234,-0.15350110002563985,-0.021159792932320853,Stadt
kolumbianisch+e stadt,2.7913168570375038,-0.07579827194314898,0.14434398665275752,0.027351423570178054,kolumbianisch+e stadt
stadt armero,5.725680217005437,-0.048901550645626,0.04866044031069893,0.04118691664514881,stadt armero
Etwa,2.74499906518594,-0.07649418278558301,0.14691612473641966,0.026867266346548693,Etwa
23.000,2.7298177881276913,-0.07672555062344225,0.14777274787575745,0.026704582586746507,23.000
etwa 23.000,2.7298177881276913,-0.07672555062344225,0.14777274787575745,0.026704582586746507,etwa 23.000
Menschen,47.592067329387774,0.11150321717268635,-0.2465988435265731,-0.061660872154714955,Menschen
23.000 mensch+en,2.7096216638278916,-0.07703590794204379,0.14892298950626254,0.026485000901089822,23.000 mensch+en
starben,4.866619161200896,0.035535261701529285,-0.006404023153700637,-0.047525338367692904,starben
mensch+en sterb+en,7.735740996906451,0.053240291727279586,-0.06508020597509862,-0.046522828400779835,mensch+en sterb+en
tagelange,2.653040783370414,-0.0779213707856307,0.1522121139090418,0.025849891169544333,tagelange
der tagelang+e,2.653040783370414,-0.0779213707856307,0.1522121139090418,0.025849891169544333,der tagelang+e
Todeskampf,2.6302438602444007,-0.07828497281573231,0.153565977045595,0.025585349543817505,Todeskampf
tagelang+e tod+es+kampf,2.6302438602444007,-0.07828497281573231,0.153565977045595,0.025585349543817505,tagelang+e tod+es+kampf
13-jährigen,2.657801133990535,-0.0778459482224746,0.15193151729807608,0.025904491022145888,13-jährigen
tod+es+kampf 13-jährig+en,2.657801133990535,-0.0778459482224746,0.15193151729807608,0.025904491022145888,tod+es+kampf 13-jährig+en
Omayra,2.687916900260066,-0.07737276076280213,0.15017295176036655,0.02624490243785659,Omayra
13-jährig+en omayra,2.687916900260066,-0.07737276076280213,0.15017295176036655,0.02624490243785659,13-jährig+en omayra
Sánchez,2.706831210854855,-0.07707902168783344,0.14908288322800672,0.02645437385296231,Sánchez
omayra sánchez,2.706831210854855,-0.07707902168783344,0.14908288322800672,0.02645437385296231,omayra sánchez
bewegte,2.7298177881276913,-0.07672555062344225,0.14777274787575745,0.026704582586746507,bewegte
sánchez beweg+te,2.7298177881276913,-0.07672555062344225,0.14777274787575745,0.026704582586746507,sánchez beweg+te
Welt,17.551957225922155,0.004566716476466125,-0.07982969697154904,0.028856827910209753,Welt
beweg+te welt,2.7674128687158506,-0.07615556254064744,0.14566373434440993,0.027103814797225456,beweg+te welt
Zeitbombe,2.787804455537606,-0.07585052572667128,0.1445368918575751,0.02731533725715487,Zeitbombe
nennt,2.8245241484085915,-0.0753083694094317,0.14253719994244007,0.02768765356326199,nennt
zeit+bombe nenn+t,2.8245241484085915,-0.0753083694094317,0.14253719994244007,0.02768765356326199,zeit+bombe nenn+t
Ramon,2.848408651894422,-0.07496053898132747,0.14125632520447262,0.027924092277102235,Ramon
nenn+t ramon,2.848408651894422,-0.07496053898132747,0.14125632520447262,0.027924092277102235,nenn+t ramon
Antonio,2.8738709961131224,-0.07459381860954306,0.1399076154648027,0.028171334669189738,Antonio
ramon antonio,2.8738709961131224,-0.07459381860954306,0.1399076154648027,0.028171334669189738,ramon antonio
Rodriguez,2.910596694769112,-0.07407214448291585,0.1379920399129076,0.02851947579646651,Rodriguez
antonio rodriguez,2.910596694769112,-0.07407214448291585,0.1379920399129076,0.02851947579646651,antonio rodriguez
Bürgermeister,2.967199902548944,-0.07328441962702525,0.13510613533645421,0.02903731403895659,Bürgermeister
rodriguez bürger+meister,2.967199902548944,-0.07328441962702525,0.13510613533645421,0.02903731403895659,rodriguez bürger+meister
kleinen,3.079796091529252,-0.07177328349889853,0.12959155010584633,0.030004793781631744,kleinen
bürger+meister klein+en,3.079796091529252,-0.07177328349889853,0.12959155010584633,0.030004793781631744,bürger+meister klein+en
kolumbianischen,3.1405008227673608,-0.07098769650954416,0.12673556830546334,0.030494589243765264,kolumbianischen
klein+en kolumbianisch+en,3.1405008227673608,-0.07098769650954416,0.12673556830546334,0.030494589243765264,klein+en kolumbianisch+en
kolumbianisch+en stadt,3.290787599023269,-0.06912405180914295,0.11998870148415777,0.031621590557199895,kolumbianisch+en stadt
armero nevado,3.534133554707018,-0.06632771785166304,0.10993543696509574,0.033224060632310336,armero nevado
Ausbrüche,9.292028320010072,-0.03389095104683647,-0.0033730332942674933,0.04596449563276283,Ausbrüche
5321,4.513548219235972,-0.057173645116895835,0.07751299314757006,0.03780067129795438,5321
ausbruch+e 5321,4.513548219235972,-0.057173645116895835,0.07751299314757006,0.03780067129795438,ausbruch+e 5321
5321 meter,4.893526332777002,-0.05429419307882305,0.06743422581302078,0.039052092837270215,5321 meter
hohen,5.669186450926709,-0.04923423212509985,0.04981568756991824,0.04106255947018652,hohen
meter hoch+en,5.669186450926709,-0.04923423212509985,0.04981568756991824,0.04106255947018652,meter hoch+en
hoch+en vulkan+s,7.737765953269621,-0.039286260320388566,0.015342625529002365,0.04441740333533516,hoch+en vulkan+s
töteten,5.3489069002359715,-0.05120639688915587,0.056671091494934774,0.040306079356850676,töteten
vulkan+s töt+eten,5.3489069002359715,-0.05120639688915587,0.056671091494934774,0.040306079356850676,vulkan+s töt+eten
bereits,13.23035051619612,-0.01206174278241263,-0.046948744684242615,0.03690768584272302,bereits
töt+eten bereits,4.578375627082935,-0.05666043854835278,0.07571324220882711,0.03802978820046194,töt+eten bereits
bereits jahr+en,3.913337599963225,-0.0624324167903752,0.09605669626195706,0.035290310410650415,bereits jahr+en
1595,3.7302931740507197,-0.06424867362870469,0.10251097507561893,0.03435003064837867,1595
jahr+en 1595,3.7302931740507197,-0.06424867362870469,0.10251097507561893,0.03435003064837867,jahr+en 1595
184…,3.551197670407258,-0.0661409961267708,0.10926696264680623,0.0333274148607866,184…
1595 184…,3.551197670407258,-0.0661409961267708,0.10926696264680623,0.0333274148607866,1595 184…
+5007,3.455451915105137,-0.06720399065396425,0.1130771393964067,0.03273301363239744,+5007
184… +5007,3.455451915105137,-0.06720399065396425,0.1130771393964067,0.03273301363239744,184… +5007
+5007 char+s,3.3733193928382303,-0.06814659101737794,0.11646533597613774,0.032193560240344504,+5007 char+s
Vulnado,4.447050166009088,-0.03364463633426152,0.06087115447298799,0.015966533085320405,Vulnado
tobt,3.348425768363944,-0.0684381441098333,0.11751520403953501,0.0320243068211623,tobt
vulnado tob+t,3.348425768363944,-0.0684381441098333,0.11751520403953501,0.0320243068211623,vulnado tob+t
tob+t hawaii,3.4703679565272507,-0.06703590495363257,0.11247390693083606,0.0328279793654835,tob+t hawaii
Aufnahme,5.136921158495598,-0.022688488811430825,0.03800161081577174,0.012602920600106019,Aufnahme
hawaii aufnahme,3.6246344860492363,-0.06535045484513594,0.10644049649880835,0.03376007930961598,hawaii aufnahme
aufnahme zeig+t,3.828913949264684,-0.0632561251404635,0.09898033991016005,0.034868766534346216,aufnahme zeig+t
natur+schau+spiel der,4.893526332777002,-0.05429419307882305,0.06743422581302078,0.039052092837270215,natur+schau+spiel der
Kīlauea-Vulkan,5.3489069002359715,-0.05120639688915587,0.056671091494934774,0.040306079356850676,Kīlauea-Vulkan
der kīlauea-vulkan,5.3489069002359715,-0.05120639688915587,0.056671091494934774,0.040306079356850676,der kīlauea-vulkan
Pazifik,5.097659028450145,-0.052865357684872966,0.062448647366898875,0.03964325626508686,Pazifik
kīlauea-vulkan pazifik,5.097659028450145,-0.052865357684872966,0.062448647366898875,0.03964325626508686,kīlauea-vulkan pazifik
pazifik erneut,4.396297489576736,-0.019188389361831554,0.05051173072872268,0.001948675458853746,pazifik erneut
Diesmal,3.7562135890458324,-0.023774225424848895,0.07078252246458097,-0.0018978947246112612,Diesmal
kam,7.065793546691455,0.04675018729170298,-0.06094970795611199,-0.038679782350381366,kam
diesmal komm,3.5761663700667143,-0.03657718188568634,0.0862291758438851,0.007295102097578227,diesmal komm
komm spektakulär+en,3.333215288190936,-0.04994642848500354,0.10435783083732446,0.015442609163743496,komm spektakulär+en
Naturereignis,3.1865666307408604,-0.05642896738183944,0.1143926922086084,0.01859428903794023,Naturereignis
spektakulär+en natur+ereignis,3.1865666307408604,-0.05642896738183944,0.1143926922086084,0.01859428903794023,spektakulär+en natur+ereignis
Beobachter,3.238842838944515,-0.06975559358409916,0.12227067575834041,0.031245103092394276,Beobachter
natur+ereignis beobachter,3.238842838944515,-0.06975559358409916,0.12227067575834041,0.031245103092394276,natur+ereignis beobachter
beobachter film+en,3.3607312655448767,-0.06829367478337027,0.11699486500576184,0.03210831735844496,beobachter film+en
konnten,4.132091016443264,-0.05730488745298749,0.08655171978103193,0.033580493675088,konnten
film+en könn+en,3.455451915105137,-0.06720399065396425,0.1130771393964067,0.03273301363239744,film+en könn+en
vergangenen,3.664849567071248,-0.06492626313466944,0.10492629051503366,0.03398899657490336,vergangenen
Wochenende,4.827419069899158,-0.05477373403154609,0.06910965242624992,0.03884934792087921,Wochenende
vergeh+en+en woche+n+ende,3.975683974490078,-0.061838764420945276,0.09395307033045289,0.035589181335442255,vergeh+en+en woche+n+ende
sorgte,5.488290564118885,-0.010420170086610928,0.021725712514078867,0.003970386946158346,sorgte
woche+n+ende sorg+te,4.453038325241243,-0.05766142328346752,0.07922505050098555,0.037580393640295015,woche+n+ende sorg+te
Klauea-Vulkan,5.498520739800831,-0.05026634182875336,0.05340180195096798,0.04067083067505976,Klauea-Vulkan
sorg+te klauea-vulka+n,5.498520739800831,-0.05026634182875336,0.05340180195096798,0.04067083067505976,sorg+te klauea-vulka+n
klauea-vulka+n hawaii,4.990672993873869,-0.053604667922763874,0.06502711708206499,0.03933976894721954,klauea-vulka+n hawaii
beeindruckendes,4.080230475584151,-0.060869921281365404,0.09052593298940625,0.036068222839232424,beeindruckendes
hawaii beeindruck+end+es,4.080230475584151,-0.060869921281365404,0.09052593298940625,0.036068222839232424,hawaii beeindruck+end+es
beeindruck+end+es natur+schau+spiel,3.644424933745377,-0.06514094732144791,0.10569242377622745,0.033873422062902635,beeindruck+end+es natur+schau+spiel
direkter,3.439485098849767,-0.032692608728205244,0.08759495779659636,0.0015098107116389109,direkter
natur+schau+spiel direkt+er,3.439485098849767,-0.032692608728205244,0.08759495779659636,0.0015098107116389109,natur+schau+spiel direkt+er
Nähe,4.195084094158925,-0.012994244896481648,0.050316667419389484,-0.006292822157685906,Nähe
direkt+er nähe,3.4177089219624106,-0.007780246430866035,0.0685163725675807,-0.022509200098365476,direkt+er nähe
Lavaausbruch,3.6951073956953047,0.1041148646925062,-0.04235956275679123,-0.1398945489430742,Lavaausbruch
nähe lavaausbruch,3.6951073956953047,0.1041148646925062,-0.04235956275679123,-0.1398945489430742,nähe lavaausbruch
formte,3.2415860208677336,0.005942267328546326,0.06342010053363202,-0.03920689016212249,formte
lavaausbruch form+te,3.2415860208677336,0.005942267328546326,0.06342010053363202,-0.03920689016212249,lavaausbruch form+te
seltener,3.059715171733831,-0.02492829096404789,0.09523104545783158,-0.012739310855643792,seltener
form+te selten+er,3.059715171733831,-0.02492829096404789,0.09523104545783158,-0.012739310855643792,form+te selten+er
selten+er vulnado,2.991605703696287,-0.03406704298358175,0.1050404787518933,-0.005584393103918826,selten+er vulnado
Phänomen,2.9132296302568745,-0.04307057991767667,0.11513573512831704,0.0010354567701020049,Phänomen
ein phänomen,2.9132296302568745,-0.04307057991767667,0.11513573512831704,0.0010354567701020049,ein phänomen
+852,2.812088143008401,-0.05264544658714308,0.12665400522758422,0.007446782760030124,+852
phänomen +852,2.812088143008401,-0.05264544658714308,0.12665400522758422,0.007446782760030124,phänomen +852
+852 char+s,2.7928190970075852,-0.054246401482747425,0.1286930408418478,0.008437472052694657,+852 char+s
Sakurajima,8.858766800524508,-0.03526654328708314,0.0014049602511804712,0.04558577300296502,Sakurajima
vulkan sakurajima,5.498520739800831,-0.05026634182875336,0.05340180195096798,0.04067083067505976,vulkan sakurajima
sakurajima brech+t,4.453038325241243,-0.05766142328346752,0.07922505050098555,0.037580393640295015,sakurajima brech+t
Japan,6.067209652554425,-0.026412746842375538,0.025682273093811183,0.0232579438130896,Japan
brech+t japan,4.1263909957836304,-0.02784893076692597,0.06397550449711628,0.0068708553365601855,brech+t japan
Aschewolken,15.593414950775824,0.15673552406412936,-0.24108277752142596,-0.1420214354099981,Aschewolken
japan asche+wolke+n,4.289833163749325,0.0649697456695021,-0.02058689809444412,-0.0857518147945799,japan asche+wolke+n
Kagoshima,4.460186806421349,-0.05574805359607033,0.07762103341240355,0.03597637655171326,Kagoshima
asche+wolke+n kagoshima,4.460186806421349,-0.05574805359607033,0.07762103341240355,0.03597637655171326,asche+wolke+n kagoshima
kagoshima auf,5.3489069002359715,-0.05120639688915587,0.056671091494934774,0.040306079356850676,kagoshima auf
Vulkaninsel,7.737765953269621,-0.039286260320388566,0.015342625529002365,0.04441740333533516,Vulkaninsel
auf vulkan+insel,7.737765953269621,-0.039286260320388566,0.015342625529002365,0.04441740333533516,auf vulkan+insel
vulkan+insel sakurajima,5.498520739800831,-0.05026634182875336,0.05340180195096798,0.04067083067505976,vulkan+insel sakurajima
Südwesten,5.113906532638322,-0.05275486004517815,0.062063475013895114,0.03968818064669867,Südwesten
sakurajima süd+westen,4.080230475584151,-0.060869921281365404,0.09052593298940625,0.036068222839232424,sakurajima süd+westen
Japans,4.814663798531995,-0.053815769973312534,0.06863685186718264,0.037883339249194306,Japans
süd+westen japan+s,4.245825604508112,-0.05939954428723556,0.08533814822122733,0.03677509295135843,süd+westen japan+s
japan+s erneut,4.990672993873869,-0.053604667922763874,0.06502711708206499,0.03933976894721954,japan+s erneut
erneut vulkan,7.737765953269621,-0.039286260320388566,0.015342625529002365,0.04441740333533516,erneut vulkan
Minamidake-Krater,4.15813751038517,-0.04913945996281946,0.07972487875490777,0.02666060560902511,Minamidake-Krater
der minamidake-krat+er,4.15813751038517,-0.04913945996281946,0.07972487875490777,0.02666060560902511,der minamidake-krat+er
minamidake-krat+er schleuder+te,3.642671372972565,-0.059367583287807044,0.10147664213276776,0.028796224943575432,minamidake-krat+er schleuder+te
schleuder+te mehrere,3.4154372629710035,-0.04896585311121717,0.10084792716437554,0.01596137951705873,schleuder+te mehrere
tausend,3.3586719867865362,-0.037442012280372805,0.09397791961094623,0.004523028467311233,tausend
mehrere tausend,3.3586719867865362,-0.037442012280372805,0.09397791961094623,0.004523028467311233,mehrere tausend
tausend meter,3.3255550467345625,-0.022289831965093473,0.0833050574210074,-0.010189818856627189,tausend meter
Rauch-,3.337092799602716,0.011441401714057131,0.0553878707652489,-0.04298296649128837,Rauch-
hoch+e rauch+-,3.337092799602716,0.011441401714057131,0.0553878707652489,-0.04298296649128837,hoch+e rauch+-
rauch+- asche+wolke,3.6219536907308254,0.11146092907902314,-0.04753075064837881,-0.1501577413441333,rauch+- asche+wolke
asche+wolke himmel,11.301582224295245,0.10524547404805824,-0.16761612559665887,-0.08339891647352979,asche+wolke himmel
WELT,4.094925989639064,-0.019860676212250017,0.058404067467866284,-0.0010087974644133995,WELT
der welt,4.094925989639064,-0.019860676212250017,0.058404067467866284,-0.0010087974644133995,der welt
ePaper,4.00212694885216,-0.02687505209739959,0.06642052672891761,0.004383352622301309,ePaper
welt epaper,4.00212694885216,-0.02687505209739959,0.06642052672891761,0.004383352622301309,welt epaper
epaper der,4.14201849353796,-0.015865534713053298,0.053980433748598955,-0.004206516318124424,epaper der
vollständige,3.898185872938292,-0.0335957518919367,0.07450985764219185,0.009230489983288747,vollständige
der vollständig+e,3.898185872938292,-0.0335957518919367,0.07450985764219185,0.009230489983288747,der vollständig+e
Ausgabe,3.8030105279302875,-0.038908569782415414,0.08129444844846566,0.012787980741751337,Ausgabe
vollständig+e ausgabe,3.8030105279302875,-0.038908569782415414,0.08129444844846566,0.012787980741751337,vollständig+e ausgabe
steht,14.28831358949057,0.024086038642078426,-0.08397684135632083,0.004014165917425775,steht
ausgabe steh+t,3.7511412334084557,-0.04152640112801849,0.08479833923089593,0.014434542578431488,ausgabe steh+t
steh+t ihnen,3.7149733293991165,-0.04325142979477115,0.08717512216385512,0.015476147594822316,steh+t ihnen
ihnen bereits,3.680859315501655,-0.04480969135313854,0.08937316259962366,0.016385005277177636,ihnen bereits
Vorabend,3.622969587796693,-0.04731513747702666,0.0930188928820391,0.017777304288688834,Vorabend
bereits vorabend,3.622969587796693,-0.04731513747702666,0.0930188928820391,0.017777304288688834,bereits vorabend
Verfügung,3.561153789733418,-0.0498182407901622,0.09681411982512812,0.01907523833394412,Verfügung
vorabend verfügung,3.561153789733418,-0.0498182407901622,0.09681411982512812,0.01907523833394412,vorabend verfügung
verfügung sie,3.4851774986137913,-0.05268309259562291,0.10137069918330598,0.020433223686900374,verfügung sie
sie immer,3.4695873356759854,-0.05324508746687043,0.10229383258424914,0.02068225272125121,sie immer
hochaktuell,3.4469853169311957,-0.05404541206032625,0.10362615301070514,0.021026449328816192,hochaktuell
immer hochaktuell,3.4469853169311957,-0.05404541206032625,0.10362615301070514,0.021026449328816192,immer hochaktuell
informiert,3.4043689999380886,-0.05551045902220089,0.10612139585720982,0.021623420909322826,informiert
hochaktuell informier+t,3.4043689999380886,-0.05551045902220089,0.10612139585720982,0.021623420909322826,hochaktuell informier+t
Weitere,3.3648377620772587,-0.05682160240346143,0.10841983618105545,0.022119452971857214,Weitere
weit+er+e information+en,3.340012006385305,-0.05762311182969658,0.10985698468532042,0.022403959595891625,weit+er+e information+en
https,3.299190913619447,-0.0589068165010001,0.11221215457123407,0.022828555653671864,https
information+en http+s,3.299190913619447,-0.0589068165010001,0.11221215457123407,0.022828555653671864,information+en http+s
//epaper.welt.de,3.282630221375057,-0.059416115419950725,0.11316549241415134,0.022986010043954605,//epaper.welt.de
http+s //epaper.welt.d+e,3.282630221375057,-0.059416115419950725,0.11316549241415134,0.022986010043954605,http+s //epaper.welt.d+e
Nordlichter,4.054229860715364,0.053837646240035356,-0.00406005047686062,-0.07646385194698561,Nordlichter
der nordlicht+er,2.8529117326193782,0.0107206574859556,0.07515759133968812,-0.0521868731308777,der nordlicht+er
kamen,4.191251819942038,0.05719304854100539,-0.010778884357336871,-0.0783578901375395,kamen
nordlicht+er komm+en,2.8873346676789744,0.012465720155951463,0.07218142095203886,-0.05316303376720176,nordlicht+er komm+en
zaghaft,2.905736200853402,0.013380953659097302,0.07061346990681888,-0.05367532710795931,zaghaft
komm+en zaghaft,2.905736200853402,0.013380953659097302,0.07061346990681888,-0.05367532710795931,komm+en zaghaft
zaghaft premium,2.9350073582116787,0.01481227213811104,0.06815157873976069,-0.05447693063528377,zaghaft premium
Wenn,2.9665093561794533,0.016319990803085486,0.06554523697466498,-0.055321880661944,Wenn
premium wenn,2.9665093561794533,0.016319990803085486,0.06554523697466498,-0.055321880661944,premium wenn
Nordlichtern,3.000543682987473,0.01791213602878255,0.06277827447146958,-0.05621474457601192,Nordlichtern
wenn nordlicht+ern,3.000543682987473,0.01791213602878255,0.06277827447146958,-0.05621474457601192,wenn nordlicht+ern
Rede,3.0730811244391014,0.02118423216547089,0.05704372940726161,-0.05805154214011941,Rede
nordlicht+ern rede,3.0730811244391014,0.02118423216547089,0.05704372940726161,-0.05805154214011941,nordlicht+ern rede
entspannt,3.1998630932717242,0.026538089948610583,0.047518078191079144,-0.06106173507874517,entspannt
rede entspann+t,3.1998630932717242,0.026538089948610583,0.047518078191079144,-0.06106173507874517,rede entspann+t
zurücklehnen,3.2641913343166733,0.029092396019324767,0.042909352032368744,-0.06249972787430025,zurücklehnen
entspann+t zurück+lehn+en,3.2641913343166733,0.029092396019324767,0.042909352032368744,-0.06249972787430025,entspann+t zurück+lehn+en
Ich,6.122201631809865,0.0035723873178442216,-4.783983242029003e-05,-0.004873895793137209,Ich
zurück+lehn+en ich,3.3700918338012995,0.03308206604237596,0.03562561217606948,-0.06474779263115048,zurück+lehn+en ich
Dosis,3.52258645448698,0.038402436765769585,0.025746140954230275,-0.06774873532340409,Dosis
ich dosis,3.52258645448698,0.038402436765769585,0.025746140954230275,-0.06774873532340409,ich dosis
Aurora,3.591741582704836,0.04066603298512295,0.021483532562377842,-0.06902631146838943,Aurora
dosis aurora,3.591741582704836,0.04066603298512295,0.021483532562377842,-0.06902631146838943,dosis aurora
Borealis,3.683501372746758,0.04353883629879481,0.016021406132620826,-0.07064819921126665,Borealis
aurora boreali+s,3.683501372746758,0.04353883629879481,0.016021406132620826,-0.07064819921126665,aurora boreali+s
Wunschliste,4.000820159964734,0.05246929693527937,-0.0013455094557886323,-0.07569125952187507,Wunschliste
auf wunsch+liste,4.000820159964734,0.05246929693527937,-0.0013455094557886323,-0.07569125952187507,auf wunsch+liste
Platz,4.643971409627227,0.06692077131935138,-0.030777768481084176,-0.0838420416269669,Platz
wunsch+liste platz,4.643971409627227,0.06692077131935138,-0.030777768481084176,-0.0838420416269669,wunsch+liste platz
platz vulkan+ausbruch,9.025995065839378,0.11330271483798048,-0.13865311980520803,-0.1095783419988753,platz vulkan+ausbruch
Beispiel,6.696926156405931,0.09538785865240675,-0.09427557322601733,-0.09975216970167207,Beispiel
vulkan+ausbruch beispiel,4.980051759685041,0.0730521679128798,-0.043801280386591326,-0.0872902082972486,vulkan+ausbruch beispiel
Diese,7.537196773671015,0.10294722449168087,-0.11254489666739802,-0.1039203423260725,Diese
Sichtung,4.26221127380205,0.058848611213682456,-0.014127159443659141,-0.07929207614379495,Sichtung
dieser+e sichtung,4.26221127380205,0.058848611213682456,-0.014127159443659141,-0.07929207614379495,dieser+e sichtung
sichtung knapp,3.7903431509975114,0.04671005707044414,0.009922510736756842,-0.07243895081135997,sichtung knapp
ausgehen,3.6166311355613576,0.041459596492072766,0.01998060642817382,-0.06947428471546123,ausgehen
knapp aus+geh+en,3.6166311355613576,0.041459596492072766,0.01998060642817382,-0.06947428471546123,knapp aus+geh+en
Reisen,3.501187557914299,0.03768390228121042,0.027091736465729592,-0.06734328015294315,Reisen
Hohen,3.3700918338012995,0.03308206604237596,0.03562561217606948,-0.06474779263115048,Hohen
reise+n hoch+en,3.3700918338012995,0.03308206604237596,0.03562561217606948,-0.06474779263115048,reise+n hoch+en
Norden,3.3221193928236574,0.03130665127249917,0.03887987259063422,-0.06374711810512014,Norden
hoch+en norden,3.3221193928236574,0.03130665127249917,0.03887987259063422,-0.06374711810512014,hoch+en norden
litten,3.271092187417535,0.029360347719185734,0.042423442100974325,-0.06265063774308433,litten
norden leid+en,3.271092187417535,0.029360347719185734,0.042423442100974325,-0.06265063774308433,norden leid+en
leid+en immer,3.224623755627476,0.027533543179863677,0.045726981520980224,-0.06162201363045274,leid+en immer
Erwartungsdruck,3.121871299003679,0.023297262623370348,0.05330562453141749,-0.059238918250302905,Erwartungsdruck
immer erwartung+s+druck,3.121871299003679,0.023297262623370348,0.05330562453141749,-0.059238918250302905,immer erwartung+s+druck
Spektakels,3.0248159475239254,0.01902502536398719,0.06083516467584863,-0.056839197929774675,Spektakels
erwartung+s+druck spektakel+s,3.0248159475239254,0.01902502536398719,0.06083516467584863,-0.056839197929774675,erwartung+s+druck spektakel+s
spektakel+s nordlicht+er,2.9665093561794533,0.016319990803085486,0.06554523697466498,-0.055321880661944,spektakel+s nordlicht+er
gewahr,2.9250158339233083,0.01432704012936669,0.06898753065641113,-0.05420511979679276,gewahr
nordlicht+er gewahr,2.9250158339233083,0.01432704012936669,0.06898753065641113,-0.05420511979679276,nordlicht+er gewahr
abstrakte,2.8341549035085296,0.009751196271799455,0.07680344305138156,-0.05164493333915184,abstrakte
gewahr abstrakt+e,2.8341549035085296,0.009751196271799455,0.07680344305138156,-0.05164493333915184,gewahr abstrakt+e
Trophäe,2.8088686447070317,0.00842286903177765,0.07904986777061895,-0.050902814301231745,Trophäe
abstrakt+e trophäe,2.8088686447070317,0.00842286903177765,0.07904986777061895,-0.050902814301231745,abstrakt+e trophäe
einfangen,2.7898036231032206,0.007404713043299938,0.0807650019047039,-0.05033432846271292,einfangen
trophäe ein+fang+en,2.7898036231032206,0.007404713043299938,0.0807650019047039,-0.05033432846271292,trophäe ein+fang+en
mitnehmen,2.7586598188327605,0.005709801485567177,0.08360730882856125,-0.04938865718504215,mitnehmen
ein+fang+en mit+nehm+en,2.7586598188327605,0.005709801485567177,0.08360730882856125,-0.04938865718504215,ein+fang+en mit+nehm+en
Insofern,2.7165282605396657,0.0033520021814096115,0.08753483687746319,-0.04807458518393982,Insofern
+2755,2.6841122969073927,0.001484906167817603,0.09062344151273993,-0.047035238522384365,+2755
insofern +2755,2.6841122969073927,0.001484906167817603,0.09062344151273993,-0.047035238522384365,insofern +2755
+2755 chars,2.673967724622915,0.0008907978322270019,0.09160228346265123,-0.04670475538008598,+2755 chars
Indonesien,89.55268141974285,0.13543070473246985,-0.29446614392928355,-0.0832023248174889,Indonesien
vulkan+e indonesien,8.33578022604515,-0.037051976001229774,0.0075993366920473916,0.045078544449045285,vulkan+e indonesien
indonesien vulkan,32.363733889152385,-0.005132288222534552,-0.10601711535339005,0.05217438371080186,indonesien vulkan
Semeru,94.52983689892595,0.04016997295206863,-0.19508706278431148,0.025785966903350784,Semeru
vulkan semeru,66.81605713096974,0.0286424836512657,-0.16977879584230265,0.03211917774187804,vulkan semeru
semeru spuck+t,12.260951937476438,0.012385715284087571,-0.06290331085559037,0.011155683043354715,semeru spuck+t
2.000,7.4006869359487215,-0.01831459390528469,0.0019942920702108314,0.023563530676826868,2.000
spuck+t 2.000,6.625138160791133,-0.044125776780186345,0.03210245725966102,0.042875125931191735,spuck+t 2.000
2.000 meter,6.162781087371089,-0.04646576264545716,0.04021033435540184,0.04207003150946111,2.000 meter
Jakarta,5.869759403446204,-0.0018416505913378773,0.008358259577173836,-0.001375890945301916,Jakarta
asche+säule jakarta,3.8840661985898244,-0.06271538260181336,0.09706040684215712,0.03514640321979045,asche+säule jakarta
jakarta indonesien,7.296709539568804,-0.006440523356426077,-0.006742527244243963,0.011802881563801864,jakarta indonesien
semeru insel,11.459056145482082,0.034791141206093404,-0.07838806538241398,-0.01350081451721964,semeru insel
Java,58.98459758726404,0.0955537736706493,-0.23857960791255697,-0.03933311743729437,Java
insel java,36.50543144125782,0.10273109745196711,-0.2176474850114193,-0.05879587558605057,insel java
java aus+ge+brech+en,11.476516621489614,0.15082242338836785,-0.1998977332740361,-0.14882747312085434,java aus+ge+brech+en
kilometerhohe,19.252986380640433,0.08153269353629997,-0.167075200644273,-0.045726362344757444,kilometerhohe
aus+ge+brech+en kilometerhoh+e,5.377113768540426,0.0426323456505044,-0.02261100917826987,-0.05033570316425971,aus+ge+brech+en kilometerhoh+e
kilometerhoh+e asche+wolke,12.41470349606095,0.22354446588091065,-0.3096646199342867,-0.24663786055359826,kilometerhoh+e asche+wolke
geworfen,4.602894755233437,0.012079198573969902,0.009353916107400448,-0.02115863908815171,geworfen
himmel ge+werf+en,4.602894755233437,0.012079198573969902,0.009353916107400448,-0.02115863908815171,himmel ge+werf+en
der behörde+n,15.146384225067594,0.020430245056915392,-0.1284222209347331,0.027255198133486817,der behörde+n
behörde+n kopier+e,2.998535854350897,-0.0349647285862817,0.10544834639579727,-0.004605653205450333,behörde+n kopier+e
rufen,4.657072219286214,-0.0651020092583555,0.06593027988405095,0.05303295207547511,rufen
behörde+n ruf+en,4.657072219286214,-0.0651020092583555,0.06593027988405095,0.05303295207547511,behörde+n ruf+en
ruf+en ausbruch,4.749958030214504,-0.07780331575141095,0.0521327027748376,0.0745323073991297,ruf+en ausbruch
ausbruch semeru,7.004382968288777,-0.052796926287755064,0.016979993593027813,0.060396346066062624,ausbruch semeru
semeru java,5.446197443780938,-0.09519890413024494,0.016543716324717572,0.1099372916433994,semeru java
java hoch+st+e,5.926503433481805,-0.1176331246104466,-0.015078293248930055,0.1470289059160645,java hoch+st+e
Zuvor,8.717212985240444,-0.02055783958641892,-0.03673811959040729,0.043510632462849516,Zuvor
zuvor vulkan,13.016698354013446,-0.024797472599240308,-0.0351513059297267,0.04823640931613546,zuvor vulkan
vulkan kilometerhoh+e,7.737765953269621,-0.039286260320388566,0.015342625529002365,0.04441740333533516,vulkan kilometerhoh+e
kilometerhoh+e asche+säule,6.230434933807902,-0.04610911677364537,0.03897408851689769,0.04219540702921642,kilometerhoh+e asche+säule
gespuc…,3.753634295891563,-0.06401071634370434,0.10166373975760264,0.03447548210731276,gespuc…
asche+säule gespuc…,3.753634295891563,-0.06401071634370434,0.10166373975760264,0.03447548210731276,asche+säule gespuc…
+1017,3.5687544706888525,-0.06595008903732869,0.10858385416980597,0.03343262490868097,+1017
gespuc… +1017,3.5687544706888525,-0.06595008903732869,0.10858385416980597,0.03343262490868097,gespuc… +1017
+1017 char+s,3.4703679565272507,-0.06703590495363257,0.11247390693083606,0.0328279793654835,+1017 char+s
gespuckt,7.137854784097718,0.005934602322073774,-0.015456483564523242,-0.0010226833478408977,gespuckt
asche+säule ge+spuck+t,3.8840661985898244,-0.06271538260181336,0.09706040684215712,0.03514640321979045,asche+säule ge+spuck+t
südostasiatischen,3.0620804531561014,-0.07458676865464703,0.0751841911108095,0.06009544354950685,südostasiatischen
behörde+n südostasiatisch+en,3.0620804531561014,-0.07458676865464703,0.0751841911108095,0.06009544354950685,behörde+n südostasiatisch+en
Inselstaat,3.05607483018034,-0.11230640418414192,0.05588580432344683,0.11186951283764042,Inselstaat
südostasiatisch+en insel+staat,3.05607483018034,-0.11230640418414192,0.05588580432344683,0.11186951283764042,südostasiatisch+en insel+staat
hoben,4.6977380030950595,-0.10801071845987377,-0.09897996846350146,0.16835754055215033,hoben
insel+staat heb+en,3.121153493643408,-0.15341794293359712,0.02336913138555573,0.1681902582141272,insel+staat heb+en
heb+en warn+stufe,5.281098165754827,-0.25046797705177687,-0.23101180649426703,0.3349597496584773,heb+en warn+stufe
+909,3.0109862132184015,-0.15242431479530624,0.03833398980443021,0.16114227226411593,+909
warn+stufe +909,3.0109862132184015,-0.15242431479530624,0.03833398980443021,0.16114227226411593,warn+stufe +909
+909 chars,2.9509702587136295,-0.138919499707795,0.054355085285109656,0.14076137919368992,+909 chars
indonesischer,4.530801151653571,0.0407314538769449,-0.043720700893973556,-0.03762932422168992,indonesischer
warn+stufe indonesisch+er,4.530801151653571,0.0407314538769449,-0.043720700893973556,-0.03762932422168992,warn+stufe indonesisch+er
indonesisch+er insel,5.200171506615716,0.07666475358998573,-0.05163409623489252,-0.08931755024325774,indonesisch+er insel
java vulkan+ausbruch,15.443702764722222,0.1378639695153859,-0.20611961616117544,-0.12273190091531322,java vulkan+ausbruch
vulkan+ausbruch der,13.978118681461929,0.10028608970178556,-0.15754279823494868,-0.07956180586178008,vulkan+ausbruch der
semeru indonesisch+en,18.64694306672173,0.036966895021723095,-0.11312287306194085,-0.001875441051288769,semeru indonesisch+en
java spuck+t,8.704342520458322,0.03225090443734826,-0.05514382267262993,-0.020092720301154596,java spuck+t
derzeit,18.14974484080497,0.006226363781862328,0.07046885934349073,-0.04324977396461177,derzeit
spuck+t derzeit,5.690642933827429,0.07332909038515324,-0.05709447057605603,-0.08136580384169588,spuck+t derzeit
derzeit kilometerhoh+e,5.626218411001587,0.09262646799029439,-0.0802537630827348,-0.10175343020336536,derzeit kilometerhoh+e
kilometerhoh+e asche+wolke+n,6.159433826924385,0.18244876598016527,-0.2209273512576826,-0.20014019378985387,kilometerhoh+e asche+wolke+n
Regierung,5.413471419863253,0.07365675878585116,-0.14044015124157355,-0.044636807240188585,Regierung
der regierung,5.413471419863253,0.07365675878585116,-0.14044015124157355,-0.044636807240188585,der regierung
regierung hoch+st+e,5.380336980001396,-0.01807271245236576,-0.17587867658049885,0.0945057071122105,regierung hoch+st+e
ausgerufen,7.073638008482644,-0.02301099928539383,-0.1750368221270465,0.1001990831462096,ausgerufen
warn+stufe aus+ge+ruf+en,7.073638008482644,-0.02301099928539383,-0.1750368221270465,0.1001990831462096,warn+stufe aus+ge+ruf+en
300,8.796578001786264,0.012756106488028763,-0.07995085144278992,0.017894101682189637,300
mehr 300,4.8179605941107155,-0.005723760256355953,-0.05220449930648528,0.030858575512178677,mehr 300
300 mensch+en,4.8020499733918856,-0.0017023933339406982,-0.044290486648077686,0.022133423309681415,300 mensch+en
wurden,15.5072493987972,0.056340204586571865,-0.12342558168523467,-0.025665398586335205,wurden
mensch+en werd+en,5.298053965465435,-0.01471259387815478,0.01749265420404998,0.011693340472471933,mensch+en werd+en
Sicherheit,15.820290826135755,0.062389830474064614,-0.12709979953741676,-0.03314248039180675,Sicherheit
werd+en sicherheit,3.651094385608293,0.0003114936085458011,0.05437806753042183,-0.026651080395802305,werd+en sicherheit
gebracht,9.235180246888017,0.022080952422802207,-0.05058339816411696,-0.007662351594162133,gebracht
sicherheit ge+bring+t,9.235180246888017,0.022080952422802207,-0.05058339816411696,-0.007662351594162133,sicherheit ge+bring+t
19.11.2025,4.271877385723485,-0.008348313609863465,0.04462600952155486,-0.009831700628619043,19.11.2025
stand 19.11.2025,4.271877385723485,-0.008348313609863465,0.04462600952155486,-0.009831700628619043,stand 19.11.2025
15:39,4.8315797969106065,-0.011855246441813226,0.03509499074687701,-0.0004533123744203152,15:39
19.11.2025 15:39,4.8315797969106065,-0.011855246441813226,0.03509499074687701,-0.0004533123744203152,19.11.2025 15:39
15:39 uhr,5.394485096725197,-0.013745627889598266,0.026084211418930477,0.0063750904950950465,15:39 uhr
uhr der,9.545188250699914,-0.01619772659931358,-0.004653525418732758,0.023792272848221743,uhr der
wur…,3.0436429611021802,-0.03533158073392536,0.042689415123573604,0.026821530385164157,wur…
mensch+en wur…,3.0436429611021802,-0.03533158073392536,0.042689415123573604,0.026821530385164157,mensch+en wur…
+1438,3.01079684013596,-0.03310344991067807,0.04797640526663064,0.02145274143550722,+1438
wur… +1438,3.01079684013596,-0.03310344991067807,0.04797640526663064,0.02145274143550722,wur… +1438
+1438 chars,2.981089227879382,-0.031340093455044855,0.05257279262845072,0.01697157967558301,+1438 chars
warn+stufe ausbruch,4.119606131540503,-0.07978735293807959,0.07312450607104469,0.06722423075945132,warn+stufe ausbruch
indonesischem,4.723276138161061,-0.05554687156376422,0.07181333682892325,0.03851777209029968,indonesischem
ausbruch indonesisch+em,4.723276138161061,-0.05554687156376422,0.07181333682892325,0.03851777209029968,ausbruch indonesisch+em
indonesisch+em vulkan,7.737765953269621,-0.039286260320388566,0.015342625529002365,0.04441740333533516,indonesisch+em vulkan
vulkan nan,5.498520739800831,-0.05026634182875336,0.05340180195096798,0.04067083067505976,vulkan nan
Osten,17.488494631331754,0.033864364981786826,-0.11831098829252958,0.004641989252661102,Osten
nan osten,4.723276138161061,-0.05554687156376422,0.07181333682892325,0.03851777209029968,nan osten
osten indonesisch+en,6.711045176371201,0.03325077328969307,-0.03434563166391172,-0.03098561520039014,osten indonesisch+en
java vulkan,7.737765953269621,-0.039286260320388566,0.015342625529002365,0.04441740333533516,java vulkan
semeru aus+ge+brech+en,16.422343388539936,0.08137516481108993,-0.14866591111685865,-0.0531288628192055,semeru aus+ge+brech+en
aus+ge+brech+en rund,5.68045587869056,0.02549294528596601,-0.01231782574508997,-0.030017061262422717,aus+ge+brech+en rund
rund 300,3.7096727904091313,-0.05040043092518461,0.09276990311709862,0.02183260917696842,rund 300
300 kilo+meter,3.6253983040531885,-0.052934640753065275,0.09718971138666468,0.02284396132057809,300 kilo+meter
beliebten,4.706639786618009,0.013330090959508847,0.00264471355478286,-0.019733777156611072,beliebten
kilo+meter belieb+t+en,3.3680417711208306,-0.05312180296434955,0.10555366729288476,0.018884061948997284,kilo+meter belieb+t+en
Urlaubsinsel,6.41116032391078,0.05836515145006777,-0.053663415743293905,-0.059573909188444026,Urlaubsinsel
belieb+t+en urlaub+s+insel,3.3388202107909946,-0.04797070258955433,0.10267770670747349,0.013762485033892496,belieb+t+en urlaub+s+insel
urlaub+s+insel bali,3.512455350469521,-0.042894766405388876,0.09308969888882344,0.012060550962599321,urlaub+s+insel bali
entfernt,6.093327712138299,-0.02908922056693967,0.027457554485222326,0.02590088136980645,entfernt
bali entfern+t,3.6041955060136917,-0.03772890552130521,0.08625293227292433,0.008785584812869675,bali entfern+t
Bei,30.709743406567352,0.1297104676981755,-0.2445559638990814,-0.09274304346966286,Bei
bei eruption,4.499345732647203,0.05371812605600593,-0.015049927738722433,-0.07085342785939339,bei eruption
eruption heute,4.544154021886841,-0.033983579957761516,0.05897010690894462,0.017325450048254067,eruption heute
heute spuck+te,4.893526332777002,-0.05429419307882305,0.06743422581302078,0.039052092837270215,heute spuck+te
+1115,4.578375627082935,-0.05666043854835278,0.07571324220882711,0.03802978820046194,+1115
vulkan +1115,4.578375627082935,-0.05666043854835278,0.07571324220882711,0.03802978820046194,vulkan +1115
+1115 char+s,4.245825604508112,-0.05939954428723556,0.08533814822122733,0.03677509295135843,+1115 char+s
vulkan+ausbruch indonesien,43.86744627803677,0.1698142734169192,-0.3058327316231374,-0.13995472603233738,vulkan+ausbruch indonesien
indonesien asche+wolke,4.8864789391966195,0.14683623523941305,-0.11929391315615513,-0.17887762253477077,indonesien asche+wolke
fliegt,4.249217723496878,0.08911275055596554,-0.043021321743047215,-0.11395861568317753,fliegt
asche+wolke flieg+t,4.249217723496878,0.08911275055596554,-0.043021321743047215,-0.11395861568317753,asche+wolke flieg+t
2000,13.701791881686495,0.13000406672594048,-0.1887859602113504,-0.11633430170402423,2000
flieg+t 2000,4.043088542524008,0.07589198805900585,-0.024605289102575704,-0.10131666543536119,flieg+t 2000
2000 meter,7.546113505416579,0.1217337056527518,-0.13279570404267793,-0.1268077995396608,2000 meter
meter hoch,12.617043925889917,0.032822356797060685,-0.08344313969845284,-0.008508307893625796,meter hoch
hoch himmel,5.555152182868145,0.0573343200243884,-0.039419606955007076,-0.06468620554512526,hoch himmel
himmel indonesien,5.09898631509759,0.08329947056045062,-0.05623007481390928,-0.0978747316745997,himmel indonesien
Mittwoch,12.106367647353405,0.03732541388240426,-0.08469857967502338,-0.01440608619564122,Mittwoch
indonesien mittwoch,7.9976614978976395,0.019603495678611287,-0.036902963901686875,-0.01029646790290284,indonesien mittwoch
mittwoch vulkan,14.390173347853471,0.07710944604757064,-0.1354638511855364,-0.05207613593967423,mittwoch vulkan
Videos,10.963893238603093,0.018594131315015222,-0.06040624247423017,0.0015246653584808317,Videos
video+s zeig+en,5.200851917675033,0.017583273795971667,0.003001385768760987,-0.02593436688937684,video+s zeig+en
zeig+en dabei,3.6443176201695615,0.04275378259761865,0.017946491307529622,-0.07042061961942826,zeig+en dabei
dabei rund,3.649123318279707,0.04716987241912408,0.01380826902121237,-0.07510695265236864,dabei rund
rund 2000,5.540064937379331,0.0876741944692819,-0.06875336625085875,-0.09904033969502132,rund 2000
behörde+n heb+en,3.3873303937097496,-0.07158087338668043,-0.0307965024037214,0.10284346206649062,behörde+n heb+en
Feuer…,3.1802478246226062,-0.06357281849273903,0.0016647098840391237,0.08000290323994291,Feuer…
warn+stufe feuer…,3.1802478246226062,-0.06357281849273903,0.0016647098840391237,0.08000290323994291,warn+stufe feuer…
+648,3.103512410918924,-0.051773712055917055,0.018556462238339885,0.05844737660138417,+648
feuer… +648,3.103512410918924,-0.051773712055917055,0.018556462238339885,0.05844737660138417,feuer… +648
+648 char+s,3.06547858862831,-0.04683058122094155,0.026405117937447167,0.04883873116474552,+648 char+s
spuck+t riesig+e,7.156281859902725,0.03883619630582311,-0.045016869409876974,-0.03424420073834612,spuck+t riesig+e
asche+säule vulkan+ausbruch,9.025995065839378,0.11330271483798048,-0.13865311980520803,-0.1095783419988753,asche+säule vulkan+ausbruch
vulkan+ausbruch urlaub+s+insel,4.980051759685041,0.0730521679128798,-0.043801280386591326,-0.0872902082972486,vulkan+ausbruch urlaub+s+insel
ein asche+wolke,15.427662349474119,0.18103911943505444,-0.25851601376582906,-0.18078133348033018,ein asche+wolke
verdunkelte,4.0886288549074035,0.09018064914406936,-0.0398581530498523,-0.11732550050990674,verdunkelte
asche+wolke verdunkel+te,4.0886288549074035,0.09018064914406936,-0.0398581530498523,-0.11732550050990674,asche+wolke verdunkel+te
verdunkel+te himmel,3.7412823094463086,0.0649265293581989,-0.005442078851587318,-0.09325239066289799,verdunkel+te himmel
himmel java,6.14148430899136,0.04234539108201081,-0.03475763386277459,-0.04417802693781895,himmel java
Gleichzeitig,3.509822947874834,0.050201633298695,0.01555225919920997,-0.08068871986248821,Gleichzeitig
flossen,3.569020086101141,0.031306005488793295,0.030508142745060186,-0.05947821345501116,flossen
gleichzeitig fließ+en,3.569020086101141,0.031306005488793295,0.030508142745060186,-0.05947821345501116,gleichzeitig fließ+en
Glutlawinen,3.631785419459814,0.02239745497610351,0.036281141089678504,-0.049209756128694444,Glutlawinen
fließ+en glut+lawine+n,3.631785419459814,0.02239745497610351,0.036281141089678504,-0.049209756128694444,fließ+en glut+lawine+n
herab,6.56580140119433,-0.002891026251441416,-0.0007314127212006387,0.004269262901459986,herab
glut+lawine+n herab,3.784544188662928,0.015698489483616483,0.03742606357821615,-0.040041283881838405,glut+lawine+n herab
herab jakarta,3.8841012832978574,0.012497122426101084,0.037302321138663636,-0.03537809605052854,herab jakarta
indonesien nach,4.480595128047627,0.0015190424374039607,0.031518559082196196,-0.01704449618767281,indonesien nach
vulkan+s semeru,21.411874841641307,0.04113357629024049,-0.12546318074048848,-0.0027193361572952464,vulkan+s semeru
semeru indonesien,12.597839710196103,0.05101958346392539,-0.10047528248200485,-0.027553822828078875,semeru indonesien
indonesien behörde+n,3.983028553653726,-0.02254509365777715,0.03171769991124578,0.015385024280344975,indonesien behörde+n
behörde+n hoch+st+e,3.9084003598820694,-0.06698498903383203,-0.006393640554317113,0.08743829463900733,behörde+n hoch+st+e
zuvor kilometerhoh+e,3.4926432847841578,0.03251775122448851,-0.012943356236366534,-0.03994156981668672,zuvor kilometerhoh+e
himmel belieb+t+en,3.1478132209539034,0.02495734724532065,0.028506124462643966,-0.04906169158955622,himmel belieb+t+en
Ur…,3.080248440295487,0.01788986344290652,0.03958101625446282,-0.04429519022154839,Ur…
belieb+t+en ur…,3.080248440295487,0.01788986344290652,0.03958101625446282,-0.04429519022154839,belieb+t+en ur…
+1344,3.0513108168095484,0.015219366374037806,0.04402743934312163,-0.042667034813693265,+1344
ur… +1344,3.0513108168095484,0.015219366374037806,0.04402743934312163,-0.042667034813693265,ur… +1344
+1344 chars,3.019732045886155,0.012522098056615942,0.048693720404148676,-0.041134583416100615,+1344 chars
warn+stufe indonesien,4.804780357916136,-0.054939933288420555,0.0696905927121341,0.03877856236083213,warn+stufe indonesien
asche+säule ein,3.8199949164750318,-0.02310541519058351,0.06841868835889146,-0.0016156901877423932,asche+säule ein
ein riesig+e,7.013715967541822,0.01005009696227259,-0.01753172171647943,-0.005755339214331005,ein riesig+e
riesig+e asche+wolke,15.199329632168787,0.21996720202734077,-0.3095205384314269,-0.23893143488452437,riesig+e asche+wolke
verdunkelt,7.85876469710907,0.07483423597079993,-0.08737528000258295,-0.06968492343360723,verdunkelt
asche+wolke verdunkel+t,4.845076193689705,0.043026922507589195,-0.012756331710460107,-0.055655037974113294,asche+wolke verdunkel+t
verdunkel+t himmel,4.573023286465325,-0.0005311252837218132,0.031168081341407118,-0.01403122397252904,verdunkel+t himmel
anzeige+n ein,3.1240826574864116,0.01329544153068977,0.06171005616604663,-0.04891481568976554,anzeige+n ein
Lawinen,3.141979949523458,-0.047795845883366495,0.10960178247520594,0.010015026150991637,Lawinen
heißen,3.2021232567800553,-0.05988618505432204,0.11637984215345726,0.021944825534784353,heißen
lawine+n heiß+en,3.2021232567800553,-0.05988618505432204,0.11637984215345726,0.021944825534784353,lawine+n heiß+en
Gasen,3.248899844569163,-0.0659810382276764,0.11917036362487356,0.028144790958927534,Gasen
heiß+en gas+en,3.248899844569163,-0.0659810382276764,0.11917036362487356,0.028144790958927534,heiß+en gas+en
Aschepartikeln,3.3131024737639194,-0.06885667697178337,0.1190239007495004,0.03177933433947671,Aschepartikeln
gas+en asche+partikel+n,3.3131024737639194,-0.06885667697178337,0.1190239007495004,0.03177933433947671,gas+en asche+partikel+n
Gestein,13.109149984974849,0.013116746308695672,-0.06821868852260822,0.01243484397721974,Gestein
asche+partikel+n gestein,3.5868284171916835,-0.06575482204833918,0.10788550785877962,0.03353975779269305,asche+partikel+n gestein
stürzen,3.753634295891563,-0.06401071634370434,0.10166373975760264,0.03447548210731276,stürzen
gestein stürz+en,3.753634295891563,-0.06401071634370434,0.10166373975760264,0.03447548210731276,gestein stürz+en
hoher,4.1185073791175695,-0.06052323503843875,0.08930132782675781,0.03623705468087511,hoher
stürz+en hoch+er,4.1185073791175695,-0.06052323503843875,0.08930132782675781,0.03623705468087511,stürz+en hoch+er
Geschwindigkeit,4.396381456014982,-0.05812603967876966,0.08085719789643268,0.03736826998577545,Geschwindigkeit
hoch+er geschwindigkeit,4.396381456014982,-0.05812603967876966,0.08085719789643268,0.03736826998577545,hoch+er geschwindigkeit
geschwindigkeit vulkan,7.737765953269621,-0.039286260320388566,0.015342625529002365,0.04441740333533516,geschwindigkeit vulkan
semeru herab,4.723276138161061,-0.05554687156376422,0.07181333682892325,0.03851777209029968,semeru herab
Quel…,4.245825604508112,-0.05939954428723556,0.08533814822122733,0.03677509295135843,Quel…
+35,3.975683974490078,-0.061838764420945276,0.09395307033045289,0.035589181335442255,+35
quel… +35,3.975683974490078,-0.061838764420945276,0.09395307033045289,0.035589181335442255,quel… +35
+35 chars,3.8559499414961103,-0.06298979709389071,0.0980344210414033,0.03500594282780883,+35 chars
Hunderte,7.089578478142433,0.09911495423019953,-0.10320288790099678,-0.10181099403125675,Hunderte
indonesien hundert+e,4.432714972736922,0.0626179754070017,-0.021834179363916652,-0.08141788874253245,indonesien hundert+e
bringen,7.328579931781786,0.07837875239915842,-0.08496308095706115,-0.07640552433766186,bringen
hundert+e bring+en,4.147111086468852,0.05613559530241695,-0.00865179512729288,-0.0777610726697827,hundert+e bring+en
bring+en java,4.038420832939846,0.041251437556203883,0.007859846568939071,-0.06307744737119123,bring+en java
java sicherheit,4.204595413639957,0.032373714805628534,0.011473742475797768,-0.0515547357377966,java sicherheit
sicherheit nach,7.331429231211958,0.04760306527616917,-0.05522789510623417,-0.04255385820182106,sicherheit nach
hunderte,13.43170612167552,0.082736666795518,-0.13643130688368318,-0.060462839302107836,hunderte
java hundert+e,7.862108777161198,0.07143861142751055,-0.08405084495779919,-0.06586127245613828,java hundert+e
hundert+e mensch+en,4.842436884136328,0.03853919559830667,-0.008619312697443081,-0.05092499160151307,hundert+e mensch+en
mensch+en sicherheit,7.760114889738255,0.022167682540875817,-0.036712210507794434,-0.01399967718364922,mensch+en sicherheit
Fast,5.452159112985367,0.04644420473558524,-0.027448893299614516,-0.05376427605317185,Fast
900,7.777659371965832,0.059704439927261925,-0.07171401896759366,-0.05332003042116793,900
fast 900,7.777659371965832,0.059704439927261925,-0.07171401896759366,-0.05332003042116793,fast 900
900 mensch+en,7.821271952581409,0.05827934804641103,-0.07081166560378062,-0.051555852095257745,900 mensch+en
hätten,3.1143560648314637,0.003404937002590555,0.070327739715948,-0.03914482440049329,hätten
mensch+en hab+en,3.1143560648314637,0.003404937002590555,0.070327739715948,-0.03914482440049329,mensch+en hab+en
Nacht,6.924288200527379,0.04803097377807975,-0.0507105044367827,-0.045266623916159626,Nacht
hab+en nacht,3.060375556234575,0.0025007850932746503,0.07320058265207499,-0.039343960129645444,hab+en nacht
Notunterkünften,7.233153042459392,0.04307764284068227,-0.04985333799362531,-0.03828310052270813,Notunterkünften
nacht not+unterkunft+en,7.233153042459392,0.04307764284068227,-0.04985333799362531,-0.03828310052270813,nacht not+unterkunft+en
Schulen,11.062827615581213,-0.0135481282424475,-0.03311670414399145,0.03289989749977802,Schulen
not+unterkunft+en schule+n,2.9504050873529675,0.0001636954958416462,0.07962929571104316,-0.0393637233364387,not+unterkunft+en schule+n
Moscheen,2.9773603550626535,-0.0014530216336795189,0.07982034181811322,-0.03717222126446662,Moscheen
schule+n moschee+n,2.9773603550626535,-0.0014530216336795189,0.07982034181811322,-0.03717222126446662,schule+n moschee+n
Gemeindesälen,3.0215149812044984,-0.0036990527653900044,0.07983483482402343,-0.034011556425545084,Gemeindesälen
moschee+n gemeinde+saal+en,3.0215149812044984,-0.0036990527653900044,0.07983483482402343,-0.034011556425545084,moschee+n gemeinde+saal+en
verbracht,3.077426739192484,-0.006017273402764023,0.07947869388557682,-0.030575305715670617,verbracht
gemeinde+saal+en verbring,3.077426739192484,-0.006017273402764023,0.07947869388557682,-0.030575305715670617,gemeinde+saal+en verbring
sagte,3.128965755215698,-0.0077779919596263755,0.07889719732364081,-0.027818103489730003,sagte
verbring sag+te,3.128965755215698,-0.0077779919596263755,0.07889719732364081,-0.027818103489730003,verbring sag+te
Sultan,3.1605238141136303,-0.008719441767490179,0.07845452382164447,-0.026281049610405827,Sultan
sag+te sultan,3.1605238141136303,-0.008719441767490179,0.07845452382164447,-0.026281049610405827,sag+te sultan
Syafaat,3.200985630683514,-0.009803309395306081,0.07781335668549522,-0.024448584261789988,Syafaat
sultan syafaat,3.200985630683514,-0.009803309395306081,0.07781335668549522,-0.024448584261789988,sultan syafaat
Kat…,3.312094799328856,-0.012233652731954769,0.07575587898499271,-0.020042524185675214,Kat…
syafaat kat…,3.312094799328856,-0.012233652731954769,0.07575587898499271,-0.020042524185675214,syafaat kat…
kat… kopier+e,3.3535859430192385,-0.012982817918769882,0.07491144485957581,-0.01858343141805874,kat… kopier+e
merk+liste hin+zu+füg+en,16.905641072347617,0.0532215442378814,-0.12245518292405333,-0.021469072379705335,merk+liste hin+zu+füg+en
hin+zu+füg+en nach,3.060375556234575,0.0025007850932746503,0.07320058265207499,-0.039343960129645444,hin+zu+füg+en nach
hätt…,3.041812355428221,-0.022320571290702206,0.09389664249689803,-0.01557592161954303,hätt…
mensch+en hätt…,3.041812355428221,-0.022320571290702206,0.09389664249689803,-0.01557592161954303,mensch+en hätt…
+1285,3.008889210859042,-0.022421052283161148,0.09529789301028507,-0.01616422605639368,+1285
hätt… +1285,3.008889210859042,-0.022421052283161148,0.09529789301028507,-0.01616422605639368,hätt… +1285
+1285 chars,2.982625179849453,-0.022514402905344184,0.09644176871197507,-0.01663012808182564,+1285 chars
feuer+berg java,12.42986535591289,-0.025979625714264095,-0.030995902099559162,0.04796152696209886,feuer+berg java
java brodel+t,14.130392308514029,-0.02274110894216274,-0.042401322629958535,0.048701823131274045,java brodel+t
brodel+t vulkan,18.030215396791643,-0.01698368199264116,-0.06286964663050752,0.04992781401158603,brodel+t vulkan
Verletzte,13.049050436012735,0.03179298806834192,-0.08484486064941577,-0.006445351040092394,Verletzte
aus+ge+brech+en verletz+t+e,10.137296865288796,-0.0011001080478724135,-0.03729919263365061,0.018283640366724627,aus+ge+brech+en verletz+t+e
schwere,11.805572019719124,0.01496989619756218,-0.06251743326498367,0.00744717089642239,schwere
verletz+t+e schwer+e,11.805572019719124,0.01496989619756218,-0.06251743326498367,0.00744717089642239,verletz+t+e schwer+e
Schäden,17.23858080253326,0.02059825804499658,-0.0930565071943735,0.01265707927845363,Schäden
schwer+e schaden,12.295823207937774,0.009692186913687223,-0.060717013603683256,0.0138865389409629,schwer+e schaden
schaden der,9.24771980841948,0.008704254333316582,-0.03882720857739998,0.005684989311183098,schaden der
der mount,5.566405511136144,-0.04086509625221458,0.04496902044527392,0.032807288429288185,der mount
mount semeru,9.48913467562884,-0.03307338158114991,-0.00562881772304524,0.04592693929328126,mount semeru
macht,10.95810016002034,0.01232716798517392,-0.05478379553186969,0.007724646121340522,macht
indonesien mach+t,9.431729607596756,0.01592126177641502,-0.04671150319711449,-0.0007731156428659369,indonesien mach+t
mach+t behörde+n,8.8120548870662,0.01574942717104522,-0.041262780743511425,-0.002953088495105134,mach+t behörde+n
Sorgen,8.14566905668593,0.014723914797262235,-0.03407096739805355,-0.0047455958396913816,Sorgen
behörde+n sorge+n,8.14566905668593,0.014723914797262235,-0.03407096739805355,-0.0047455958396913816,behörde+n sorge+n
heftigen,8.18350871743035,0.022263604916688037,-0.04114736891796599,-0.012134259065287272,heftigen
nach heftig+en,8.18350871743035,0.022263604916688037,-0.04114736891796599,-0.012134259065287272,nach heftig+en
heftig+en ausbruch,8.034230410253672,0.021088521058530544,-0.03859917640125903,-0.011623052017635398,heftig+en ausbruch
ausbruch brodel+t,7.919974953148641,0.019880095295793387,-0.036350351955070276,-0.010934884108971926,ausbruch brodel+t
1.000,5.07348859533683,-0.05181619678811233,0.06209584025487227,0.038503668040549284,1.000
mehr 1.000,5.07348859533683,-0.05181619678811233,0.06209584025487227,0.038503668040549284,mehr 1.000
1.000 mensch+en,5.165147014794327,-0.051271447345884145,0.05998752930909547,0.03882257089841571,1.000 mensch+en
mensch+en schon,6.380169620272032,-0.011894961624754407,0.009333543439214345,0.01172700791107808,mensch+en schon
Flucht,12.013137931983803,0.03902121065554251,-0.08572957144950219,-0.016402672228292173,Flucht
schon flucht,7.222563619689318,-0.013439729118657725,-1.798615477496126e-05,0.018063555502286614,schon flucht
hin+zu+füg+en der,4.734167800970673,-0.05493360358131688,0.07112360920078703,0.03808565655090637,hin+zu+füg+en der
sch…,3.601660416665502,-0.019361912924042313,0.0719083748923906,-0.008384242910927351,sch…
mensch+en sch…,3.601660416665502,-0.019361912924042313,0.0719083748923906,-0.008384242910927351,mensch+en sch…
+1581,2.3522838820337406,-0.08166839087146183,0.17059565191145626,0.02069047129867492,+1581
sch… +1581,2.3522838820337406,-0.08166839087146183,0.17059565191145626,0.02069047129867492,sch… +1581
+1581 chars,2.3482351198247935,-0.08146774710804644,0.17068979568463657,0.02039257316727499,+1581 chars
schaden hier,3.398449429042334,-0.05917962736235595,0.10904330128307958,0.02477152554728652,schaden hier
thema feuer+berg,4.008950511104029,-0.0615269256417699,0.0928491894047442,0.03574454024418794,thema feuer+berg
sie vulkan,13.016698354013446,-0.024797472599240308,-0.0351513059297267,0.04823640931613546,sie vulkan
java komm+t,6.85084702793508,-0.04306054670653713,0.02841332127395089,0.04322833780004448,java komm+t
Ruhe,12.951984107694956,-0.01133560178938318,-0.04610891520544451,0.03560513347163607,Ruhe
komm+t ruhe,4.820453425073652,-0.022904251551645275,0.04431370965063489,0.009876301111120927,komm+t ruhe
Tag,9.237419202664487,0.05698501951465937,-0.08305681035716873,-0.04408616015616183,Tag
schweren,6.9127186497307695,0.05318638622983286,-0.05541799690860936,-0.050863538992372254,schweren
tag schwer+en,6.9127186497307695,0.05318638622983286,-0.05541799690860936,-0.050863538992372254,tag schwer+en
schwer+en eruption,7.960223011154994,0.1484794639097186,-0.16758332704382928,-0.15901819841943649,schwer+en eruption
eruption feuer+berg,4.309984300006099,0.021291581590792693,0.018612189069118865,-0.03881109787522825,eruption feuer+berg
feuer+berg zwei,4.094420118188402,-0.0025959375608116016,0.044317901049384094,-0.017596102572982775,feuer+berg zwei
himmel ge+spuck+t,5.233940707786052,0.016516316441041044,0.003321886881870865,-0.024567970677156593,himmel ge+spuck+t
+1402,4.471635151384207,-0.01064492144769326,0.04182637333954495,-0.005339574853750116,+1402
ge+spuck+t +1402,2.695072263974781,-0.05672574854632654,0.13500097619387513,0.008307502645117664,ge+spuck+t +1402
+1402 chars,2.6785128425738804,-0.058113878252198437,0.13679946484749952,0.00913510319631084,+1402 chars
+1458,2.695072263974781,-0.05672574854632654,0.13500097619387513,0.008307502645117664,+1458
ge+spuck+t +1458,2.695072263974781,-0.05672574854632654,0.13500097619387513,0.008307502645117664,ge+spuck+t +1458
+1458 chars,2.6785128425738804,-0.058113878252198437,0.13679946484749952,0.00913510319631084,+1458 chars
vulkan+ausbruch java,4.980051759685041,0.0730521679128798,-0.043801280386591326,-0.0872902082972486,vulkan+ausbruch java
Indonesier,4.293691541235711,0.059566184630048646,-0.015585323315210824,-0.07969689669102467,Indonesier
hundert+e indonesier,4.293691541235711,0.059566184630048646,-0.015585323315210824,-0.07969689669102467,hundert+e indonesier
indonesier bring+en,4.000820159964734,0.05246929693527937,-0.0013455094557886323,-0.07569125952187507,indonesier bring+en
bring+en sicherheit,5.581358799523494,0.026331677963993754,-0.011418543512790346,-0.0316529050875373,bring+en sicherheit
höchsten,7.214896837764771,0.033466501555358595,-0.04079498973694569,-0.028336682658761943,höchsten
semeru hoch+st+en,7.214896837764771,0.033466501555358595,-0.04079498973694569,-0.028336682658761943,semeru hoch+st+en
Berges,6.521621752275026,0.03644496969265677,-0.0347335703498736,-0.03547266582921496,Berges
hoch+st+en berg+es,6.521621752275026,0.03644496969265677,-0.0347335703498736,-0.03547266582921496,hoch+st+en berg+es
berg+es java,6.949758455596427,0.07790604260778305,-0.07987083963944218,-0.07799738615293414,berg+es java
verbringen,5.74381611675958,0.03937240619716663,-0.02586487075755811,-0.04393531573019184,verbringen
java verbring+en,5.74381611675958,0.03937240619716663,-0.02586487075755811,-0.04393531573019184,java verbring+en
fast,11.95747032872888,0.0867349222690541,-0.13223102862340377,-0.06861157770946913,fast
verbring+en fast,5.415386888551487,0.04021916241009241,-0.021081080794372254,-0.04745872871941816,verbring+en fast
mensch+en nacht,5.76531274504445,0.03063833223950705,-0.0182960873589447,-0.03466109949702888,mensch+en nacht
Insel…,3.682376093520079,-0.01860954056112953,0.06884538011233475,-0.007865996220450639,Insel…
indonesisch+en insel…,3.682376093520079,-0.01860954056112953,0.06884538011233475,-0.007865996220450639,indonesisch+en insel…
insel… +1402,3.5604732611089194,-0.01847270896283081,0.0724855923506421,-0.009875869197474399,insel… +1402
+1402 char+s,3.4834162384060914,-0.018407489940918797,0.07490324745288185,-0.011181899632075516,+1402 char+s
indonesien verletz+t+e,4.395812028685129,0.0618259346893198,-0.02020496372797511,-0.08097134957928169,indonesien verletz+t+e
1000,4.50382267842151,0.028644055650198074,0.007595139026810339,-0.04414789514922386,1000
mehr 1000,4.50382267842151,0.028644055650198074,0.007595139026810339,-0.04414789514922386,mehr 1000
1000 mensch+en,4.5088049314635175,0.027731390602743676,0.008288706004514562,-0.043147672991003715,1000 mensch+en
+1556,2.952642514764667,-0.01595872949382601,0.0925135835426965,-0.02354519910950996,+1556
sch… +1556,2.952642514764667,-0.01595872949382601,0.0925135835426965,-0.02354519910950996,sch… +1556
+1556 chars,2.930433963123521,-0.01613067454609221,0.09358341424841327,-0.023865399039125008,+1556 chars
vulkan+ausbruch osten,5.048576766206064,0.07420820694158035,-0.04629469167704744,-0.08793934853773804,vulkan+ausbruch osten
blickt,5.709434605655321,0.06247456871077754,-0.04690687443047115,-0.0690999874097971,blickt
java blick+t,3.8875882370603425,0.059577383150138094,-0.004758586501576339,-0.0851027122655854,java blick+t
Mann,7.212506830909717,0.08038702368727445,-0.12060498374414404,-0.06361723501008612,Mann
blick+t mann,4.065286562632847,0.053011038803586825,-0.003593227357441742,-0.07541222907076668,blick+t mann
Gas-,4.4395012519670125,0.05665832171874328,-0.01639216680784039,-0.07475605580285102,Gas-
mann gas+-,4.4395012519670125,0.05665832171874328,-0.01639216680784039,-0.07475605580285102,mann gas+-
gas+- asche+wolke,5.050804227208127,0.09646208482049647,-0.0685243212717758,-0.11377685921847777,gas+- asche+wolke
asche+wolke vulkan,24.062806550984007,0.03997256246883645,-0.13116519732648055,0.0012557489634996044,asche+wolke vulkan
semeru eruption,4.803119866899431,0.09752298900315502,-0.06447354011947823,-0.11753781326536089,semeru eruption
eruption mittwoch,4.12674567209921,0.039722097609226216,0.006899132490822954,-0.060289125159466744,eruption mittwoch
mittwoch kilo+meter,3.699369816790769,0.02238018264438485,0.034216581534943384,-0.04814488001317337,mittwoch kilo+meter
gigantische,6.089755564634128,0.0038575113287940086,0.00018544212320155743,-0.0053750486492944935,gigantische
aus+ge+brech+en gigantisch+e,4.370419390205278,-0.025795232325747194,0.05641546296721926,0.007852407697350567,aus+ge+brech+en gigantisch+e
gigantisch+e asche+wolke,6.271769667199098,0.11999802443055917,-0.11425939155314647,-0.1323994203167711,gigantisch+e asche+wolke
begräbt,6.553251203245425,-0.015394242978524349,0.009898905318609964,0.016112225745736834,begräbt
asche+wolke begräb+t,3.7723744668224275,-0.007814233838911312,0.05744923539011234,-0.016896514675974174,asche+wolke begräb+t
Häuser,6.594727914911292,0.028800358951766962,-0.02878617178318699,-0.02710333605029142,Häuser
begräb+t haus+er,3.604033422914322,-0.027730859743323923,0.07846694259912343,-0.0004671311471836196,begräb+t haus+er
haus+er auf,3.66169565830627,-0.04710244351071917,0.09169034943332091,0.01816795117713106,haus+er auf
spuck+t vulkan,18.030215396791643,-0.01698368199264116,-0.06286964663050752,0.04992781401158603,spuck+t vulkan
semeru asche,4.336874897016525,0.06900242363322383,-0.02559248019552718,-0.08970405357134097,semeru asche
asche gestein,4.158744573334073,-0.06016327958520843,0.08803079624695859,0.03641092564835946,asche gestein
Drei,21.95632410798709,0.13717332253130868,-0.2280576203721319,-0.1123207287944193,Drei
drei mensch+en,23.169260585991175,0.11550956053028545,-0.20664878582907642,-0.08411032085512256,drei mensch+en
verletzt,5.148833965417019,0.0027083352195374447,0.016760027373720246,-0.011593398076579374,verletzt
werd+en verletz+t,3.7302931740507197,-0.06424867362870469,0.10251097507561893,0.03435003064837867,werd+en verletz+t
viele,5.647589951349518,-0.015118694962366274,0.022958539705453244,0.009678625133014164,viele
verletz+t viel+e,4.008950511104029,-0.0615269256417699,0.0928491894047442,0.03574454024418794,verletz+t viel+e
Gebäude,4.245825604508112,-0.05939954428723556,0.08533814822122733,0.03677509295135843,Gebäude
viel+e gebäude,4.245825604508112,-0.05939954428723556,0.08533814822122733,0.03677509295135843,viel+e gebäude
zerstört,7.551850330967309,-0.01312655034868928,-0.003985503571747101,0.01944882159916076,zerstört
gebäude zerstör+t,4.723276138161061,-0.05554687156376422,0.07181333682892325,0.03851777209029968,gebäude zerstör+t
weiterhin,3.457200964482581,-0.06658898390862936,0.11257109650802893,0.03222697074401985,weiterhin
komm+t weiterhin,3.457200964482581,-0.06658898390862936,0.11257109650802893,0.03222697074401985,komm+t weiterhin
weiterhin ruhe,3.4774927873877086,-0.04992495634782433,0.09954393529404626,0.01784248617139287,weiterhin ruhe
eruption vulkan,7.737765953269621,-0.039286260320388566,0.015342625529002365,0.04441740333533516,eruption vulkan
vulkan kilo+meter,4.245825604508112,-0.05939954428723556,0.08533814822122733,0.03677509295135843,vulkan kilo+meter
schleu…,3.3363923746982977,-0.06858008202628528,0.11802664151687496,0.031941494431917544,schleu…
himmel schleu…,3.3363923746982977,-0.06858008202628528,0.11802664151687496,0.031941494431917544,himmel schleu…
+2235,3.238842838944515,-0.06975559358409916,0.12227067575834041,0.031245103092394276,+2235
schleu… +2235,3.238842838944515,-0.06975559358409916,0.12227067575834041,0.031245103092394276,schleu… +2235
+2235 char+s,3.1827887321846973,-0.07045188496969924,0.12479176870814288,0.030823596025204302,+2235 char+s
forscher find+en,4.293147077465074,0.05955385997989832,-0.015560243171211104,-0.07968994418388285,forscher find+en
neue,32.01892571901793,0.08474174954509862,-0.19579985104728498,-0.039118188335001226,neue
find+en neu+e,3.271092187417535,0.029360347719185734,0.042423442100974325,-0.06265063774308433,find+en neu+e
Details,7.369836599314086,0.034063858313358134,-0.04314376512243142,-0.02813144154603064,Details
neu+e detail+s,3.30703145026358,0.03073749495164054,0.0399186903925046,-0.06342641734135601,neu+e detail+s
Pompejis,3.395747175321892,0.03401077014114906,0.033914948963765866,-0.06527139951408815,Pompejis
detail+s pompeji+s,3.395747175321892,0.03401077014114906,0.033914948963765866,-0.06527139951408815,detail+s pompeji+s
Untergang,4.487826794568662,0.06377764435582606,-0.02422910229097935,-0.08207152833402358,Untergang
pompeji+s untergang,3.4805340486225655,0.03698200627958013,0.028402721523390424,-0.06694725903429237,pompeji+s untergang
birgt,4.662597622109105,0.03153990926849399,0.0014837048999343033,-0.04543471472615372,birgt
untergang berg+t,3.629455861811744,0.041864263692998394,0.01921248428022784,-0.06970273739335311,untergang berg+t
Geheimnisse,3.712315391546979,0.0444118571463027,0.014349742828397252,-0.07114115438997563,Geheimnisse
berg+t geheimnis+se,3.712315391546979,0.0444118571463027,0.014349742828397252,-0.07114115438997563,berg+t geheimnis+se
Noch,10.016044530311873,-0.0782536219774787,-0.12427656333622937,0.1456866910161885,Noch
geheimnis+se noch,3.937060197408324,0.05078836548961381,0.0019692995030616833,-0.07474207682972384,geheimnis+se noch
noch immer,4.046562254804404,0.05364336582126053,-0.0036737464005460042,-0.07635416358973834,noch immer
genaue,5.386323020540033,0.07950574024325187,-0.057879819612188965,-0.09090922184262785,genaue
immer genau+e,4.471224198341327,0.06343116280402725,-0.023512368316312083,-0.08187625731132268,immer genau+e
Zeitpunkt,4.797959690176683,0.06983039381585601,-0.036916325233223767,-0.08547938050309276,Zeitpunkt
genau+e zeit+punkt,4.797959690176683,0.06983039381585601,-0.036916325233223767,-0.08547938050309276,genau+e zeit+punkt
fatalen,6.13230538044519,0.08929560139527304,-0.08000744707159943,-0.09637245920968379,fatalen
zeit+punkt fatal+en,6.13230538044519,0.08929560139527304,-0.08000744707159943,-0.09637245920968379,zeit+punkt fatal+en
Vulkanausbruchs,27.515509484920845,0.1571563562907421,-0.2652476725431833,-0.13282672625320324,Vulkanausbruchs
fatal+en vulkan+ausbruch+s,9.025995065839378,0.11330271483798048,-0.13865311980520803,-0.1095783419988753,fatal+en vulkan+ausbruch+s
umstritten,5.200171506615716,0.07666475358998573,-0.05163409623489252,-0.08931755024325774,umstritten
vulkan+ausbruch+s umstritten,5.200171506615716,0.07666475358998573,-0.05163409623489252,-0.08931755024325774,vulkan+ausbruch+s umstritten
könnten,4.202626572642597,0.05746206539778392,-0.01132144827029291,-0.07850970592058268,könnten
doch könn+ten,4.202626572642597,0.05746206539778392,-0.01132144827029291,-0.07850970592058268,doch könn+ten
könn+ten forscher,4.000820159964734,0.05246929693527937,-0.0013455094557886323,-0.07569125952187507,könn+ten forscher
Rätsel,3.7580374282280826,0.04576997169296312,0.011738174575883376,-0.071908068807395,Rätsel
forscher rätsel,3.7580374282280826,0.04576997169296312,0.011738174575883376,-0.071908068807395,forscher rätsel
gelöst,3.6559098475290868,0.042690068902758255,0.017641342783177492,-0.07016896902813324,gelöst
rätsel ge+lös+t,3.6559098475290868,0.042690068902758255,0.017641342783177492,-0.07016896902813324,rätsel ge+lös+t
der ausbruch,16.050719032014957,0.06295602703699425,-0.12861072589937342,-0.03335659433142387,der ausbruch
Vesuv,11.855610238398016,0.055510385386588416,-0.10045525021825977,-0.034229466893997036,Vesuv
ausbruch vesuv,4.484283376330769,0.063703901736059,-0.024076472794541483,-0.08202996980113687,ausbruch vesuv
vesuv jahr,4.450746424279383,0.06300041300996752,-0.022622729403621127,-0.08163346902168511,vesuv jahr
Chr.,12.253966522592366,0.07429417930795858,-0.12134743812124664,-0.053767264648259094,Chr.
jahr chr.,9.416539759409394,0.041114746556652426,-0.06951973268421785,-0.02653648102320167,jahr chr.
römische,5.3962387252185895,0.07965199725909407,-0.0582034394182538,-0.09099109421094351,römische
chr. römisch+e,3.121871299003679,0.023297262623370348,0.05330562453141749,-0.059238918250302905,chr. römisch+e
römisch+e stadt,5.619472792149931,0.0828191325443679,-0.06526216762595859,-0.09276224212359989,römisch+e stadt
Pompeji,30.05074339049628,0.13888752009446886,-0.2482853185265179,-0.10708149587550918,Pompeji
stadt pompeji,10.396218370380698,0.12058005603787168,-0.15779695269817623,-0.11351529503217087,stadt pompeji
pompeji asche,3.92808688939913,0.05054751670637335,0.0024424790681747337,-0.07460606842601146,pompeji asche
begrub,8.68430852208843,0.0651950730757683,-0.08609859971553677,-0.05524322956538784,begrub
asche begrab,3.8970075866937735,0.04970493515188518,0.004094365084418394,-0.07413024949195304,asche begrab
begrab gelt,2.9418052278598723,0.015140454137702727,0.0675854055102973,-0.054660801014825365,begrab gelt
bekanntesten,2.8843484371527097,0.012316050102306485,0.07243736889848176,-0.0530792784650889,bekanntesten
gelt bekenn+t+est+en,2.8843484371527097,0.012316050102306485,0.07243736889848176,-0.0530792784650889,gelt bekenn+t+est+en
Naturkatastrophen,6.948821476945211,-0.0129590377190119,0.002842995562499075,0.016123088144100874,Naturkatastrophen
bekenn+t+est+en natur+katastrophe+n,2.847458642053291,0.010440182860886786,0.07563430393079876,-0.05203005772038995,bekenn+t+est+en natur+katastrophe+n
Menschheitsgeschichte,5.53974159479584,0.08171477960777854,-0.06278973980781673,-0.0921450501536072,Menschheitsgeschichte
natur+katastrophe+n menschheit+s+geschichte,2.7921336073837066,0.00752992443920858,0.08055439093811527,-0.050404223702432686,natur+katastrophe+n menschheit+s+geschichte
Das,27.654891134291137,0.024877375777440695,-0.1247577964654863,0.019730849516707578,Das
der genau+e,2.733967157926524,0.004337188261665165,0.08589746686169182,-0.04862344922132061,der genau+e
Datum,2.720328264435649,0.0035678094479229044,0.0871766210804557,-0.048194789068675095,Datum
genau+e datum,2.720328264435649,0.0035678094479229044,0.0871766210804557,-0.048194789068675095,genau+e datum
Ereignis…,2.7017365736500163,0.00250588084246391,0.08893685684986218,-0.047603440889366924,Ereignis…
datum ereignis…,2.7017365736500163,0.00250588084246391,0.08893685684986218,-0.047603440889366924,datum ereignis…
+5249,2.682399848280178,0.0013849504169449617,0.09078825960990833,-0.04697962833538072,+5249
ereignis… +5249,2.682399848280178,0.0013849504169449617,0.09078825960990833,-0.04697962833538072,ereignis… +5249
+5249 char+s,2.6723068098132066,0.0007930745567425875,0.09176310893097765,-0.04665040615735825,+5249 char+s
Wild,2.677569662585462,-0.07753457278689528,0.15077395676746538,0.026128908624352725,Wild
Sumatra,3.482717638232592,-0.06689744295282003,0.11197720274683495,0.03290593112290349,Sumatra
wild sumatra,2.6905546982856805,-0.07733163760557331,0.15002027031465145,0.0262743129758077,wild sumatra
Ready,2.71527194864169,-0.0769487819854391,0.14859994921147798,0.0265468011213348,Ready
sumatra ready,2.71527194864169,-0.0769487819854391,0.14859994921147798,0.0265468011213348,sumatra ready
Hang,2.7419097396464296,-0.0765411324135068,0.1470898926793258,0.0268343238901724,Hang
ready hang,2.7419097396464296,-0.0765411324135068,0.1470898926793258,0.0268343238901724,ready hang
with,2.757633722548162,-0.07630286985659725,0.14620835889940303,0.027001136431849013,with
hang with,2.757633722548162,-0.07630286985659725,0.14620835889940303,0.027001136431849013,hang with
Orangutans,2.7740833989713654,-0.07605546289843848,0.14529381493201654,0.027173390241642024,Orangutans
with orangutans,2.7740833989713654,-0.07605546289843848,0.14529381493201654,0.027173390241642024,with orangutans
01.12.2025,2.856712304171416,-0.07484048629091594,0.14081460590995493,0.028005261059668662,01.12.2025
bis 01.12.2025,2.856712304171416,-0.07484048629091594,0.14081460590995493,0.028005261059668662,bis 01.12.2025
150€,2.910596694769112,-0.07407214448291585,0.1379920399129076,0.02851947579646651,150€
01.12.2025 150€,2.910596694769112,-0.07407214448291585,0.1379920399129076,0.02851947579646651,01.12.2025 150€
Sofortrabatt,2.9353704624969814,-0.07372498243807304,0.13671920832653794,0.028748852013062685,Sofortrabatt
150€ sofortrabatt,2.9353704624969814,-0.07372498243807304,0.13671920832653794,0.028748852013062685,150€ sofortrabatt
Tage,8.296493313141468,0.038324800487734845,-0.05687062523307186,-0.02811499127362522,Tage
sofortrabatt tag+e,3.052191908129075,-0.07213712003362542,0.13091675426053884,0.029774924477031665,sofortrabatt tag+e
Nächte,4.71278179185707,-0.04857508398222242,0.06671136720580136,0.03224316659839906,Nächte
tag+e nacht+e,3.1091661407545335,-0.07139074194381394,0.1281999210445208,0.030244409038461015,tag+e nacht+e
Ort,5.668696881651925,-0.04923713415837149,0.049825766345809194,0.04106147062578411,Ort
nacht+e ort,3.200783537641293,-0.07022664942048276,0.12397564895796516,0.030960687413532546,nacht+e ort
Orang,3.2488218853432245,-0.06963326141202672,0.12182830415391482,0.031318460123147755,Orang
ort orang,3.2488218853432245,-0.06963326141202672,0.12182830415391482,0.031318460123147755,ort orang
Utan-Abenteuer,3.3131024737639194,-0.06885667697178337,0.1190239007495004,0.03177933433947671,Utan-Abenteuer
orang utan-abenteuer,3.3131024737639194,-0.06885667697178337,0.1190239007495004,0.03177933433947671,orang utan-abenteuer
inkl.,3.51753926015698,-0.06651041868420925,0.11058984617441382,0.03312249871435948,inkl.
utan-abenteuer inkl.,3.51753926015698,-0.06651041868420925,0.11058984617441382,0.03312249871435948,utan-abenteuer inkl.
Flügen,3.6246344860492363,-0.06535045484513594,0.10644049649880835,0.03376007930961598,Flügen
inkl. flug+en,3.6246344860492363,-0.06535045484513594,0.10644049649880835,0.03376007930961598,inkl. flug+en
Unterkünften,3.8028900024162433,-0.06351479531264506,0.09989963989043325,0.03473472319029756,Unterkünften
flug+en unterkunft+en,3.8028900024162433,-0.06351479531264506,0.09989963989043325,0.03473472319029756,flug+en unterkunft+en
Orang-Utan-Trekking,4.293093940124527,-0.058993463433538104,0.08390812508787926,0.03696612918104855,Orang-Utan-Trekking
unterkunft+en orang-utan-trekking,4.293093940124527,-0.058993463433538104,0.08390812508787926,0.03696612918104855,unterkunft+en orang-utan-trekking
Vulkan-Hike,7.737765953269621,-0.039286260320388566,0.015342625529002365,0.04441740333533516,Vulkan-Hike
orang-utan-trekking vulkan-hik+e,7.737765953269621,-0.039286260320388566,0.015342625529002365,0.04441740333533516,orang-utan-trekking vulkan-hik+e
Einblicke,6.099173535994331,0.0004255026089972302,0.0029728302390277465,-0.0019612103320939705,Einblicke
vulkan-hik+e einblick+e,4.723276138161061,-0.05554687156376422,0.07181333682892325,0.03851777209029968,vulkan-hik+e einblick+e
einblick+e leben,4.008950511104029,-0.0615269256417699,0.0928491894047442,0.03574454024418794,einblick+e leben
Locals,3.7302931740507197,-0.06424867362870469,0.10251097507561893,0.03435003064837867,Locals
leben local+s,3.7302931740507197,-0.06424867362870469,0.10251097507561893,0.03435003064837867,leben local+s
1.424€,3.534133554707018,-0.06632771785166304,0.10993543696509574,0.033224060632310336,1.424€
local+s 1.424€,3.534133554707018,-0.06632771785166304,0.10993543696509574,0.033224060632310336,local+s 1.424€
pro,5.310767877276992,-0.031946167160603396,0.04228051651395724,0.022655946195574008,pro
1.424€ pro,3.4267300322359455,-0.06753030369001255,0.11424904294203177,0.03254759381937858,1.424€ pro
Person,3.3733193928382303,-0.06814659101737794,0.11646533597613774,0.032193560240344504,Person
pro person,3.3733193928382303,-0.06814659101737794,0.11646533597613774,0.032193560240344504,pro person
Ihr,6.099715438372128,0.03090462399803286,0.00205577478514506,-0.044776508219321234,Ihr
wolltet,3.22905546466447,-0.06987604811376458,0.12270642049903614,0.03117266903751726,wolltet
ihr woll+tet,3.22905546466447,-0.06987604811376458,0.12270642049903614,0.03117266903751726,ihr woll+tet
woll+tet schon,3.1569758472171086,-0.07077785201293867,0.1259739067858265,0.030623926228143673,woll+tet schon
schon immer,3.1091661407545335,-0.07139074194381394,0.1281999210445208,0.030244409038461015,schon immer
mal,3.0657845689055794,-0.0719574365314498,0.13026209311906436,0.02988868831184455,mal
immer mal,3.0657845689055794,-0.0719574365314498,0.13026209311906436,0.02988868831184455,immer mal
schlauste…,2.9783677737459273,-0.07313127476547007,0.13454598346925808,0.02913690356258917,schlauste…
mal schlauste…,2.9783677737459273,-0.07313127476547007,0.13454598346925808,0.02913690356258917,mal schlauste…
Linienflüge,2.901094636164207,-0.0742063056796038,0.13848434086142805,0.028430341260180757,Linienflüge
schlauste… linie+n+flug+e,2.901094636164207,-0.0742063056796038,0.13848434086142805,0.028430341260180757,schlauste… linie+n+flug+e
Medan,2.8284023031460888,-0.07525163630621773,0.14232817253885055,0.027726347017609454,Medan
linie+n+flug+e medan,2.8284023031460888,-0.07525163630621773,0.14232817253885055,0.027726347017609454,linie+n+flug+e medan
medan zurück,2.799154873817833,-0.07860233653497375,0.15627564899053095,0.024547358978353157,medan zurück
Umstieg,2.781690319663879,-0.0825402610149738,0.17250874400023566,0.02073414454574785,Umstieg
zurück umstieg,2.781690319663879,-0.0825402610149738,0.17250874400023566,0.02073414454574785,zurück umstieg
möglich,6.314873982306814,-0.10157820600675077,0.271064942818944,-0.012413105640798274,möglich
umstieg möglich,2.7663346748791415,-0.0865738096133467,0.18882692792273095,0.01681551666819544,umstieg möglich
möglich /li,2.7484885337729077,-0.0923515023395896,0.21167371318971423,0.011181893201206002,möglich /li
Aufgabegepäck,2.7378295970783406,-0.09678673514065657,0.22880414590242862,0.006842536057114403,Aufgabegepäck
/li aufgabe+gepäck,2.7378295970783406,-0.09678673514065657,0.22880414590242862,0.006842536057114403,/li aufgabe+gepäck
Handgepäck,2.7211782677707994,-0.10784710369171967,0.2700528800137477,-0.004025289344499043,Handgepäck
aufgabe+gepäck hand+gepäck,2.7211782677707994,-0.10784710369171967,0.2700528800137477,-0.004025289344499043,aufgabe+gepäck hand+gepäck
gem,2.716531148555449,-0.11570005164084947,0.298131039922862,-0.011774047287842822,gem
hand+gepäck gem,2.716531148555449,-0.11570005164084947,0.298131039922862,-0.011774047287842822,hand+gepäck gem
Bestimmung,2.7160459267829653,-0.11966294259317567,0.3119385101447924,-0.015692512274418185,Bestimmung
ausgewählten,2.722333530813721,-0.13370821373734623,0.3590311278919339,-0.0296142574754378,ausgewählten
bestimmung aus+ge+wähl+t+en,2.722333530813721,-0.13370821373734623,0.3590311278919339,-0.0296142574754378,bestimmung aus+ge+wähl+t+en
Airline,2.741331865852672,-0.15007693530771948,0.41055391985565276,-0.04588639554588081,Airline
aus+ge+wähl+t+en airline,2.741331865852672,-0.15007693530771948,0.41055391985565276,-0.04588639554588081,aus+ge+wähl+t+en airline
airline /li,2.7709228093593055,-0.16763192935281443,0.462198269647855,-0.06337286721546426,airline /li
Luftverkehrssteuer,2.812257400319292,-0.18765220547665587,0.5170356561027136,-0.08334157396187944,Luftverkehrssteuer
/li luft+verkehr+s+steuer,2.812257400319292,-0.18765220547665587,0.5170356561027136,-0.08334157396187944,/li luft+verkehr+s+steuer
Flughafen-,3.3019491973415462,-0.3603663598493245,0.8669426749795347,-0.2559379702576214,Flughafen-
luft+verkehr+s+steuer flug+hafen+-,3.3019491973415462,-0.3603663598493245,0.8669426749795347,-0.2559379702576214,luft+verkehr+s+steuer flug+hafen+-
Flugsicherheitsgeb…,2.8179205198211217,-0.21028915506669577,0.5742692764230629,-0.10578160091560075,Flugsicherheitsgeb…
flug+hafen+- flugsicherheitsgeb…,2.8179205198211217,-0.21028915506669577,0.5742692764230629,-0.10578160091560075,flug+hafen+- flugsicherheitsgeb…
+1315,2.661085227063573,-0.16395564500728113,0.45120567665846545,-0.059348415953711806,+1315
flugsicherheitsgeb… +1315,2.661085227063573,-0.16395564500728113,0.45120567665846545,-0.059348415953711806,flugsicherheitsgeb… +1315
+1315 chars,2.634363186480388,-0.15681640644606212,0.430249530445078,-0.05218281859133734,+1315 chars
Äthiopien,53.546612516560415,0.013444809197595541,-0.14639367141449636,0.04361383675141582,Äthiopien
vulkan äthiopien,26.68253641342539,-0.008752554915087923,-0.09266953624665011,0.051520333773010275,vulkan äthiopien
äthiopien brech+t,18.288819166619383,-0.01666291049588351,-0.06401827747835744,0.049993112855568254,äthiopien brech+t
erstmals,31.409970476813818,-0.0005858664783556348,-0.1084792641849918,0.047261754825623226,erstmals
brech+t erstmals,16.179731117356937,-0.019478743089215076,-0.053966252249876306,0.04940953235750123,brech+t erstmals
erstmals seit,27.866143494074702,-0.005237410679608373,-0.10366250484014748,0.051377773786068635,erstmals seit
jahr+tausend+en hier,3.4006516691256143,-0.058403919627418525,0.1083954979548169,0.02412372221902364,jahr+tausend+en hier
thema asche+wolke,5.240759256590447,0.02144826189705039,-0.001118983275688502,-0.02950111625143876,thema asche+wolke
äthiopien erstmals,15.41701767553343,-0.019021709984658568,-0.051243805242968,0.04768746244460912,äthiopien erstmals
Tausenden,10.347641169864708,-0.03087190554942953,-0.01388136207223037,0.04676121749107949,Tausenden
seit tausend+en,10.347641169864708,-0.03087190554942953,-0.01388136207223037,0.04676121749107949,seit tausend+en
tausend+en jahr+en,13.351729674410233,-0.024154463020578467,-0.0374152790378804,0.04838364154475165,tausend+en jahr+en
jahr+en vulkan,22.89635367861795,-0.011821474115272523,-0.08147551545259338,0.05094543083738667,jahr+en vulkan
Hayli,57.160656449501516,0.008238331016074314,-0.14443474573329906,0.04972092354543547,Hayli
vulkan hayli,46.38176187844892,0.0009188798965062188,-0.12870956289575383,0.05321997917142518,vulkan hayli
Gubbi,47.68946828654648,0.01706045451459211,-0.14459753715321091,0.038113901737177235,Gubbi
hayli gubbi,47.68946828654648,0.01706045451459211,-0.14459753715321091,0.038113901737177235,hayli gubbi
gubbi aus+ge+brech+en,19.729340403278293,0.11180072317804875,-0.19274406304606173,-0.08367698645064803,gubbi aus+ge+brech+en
stieg,12.866409118267713,0.07572118646297342,-0.12626774416225012,-0.05385847255294205,stieg
asche+wolke steig,11.881160125950553,0.07247646339276509,-0.11729057381192388,-0.05270983515906564,asche+wolke steig
"8,5",15.23004200444398,0.04502546320747729,-0.1077547714095546,-0.015679836139034516,"8,5"
"steig 8,5",9.479551163563045,0.02564342228066571,-0.055818347339857015,-0.010367795216584983,"steig 8,5"
"8,5 kilo+meter",13.84726102595312,0.03777238042603832,-0.09449703201968669,-0.01084691769694688,"8,5 kilo+meter"
trieb,7.101992295853879,0.01945651215838806,-0.026859097837387054,-0.014650242821134925,trieb
höhe treib,5.766329810669848,-0.014412858318482017,0.020471534712260916,0.00990397558650263,höhe treib
ostwärts,5.638043056501173,-0.018050285108057517,0.025519667436934252,0.012369043486177475,ostwärts
treib ostwärts,5.638043056501173,-0.018050285108057517,0.025519667436934252,0.012369043486177475,treib ostwärts
Arabische,10.8578428163923,-0.00603791137609891,-0.038133712573198385,0.02521815676060116,Arabische
ostwärts arabisch+e,5.3197067265582465,-0.02642563391281679,0.03770840686122362,0.01764369475230712,ostwärts arabisch+e
Halbinsel,13.648963222194617,-0.0036240081106789627,-0.05629320192238136,0.029831019898703227,Halbinsel
arabisch+e halbinsel,10.452207613089824,-0.011867015312170354,-0.030387939307157056,0.02951784128921698,arabisch+e halbinsel
+957,2.826980008631852,-0.06330428012595093,0.1338081545411063,0.01727886920997349,+957
halbinsel +957,2.826980008631852,-0.06330428012595093,0.1338081545411063,0.01727886920997349,halbinsel +957
+957 char+s,2.8078994155204597,-0.0641349926042346,0.13524874567545925,0.017574383069836084,+957 char+s
Addis,6.731799787073648,-0.04361649450095564,0.030338607906391066,0.04304500428982903,Addis
jahr+tausend+en addis,5.3434669387885245,-0.05124122647790247,0.05679228052256896,0.04029241664662799,jahr+tausend+en addis
Abeba/Brüssel,3.3018274913479266,-0.0689914819470095,0.11951023685200242,0.03169992504069182,Abeba/Brüssel
addis abeba/brüssel,3.3018274913479266,-0.0689914819470095,0.11951023685200242,0.03169992504069182,addis abeba/brüssel
abeba/brüssel äthiopien,5.097659028450145,-0.052865357684872966,0.062448647366898875,0.03964325626508686,abeba/brüssel äthiopien
"8,5 kopier+e",3.4733895369580794,-0.0378866422190425,0.09050410613915602,0.0068578627558778275,"8,5 kopier+e"
hinzu+füg+en ein,4.201336241593292,0.03159303026046648,0.012249188278512983,-0.05077928993508141,hinzu+füg+en ein
erwacht,14.057524809490037,-0.018749510822767143,-0.04539626656467897,0.04487640891408373,erwacht
vulkan erwach+t,12.035181975501798,-0.02681805388364994,-0.028053836281440654,0.04776316428673734,vulkan erwach+t
erwach+t asche,7.5306311826500085,0.08060289026709239,-0.08952251684853234,-0.07786586237747088,erwach+t asche
zieht,6.230434933807902,-0.04610911677364537,0.03897408851689769,0.04219540702921642,zieht
asche zieh+t,6.230434933807902,-0.04610911677364537,0.03897408851689769,0.04219540702921642,asche zieh+t
zieh+t arabisch+e,5.459322950412888,-0.05050935245963366,0.054246644836263874,0.040577275745301906,zieh+t arabisch+e
Umkreis,4.78376554912956,-0.05509512987093735,0.0702332024542978,0.03871222039456089,Umkreis
Bergs,4.5617356564601055,-0.0567912604242386,0.07617186933679149,0.037971639429155664,Bergs
umkreis berg+s,4.5617356564601055,-0.0567912604242386,0.07617186933679149,0.037971639429155664,umkreis berg+s
leben,4.4829162536443645,-0.05741950038748749,0.07837573954286893,0.03768995263988781,leben
berg+s leb+en,4.4829162536443645,-0.05741950038748749,0.07837573954286893,0.03768995263988781,berg+s leb+en
Tausende,14.406902824334889,-0.013258743373840686,-0.051667652271209195,0.0404603483404602,Tausende
leb+en tausend+e,4.4892771776018385,-0.05736826706466698,0.07819592287373246,0.037713076617459367,leb+en tausend+e
tausend+e mensch+en,7.548105690615448,-0.026822502045562108,0.007340600804842273,0.03218511441249019,tausend+e mensch+en
+1085,2.8057112692485533,-0.07558500249463508,0.14355704189543608,0.027498259243229527,+1085
seit +1085,2.8057112692485533,-0.07558500249463508,0.14355704189543608,0.027498259243229527,seit +1085
+1085 chars,2.7843254326396623,-0.07590236601409295,0.14472830704267212,0.02727949375513392,+1085 chars
jahr+tausend+en ein,6.098208267627087,-0.046811020623828185,0.041407318593840295,0.041947721775926476,jahr+tausend+en ein
+1014,2.826980008631852,-0.06330428012595093,0.1338081545411063,0.01727886920997349,+1014
halbinsel +1014,2.826980008631852,-0.06330428012595093,0.1338081545411063,0.01727886920997349,halbinsel +1014
+1014 char+s,2.8041986794881737,-0.06429436377334297,0.13552771745432662,0.017629491898547015,+1014 char+s
Arabien,5.097659028450145,-0.052865357684872966,0.062448647366898875,0.03964325626508686,Arabien
asche arabien,5.097659028450145,-0.052865357684872966,0.062448647366898875,0.03964325626508686,asche arabien
arabien vulkan,7.737765953269621,-0.039286260320388566,0.015342625529002365,0.04441740333533516,arabien vulkan
erwach+t jahr+tausend+en,4.343180568946109,-0.058569473583329236,0.08241623255212518,0.037163694605423195,erwach+t jahr+tausend+en
Abeba,5.175159309525149,-0.05234238775562408,0.060626137213429805,0.03985488892144484,Abeba
addis abeba,5.175159309525149,-0.05234238775562408,0.060626137213429805,0.03985488892144484,addis abeba
abeba tausend+e,5.103706228823484,-0.052824177422885976,0.06230509518972443,0.03966001181645132,abeba tausend+e
tausend+e jahr+e,5.216748141167535,-0.05206596265940559,0.059663274733433136,0.039965744981169796,tausend+e jahr+e
Schlaf,7.241159668211253,-0.04132401441508886,0.022400095955731076,0.04378718213762722,Schlaf
jahr+e schlaf,7.241159668211253,-0.04132401441508886,0.022400095955731076,0.04378718213762722,jahr+e schlaf
plötzliche,6.3014271138926485,-0.04574033034671074,0.03769597523718882,0.042324025853726896,plötzliche
schlaf plötzlich+e,6.3014271138926485,-0.04574033034671074,0.03769597523718882,0.042324025853726896,schlaf plötzlich+e
plötzlich+e ausbruch,7.42233906422948,-0.04055960913549475,0.0197529945005299,0.044026746260802795,plötzlich+e ausbruch
gubbi äthiopien,13.743601505358198,-0.0047565946465142304,-0.05578361194935748,0.031107692629368966,gubbi äthiopien
Jahrtausen,3.501393389332999,-0.06668925378721162,0.11123072728457191,0.03302266886145269,Jahrtausen
seit jahrtaus+en,3.501393389332999,-0.06668925378721162,0.11123072728457191,0.03302266886145269,seit jahrtaus+en
jahrtaus+en ...,3.3607312655448767,-0.06829367478337027,0.11699486500576184,0.03210831735844496,jahrtaus+en ...
... addis,3.3131024737639194,-0.06885667697178337,0.1190239007495004,0.03177933433947671,... addis
jahr+tausend+en aus+ge+brech+en,3.9951627247192234,0.12029506969503743,-0.06817535608762233,-0.1554199224976461,jahr+tausend+en aus+ge+brech+en
schoss,3.400110588733285,0.04404137314764464,0.02485094611678888,-0.07590890071960106,schoss
asche+wolke schieß,3.400110588733285,0.04404137314764464,0.02485094611678888,-0.07590890071960106,asche+wolke schieß
"schieß 8,5",3.186085057130599,0.005895408419362333,0.06552111381855792,-0.040219525324679976,"schieß 8,5"
Höh…,3.0042638570282287,-0.020844118948257676,0.09424619743548966,-0.01776184963787392,Höh…
kilo+meter höh…,3.0042638570282287,-0.020844118948257676,0.09424619743548966,-0.01776184963787392,kilo+meter höh…
+780,4.453340419295082,0.00989303684551337,0.025050931327286304,-0.025639531959296327,+780
höh… +780,2.9656870382515272,-0.025778350798823832,0.09969066044229874,-0.013899726364287789,höh… +780
+780 char+s,4.39046105325354,0.008003633485878348,0.02812204823750546,-0.02446902476169255,+780 char+s
jahr+tausend+en nan,3.3733193928382303,-0.06814659101737794,0.11646533597613774,0.032193560240344504,jahr+tausend+en nan
nan äthiopien,5.097659028450145,-0.052865357684872966,0.062448647366898875,0.03964325626508686,nan äthiopien
+1654,2.826980008631852,-0.06330428012595093,0.1338081545411063,0.01727886920997349,+1654
halbinsel +1654,2.826980008631852,-0.06330428012595093,0.1338081545411063,0.01727886920997349,halbinsel +1654
+1654 char+s,2.8041986794881737,-0.06429436377334297,0.13552771745432662,0.017629491898547015,+1654 char+s
12.000,9.270814917296565,-0.03395628933611226,-0.00314596150109591,0.04594673687634177,12.000
seit 12.000,6.230434933807902,-0.04610911677364537,0.03897408851689769,0.04219540702921642,seit 12.000
12.000 jahr+en,6.816590416291155,-0.04321920492345008,0.028962750068668105,0.0431762401722424,12.000 jahr+en
schlafender,4.893526332777002,-0.05429419307882305,0.06743422581302078,0.039052092837270215,schlafender
jahr+en schlaf+end+er,4.893526332777002,-0.05429419307882305,0.06743422581302078,0.039052092837270215,jahr+en schlaf+end+er
schlaf+end+er vulkan,13.016698354013446,-0.024797472599240308,-0.0351513059297267,0.04823640931613546,schlaf+end+er vulkan
äthiopien aus+ge+brech+en,7.498762617269864,0.07076053150508384,-0.07938511848026353,-0.06692681140207976,äthiopien aus+ge+brech+en
Jahrtausende,6.682174010762472,-0.034227196869043006,0.02353029805963102,0.03430296673116195,Jahrtausende
aus+ge+brech+en jahr+tausend+e,4.3539255488482835,-0.04239549839858462,0.06983793307107507,0.022895937164244477,aus+ge+brech+en jahr+tausend+e
jahr+tausend+e vulkan,13.016698354013446,-0.024797472599240308,-0.0351513059297267,0.04823640931613546,jahr+tausend+e vulkan
geschlafen,5.927340458281498,-0.03610396187940764,0.0355225288421727,0.031161567425735667,geschlafen
äthiopien ge+schlaf+en,5.927340458281498,-0.03610396187940764,0.0355225288421727,0.031161567425735667,äthiopien ge+schlaf+en
ge+schlaf+en aus+ge+brech+en,6.757584641993474,0.0960407017880472,-0.09575769821980133,-0.100146092821118,ge+schlaf+en aus+ge+brech+en
Todesopfer,5.025687187159258,0.02181727523660075,0.0026195066219895495,-0.031817901917524316,Todesopfer
tod+es+opfer schaden,4.694150642869756,0.00857964336813109,0.020835267631627803,-0.021742047281383025,tod+es+opfer schaden
schaden geb+t,4.5959771967132035,0.011193806518752193,0.020727302140852145,-0.025378857928303408,schaden geb+t
offenbar,4.528032517732018,0.018050866794127682,0.01632910128669981,-0.033020453746759805,offenbar
geb+t offenbar,4.528032517732018,0.018050866794127682,0.01632910128669981,-0.033020453746759805,geb+t offenbar
ein kilometerhoh+e,4.520236646100851,0.06415184671818543,-0.025336288666447934,-0.0821196818964087,ein kilometerhoh+e
zog,5.365750004425896,-0.002642128410569507,0.017348485066426216,-0.004511380095538529,zog
asche+wolke zieh,3.241673827683691,0.01820425696469936,0.05310249175509241,-0.05163308167695792,asche+wolke zieh
Horn,3.2022203810297043,-0.011630915989886208,0.079239443578799,-0.022653344359599252,Horn
zieh horn,3.2022203810297043,-0.011630915989886208,0.079239443578799,-0.022653344359599252,zieh horn
Afrika,3.2098425421814105,-0.031009757437373685,0.09426599577952223,-0.004104841477015017,Afrika
horn afrika,3.2098425421814105,-0.031009757437373685,0.09426599577952223,-0.004104841477015017,horn afrika
afrika arabisch+e,3.2820986910451198,-0.053783069523716046,0.10900373068250394,0.017978158016557933,afrika arabisch+e
24.11.2025,3.6246344860492363,-0.06535045484513594,0.10644049649880835,0.03376007930961598,24.11.2025
stand 24.11.2025,3.6246344860492363,-0.06535045484513594,0.10644049649880835,0.03376007930961598,stand 24.11.2025
17:54,3.8840661985898244,-0.06271538260181336,0.09706040684215712,0.03514640321979045,17:54
24.11.2025 17:54,3.8840661985898244,-0.06271538260181336,0.09706040684215712,0.03514640321979045,24.11.2025 17:54
17:54 uhr,4.080230475584151,-0.060869921281365404,0.09052593298940625,0.036068222839232424,17:54 uhr
uhr jahr+tausend+e,4.293093940124527,-0.058993463433538104,0.08390812508787926,0.03696612918104855,uhr jahr+tausend+e
+1768,3.034381351103498,0.023492738944342093,0.05663797430712224,-0.06126025124865727,+1768
asche+wolke +1768,3.034381351103498,0.023492738944342093,0.05663797430712224,-0.06126025124865727,asche+wolke +1768
+1768 chars,2.9708840444460245,0.008717269293565488,0.07172175740769758,-0.047485465059856326,+1768 chars
jahr+tausend+en äthiopien,3.68594342185921,-0.06470616304866253,0.1041412705494367,0.034106892002802675,jahr+tausend+en äthiopien
brech+t jahr+tausend+en,4.008950511104029,-0.0615269256417699,0.0928491894047442,0.03574454024418794,brech+t jahr+tausend+en
jahr+tausend+en vulkan,13.016698354013446,-0.024797472599240308,-0.0351513059297267,0.04823640931613546,jahr+tausend+en vulkan
Satellitenbilder,5.922726341524026,-0.03696919510416292,0.036277816878116605,0.031913473905548266,Satellitenbilder
satellit+en+bild+er zeig+en,5.349138768835735,-0.03055161001353978,0.040495907516433845,0.02169400824709202,satellit+en+bild+er zeig+en
zeig+en gigantisch+e,3.6285870715408692,-0.010803998885817661,0.06418705236783451,-0.016157073396174573,zeig+en gigantisch+e
weit,6.236292813911162,0.06016283624976186,-0.05287679214167238,-0.06270832952252388,weit
asche+wolke weit,3.2639319735821313,-0.01754097725833004,0.08171746090417224,-0.015817525282110813,asche+wolke weit
Region,15.894059535321619,0.02745389151807665,-0.09411468864273936,0.0035933548395516877,Region
weit region,3.2834329439142236,-0.04315009919367615,0.10094999444035091,0.008421738171929524,weit region
Afar,9.11409399339253,0.012206210829395707,-0.04077277396970803,0.0017357324151659245,Afar
region afar,6.046165207112129,0.027720456064085373,-0.020048061123161588,-0.029605351432937035,region afar
hinauszieht,3.3637458353920717,-0.0587157020427736,0.10986155243836342,0.02377640535340579,hinauszieht
afar hinaus+zieh+t,3.3637458353920717,-0.0587157020427736,0.10986155243836342,0.02377640535340579,afar hinaus+zieh+t
video+s satellit+en+bild+er,3.6662738252830147,-0.045640124756685045,0.09044084434664146,0.01691844609045155,video+s satellit+en+bild+er
"zeig+en 8,5",3.873410918523953,-0.041762548173144856,0.08152545136530695,0.016360534665171376,"zeig+en 8,5"
vulkan lieg+t,5.498520739800831,-0.05026634182875336,0.05340180195096798,0.04067083067505976,vulkan lieg+t
abgelegen…,4.343180568946109,-0.058569473583329236,0.08241623255212518,0.037163694605423195,abgelegen…
lieg+t abgelegen…,4.343180568946109,-0.058569473583329236,0.08241623255212518,0.037163694605423195,lieg+t abgelegen…
+1671,3.8840661985898244,-0.06271538260181336,0.09706040684215712,0.03514640321979045,+1671
abgelegen… +1671,3.8840661985898244,-0.06271538260181336,0.09706040684215712,0.03514640321979045,abgelegen… +1671
+1671 chars,3.7302931740507197,-0.06424867362870469,0.10251097507561893,0.03435003064837867,+1671 chars
äthiopien vulkan,13.016698354013446,-0.024797472599240308,-0.0351513059297267,0.04823640931613546,äthiopien vulkan
Als,21.67091981058138,0.0300409277614904,-0.1157342842368929,0.008938974605682784,Als
jahr+en als,5.3489069002359715,-0.05120639688915587,0.056671091494934774,0.040306079356850676,jahr+en als
als vulkan,13.016698354013446,-0.024797472599240308,-0.0351513059297267,0.04823640931613546,als vulkan
gubbi letzt+e,4.201117744430448,-0.0597890782793733,0.08671098134957814,0.036590154618650214,gubbi letzt+e
Mal,12.573234383804467,0.02646951403152683,-0.0773590937642528,-0.002142749162925609,Mal
letzt+e mal,6.509086703681648,-0.04469236788430266,0.03406504492585343,0.04268392414122361,letzt+e mal
ausbrach,13.268018014681822,0.0022966086528727215,-0.05950517102906785,0.023334609911737015,ausbrach
mal aus+brech,3.828913949264684,-0.0632561251404635,0.09898033991016005,0.034868766534346216,mal aus+brech
endete,3.6054457168722367,-0.06555500973111471,0.10717128256156058,0.03364888430537068,endete
aus+brech end+ete,3.6054457168722367,-0.06555500973111471,0.10717128256156058,0.03364888430537068,aus+brech end+ete
gerade,5.020326100657485,-0.08551333847238703,0.03707666765111555,0.09017552958422792,gerade
end+ete gerade,3.4856758917671686,-0.06686436969847291,0.11185858761459386,0.03292451386828697,end+ete gerade
gerade letzt+e,4.201117744430448,-0.0597890782793733,0.08671098134957814,0.036590154618650214,gerade letzt+e
Eiszeit,3.258999009363133,-0.06950899810253137,0.12137911928676562,0.031392763086694433,Eiszeit
letzt+e eis+zeit,3.258999009363133,-0.06950899810253137,0.12137911928676562,0.031392763086694433,letzt+e eis+zeit
Rund,3.1740318965206735,-0.07056208482673361,0.12519127830522628,0.030756261686553526,Rund
rund 12.000,3.132470920647843,-0.07109048793112173,0.12710885161157698,0.03043100504254626,rund 12.000
12.000 jahr+e,5.389180637823902,-0.05094998127310147,0.05577903249487321,0.04040633577614485,12.000 jahr+e
später,6.014853852944813,0.04810020438491241,-0.038187171279452474,-0.051190888426043406,später
jahr+e spät+er,6.014853852944813,0.04810020438491241,-0.038187171279452474,-0.051190888426043406,jahr+e spät+er
spät+er aktiv,3.3246211015332787,-0.06871956776188012,0.11852945275941003,0.03185984741552274,spät+er aktiv
aktiv tausend+e,3.4128938142003227,-0.06768876050585469,0.11481850961150075,0.03245704806338409,aktiv tausend+e
Äthiopier,3.551197670407258,-0.0661409961267708,0.10926696264680623,0.0333274148607866,Äthiopier
tausend+e äthiopier,3.551197670407258,-0.0661409961267708,0.10926696264680623,0.0333274148607866,tausend+e äthiopier
betroffen,15.526167013163988,0.02281014084601397,-0.08833191187551305,0.007625628585109726,betroffen
äthiopier betreff+en,3.8840661985898244,-0.06271538260181336,0.09706040684215712,0.03514640321979045,äthiopier betreff+en
abgelegenen,8.793172563940786,-0.0006207601199552962,-0.02681546360747277,0.013012344647020018,abgelegenen
ausbruch ab+ge+leg+en+en,3.4995775548410655,-0.051987900978485595,0.10038812578842453,0.020044000024415334,ausbruch ab+ge+leg+en+en
ab+ge+leg+en+en region,4.6641654730269835,0.026398219157977205,0.006012033769731466,-0.040092076898416235,ab+ge+leg+en+en region
Nordosten,3.2656575051767187,-0.030852617851315305,0.09212734348958454,-0.0032226370680983264,Nordosten
afar nordosten,3.2656575051767187,-0.030852617851315305,0.09212734348958454,-0.0032226370680983264,afar nordosten
Landes,6.328228089116158,0.014441848861783147,-0.012400824805147134,-0.014247683545715237,Landes
nordosten land+es,3.237865566334091,-0.004142375960847927,0.07186240827825216,-0.029279421505254994,nordosten land+es
land+es treib,3.2637362897862885,0.01928440639210314,0.0513721873366752,-0.05232614542044675,land+es treib
treib asche+wolke,3.5598372386570527,0.11887614938873577,-0.05317156429929424,-0.16052055945072716,treib asche+wolke
"asche+wolke 8,5",3.099450463564888,0.011306597584248507,0.06434268962515334,-0.04739359117045961,"asche+wolke 8,5"
höhe arabisch+e,2.877375805188219,-0.03000422060747193,0.10669793567920127,-0.011861983867982973,höhe arabisch+e
wi…,4.136119870442288,-0.039875622896743505,0.07315388511079435,0.01804673830847744,wi…
halbinsel wi…,2.7826768555474004,-0.04274225745295568,0.12058397560349696,-0.0022338080191770223,halbinsel wi…
+700,2.7640235884073068,-0.0449404077613009,0.12308021018663938,-0.0006657471522043478,+700
wi… +700,2.7640235884073068,-0.0449404077613009,0.12308021018663938,-0.0006657471522043478,wi… +700
+700 char+s,2.746472928520349,-0.04692353452099724,0.12536598050849804,0.0007209323653850367,+700 char+s
jahr+e ruhe,4.453038325241243,-0.05766142328346752,0.07922505050098555,0.037580393640295015,jahr+e ruhe
Schlafender,4.893526332777002,-0.05429419307882305,0.06743422581302078,0.039052092837270215,Schlafender
ruhe schlaf+end+er,4.893526332777002,-0.05429419307882305,0.06743422581302078,0.039052092837270215,ruhe schlaf+end+er
aus+ge+brech+en als,3.9693647585485543,-0.029092721351163062,0.06904574427339355,0.006017266059799257,aus+ge+brech+en als
ärmsten,4.957486029960386,-0.04053060415624972,0.055576055565863335,0.02737083173448881,ärmsten
als arm+st+en,4.957486029960386,-0.04053060415624972,0.055576055565863335,0.02737083173448881,als arm+st+en
Regionen,4.889589238602023,-0.044141153636502756,0.05971271108918119,0.029989047806860708,Regionen
arm+st+en region+en,4.889589238602023,-0.044141153636502756,0.05971271108918119,0.029989047806860708,arm+st+en region+en
Äthiopiens,4.859554506526544,-0.0466682220389749,0.06226197090926427,0.03196802563987454,Äthiopiens
region+en äthiopien+s,4.859554506526544,-0.0466682220389749,0.06226197090926427,0.03196802563987454,region+en äthiopien+s
äthiopien+s afar,5.216296630910588,-0.0520689481405248,0.05967367231443781,0.03996455139060235,äthiopien+s afar
afar immer,5.3845784829894106,-0.050979154814596535,0.05588051411170477,0.04039495825424888,afar immer
immer natur+katastrophe+n,5.977408407726124,-0.04747005187128403,0.043692771657815314,0.04171166255514648,immer natur+katastrophe+n
ausgesetzt,7.737765953269621,-0.039286260320388566,0.015342625529002365,0.04441740333533516,ausgesetzt
natur+katastrophe+n aus+ge+setz+t,7.737765953269621,-0.039286260320388566,0.015342625529002365,0.04441740333533516,natur+katastrophe+n aus+ge+setz+t
Vulkanausbrüche,22.89635367861795,-0.011821474115272523,-0.08147551545259338,0.05094543083738667,Vulkanausbrüche
lange,7.908181634090538,-0.03862669727008926,0.013057540208386712,0.04461573322895135,lange
vulkan+ausbruch+e lang+e,3.753634295891563,-0.06401071634370434,0.10166373975760264,0.03447548210731276,vulkan+ausbruch+e lang+e
lang+e zeit,9.012086097887149,-0.0347696542163257,-0.00032032187096590756,0.04572375747383504,lang+e zeit
allerdings,4.436814129233374,-0.057793679657370506,0.07968951340461854,0.037520241361136034,allerdings
zeit allerdings,3.644424933745377,-0.06514094732144791,0.10569242377622745,0.033873422062902635,zeit allerdings
gezählt,4.343180568946109,-0.058569473583329236,0.08241623255212518,0.037163694605423195,gezählt
allerdings ge+zähl+t,4.343180568946109,-0.058569473583329236,0.08241623255212518,0.037163694605423195,allerdings ge+zähl+t
gubbi erwach+t,4.263183040205027,-0.042475006122374426,0.07204552705068952,0.02192470031976176,gubbi erwach+t
Foto,4.905126700171174,-0.0439577006251014,0.05926455534007092,0.02997025098416535,Foto
picture,3.8523762099521397,-0.05089503295361675,0.08907759188428274,0.024289222223608898,picture
foto picture,3.8523762099521397,-0.05089503295361675,0.08907759188428274,0.024289222223608898,foto picture
alliance,3.043569953630683,-0.058333519961748286,0.12121367431629038,0.017515341559168555,alliance
picture alliance,3.043569953630683,-0.058333519961748286,0.12121367431629038,0.017515341559168555,picture alliance
Anadolu,3.019755338396837,-0.06314988142002849,0.12568076834131922,0.02128727503997221,Anadolu
alliance anadolu,3.019755338396837,-0.06314988142002849,0.12568076834131922,0.02128727503997221,alliance anadolu
anadolu als,3.0657070379456406,-0.0693424858259081,0.12838067930054614,0.027620832464156128,anadolu als
+1954,4.396381456014982,-0.05812603967876966,0.08085719789643268,0.03736826998577545,+1954
vulkan+ausbruch+e +1954,4.396381456014982,-0.05812603967876966,0.08085719789643268,0.03736826998577545,vulkan+ausbruch+e +1954
+1954 chars,4.1185073791175695,-0.06052323503843875,0.08930132782675781,0.03623705468087511,+1954 chars
äthiopischem,4.804780357916136,-0.054939933288420555,0.0696905927121341,0.03877856236083213,äthiopischem
asche äthiopisch+em,4.804780357916136,-0.054939933288420555,0.0696905927121341,0.03877856236083213,asche äthiopisch+em
äthiopisch+em vulkan,7.737765953269621,-0.039286260320388566,0.015342625529002365,0.04441740333533516,äthiopisch+em vulkan
behindert,12.79740952167374,-0.03305153452951969,0.006619746947654591,0.04046531836261865,behindert
vulkan behinder+t,5.498520739800831,-0.05026634182875336,0.05340180195096798,0.04067083067505976,vulkan behinder+t
Flugverkehr,24.962426449090895,-0.01198976271852805,-0.014661506770223131,0.022743578468509017,Flugverkehr
behinder+t flug+verkehr,4.513548219235972,-0.057173645116895835,0.07751299314757006,0.03780067129795438,behinder+t flug+verkehr
Indien,8.42598869894085,-0.022842371919610395,-0.004782169098041639,0.032496175820508136,Indien
flug+verkehr indien,7.326835507229466,-0.040959414234675015,0.021137531998469003,0.04390192800240112,flug+verkehr indien
indien der,4.513548219235972,-0.057173645116895835,0.07751299314757006,0.03780067129795438,indien der
vulkan+s hayli,11.89503080632899,-0.0034286815595378803,-0.04693175986265596,0.025568811810858922,vulkan+s hayli
Ähthiopien,6.454617636809257,-0.04496292795158157,0.035002339641541966,0.042591790133695503,Ähthiopien
gubbi ähthiopien,6.454617636809257,-0.04496292795158157,0.035002339641541966,0.042591790133695503,gubbi ähthiopien
glimpflich,5.580917711186196,-0.049762859697287415,0.05165202096238545,0.04086305123619138,glimpflich
ähthiopien glimpflich,5.580917711186196,-0.049762859697287415,0.05165202096238545,0.04086305123619138,ähthiopien glimpflich
verlaufen,5.1854282552505415,-0.052273863772940396,0.06038742092181715,0.039882433946407767,verlaufen
glimpflich verlauf+en,5.1854282552505415,-0.052273863772940396,0.06038742092181715,0.039882433946407767,glimpflich verlauf+en
verlauf+en tausend+e,4.684937256162904,-0.05583712378546171,0.0728291817746055,0.03839177323509154,verlauf+en tausend+e
tausend+e kilo+meter,4.529330472991737,-0.05704782301659155,0.07707160507252099,0.037857093129813446,tausend+e kilo+meter
kilo+meter entfern+t,4.399584589260618,-0.053677806860620327,0.0774247147605213,0.03348759073552717,kilo+meter entfern+t
Auswirkungen,6.72539335672617,-0.08220841916049103,0.18896990334293376,0.011337632341676816,Auswirkungen
entfern+t auswirkung+en,4.303623336506504,-0.0496383248261356,0.07658201201794991,0.028821269918418987,entfern+t auswirkung+en
auswirkung+en flug+verkehr,5.578344653957153,-0.04977843406736412,0.05170613555010419,0.040857137582684125,auswirkung+en flug+verkehr
mussten,4.1948479731582005,-0.013898930238567125,0.05105919348390413,-0.005431255958691105,mussten
indien müss+en,4.1948479731582005,-0.013898930238567125,0.05105919348390413,-0.005431255958691105,indien müss+en
wegen,9.52249275048975,0.00895466069952406,-0.04130065401791637,0.006435867823654355,wegen
müss+en wegen,3.2781969301137286,0.017707521058474854,0.05218926836131408,-0.05043772233444033,müss+en wegen
wegen asche+wolke,5.687870686913786,0.13113236438066966,-0.030036937080247447,-0.19544187181039765,wegen asche+wolke
asche+wolke mehrere,3.4017590741553474,0.005340030436640918,0.0582568684206322,-0.03571130426230633,asche+wolke mehrere
Flüge,6.004079893690391,-0.03674081136412261,0.08651201596715943,0.007367082921025196,Flüge
mehrere flug+e,3.395246296223512,-0.021669620519387672,0.0804229100411519,-0.009563446158919159,mehrere flug+e
abgesagt,3.419140598331437,-0.0355667652473806,0.09049593348880262,0.0038263281449151666,abgesagt
flug+e ab+ge+sag+t,3.419140598331437,-0.0355667652473806,0.09049593348880262,0.0038263281449151666,flug+e ab+ge+sag+t
25.11.2025,3.7077443223067394,-0.06448039121852363,0.10333648063170117,0.0342272030892115,25.11.2025
stand 25.11.2025,3.7077443223067394,-0.06448039121852363,0.10333648063170117,0.0342272030892115,stand 25.11.2025
14:41,4.008950511104029,-0.0615269256417699,0.0928491894047442,0.03574454024418794,14:41
25.11.2025 14:41,4.008950511104029,-0.0615269256417699,0.0928491894047442,0.03574454024418794,25.11.2025 14:41
14:41 uhr,4.245825604508112,-0.05939954428723556,0.08533814822122733,0.03677509295135843,14:41 uhr
weg…,2.7843254326396623,-0.07590236601409295,0.14472830704267212,0.02727949375513392,weg…
müss+en weg…,2.7843254326396623,-0.07590236601409295,0.14472830704267212,0.02727949375513392,müss+en weg…
+1717,2.7641233973507826,-0.07620503882268996,0.14584662496998926,0.02706936673803163,+1717
weg… +1717,2.7641233973507826,-0.07620503882268996,0.14584662496998926,0.02706936673803163,weg… +1717
+1717 char+s,2.74499906518594,-0.07649418278558301,0.14691612473641966,0.026867266346548693,+1717 char+s
120,10.59273936239018,-0.01502983249720077,-0.028706615005006406,0.03291323938275881,120
120 meter,11.039348716597006,-0.010225188324336465,-0.03577331017833857,0.029708293996783663,120 meter
hoch+e lavafontäne+n,13.117815001206456,0.2100523329323402,-0.2850898675261625,-0.22835231088424815,hoch+e lavafontäne+n
lavafontäne+n vulkan,13.016698354013446,-0.024797472599240308,-0.0351513059297267,0.04823640931613546,lavafontäne+n vulkan
kilauea aus+ge+brech+en,7.991041340744808,0.0566111947387946,-0.07099814705890233,-0.04893577943487612,kilauea aus+ge+brech+en
Spektakuläre,9.38462909810882,-0.001827226173698109,-0.03083120743038364,0.01641291569711996,Spektakuläre
aus+ge+brech+en spektakulär+e,4.103887151070542,-0.034067313434923474,0.06944406835202699,0.012339419191470863,aus+ge+brech+en spektakulär+e
spektakulär+e bild+er,9.537117619213689,-0.020630398635703425,-0.016203147876508683,0.03469966451375385,spektakulär+e bild+er
beim,12.060146350363773,0.04265893242923107,-0.08942382090645436,-0.020073604965825522,beim
bild+er bei,4.453038325241243,-0.05766142328346752,0.07922505050098555,0.037580393640295015,bild+er bei
bei ausbruch,24.333925090645423,0.07447181625279836,-0.1658072680416794,-0.03539455088308936,bei ausbruch
vulkan+s kilauea,5.498520739800831,-0.05026634182875336,0.05340180195096798,0.04067083067505976,vulkan+s kilauea
kilauea hawaii,13.660974252289535,-0.010913537794827056,-0.050100851744724,0.0367545828153803,kilauea hawaii
glühende,6.5359612661526665,-0.0023827496549048113,-0.0007647593005445532,0.003595494222850764,glühende
hawaii glüh+end+e,4.124641705912398,-0.019270997663700138,0.057170715847258004,-0.0011931731477524351,hawaii glüh+end+e
glüh+end+e lavafontäne+n,5.026280859430181,0.029749065521217897,-0.004411833825320697,-0.039960136946617944,glüh+end+e lavafontäne+n
stiegen,3.644193482377345,-0.015352244881450334,0.06738548200080312,-0.011548591745503854,stiegen
lavafontäne+n steig+en,3.644193482377345,-0.015352244881450334,0.06738548200080312,-0.011548591745503854,lavafontäne+n steig+en
steig+en 120,4.027718603257554,-0.03736124517747177,0.07397796538216728,0.014394256003551847,steig+en 120
50.000,3.1954474683690743,-0.05015223073863521,0.10939072248312141,0.01314974342142295,50.000
hoch 50.000,3.1954474683690743,-0.05015223073863521,0.10939072248312141,0.01314974342142295,hoch 50.000
Tonnen,4.205596147221286,0.030336716131225232,0.013254675856731686,-0.04941567441560356,Tonnen
50.000 tonne+n,3.1340012089351497,-0.05344754928620419,0.1141282371743723,0.014941888696518236,50.000 tonne+n
Schwefeldioxid,3.0798959000727875,-0.056145653515325876,0.11818808410378698,0.01629529616538887,Schwefeldioxid
tonne+n schwefeldioxid,3.0798959000727875,-0.056145653515325876,0.11818808410378698,0.01629529616538887,tonne+n schwefeldioxid
schwefeldioxid werd+en,2.9825274339008665,-0.06058259444564896,0.12529199723202175,0.018258279911098355,schwefeldioxid werd+en
freigesetzt,2.943786862607002,-0.06221578025498722,0.1280638103994242,0.01888603691356,freigesetzt
werd+en frei+ge+setz+t,2.943786862607002,-0.06221578025498722,0.1280638103994242,0.01888603691356,werd+en frei+ge+setz+t
äthiopien mehr,4.293093940124527,-0.058993463433538104,0.08390812508787926,0.03696612918104855,äthiopien mehr
mehr 000,3.975683974490078,-0.061838764420945276,0.09395307033045289,0.035589181335442255,mehr 000
000 jahr+e,4.1185073791175695,-0.06052323503843875,0.08930132782675781,0.03623705468087511,000 jahr+e
heißt,6.921594347693977,-0.0427361866231825,0.027290102134675875,0.04333429714846001,heißt
jahr+e heiß+t,4.453038325241243,-0.05766142328346752,0.07922505050098555,0.037580393640295015,jahr+e heiß+t
sei,8.581503071045763,-0.03619499792900747,0.004627032935388186,0.045324269337618586,sei
heiß+t sei,5.3489069002359715,-0.05120639688915587,0.056671091494934774,0.040306079356850676,heiß+t sei
sei vulkan,7.737765953269621,-0.039286260320388566,0.015342625529002365,0.04441740333533516,sei vulkan
gubbi mehr,4.3297812849606,-0.0035611378594620846,0.039275109742387446,-0.013789163403495288,gubbi mehr
mehr aus+ge+brech+en,4.41240095188532,0.05825224435915427,-0.01724089720898557,-0.07682460658760137,mehr aus+ge+brech+en
möglicherweise,5.5092287227810814,-0.02586926559945676,0.0339998867165447,0.01866497700543919,möglicherweise
aus+ge+brech+en möglicherweise,3.6017527019342808,-0.03339852821029339,0.0829711391608901,0.004763080737770779,aus+ge+brech+en möglicherweise
stimmt,5.726846578176116,-0.03808373757881458,0.04019030284100024,0.031509491111328,stimmt
möglicherweise stimm+t,5.726846578176116,-0.03808373757881458,0.04019030284100024,0.031509491111328,möglicherweise stimm+t
gar,3.2361906291871096,-0.053668308269230774,0.1105447425890007,0.017049866311366263,gar
stimm+t gar,3.2361906291871096,-0.053668308269230774,0.1105447425890007,0.017049866311366263,stimm+t gar
Erstmals,3.2776277130297147,-0.08887848546279832,0.07543458684467405,0.07676389890949145,Erstmals
gar erstmals,3.1593352551199114,-0.0521202261325458,0.11219284617492667,0.014237334168866772,gar erstmals
seit 000,3.975683974490078,-0.061838764420945276,0.09395307033045289,0.035589181335442255,seit 000
jahr+en sei,5.3489069002359715,-0.05120639688915587,0.056671091494934774,0.040306079356850676,jahr+en sei
sei hayli,5.498520739800831,-0.05026634182875336,0.05340180195096798,0.04067083067505976,sei hayli
aus+ge+brech+en heiß+t,4.453038325241243,-0.05766142328346752,0.07922505050098555,0.037580393640295015,aus+ge+brech+en heiß+t
doch möglicherweise,3.7798366731923223,-0.05566507847005881,0.09470745544481915,0.02751919779452952,doch möglicherweise
vulkan steh+t,5.498520739800831,-0.05026634182875336,0.05340180195096798,0.04067083067505976,vulkan steh+t
aktiven,22.539971359697365,0.0037709027658384257,-0.09417757709699794,0.03580852412195508,aktiven
steh+t aktiv+en,4.245825604508112,-0.05939954428723556,0.08533814822122733,0.03677509295135843,steh+t aktiv+en
aktiv+en region,3.943846548360928,-0.06214039429007722,0.09502154926661767,0.0354378398880019,aktiv+en region
kaum,7.445476609762488,0.00689810808637411,-0.019837923583670754,-0.00035254344320911484,kaum
region kaum,3.551197670407258,-0.0661409961267708,0.10926696264680623,0.0333274148607866,region kaum
erforscht,3.477854007243315,-0.06442268004932455,0.11031909562753942,0.030673168062186756,erforscht
kaum erforsch+t,3.477854007243315,-0.06442268004932455,0.11031909562753942,0.030673168062186756,kaum erforsch+t
riesig+e fast,3.3045001947301316,-0.02638377974118168,0.08726430614500696,-0.006703866537931549,riesig+e fast
fast kilo+meter,4.87005216174736,0.022015553540875425,0.005543134190430819,-0.033507973721381576,fast kilo+meter
23.,7.7864975957066935,-0.015348186645427387,-0.004643145580149522,0.02267253017453797,23.
steig 23.,3.0789221654242427,-0.007197101326224406,0.08037459862592045,-0.029390025698634213,steig 23.
23. november,3.0399089902233962,-0.014371520210558791,0.08768268354795353,-0.023223770902490608,23. november
2025,5.519328130242574,-0.027810795232874348,0.03539221627597247,0.020540016121716215,2025
november 2025,2.9687403549860143,-0.02618207849753205,0.09987905583463962,-0.013453177092730658,november 2025
Danakil-Senke,2.8846900462730605,-0.0380092734945838,0.11251526592520929,-0.0042465488742796645,Danakil-Senke
2025 danakil-senk+e,2.8846900462730605,-0.0380092734945838,0.11251526592520929,-0.0042465488742796645,2025 danakil-senk+e
danakil-senk+e äthiopien,2.8067412249175328,-0.04710654460831226,0.12277547151210218,0.00231463464003404,danakil-senk+e äthiopien
unwirtlichen,2.7283951575102194,-0.05471604723993889,0.1319699155902551,0.007324867447142292,unwirtlichen
dünn,2.6872163270795646,-0.058196343466353315,0.13644668674106947,0.009425825854665146,dünn
un+wirtlich+en dünn,2.6872163270795646,-0.058196343466353315,0.13644668674106947,0.009425825854665146,un+wirtlich+en dünn
besiedelten,2.673756216994205,-0.05926556993188148,0.1378653519114521,0.010042408024303416,besiedelten
dünn besiedel+t+en,2.673756216994205,-0.05926556993188148,0.1378653519114521,0.010042408024303416,dünn besiedel+t+en
besiedel+t+en region,2.643703538787725,-0.061540877443696025,0.14096215086628316,0.011303817315944322,besiedel+t+en region
zuerst,2.618581022752052,-0.06333193297315666,0.14348293869117798,0.012243619201640672,zuerst
region zuerst,2.618581022752052,-0.06333193297315666,0.14348293869117798,0.012243619201640672,region zuerst
sicher,5.656647423955798,-0.0442923384430828,0.04618055969502049,0.03656979200352756,sicher
zuerst sicher,2.5777845821090506,-0.06604454976307883,0.14746200859142705,0.013565861848997343,zuerst sicher
welche…,2.5629602884218095,-0.06697482298726708,0.14887696121419422,0.013988168835677104,welche…
sicher welche…,2.5629602884218095,-0.06697482298726708,0.14887696121419422,0.013988168835677104,sicher welche…
+6527,2.547164182659554,-0.06793581656026408,0.15036853718712156,0.01440611969401312,+6527
welche… +6527,2.547164182659554,-0.06793581656026408,0.15036853718712156,0.01440611969401312,welche… +6527
+6527 char+s,2.5371095658806015,-0.0685318960474153,0.151309872199889,0.014655528475316528,+6527 char+s
Entsteht,5.200171506615716,0.07666475358998573,-0.05163409623489252,-0.08931755024325774,Entsteht
vulkan+ausbruch entsteh+t,5.200171506615716,0.07666475358998573,-0.05163409623489252,-0.08931755024325774,vulkan+ausbruch entsteh+t
neuer,4.293691541235711,0.059566184630048646,-0.015585323315210824,-0.07969689669102467,neuer
entsteh+t neu+er,4.293691541235711,0.059566184630048646,-0.015585323315210824,-0.07969689669102467,entsteh+t neu+er
Ozean,7.581243256217704,0.0633190345549343,-0.07305149265811803,-0.058258004155345496,Ozean
neu+er ozean,4.120736545216802,0.05549329012928173,-0.007364140283509697,-0.07739851883014363,neu+er ozean
ausbruch kaum,4.854387343811453,0.02332386809756575,0.0047136791718176635,-0.03499864267779777,ausbruch kaum
erforschten,5.218862844943869,0.017125788854755426,0.003067868490183093,-0.025314264485567107,erforschten
kaum erforsch+t+en,5.218862844943869,0.017125788854755426,0.003067868490183093,-0.025314264485567107,kaum erforsch+t+en
erforsch+t+en vulkan+s,8.02148490221162,0.0007534302193565169,-0.020667919703368388,0.00840685810296442,erforsch+t+en vulkan+s
äthiopien zeig+t,4.121494773655297,0.011882016401727624,0.031435909026536944,-0.03159256918705753,äthiopien zeig+t
zeig+t hier,3.9457770324727726,0.011987521070044464,0.036021878902010036,-0.03401249964462387,zeig+t hier
Größeres,3.7703732912419707,0.011783123670536555,0.04117750469664844,-0.03628984276340595,Größeres
hier groß+er+es,3.7703732912419707,0.011783123670536555,0.04117750469664844,-0.03628984276340595,hier groß+er+es
Gange,5.265254871093579,0.033088987648527385,-0.011920424505083184,-0.04126770015699906,Gange
groß+er+es gang+e,3.5925914767750537,0.011140091725030818,0.04713171762757732,-0.038359179590795475,groß+er+es gang+e
Montag,4.424528032291555,0.0024353628044851946,0.032035222502769835,-0.018571419631495042,Montag
montag etwa,3.3457961604251896,0.00922361951253865,0.05694537602791137,-0.04058961015837172,montag etwa
halb,4.649576034216995,0.046334991741706064,-0.011616697267223685,-0.06121277441181615,halb
etwa halb,3.305947044791622,0.008772070160268769,0.05873195948962618,-0.04085479683458813,etwa halb
neun,3.2736836914825407,0.009832754367429747,0.0590027201267501,-0.04251672660500132,neun
halb neun,3.2736836914825407,0.009832754367429747,0.0590027201267501,-0.04251672660500132,halb neun
neun uhr,3.2471610259519714,0.011953713437287284,0.05818855044141609,-0.04515655729244445,neun uhr
morgens,3.227675470336865,0.013707128538583479,0.057430092120717355,-0.04730548131133302,morgens
uhr morgens,3.227675470336865,0.013707128538583479,0.057430092120717355,-0.04730548131133302,uhr morgens
morgens bewohner,3.160436634498673,0.02206884955919823,0.05286227385201589,-0.057191725749231676,morgens bewohner
bewohner ab+ge+leg+en+en,3.1253311596149693,0.030149232743183076,0.047259133504408225,-0.06633125330217819,bewohner ab+ge+leg+en+en
afar äthiopien,3.113869274770326,0.059174805417644305,0.021790492813902156,-0.09805019456005572,afar äthiopien
äthiopien riesig+e,3.211822628254376,0.10163597376831798,-0.022841235273830935,-0.14565901889650493,äthiopien riesig+e
steigen,2.97959557851582,0.059820652058388234,0.026759662391554237,-0.1016887139989791,steigen
himmel steig+en,2.97959557851582,0.059820652058388234,0.026759662391554237,-0.1016887139989791,himmel steig+en
sehen,5.003668089547372,0.09184324323281007,-0.06288949588499342,-0.10876623239479306,sehen
steig+en seh+en,2.9308711797984923,0.049927668120471176,0.03784323071918366,-0.09181510283115527,steig+en seh+en
achteinhalb,2.8666301522786295,0.03814853836529953,0.051137067026282734,-0.08051792623541015,achteinhalb
bis achteinhalb,2.8666301522786295,0.03814853836529953,0.051137067026282734,-0.08051792623541015,bis achteinhalb
achteinhalb kilo+meter,2.8235091145644935,0.031097549992477314,0.05922539825264934,-0.0740308855324424,achteinhalb kilo+meter
steigt,5.48408568043559,0.08496207580431162,-0.06505053803054812,-0.09635912741851424,steigt
hoch steig+t,2.7787640236224274,0.02447676382008419,0.06697301507644168,-0.06815819712738808,hoch steig+t
si…,2.7603552386647503,0.021942715803152157,0.0699898111924719,-0.06597260630063678,si…
steig+t si…,2.7603552386647503,0.021942715803152157,0.0699898111924719,-0.06597260630063678,steig+t si…
+118,2.74797174071569,0.020295661829853606,0.07196850781253697,-0.06457178992669217,+118
si… +118,2.74797174071569,0.020295661829853606,0.07196850781253697,-0.06457178992669217,si… +118
+118 chars,2.736151360330283,0.01876455434761254,0.07382151835901951,-0.06328404028891658,+118 chars
Fatale,7.574237723075042,0.10324671212633002,-0.11328205957835043,-0.10408484824995826,Fatale
Kettenreaktion,8.481017832865032,0.10987122922865963,-0.1298580663477533,-0.10771051330121731,Kettenreaktion
fatal+e kette+n+reaktion,5.200171506615716,0.07666475358998573,-0.05163409623489252,-0.08931755024325774,fatal+e kette+n+reaktion
kette+n+reaktion vulkan+ausbruch,9.025995065839378,0.11330271483798048,-0.13865311980520803,-0.1095783419988753,kette+n+reaktion vulkan+ausbruch
Pest,8.958742567307759,0.11289828646849892,-0.13760896929996574,-0.10935857820605277,Pest
vulkan+ausbruch pest,4.915707045041602,0.07193927147528643,-0.04141243553988674,-0.08666497348658883,vulkan+ausbruch pest
Europa,10.573125734042147,0.10265722647531904,-0.13970109455859808,-0.09121721937453121,Europa
pest europa,7.078358554961022,0.09901349330431994,-0.10295781810570385,-0.10175504171508355,pest europa
ausgelöst,9.04541918115198,0.10107978574039617,-0.06975197452029093,-0.12100313310050281,ausgelöst
europa aus+ge+lös+t,7.733676297363065,0.10450753256129142,-0.11639689726600884,-0.1047768555623895,europa aus+ge+lös+t
aus+ge+lös+t ein,11.736871559931942,0.1263208333969714,-0.1733886359401467,-0.1165972492619107,aus+ge+lös+t ein
ein vulkan+ausbruch,21.561896683812684,0.14971219969785912,-0.24174837742816271,-0.12895091678606918,ein vulkan+ausbruch
14.,6.011808418085048,0.08786370185525133,-0.07671061898816853,-0.0955757138665783,14.
vulkan+ausbruch 14.,5.048576766206064,0.07420820694158035,-0.04629469167704744,-0.08793934853773804,vulkan+ausbruch 14.
Jahrhundert,5.76021371500766,0.08470038499886011,-0.06950168622891127,-0.09381260356022972,Jahrhundert
14. jahr+hundert,5.76021371500766,0.08470038499886011,-0.06950168622891127,-0.09381260356022972,14. jahr+hundert
löst,5.284466230688716,0.07797411957577595,-0.05450313215215687,-0.09005143527345406,löst
jahr+hundert lös+t,5.284466230688716,0.07797411957577595,-0.05450313215215687,-0.09005143527345406,jahr+hundert lös+t
laut,8.439178289896073,0.07812884273701032,-0.09656756024164596,-0.07072731479437679,laut
lös+t laut,4.147111086468852,0.05613559530241695,-0.00865179512729288,-0.0777610726697827,lös+t laut
neuen,8.449275056269213,0.04280239679761343,-0.0625063709622599,-0.03214015696917019,neuen
laut neu+en,5.317363926893297,0.026870966109653616,-0.007305541880099123,-0.034384007513910984,laut neu+en
Studie,14.535460514825667,0.0929999695056521,-0.15254497000619047,-0.06989455566803182,Studie
neu+en studie,5.161742092109062,0.024592082849254918,-0.0024251562488143185,-0.033408932914437514,neu+en studie
Kette,5.200171506615716,0.07666475358998573,-0.05163409623489252,-0.08931755024325774,Kette
studie kette,5.200171506615716,0.07666475358998573,-0.05163409623489252,-0.08931755024325774,studie kette
Ereignissen,3.501187557914299,0.03768390228121042,0.027091736465729592,-0.06734328015294315,Ereignissen
kette ereignis+sen,3.501187557914299,0.03768390228121042,0.027091736465729592,-0.06734328015294315,kette ereignis+sen
bringt,5.197134331217183,0.017483700251564874,0.0031570887829042524,-0.025866649390918817,bringt
ereignis+sen bring+t,3.3221193928236574,0.03130665127249917,0.03887987259063422,-0.06374711810512014,ereignis+sen bring+t
schließlich,3.271092187417535,0.029360347719185734,0.042423442100974325,-0.06265063774308433,schließlich
bring+t schließlich,3.271092187417535,0.029360347719185734,0.042423442100974325,-0.06265063774308433,bring+t schließlich
Schwarzen,5.896048676369898,0.08643856308706944,-0.07345027636225197,-0.09478188877059757,Schwarzen
schließlich schwarz+en,3.1705518469060285,0.025339204611220894,0.04966681044396968,-0.060387189157277824,schließlich schwarz+en
Tod,7.843224751071517,0.049922735155687036,-0.0630894259262684,-0.04244245005631401,Tod
schwarz+en tod,5.536105532609607,0.08166372387166329,-0.06267572535949517,-0.09211650616178925,schwarz+en tod
tod europa,4.5535617426248605,0.06512582866466175,-0.027027661589243985,-0.08283116170991497,tod europa
Forscherteam,4.35778577469098,0.01292943369488005,0.02468963362074854,-0.02977250115425614,Forscherteam
ein forscher+team,3.292359919715436,0.030178981196954512,0.04093601112977289,-0.06311175903751123,ein forscher+team
sieht,5.062097759041754,0.07443286260513199,-0.046780665775351726,-0.08806545670328132,sieht
forscher+team seh+t,3.395747175321892,0.03401077014114906,0.033914948963765866,-0.06527139951408815,forscher+team seh+t
hierin,3.4508588648046166,0.035958766787914605,0.03030782986190265,-0.06637001670712797,hierin
seh+t hierin,3.4508588648046166,0.035958766787914605,0.03030782986190265,-0.06637001670712797,seh+t hierin
frühes,3.567810471524893,0.03989262578915517,0.022943994828703917,-0.0685897566328151,frühes
hierin früh+es,3.567810471524893,0.03989262578915517,0.022943994828703917,-0.0685897566328151,hierin früh+es
früh+es beispiel,3.6559098475290868,0.042690068902758255,0.017641342783177492,-0.07016896902813324,früh+es beispiel
Folgen,11.341242815448044,0.03311005974087422,-0.106855882912321,0.0009778424385664993,Folgen
beispiel folge+n,3.937060197408324,0.05078836548961381,0.0019692995030616833,-0.07474207682972384,beispiel folge+n
Globalisierung,4.202626572642597,0.05746206539778392,-0.01132144827029291,-0.07850970592058268,Globalisierung
folge+n globalisierung,4.202626572642597,0.05746206539778392,-0.01132144827029291,-0.07850970592058268,folge+n globalisierung
KettenreaktionVulkanausbruch,5.3754345512760615,0.07934456329597596,-0.0575234247743929,-0.09081898951301659,KettenreaktionVulkanausbruch
fatal+e kette+n+reaktion+vulkan+ausbruch,5.3754345512760615,0.07934456329597596,-0.0575234247743929,-0.09081898951301659,fatal+e kette+n+reaktion+vulkan+ausbruch
kette+n+reaktion+vulkan+ausbruch pest,4.915707045041602,0.07193927147528643,-0.04141243553988674,-0.08666497348658883,kette+n+reaktion+vulkan+ausbruch pest
vulkan+ausbruch steh+t,5.284466230688716,0.07797411957577595,-0.05450313215215687,-0.09005143527345406,vulkan+ausbruch steh+t
steh+t laut,4.855129070241646,0.07086630047754881,-0.03911989015003534,-0.08606188605686603,steh+t laut
Forschern,7.411761994272697,0.026091798971345413,-0.036399182671578295,-0.01972135647682328,Forschern
laut forscher+n,4.432714972736922,0.0626179754070017,-0.021834179363916652,-0.08141788874253245,laut forscher+n
Anfang,4.157328476837993,0.026638385597640302,-0.03067872662416615,-0.02312047446932931,Anfang
forscher+n anfang,4.046562254804404,0.05364336582126053,-0.0036737464005460042,-0.07635416358973834,forscher+n anfang
tödlichen,7.458821783018117,0.10230507815199581,-0.11096780464294619,-0.10356744957327704,tödlichen
anfang tödlich+en,3.7903431509975114,0.04671005707044414,0.009922510736756842,-0.07243895081135997,anfang tödlich+en
tödlich+en kette+n+reaktion,5.3754345512760615,0.07934456329597596,-0.0575234247743929,-0.09081898951301659,tödlich+en kette+n+reaktion
vermuten,4.508950431541327,0.016994173018543578,0.01767648408667549,-0.0321597540280076,vermuten
sie vermut+en,3.4226351419162597,0.034969043708640166,0.03214372562383921,-0.06581178638222063,sie vermut+en
Tropen,3.3145221336726367,0.031020718465562244,0.03940202098602467,-0.0635859986303665,Tropen
vermut+en tropus+en,3.3145221336726367,0.031020718465562244,0.03940202098602467,-0.0635859986303665,vermut+en tropus+en
Standort,3.2374755153833306,0.02804411390906369,0.044805853447154,-0.06190944736621677,Standort
tropus+en stand+ort,3.2374755153833306,0.02804411390906369,0.044805853447154,-0.06190944736621677,tropus+en stand+ort
im…,3.1762760689223803,0.025575109827883514,0.04924472500359158,-0.060519899320962946,im…
stand+ort im…,3.1762760689223803,0.025575109827883514,0.04924472500359158,-0.060519899320962946,stand+ort im…
+4916,3.1483055023557065,0.024414074930827343,0.051318672762978294,-0.05986685065000282,+4916
im… +4916,3.1483055023557065,0.024414074930827343,0.051318672762978294,-0.05986685065000282,im… +4916
+4916 chars,3.1167564704053774,0.02307892852424571,0.053693157262035274,-0.059116187588250886,+4916 chars
Unerwartete,5.048576766206064,0.07420820694158035,-0.04629469167704744,-0.08793934853773804,Unerwartete
Spur,6.519896721040524,0.09357874943978811,-0.08999722354870655,-0.0987503516484383,Spur
un+erwart+et+e spur,6.519896721040524,0.09357874943978811,-0.08999722354870655,-0.0987503516484383,un+erwart+et+e spur
spur vulkan+ausbruch,9.025995065839378,0.11330271483798048,-0.13865311980520803,-0.1095783419988753,spur vulkan+ausbruch
Pest-Katastrophe,4.743886945705565,0.06882899502510359,-0.03479522954605543,-0.08491605627698341,Pest-Katastrophe
vulkan+ausbruch pest+-+katastrophe,4.743886945705565,0.06882899502510359,-0.03479522954605543,-0.08491605627698341,vulkan+ausbruch pest+-+katastrophe
geführt,4.174389900265993,0.05679165131820485,-0.009970411367909557,-0.07813135579514982,geführt
pest+-+katastrophe ge+führ+t,4.174389900265993,0.05679165131820485,-0.009970411367909557,-0.07813135579514982,pest+-+katastrophe ge+führ+t
ge+führ+t ein,4.692637654908473,0.06785980990339482,-0.032750784420409365,-0.08437065501900838,ge+führ+t ein
bislang,5.834073058435316,0.05541510650166828,-0.04222314288517559,-0.06040963021138336,bislang
ein bislang,4.915707045041602,0.07193927147528643,-0.04141243553988674,-0.08666497348658883,ein bislang
übersehener,5.5813720828829005,0.08229499708568834,-0.06408723829956565,-0.09246937127531606,übersehener
bislang überseh+en+er,5.5813720828829005,0.08229499708568834,-0.06408723829956565,-0.09246937127531606,bislang überseh+en+er
überseh+en+er vulkan+ausbruch,9.025995065839378,0.11330271483798048,-0.13865311980520803,-0.1095783419988753,überseh+en+er vulkan+ausbruch
vulkan+ausbruch schwarz+en,4.597675672372778,0.06601000978110969,-0.0288714782553352,-0.08332918840550921,vulkan+ausbruch schwarz+en
begünstigt,4.120736545216802,0.05549329012928173,-0.007364140283509697,-0.07739851883014363,begünstigt
tod begünstig+t,4.120736545216802,0.05549329012928173,-0.007364140283509697,-0.07739851883014363,tod begünstig+t
begünstig+t neu+e,3.7424460712538172,0.04531053649619236,0.012623151211766999,-0.07164862452402626,begünstig+t neu+e
Daten,5.3931333159504184,0.06598500030442656,-0.04482681958932261,-0.07558086315880205,Daten
neu+e dat+en,3.669558309870068,0.043111504140234756,0.01683765110640031,-0.07040691530362339,neu+e dat+en
dat+en zeig+en,3.591741582704836,0.04066603298512295,0.021483532562377842,-0.06902631146838943,dat+en zeig+en
Klima,13.233498239186428,0.10281526043373111,-0.15639358810741838,-0.08420206470906069,Klima
zeig+en klima,3.460583206010043,0.0362960146465808,0.029680721687973588,-0.06656025737372465,zeig+en klima
Hunger,3.3700918338012995,0.03308206604237596,0.03562561217606948,-0.06474779263115048,Hunger
klima hunger,3.3700918338012995,0.03308206604237596,0.03562561217606948,-0.06474779263115048,klima hunger
hunger europa+s,3.3145221336726367,0.031020718465562244,0.03940202098602467,-0.0635859986303665,hunger europa+s
Pestweg,3.257381199873897,0.02882683692623576,0.04339046247563661,-0.06235017666760115,Pestweg
europa+s pest+weg,3.257381199873897,0.02882683692623576,0.04339046247563661,-0.06235017666760115,europa+s pest+weg
öffneten,3.205939457848971,0.026783828067500168,0.047076517045480555,-0.06120002981828352,öffneten
pest+weg öffn+eten,3.205939457848971,0.026783828067500168,0.047076517045480555,-0.06120002981828352,pest+weg öffn+eten
der pest,3.12704205533688,0.023517240744956473,0.05291487287734391,-0.0593625826132708,der pest
verheerendsten,3.054925953519041,0.020380269249677656,0.058458766121609815,-0.05760001653059667,verheerendsten
pest verheerend+st+en,3.054925953519041,0.020380269249677656,0.058458766121609815,-0.05760001653059667,pest verheerend+st+en
Pandemien,2.9927441887718844,0.01755057405462184,0.06340795825950771,-0.05601193032141534,Pandemien
verheerend+st+en pandemie+n,2.9927441887718844,0.01755057405462184,0.06340795825950771,-0.05601193032141534,verheerend+st+en pandemie+n
pandemie+n menschheit+s+geschichte,2.9418052278598723,0.015140454137702727,0.0675854055102973,-0.054660801014825365,pandemie+n menschheit+s+geschichte
menschheit+s+geschichte sorg+te,2.86974604058358,0.011579511832871318,0.07369502323997192,-0.0526671994995254,menschheit+s+geschichte sorg+te
insbesondere,2.8501755650215124,0.010580065045611214,0.07539660747025538,-0.05210826414666058,insbesondere
sorg+te insbesondere,2.8501755650215124,0.010580065045611214,0.07539660747025538,-0.05210826414666058,sorg+te insbesondere
insbesondere 14.,2.8088686447070317,0.00842286903177765,0.07904986777061895,-0.050902814301231745,insbesondere 14.
tiefgreifende,2.7629476712263807,0.0059455320997698685,0.08321295329352044,-0.049520130814649635,tiefgreifende
jahr+hundert tiefgreifend+e,2.7629476712263807,0.0059455320997698685,0.08321295329352044,-0.049520130814649635,jahr+hundert tiefgreifend+e
demografische,2.733967157926524,0.004337188261665165,0.08589746686169182,-0.04862344922132061,demografische
tiefgreifend+e demografisch+e,2.733967157926524,0.004337188261665165,0.08589746686169182,-0.04862344922132061,tiefgreifend+e demografisch+e
gesellschaftliche,2.6999320395021438,0.0024019891734753003,0.08910873692770395,-0.04754560679686865,gesellschaftliche
demografisch+e gesellschaftlich+e,2.6999320395021438,0.0024019891734753003,0.08910873692770395,-0.04754560679686865,demografisch+e gesellschaftlich+e
Einschnitte,2.669009918329287,0.0005987151491161839,0.09208281853488644,-0.04654232165629994,Einschnitte
gesellschaftlich+e einschnitt+e,2.669009918329287,0.0005987151491161839,0.09208281853488644,-0.04654232165629994,gesellschaftlich+e einschnitt+e
Rahmen,2.643771035580721,-0.0009061361646305174,0.09455137991801094,-0.045705888000384096,Rahmen
aktuel…,2.624633252353145,-0.0020676138249410203,0.09644845007203975,-0.04506083013886821,aktuel…
rahmen aktuel…,2.624633252353145,-0.0020676138249410203,0.09644845007203975,-0.04506083013886821,rahmen aktuel…
+3208,2.6120346200373366,-0.0028420639725425115,0.09770942802174015,-0.044630974303631464,+3208
aktuel… +3208,2.6120346200373366,-0.0028420639725425115,0.09770942802174015,-0.044630974303631464,aktuel… +3208
+3208 char+s,2.6039109859368077,-0.0033456425424855333,0.09852767939718586,-0.04435157584017957,+3208 char+s
aus+ge+brech+en vulkan,7.737765953269621,-0.039286260320388566,0.015342625529002365,0.04441740333533516,aus+ge+brech+en vulkan
verschluckt,5.498520739800831,-0.05026634182875336,0.05340180195096798,0.04067083067505976,verschluckt
vulkan verschluck+t,5.498520739800831,-0.05026634182875336,0.05340180195096798,0.04067083067505976,vulkan verschluck+t
Kamera,4.396381456014982,-0.05812603967876966,0.08085719789643268,0.03736826998577545,Kamera
verschluck+t kamera,4.396381456014982,-0.05812603967876966,0.08085719789643268,0.03736826998577545,verschluck+t kamera
kamera der,4.080230475584151,-0.060869921281365404,0.09052593298940625,0.036068222839232424,kamera der
Explosion,3.951515227685344,-0.059804948749486386,0.0930789703314169,0.03349526095280122,Explosion
der explosion,3.951515227685344,-0.059804948749486386,0.0930789703314169,0.03349526095280122,der explosion
gewaltig,6.619995354366869,-0.023360782378701272,0.01556327569319652,0.023961001272368544,gewaltig
explosion gewaltig,3.739360588668352,-0.023053944381730668,0.07070205296451956,-0.0028203452916704904,explosion gewaltig
Lavamasse,3.9282291483400082,0.08732217505756959,-0.032553690813237224,-0.11619993419651556,Lavamasse
der lavamass+e,3.9282291483400082,0.08732217505756959,-0.032553690813237224,-0.11619993419651556,der lavamass+e
verschlingt,3.4908472614585895,0.005216751586097137,0.055379098352407403,-0.03407579279122734,verschlingt
lavamass+e verschling+t,3.4908472614585895,0.005216751586097137,0.055379098352407403,-0.03407579279122734,lavamass+e verschling+t
sogar,4.5585052080820345,-0.02593544663823424,0.052272744279543745,0.010044357857387663,sogar
verschling+t sogar,3.287280772622103,-0.023402085249119804,0.0855277556371416,-0.009822224920541406,verschling+t sogar
Livekameras,3.1296293950772593,-0.039787229071997034,0.10400398874201307,0.0024845420102616346,Livekameras
sogar live+kamera+s,3.1296293950772593,-0.039787229071997034,0.10400398874201307,0.0024845420102616346,sogar live+kamera+s
live+kamera+s ...,2.9979357953316175,-0.05035928143072338,0.11711598219515756,0.009454792147620827,live+kamera+s ...
+++McLaren-Fahrer,5.991523411072038,-0.018795816218318506,0.020607846853057728,0.01564888405638968,+++McLaren-Fahrer
... +++mclaren-fahr+er,2.973780729626938,-0.052049770959356916,0.11935172230307013,0.010471516498380162,... +++mclaren-fahr+er
Lando,5.724934211417304,-0.025920695475251238,0.030515511664943363,0.020365987910558447,Lando
+++mclaren-fahr+er lando,2.880566784298526,-0.0579739235693358,0.1276061149433569,0.013759723693788552,+++mclaren-fahr+er lando
Norris,4.984769053972528,-0.030472140766016963,0.04712089049630499,0.018449883151061733,Norris
lando norri+s,4.984769053972528,-0.030472140766016963,0.04712089049630499,0.018449883151061733,lando norri+s
Formel-1-Weltmeister,4.865184668401889,-0.03378200648843067,0.05209063873009504,0.020368657476629626,Formel-1-Weltmeister
norri+s formel+-+1+-+welt+meister,4.865184668401889,-0.03378200648843067,0.05209063873009504,0.020368657476629626,norri+s formel+-+1+-+welt+meister
+++mclaren-fahrer lando,4.691979373750847,-0.0355661076138948,0.05703997783762321,0.020301893022293023,+++mclaren-fahrer lando
+378,2.459115785043594,-0.0766943836108143,0.16118677816356955,0.01958375538056178,+378
lando +378,2.459115785043594,-0.0766943836108143,0.16118677816356955,0.01958375538056178,lando +378
+378 chars,2.4531043915575013,-0.07689827252857073,0.16165375869546736,0.019587291309438527,+378 chars
Vulkanisches,7.737765953269621,-0.039286260320388566,0.015342625529002365,0.04441740333533516,Vulkanisches
Erbe,4.804780357916136,-0.054939933288420555,0.0696905927121341,0.03877856236083213,Erbe
vulkanisch+es erbe,4.804780357916136,-0.054939933288420555,0.0696905927121341,0.03877856236083213,vulkanisch+es erbe
Lake,7.453114457155046,-0.0404322284976874,0.01931185358456574,0.0440662948648486,Lake
erbe lake,4.343180568946109,-0.058569473583329236,0.08241623255212518,0.037163694605423195,erbe lake
Toba,7.035824768835642,-0.04222163851111219,0.025508340860917703,0.04350088826271519,Toba
lake toba,7.035824768835642,-0.04222163851111219,0.025508340860917703,0.04350088826271519,lake toba
Traumziel,3.8840661985898244,-0.06271538260181336,0.09706040684215712,0.03514640321979045,Traumziel
toba traum+ziel,3.8840661985898244,-0.06271538260181336,0.09706040684215712,0.03514640321979045,toba traum+ziel
dunkler,3.5687544706888525,-0.06595008903732869,0.10858385416980597,0.03343262490868097,dunkler
traum+ziel dunkel+er,3.5687544706888525,-0.06595008903732869,0.10858385416980597,0.03343262490868097,traum+ziel dunkel+er
Vergangenheit,3.4409111534635324,-0.06736875098485517,0.11366871535151593,0.03263956742529198,Vergangenheit
dunkel+er vergangenheit,3.4409111534635324,-0.06736875098485517,0.11366871535151593,0.03263956742529198,dunkel+er vergangenheit
vergangenheit von,3.2693809219139456,-0.06938274790601841,0.12092292695936689,0.031468035815732216,vergangenheit von
von supervulka+n,3.22905546466447,-0.06987604811376458,0.12270642049903614,0.03117266903751726,von supervulka+n
Tourismusziel,3.094248658331703,-0.07158445764662277,0.12890441280363293,0.03012333430875111,Tourismusziel
supervulka+n tourismus+ziel,3.094248658331703,-0.07158445764662277,0.12890441280363293,0.03012333430875111,supervulka+n tourismus+ziel
tourismus+ziel der,2.995686368764523,-0.07289523587467803,0.13368320581805376,0.02928971251670696,tourismus+ziel der
der lake,4.343180568946109,-0.058569473583329236,0.08241623255212518,0.037163694605423195,der lake
toba steh+t,2.9203268671509766,-0.07393534279563524,0.13749028769252042,0.02861008188783034,toba steh+t
Schönheit,2.8738709961131224,-0.07459381860954306,0.1399076154648027,0.028171334669189738,Schönheit
steh+t schönheit,2.8738709961131224,-0.07459381860954306,0.1399076154648027,0.028171334669189738,steh+t schönheit
apokalyptische,2.816885375137587,-0.0754204082819655,0.14295012182869177,0.02761109198866657,apokalyptische
schönheit apokalyptisch+e,2.816885375137587,-0.0754204082819655,0.14295012182869177,0.02761109198866657,schönheit apokalyptisch+e
Erdgeschichte,2.7641233973507826,-0.07620503882268996,0.14584662496998926,0.02706936673803163,Erdgeschichte
apokalyptisch+e erd+geschichte,2.7641233973507826,-0.07620503882268996,0.14584662496998926,0.02706936673803163,apokalyptisch+e erd+geschichte
erd+geschichte zugleich,2.7210169083663587,-0.07686043335165768,0.1482724835947814,0.026609342938078498,erd+geschichte zugleich
TTS-Player,9.273734032843578,0.039817672915987014,-0.06712067956857898,-0.025709246183975278,TTS-Player
überspringenArtikel,8.962295633216566,0.03509982286535228,-0.06007312361210021,-0.02199920836387749,überspringenArtikel
tts-player überspringenartikel,8.962295633216566,0.03509982286535228,-0.06007312361210021,-0.02199920836387749,tts-player überspringenartikel
weiterlesenDer,2.619432420663404,-0.07845881996759797,0.15421396613681562,0.025458087936094782,weiterlesenDer
überspringenartikel weiter+les+end+er,2.619432420663404,-0.07845881996759797,0.15421396613681562,0.025458087936094782,überspringenartikel weiter+les+end+er
weiter+les+end+er lake,2.5890919777517665,-0.07895162227589989,0.15605320184018515,0.025094587199637256,weiter+les+end+er lake
toba indonesisch+en,2.5562999961380766,-0.07949259390990344,0.15807632400828164,0.02469082906904081,toba indonesisch+en
insel sumatra,2.5237268763503122,-0.08003878469565524,0.16012338544553795,0.02427810248940418,insel sumatra
sumatra ort,2.500131262686781,-0.08044008085805956,0.1616302635606829,0.0239715835255587,sumatra ort
Superlative,2.489051732905598,-0.08063018122549427,0.16234495070282803,0.023825402917122346,Superlative
ort superlativ+e,2.489051732905598,-0.08063018122549427,0.16234495070282803,0.023825402917122346,ort superlativ+e
Gefahr,6.042250152108129,0.06739676969902061,-0.056937760627184406,-0.07206081778094597,Gefahr
superlativ+e gefahr,2.4632022322461844,-0.08107792254111229,0.16403043555390118,0.023478604286066466,superlativ+e gefahr
Wer,8.035731917036369,0.020985513224416857,-0.038522473724337196,-0.011512378592128898,Wer
wer heute,2.447668328080256,-0.08134987418951192,0.16505568653047395,0.023266239252560956,wer heute
Ufern,2.42975760886959,-0.0816661762418279,0.16624958614064325,0.023017590483559103,Ufern
heute ufer+n,2.42975760886959,-0.0816661762418279,0.16624958614064325,0.023017590483559103,heute ufer+n
ufer+n steh+t,2.4233560428516956,-0.08177994795547376,0.1666794068070384,0.022927717040029803,ufer+n steh+t
steh+t blick+t,2.4160899852365967,-0.08190954804815952,0.16716927382102323,0.022825057839244427,steh+t blick+t
Naturwunder,2.401207878783195,-0.08217654519150559,0.16817931477042702,0.022612612656944142,Naturwunder
blick+t natur+wunder,2.401207878783195,-0.08217654519150559,0.16817931477042702,0.022612612656944142,blick+t natur+wunder
+2341,2.3853806157802175,-0.08246281845743664,0.16926353308047581,0.0223834014177958,+2341
natur+wunder +2341,2.3853806157802175,-0.08246281845743664,0.16926353308047581,0.0223834014177958,natur+wunder +2341
+2341 chars,2.380036978911134,-0.08256001659679987,0.16963195399959818,0.022305239921255444,+2341 chars
Römisches,2.4396765084450145,-0.0814906440255597,0.16558683706875965,0.02315579826162802,Römisches
Reich,2.451171200635698,-0.08128835800937029,0.16482367155832683,0.02331439134741893,Reich
römisch+es reich,2.451171200635698,-0.08128835800937029,0.16482367155832683,0.02331439134741893,römisch+es reich
reich als,2.459534120687145,-0.08114194281256301,0.16427168716505897,0.023428729022659293,reich als
als vesuv,3.3642029111312732,-0.06825304012644216,0.11684854985757673,0.032131896315652636,als vesuv
vesuv aus+brech,6.278189496621583,-0.04586043717703748,0.038112209923220855,0.04228225084929465,vesuv aus+brech
pompejanische,2.500131262686781,-0.08044008085805956,0.1616302635606829,0.0239715835255587,pompejanische
aus+brech pompejanisch+e,2.500131262686781,-0.08044008085805956,0.1616302635606829,0.0239715835255587,aus+brech pompejanisch+e
Bauarbeiter,2.5206657151732808,-0.08009057619545967,0.1603177268761367,0.024238699833667953,Bauarbeiter
pompejanisch+e bau+arbeiter,2.5206657151732808,-0.08009057619545967,0.1603177268761367,0.024238699833667953,pompejanisch+e bau+arbeiter
Mörtelmix,2.5494834411737775,-0.07960615835126902,0.1585015829741345,0.02460543623170476,Mörtelmix
bau+arbeiter mörtel+mix,2.5494834411737775,-0.07960615835126902,0.1585015829741345,0.02460543623170476,bau+arbeiter mörtel+mix
mörtel+mix schon,2.5668326285413543,-0.0793178762364298,0.15742244243354753,0.024821774910989816,mörtel+mix schon
schon vor+bereit+et,2.5777550140900467,-0.07913765604458847,0.15674844178321873,0.024956300217319892,schon vor+bereit+et
fror,2.6554122069370933,-0.07788377658994201,0.15207224103965483,0.025877118089727476,fror
aus+brech frier,2.6554122069370933,-0.07788377658994201,0.15207224103965483,0.025877118089727476,aus+brech frier
Baustelle,2.687916900260066,-0.07737276076280213,0.15017295176036655,0.02624490243785659,Baustelle
frier bau+stelle,2.687916900260066,-0.07737276076280213,0.15017295176036655,0.02624490243785659,frier bau+stelle
bau+stelle zeit,2.735811465412895,-0.0766340089274342,0.14743373278106783,0.026769052174418557,bau+stelle zeit
Nun,7.664981934031797,0.04805597549695581,-0.05941178519322165,-0.041322473575802696,Nun
verriet,2.780879258851598,-0.0759537985625932,0.1449182526548868,0.02724389004926356,verriet
nun verrat,2.780879258851598,-0.0759537985625932,0.1449182526548868,0.02724389004926356,nun verrat
verrat forscher+team,2.848408651894422,-0.07496053898132747,0.14125632520447262,0.027924092277102235,verrat forscher+team
Trick,2.972747166893121,-0.07320825785342482,0.1348275247939221,0.02908688565068446,Trick
forscher+team trick,2.972747166893121,-0.07320825785342482,0.1348275247939221,0.02908688565068446,forscher+team trick
Römer,3.0325435107075913,-0.07239867881144087,0.13187041879031414,0.029608477843028946,Römer
trick römer,3.0325435107075913,-0.07239867881144087,0.13187041879031414,0.029608477843028946,trick römer
Beton,3.1168071883305704,-0.0712919785140836,0.1278409155808249,0.030305929394542134,Beton
römer beton,3.1168071883305704,-0.0712919785140836,0.1278409155808249,0.030305929394542134,römer beton
selbstheilende,3.1654291037838744,-0.07067072745573044,0.12558527874693873,0.030689710852995582,selbstheilende
beton selbst+heil+end+e,3.1654291037838744,-0.07067072745573044,0.12558527874693873,0.030689710852995582,beton selbst+heil+end+e
Kräfte,3.3131024737639194,-0.06885667697178337,0.1190239007495004,0.03177933433947671,Kräfte
selbst+heil+end+e kraft+e,3.3131024737639194,-0.06885667697178337,0.1190239007495004,0.03177933433947671,selbst+heil+end+e kraft+e
verliehen,3.3993885982544656,-0.06784422756001642,0.11537748347013654,0.03236788744547279,verliehen
kraft+e verleih+en,3.3993885982544656,-0.06784422756001642,0.11537748347013654,0.03236788744547279,kraft+e verleih+en
Methode,3.8028900024162433,-0.06351479531264506,0.09989963989043325,0.03473472319029756,Methode
bei methode,3.8028900024162433,-0.06351479531264506,0.09989963989043325,0.03473472319029756,bei methode
ungelöschter,4.245825604508112,-0.05939954428723556,0.08533814822122733,0.03677509295135843,ungelöschter
methode un+ge+lösch+t+er,4.245825604508112,-0.05939954428723556,0.08533814822122733,0.03677509295135843,methode un+ge+lösch+t+er
Kalk,5.216296630910588,-0.0520689481405248,0.05967367231443781,0.03996455139060235,Kalk
un+ge+lösch+t+er kalk,5.216296630910588,-0.0520689481405248,0.05967367231443781,0.03996455139060235,un+ge+lösch+t+er kalk
Vulkanasche,13.161059342979318,-0.012543945472307142,-0.046180703792199046,0.03720701145366332,Vulkanasche
kalk vulkan+asche,7.737765953269621,-0.039286260320388566,0.015342625529002365,0.04441740333533516,kalk vulkan+asche
Wasser,4.578375627082935,-0.05666043854835278,0.07571324220882711,0.03802978820046194,Wasser
vulkan+asche wasser,4.578375627082935,-0.05666043854835278,0.07571324220882711,0.03802978820046194,vulkan+asche wasser
vermengt,4.201117744430448,-0.0597890782793733,0.08671098134957814,0.036590154618650214,vermengt
wasser vermeng+t,4.201117744430448,-0.0597890782793733,0.08671098134957814,0.036590154618650214,wasser vermeng+t
reaktive,3.644424933745377,-0.06514094732144791,0.10569242377622745,0.033873422062902635,reaktive
der reaktiv+e,3.644424933745377,-0.06514094732144791,0.10569242377622745,0.033873422062902635,der reaktiv+e
Material,24.52304253419428,-0.010422740617378861,-0.08656435523775698,0.051209977688739826,Material
reaktiv+e material,3.4856758917671686,-0.06686436969847291,0.11185858761459386,0.03292451386828697,reaktiv+e material
Branntkalk,3.290787599023269,-0.06912405180914295,0.11998870148415777,0.031621590557199895,Branntkalk
material branntkalk,3.290787599023269,-0.06912405180914295,0.11998870148415777,0.031621590557199895,material branntkalk
genannt,3.1827887321846973,-0.07045188496969924,0.12479176870814288,0.030823596025204302,genannt
branntkalk ge+nenn+t,3.1827887321846973,-0.07045188496969924,0.12479176870814288,0.030823596025204302,branntkalk ge+nenn+t
gebranntem,3.026181998348279,-0.07248382952503489,0.13218106476098496,0.029554074065230616,gebranntem
ge+nenn+t ge+brenn+t+em,3.026181998348279,-0.07248382952503489,0.13218106476098496,0.029554074065230616,ge+nenn+t ge+brenn+t+em
Kalkstein,2.9617243855328956,-0.07335977559457353,0.13538186967329863,0.028988181276365765,Kalkstein
ge+brenn+t+em kalkstein,2.9617243855328956,-0.07335977559457353,0.13538186967329863,0.028988181276365765,ge+brenn+t+em kalkstein
hergestellt,2.910596694769112,-0.07407214448291585,0.1379920399129076,0.02851947579646651,hergestellt
kalkstein her+ge+stell+t,2.910596694769112,-0.07407214448291585,0.1379920399129076,0.02851947579646651,kalkstein her+ge+stell+t
setzt,2.8323205436804693,-0.07519441780359182,0.14211740006447146,0.02776532052577186,setzt
her+ge+stell+t setz+t,2.8323205436804693,-0.07519441780359182,0.14211740006447146,0.02776532052577186,her+ge+stell+t setz+t
hefti…,2.7913168570375038,-0.07579827194314898,0.14434398665275752,0.027351423570178054,hefti…
setz+t hefti…,2.7913168570375038,-0.07579827194314898,0.14434398665275752,0.027351423570178054,setz+t hefti…
+3377,2.7641233973507826,-0.07620503882268996,0.14584662496998926,0.02706936673803163,+3377
hefti… +3377,2.7641233973507826,-0.07620503882268996,0.14584662496998926,0.02706936673803163,hefti… +3377
+3377 char+s,2.74499906518594,-0.07649418278558301,0.14691612473641966,0.026867266346548693,+3377 char+s
Minuten,2.6483556625241365,-0.000630528730208342,0.0941001749176891,-0.04585902091862645,Minuten
video minute+n,2.6483556625241365,-0.000630528730208342,0.0941001749176891,-0.04585902091862645,video minute+n
Gameplay,2.660909952689138,0.00011904483191932772,0.0928709821712227,-0.04627562725511409,Gameplay
minute+n gameplay,2.660909952689138,0.00011904483191932772,0.0928709821712227,-0.04627562725511409,minute+n gameplay
Into,3.626225187107446,0.04176259229102329,0.019405582517092526,-0.06964533847080032,Into
gameplay into,2.682399848280178,0.0013849504169449617,0.09078825960990833,-0.04697962833538072,gameplay into
the,3.642545644095694,0.042274372625923345,0.01843283942318203,-0.06993427150377621,the
into the,3.642545644095694,0.042274372625923345,0.01843283942318203,-0.06993427150377621,into the
Fire,3.6559098475290868,0.042690068902758255,0.017641342783177492,-0.07016896902813324,Fire
the fire,3.6559098475290868,0.042690068902758255,0.017641342783177492,-0.07016896902813324,the fire
fire seh+en,2.714643899555126,0.0032447511687407875,0.0877127670145093,-0.04801485221476993,fire seh+en
Missionen,2.733967157926524,0.004337188261665165,0.08589746686169182,-0.04862344922132061,Missionen
seh+en mission+en,2.733967157926524,0.004337188261665165,0.08589746686169182,-0.04862344922132061,seh+en mission+en
Survival-Extraction-Spiel,2.769477143740604,0.006303029417685761,0.08261430507484673,-0.049719549212657525,Survival-Extraction-Spiel
mission+en survival-extraction-spiel,2.769477143740604,0.006303029417685761,0.08261430507484673,-0.049719549212657525,mission+en survival-extraction-spiel
Survivalspiel,2.8501755650215124,0.010580065045611214,0.07539660747025538,-0.05210826414666058,Survivalspiel
survival-extraction-spiel survivalspiel,2.8501755650215124,0.010580065045611214,0.07539660747025538,-0.05210826414666058,survival-extraction-spiel survivalspiel
survivalspiel into,2.682399848280178,0.0013849504169449617,0.09078825960990833,-0.04697962833538072,survivalspiel into
fire geh+t,2.9350073582116787,0.01481227213811104,0.06815157873976069,-0.05447693063528377,fire geh+t
wenig,3.7331245118048986,0.04503404389083257,0.013154992580977172,-0.07149249097340941,wenig
geh+t wenig,2.962890067007519,0.016148454573618815,0.06584244458761014,-0.055225720701400964,geh+t wenig
überraschend,6.3426292563137014,0.0320332650392275,-0.02824618514425707,-0.03203853904844328,überraschend
wenig überrasch+end,2.985083076069125,0.01719352809726666,0.06402900786576732,-0.05581167950819062,wenig überrasch+end
direkt,5.307462599419559,-0.02163636842839763,0.0028356056952554844,0.027514638025958004,direkt
überrasch+end direkt,3.0374724655419074,0.019598061193729654,0.05983171911925775,-0.057160843963321925,überrasch+end direkt
Feuer,8.563451796726852,0.002265888530407712,-0.027211601740840346,0.009289772344756341,Feuer
direkt feuer,3.087187149694242,0.02180218353480519,0.05595338703289518,-0.05839869250580459,direkt feuer
Wir,5.91075309168269,-0.0033463645038780757,0.008995777064078826,0.00037550521467263816,Wir
Feuerwehrmann,3.231008957296754,0.027787728881429986,0.04526861133285619,-0.06176510598806703,Feuerwehrmann
wir feuer+wehr+mann,3.231008957296754,0.027787728881429986,0.04526861133285619,-0.06176510598806703,wir feuer+wehr+mann
Katastrophenhelfer,3.441295677130061,0.03562524122900209,0.030927251763962257,-0.06618188750411445,Katastrophenhelfer
feuer+wehr+mann katastrophe+n+helfer,3.441295677130061,0.03562524122900209,0.030927251763962257,-0.06618188750411445,feuer+wehr+mann katastrophe+n+helfer
Schutzanzug,3.727209868590682,0.04485789688053925,0.013493524616784653,-0.07139302303053234,Schutzanzug
mit schutz+anzug,3.727209868590682,0.04485789688053925,0.013493524616784653,-0.07139302303053234,mit schutz+anzug
Wasserkanone,4.023345757307164,0.05305071521056978,-0.002497150238822895,-0.07601954849501286,Wasserkanone
schutz+anzug wasser+kanone,4.023345757307164,0.05305071521056978,-0.002497150238822895,-0.07601954849501286,schutz+anzug wasser+kanone
retten,4.395812028685129,0.0618259346893198,-0.02020496372797511,-0.08097134957928169,retten
wasser+kanone rett+en,4.395812028685129,0.0618259346893198,-0.02020496372797511,-0.08097134957928169,wasser+kanone rett+en
rett+en vulkan+ausbruch,9.025995065839378,0.11330271483798048,-0.13865311980520803,-0.1095783419988753,rett+en vulkan+ausbruch
verwüsteten,5.284466230688716,0.07797411957577595,-0.05450313215215687,-0.09005143527345406,verwüsteten
vulkan+ausbruch verwüst+et+en,5.284466230688716,0.07797411957577595,-0.05450313215215687,-0.09005143527345406,vulkan+ausbruch verwüst+et+en
verwüst+et+en insel,4.5535617426248605,0.06512582866466175,-0.027027661589243985,-0.08283116170991497,verwüst+et+en insel
insel mensch+en,4.326395416223146,0.0603010091639695,-0.01708291220776371,-0.0801113904213581,insel mensch+en
Tiere,3.9789514710656255,0.05189869240677353,-0.00021783378280445812,-0.07536906304392954,Tiere
mensch+en tier+e,3.9789514710656255,0.05189869240677353,-0.00021783378280445812,-0.07536906304392954,mensch+en tier+e
Für,7.456744722906377,0.04984108556078631,-0.058771240546999094,-0.04428461274205393,Für
tier+e für,3.8070883774558153,0.04719114583215792,0.008990814434976365,-0.07271063468767702,tier+e für
Weiterentwicklung,4.581020817904564,0.06966738527955815,-0.03199612655069108,-0.08761912106765474,Weiterentwicklung
für weiter+entwicklung,4.581020817904564,0.06966738527955815,-0.03199612655069108,-0.08761912106765474,für weiter+entwicklung
Finanzierung,4.250883910789863,0.051173194146869064,-0.00670932362005695,-0.07102479688978938,Finanzierung
weiter+entwicklung finanzierung,4.250883910789863,0.051173194146869064,-0.00670932362005695,-0.07102479688978938,weiter+entwicklung finanzierung
Angebotes,4.038591864221909,0.04015154533840032,0.008846194802287837,-0.061903378610341564,Angebotes
finanzierung angebot+es,4.038591864221909,0.04015154533840032,0.008846194802287837,-0.061903378610341564,finanzierung angebot+es
erheben,3.9575350522891353,0.03603416046822063,0.014745491977262269,-0.05863874008211273,erheben
angebot+es erheb+en,3.9575350522891353,0.03603416046822063,0.014745491977262269,-0.05863874008211273,angebot+es erheb+en
verarbeiten,3.872258492105254,0.03173616172861552,0.020953908996904268,-0.05531285529055595,verarbeiten
erheb+en verarbeit+en,3.872258492105254,0.03173616172861552,0.020953908996904268,-0.05531285529055595,erheb+en verarbeit+en
255,3.7151539110131546,0.023875965275075604,0.03244278807170872,-0.04944695423124026,255
verarbeit+en 255,3.7151539110131546,0.023875965275075604,0.03244278807170872,-0.04944695423124026,verarbeit+en 255
Partner,3.695040904718332,0.022873177040401087,0.03392141575508373,-0.0487188375608551,Partner
255 partner,3.695040904718332,0.022873177040401087,0.03392141575508373,-0.0487188375608551,255 partner
personenbezogene,3.6567900183765274,0.020967475978047826,0.03673972391939168,-0.04734785615080271,personenbezogene
partner personenbezogen+e,3.6567900183765274,0.020967475978047826,0.03673972391939168,-0.04734785615080271,partner personenbezogen+e
personenbezogen+e dat+en,3.583120959986499,0.017300931430297758,0.04219360432188676,-0.044757396947342716,personenbezogen+e dat+en
Identifikationsmerkmale,3.543911727826512,0.015350681756575007,0.045111998877719245,-0.043405133356744285,Identifikationsmerkmale
dat+en identifikation+s+merk+mal+e,3.543911727826512,0.015350681756575007,0.045111998877719245,-0.043405133356744285,dat+en identifikation+s+merk+mal+e
Gerätekennungen,3.4439339555576414,0.010378628538007468,0.05261002037970591,-0.04003944270496345,Gerätekennungen
identifikation+s+merk+mal+e gerät+e+kennung+en,3.4439339555576414,0.010378628538007468,0.05261002037970591,-0.04003944270496345,identifikation+s+merk+mal+e gerät+e+kennung+en
IP-Adresse…,3.381734489202406,0.007284078734548078,0.05732079354045173,-0.03800509683448208,IP-Adresse…
gerät+e+kennung+en ip-adresse…,3.381734489202406,0.007284078734548078,0.05732079354045173,-0.03800509683448208,gerät+e+kennung+en ip-adresse…
+830,3.3466769849338105,0.0055388775101071494,0.059993176183377114,-0.036878638693387485,+830
ip-adresse… +830,3.3466769849338105,0.0055388775101071494,0.059993176183377114,-0.036878638693387485,ip-adresse… +830
+830 chars,3.3338125037278283,0.004898224790328925,0.06097711311754017,-0.036468933469955576,+830 chars
Ätna,132.93590736867344,0.019702543590932785,-0.1862713409580189,0.05024702593557792,Ätna
vulkan ätna,53.678166435457584,0.008075609240071526,-0.15752633339618338,0.05487979179882923,vulkan ätna
ätna spuck+t,20.740129832142802,-0.013191037018334382,-0.07888094685552605,0.0516457537477131,ätna spuck+t
glühendes,28.04338535122229,-0.007793361410929189,-0.09619044034494048,0.05169601194393732,glühendes
spuck+t glüh+end+es,11.967457044998243,-0.026965662832520693,-0.027536292681869322,0.04772794144061398,spuck+t glüh+end+es
glüh+end+es material,23.230468740790172,-0.011523181462968995,-0.08255896351611253,0.05100221692254151,glüh+end+es material
leichter,8.53657608049367,-0.036349218374350095,0.005162038494825109,0.045280360923468065,leichter
material leicht+er,8.53657608049367,-0.036349218374350095,0.005162038494825109,0.045280360923468065,material leicht+er
Ascheregen,17.05171107439773,-0.021425864482532603,-0.017110983898011377,0.03612470995829693,Ascheregen
leicht+er asche+regen,8.140566221025498,-0.037757201556884765,0.01004424448162811,0.04487311491693433,leicht+er asche+regen
asche+regen auf,5.7157503358195925,-0.048959712156104014,0.0488623858670242,0.04116524207223982,asche+regen auf
Sizilien,55.098826640690376,0.018176343587883188,-0.1369129965415915,0.03363668138807946,Sizilien
auf sizilien,9.029565125220188,-0.03471372536903127,-0.000514558267207917,0.04573920422373292,auf sizilien
rumort,23.41294556866708,0.0014251846934520732,-0.03404621951481926,0.01346048656245105,rumort
sizilien rumor+t,10.785800889535098,-0.029737789865478252,-0.017838254926583197,0.04704899593861101,sizilien rumor+t
spuck+t asche,14.964660035596994,-0.009793766656581722,-0.04653633686536056,0.033776491640225226,spuck+t asche
asche glüh+end+es,10.486110904677258,-0.030506615347853795,-0.015155229053978895,0.04685456948180955,asche glüh+end+es
Zivilschutz,8.451500422758158,-0.050838846205494094,-0.006187533512216926,0.0681303560377967,Zivilschutz
der zivil+schutz,8.451500422758158,-0.050838846205494094,-0.006187533512216926,0.0681303560377967,der zivil+schutz
erhöhte,18.32853683808451,-0.04011656211374775,-0.08532191173229607,0.08758158505496476,erhöhte
zivil+schutz erhöh+te,8.103340208819567,-0.08544959904662162,-0.030820713197230818,0.11851805439170324,zivil+schutz erhöh+te
kurzzeitig,8.027072194766257,-0.11888521696647096,-0.05857261333044601,0.16493525958446156,kurzzeitig
erhöh+te kurzzeitig,8.027072194766257,-0.11888521696647096,-0.05857261333044601,0.16493525958446156,erhöh+te kurzzeitig
kurzzeitig warn+stufe,9.031664659703052,-0.30476128409256775,-0.2352890319809666,0.3754147531749695,kurzzeitig warn+stufe
noch geb+t,7.247003670906402,-0.1442041565687871,-0.06654083322347602,0.19316120936092593,noch geb+t
gravierenden,5.5697864657363505,-0.11482975578854195,-0.0035066842436750033,0.13947777752508625,gravierenden
geb+t gravierend+en,5.5697864657363505,-0.11482975578854195,-0.0035066842436750033,0.13947777752508625,geb+t gravierend+en
gravierend+en folge+n,5.6339803062612,-0.08758091206899488,0.017997403662966885,0.10078113545521317,gravierend+en folge+n
hin+zu+füg+en auf,3.8028900024162433,-0.06351479531264506,0.09989963989043325,0.03473472319029756,hin+zu+füg+en auf
kei…,3.1237529959823784,-0.1227569228085021,0.08527885983884452,0.11014802263000963,kei…
geb+t kei…,3.1237529959823784,-0.1227569228085021,0.08527885983884452,0.11014802263000963,geb+t kei…
+1123,3.0679302226859173,-0.11607369705764138,0.0940368261499899,0.09886175957048156,+1123
kei… +1123,3.0679302226859173,-0.11607369705764138,0.0940368261499899,0.09886175957048156,kei… +1123
+1123 chars,3.0205092818087094,-0.11113948810027069,0.10092469629555273,0.09019460190828565,+1123 chars
asche+regen hier,3.6054457168722367,-0.06555500973111471,0.10717128256156058,0.03364888430537068,asche+regen hier
thema vulkan,18.030215396791643,-0.01698368199264116,-0.06286964663050752,0.04992781401158603,thema vulkan
sie ätna,4.080230475584151,-0.060869921281365404,0.09052593298940625,0.036068222839232424,sie ätna
der ätna,21.213617619102067,-0.02516229254416626,-0.08401717300682114,0.06880043757266444,der ätna
italienischen,35.152047869675805,-0.005776214741595749,-0.11769468902550763,0.05757809928519065,italienischen
ätna italienisch+en,31.25768243992369,-0.007671866289884693,-0.10871523850907105,0.056498760135405314,ätna italienisch+en
Mittelmeerinsel,26.224982378330836,-0.007693883411120308,-0.09699033482225962,0.05188737174985373,Mittelmeerinsel
italienisch+en mittelmeer+insel,26.224982378330836,-0.007693883411120308,-0.09699033482225962,0.05188737174985373,italienisch+en mittelmeer+insel
mittelmeer+insel sizilien,21.895778761877292,-0.0024065648118653652,-0.04365285068922141,0.022794928691287644,mittelmeer+insel sizilien
sizilien zeig+t,7.454832088889904,-0.04042513975362689,0.019287303766902394,0.04406849265135809,sizilien zeig+t
zeig+t erhöh+t+e,8.581503071045761,-0.03619499792900713,0.004627032935388186,0.0453242693376188,zeig+t erhöh+t+e
erhöh+t+e aktivität,11.545585069823069,-0.027911265437188457,-0.02422370342701919,0.04750011762959622,erhöh+t+e aktivität
vulkan glüh+end+es,10.423698583029365,-0.03067045415011664,-0.0145838074423204,0.04681277801047553,vulkan glüh+end+es
geringe,7.521613645592263,-0.04015120107164192,0.01833857116338043,0.044153175214231316,geringe
material gering+e,7.521613645592263,-0.04015120107164192,0.01833857116338043,0.044153175214231316,material gering+e
Mengen,7.046665624953638,-0.0421733821708038,0.025341242230007263,0.043516418439542445,Mengen
gering+e menge+n,7.046665624953638,-0.0421733821708038,0.025341242230007263,0.043516418439542445,gering+e menge+n
menge+n asche,6.556556839613842,-0.04445900400471259,0.03325667020298469,0.04276295896451477,menge+n asche
asche aus+ge+stoß+en,6.342414534239504,-0.04552990106821898,0.03696677533229957,0.04239695298271011,asche aus+ge+stoß+en
teilte,10.31071842823543,0.03272722526926954,-0.07441992694466426,-0.01227371415671986,teilte
aus+ge+stoß+en teil+te,5.964619980001112,-0.047540847536712436,0.04393833742735988,0.0416860996695393,aus+ge+stoß+en teil+te
nationale,11.656682992033476,0.011279525566231406,-0.05833047260760753,0.010695716582000312,nationale
teil+te national+e,8.68835933992826,0.007490370623485615,-0.03288835890127877,0.004707404263503064,teil+te national+e
italienische,12.367383515021265,0.005601733584949631,-0.057524009189649575,0.018051377566550075,italienische
national+e italienisch+e,11.599754814534354,0.0006985930458696755,-0.04870888780029741,0.020839148957920415,national+e italienisch+e
+939,2.9563190690358936,-0.07343434084275484,0.13565478091000222,0.0289394800966313,+939
italienisch+e +939,2.9563190690358936,-0.07343434084275484,0.13565478091000222,0.0289394800966313,italienisch+e +939
+939 chars,2.9302945130264844,-0.07379580664393653,0.13697875267103393,0.028702205807269905,+939 chars
+993,2.9563190690358936,-0.07343434084275484,0.13565478091000222,0.0289394800966313,+993
italienisch+e +993,2.9563190690358936,-0.07343434084275484,0.13565478091000222,0.0289394800966313,italienisch+e +993
+993 chars,2.9302945130264844,-0.07379580664393653,0.13697875267103393,0.028702205807269905,+993 chars
asche+regen sizilien,3.191704311026951,-0.07034008723830548,0.12438660803939877,0.030891731761764324,asche+regen sizilien
sizilien ätna,6.6604710970643195,-0.033071520611814606,-0.014246374798980676,0.04969061815370623,sizilien ätna
material auf,3.8028900024162433,-0.06351479531264506,0.09989963989043325,0.03473472319029756,material auf
+900,2.9563190690358936,-0.07343434084275484,0.13565478091000222,0.0289394800966313,+900
italienisch+e +900,2.9563190690358936,-0.07343434084275484,0.13565478091000222,0.0289394800966313,italienisch+e +900
+900 chars,2.9302945130264844,-0.07379580664393653,0.13697875267103393,0.028702205807269905,+900 chars
passenden,3.2194536447148314,-0.0699946763602152,0.12313571738551127,0.0311011358345102,passenden
der pass+end+en,3.2194536447148314,-0.0699946763602152,0.12313571738551127,0.0311011358345102,der pass+end+en
Anlaufstellen,3.3246211015332787,-0.06871956776188012,0.11852945275941003,0.03185984741552274,Anlaufstellen
pass+end+en anlauf+stelle+n,3.3246211015332787,-0.06871956776188012,0.11852945275941003,0.03185984741552274,pass+end+en anlauf+stelle+n
Eifel,3.644424933745377,-0.06514094732144791,0.10569242377622745,0.033873422062902635,Eifel
anlauf+stelle+n eifel,3.644424933745377,-0.06514094732144791,0.10569242377622745,0.033873422062902635,anlauf+stelle+n eifel
Reisemobil,4.008950511104029,-0.0615269256417699,0.0928491894047442,0.03574454024418794,Reisemobil
eifel reise+mobil,4.008950511104029,-0.0615269256417699,0.0928491894047442,0.03574454024418794,eifel reise+mobil
Wälder,4.513548219235972,-0.057173645116895835,0.07751299314757006,0.03780067129795438,Wälder
reise+mobil wald+er,4.513548219235972,-0.057173645116895835,0.07751299314757006,0.03780067129795438,reise+mobil wald+er
Wein,5.216296630910588,-0.0520689481405248,0.05967367231443781,0.03996455139060235,Wein
wald+er wein,5.216296630910588,-0.0520689481405248,0.05967367231443781,0.03996455139060235,wald+er wein
wein vulkan+e,7.737765953269621,-0.039286260320388566,0.015342625529002365,0.04441740333533516,wein vulkan+e
vulkan+e der,6.494897715743545,-0.044762558579828395,0.03430819714731282,0.04266007395904997,vulkan+e der
idyllische,4.804780357916136,-0.054939933288420555,0.0696905927121341,0.03877856236083213,idyllische
der idyllisch+e,4.804780357916136,-0.054939933288420555,0.0696905927121341,0.03877856236083213,der idyllisch+e
Naturregion,4.158744573334073,-0.06016327958520843,0.08803079624695859,0.03641092564835946,Naturregion
idyllisch+e natur+region,4.158744573334073,-0.06016327958520843,0.08803079624695859,0.03641092564835946,idyllisch+e natur+region
westlich,3.7778157963506116,-0.06376620354370077,0.10079368538073849,0.03460367210951019,westlich
natur+region westlich,3.7778157963506116,-0.06376620354370077,0.10079368538073849,0.03460367210951019,natur+region westlich
Bonn,3.51753926015698,-0.06651041868420925,0.11058984617441382,0.03312249871435948,Bonn
westlich bonn,3.51753926015698,-0.06651041868420925,0.11058984617441382,0.03312249871435948,westlich bonn
zählt,3.4409111534635324,-0.06736875098485517,0.11366871535151593,0.03263956742529198,zählt
bonn zähl+t,3.4409111534635324,-0.06736875098485517,0.11366871535151593,0.03263956742529198,bonn zähl+t
beliebtesten,3.279974658356722,-0.06925445269123291,0.12045952473801658,0.031544303064435605,beliebtesten
zähl+t belieb+t+est+en,3.279974658356722,-0.06925445269123291,0.12045952473801658,0.031544303064435605,zähl+t belieb+t+est+en
Urlaubszielen,3.1569758472171086,-0.07077785201293867,0.1259739067858265,0.030623926228143673,Urlaubszielen
belieb+t+est+en urlaub+s+ziel+en,3.1569758472171086,-0.07077785201293867,0.1259739067858265,0.030623926228143673,belieb+t+est+en urlaub+s+ziel+en
Deutschen,3.026181998348279,-0.07248382952503489,0.13218106476098496,0.029554074065230616,Deutschen
urlaub+s+ziel+en deutsch+en,3.026181998348279,-0.07248382952503489,0.13218106476098496,0.029554074065230616,urlaub+s+ziel+en deutsch+en
Gut,10.752850403931438,0.07423643964357175,-0.1116760482885406,-0.05789169211699114,Gut
vier,4.531357537738481,-0.05703170393722803,0.07701506571142773,0.03786430958320339,vier
gut vier,2.856712304171416,-0.07484048629091594,0.14081460590995493,0.028005261059668662,gut vier
vier jahr+e,2.8362795712203877,-0.07513670648601341,0.1419048562463751,0.027804577888160143,vier jahr+e
verheerenden,6.210931265528473,0.044253633660666244,-0.03754101231978487,-0.04572252153282554,verheerenden
jahr+e verheerend+en,3.840229765297294,-0.005188963795836755,0.05334569064037443,-0.018475713207567326,jahr+e verheerend+en
Ahrflut,2.738847336979098,-0.07658773966547514,0.14726242348813515,0.026801586616067203,Ahrflut
verheerend+en ahrflut,2.738847336979098,-0.07658773966547514,0.14726242348813515,0.026801586616067203,verheerend+en ahrflut
ahrflut region,2.693213435079287,-0.07729024009061845,0.14986659429311444,0.0263038918147187,ahrflut region
urlaubsreif,2.6554122069370933,-0.07788377658994201,0.15207224103965483,0.025877118089727476,urlaubsreif
region urlaub+s+reif,2.6554122069370933,-0.07788377658994201,0.15207224103965483,0.025877118089727476,region urlaub+s+reif
Zwar,3.9596226939939543,-0.06199053673997715,0.09449060993579059,0.035513162090096216,Zwar
läuft,2.61312062047067,-0.07856073709245828,0.15459405059764025,0.02538324642027156,läuft
zwar lauf+t,2.61312062047067,-0.07856073709245828,0.15459405059764025,0.02538324642027156,zwar lauf+t
überall,2.600870625250085,-0.07875943791745726,0.1553355099216856,0.025236832053460435,überall
lauf+t überall,2.600870625250085,-0.07875943791745726,0.1553355099216856,0.025236832053460435,lauf+t überall
Wiederaufbau,2.5686253159689674,-0.0792882297551047,0.15731153532437972,0.024843942464251523,Wiederaufbau
überall wiederaufbau,2.5686253159689674,-0.0792882297551047,0.15731153532437972,0.024843942464251523,überall wiederaufbau
längst,2.5363146765244937,-0.07982665118953335,0.15932780161784632,0.024439009239329356,längst
wiederaufbau längst,2.5363146765244937,-0.07982665118953335,0.15932780161784632,0.024439009239329356,wiederaufbau längst
Tal,2.5131561984072244,-0.08021796914498208,0.16079592628569553,0.024141582561122914,Tal
längst tal,2.5131561984072244,-0.08021796914498208,0.16079592628569553,0.024141582561122914,längst tal
tal zurück,2.507291281341928,-0.08031780052294073,0.161170838707755,0.024065280059818978,tal zurück
touristischen,2.486351211949936,-0.08067667962200074,0.16251984669884562,0.023789551172189873,touristischen
zurück touristisch+en,2.486351211949936,-0.08067667962200074,0.16251984669884562,0.023789551172189873,zurück touristisch+en
Land…,2.4681743637365567,-0.08099133644794669,0.16370424857854776,0.023545944530376867,Land…
touristisch+en land…,2.4681743637365567,-0.08099133644794669,0.16370424857854776,0.023545944530376867,touristisch+en land…
+44898,2.459534120687145,-0.08114194281256301,0.16427168716505897,0.023428729022659293,+44898
land… +44898,2.459534120687145,-0.08114194281256301,0.16427168716505897,0.023428729022659293,land… +44898
+44898 chars,2.451171200635698,-0.08128835800937029,0.16482367155832683,0.02331439134741893,+44898 chars
vulkan lavafontänen,12.42315664418415,0.04142396797313378,-0.09037322861526655,-0.01787265694175189,vulkan lavafontänen
lavafontänen ätna,13.109260504360977,-0.06461613146870175,-0.111247150113645,0.1258767085694665,lavafontänen ätna
ätna warn+stufe,13.966671133526592,-0.17488842014538955,-0.1920809562853007,0.2622785260765485,ätna warn+stufe
erhöht,14.786171438563072,-0.056021219890083816,-0.09513309829817568,0.11008196583038475,erhöht
warn+stufe erhöh+t,14.786171438563072,-0.056021219890083816,-0.09513309829817568,0.11008196583038475,warn+stufe erhöh+t
erhöh+t hier,3.729560899135363,-0.09361017334207526,0.07332617886339513,0.0831761066594878,erhöh+t hier
sie lavafontänen,4.546167725966317,0.04878728886524296,-0.0176052111111034,-0.06203958203651658,sie lavafontänen
sizilien aus+ge+brech+en,14.721529054952011,0.2065505720091645,-0.2887548267756807,-0.2193964800289764,sizilien aus+ge+brech+en
gebe,11.039575533994245,0.08658467094997209,-0.126176293831815,-0.0710134597114812,gebe
Dutzende,12.671947988374514,0.08855413052428371,-0.1383019070771022,-0.06888476377762771,Dutzende
geb+e dutzend+e,10.732482845352518,0.09051770632689789,-0.12811011300587063,-0.07647816486464767,geb+e dutzend+e
dutzend+e meter,10.57512472720364,0.11295481506767367,-0.1507700017394437,-0.10358667171835634,dutzend+e meter
Gipfelkratern,7.0529874166347,0.07195019227424083,-0.0752707889675521,-0.07068345128189644,Gipfelkratern
lavafontäne+n gipfel+krater+n,7.0529874166347,0.07195019227424083,-0.0752707889675521,-0.07068345128189644,lavafontäne+n gipfel+krater+n
gipfel+krater+n teil+te,5.275377344615972,0.04209459595665079,-0.020278891846408874,-0.050641972545723814,gipfel+krater+n teil+te
Institut,12.625587307520046,-0.005300810098764435,-0.04950262631345099,0.029147701346057923,Institut
italienisch+e institut,8.852792348782017,-0.004818961022258377,-0.023754217816324488,0.017279266793124512,italienisch+e institut
+1978,2.7283461703007785,-0.04228229052634642,0.12273036708393414,-0.003963106464823545,+1978
institut +1978,2.7283461703007785,-0.04228229052634642,0.12273036708393414,-0.003963106464823545,institut +1978
+1978 chars,2.7097881553593544,-0.044405039650740545,0.12519073548170725,-0.002473626169481348,+1978 chars
Catania,36.069107463561856,-0.06827095583316731,0.2994066142974875,-0.07423635567074073,Catania
erhöh+t catania,4.723276138161061,-0.05554687156376422,0.07181333682892325,0.03851777209029968,erhöh+t catania
catania der,6.098208267627087,-0.046811020623828185,0.041407318593840295,0.041947721775926476,catania der
lavafontäne+n kopier+e,3.3073741000087113,-0.011043429880524864,0.07496330192249409,-0.021277677139204126,lavafontäne+n kopier+e
ätna rumor+t,10.816078926737624,-0.037726517320782464,0.11772339485051805,-0.007341526478822382,ätna rumor+t
spuck+t lava,11.259433444091092,0.06111073255676358,-0.10212795737092958,-0.041918957842616345,spuck+t lava
lava asche,10.097344988071349,0.028041149308917573,-0.06407851214087089,-0.010124782528180014,lava asche
Experten,7.852541036382981,0.002839564732869558,-0.04207564439985188,0.015081528703435959,Experten
der experte+n,5.975394991509808,-0.04239730647404757,0.011877973140365117,0.04985688814058517,der experte+n
erhöhten,6.256922776862954,-0.07774250245641535,0.011220306221277813,0.09244845104641639,erhöhten
experte+n erhöh+ten,6.256922776862954,-0.07774250245641535,0.011220306221277813,0.09244845104641639,experte+n erhöh+ten
erhöh+ten warn+stufe,7.960081787832243,-0.13921774231176368,-0.07505843343456611,0.19131952393634247,erhöh+ten warn+stufe
Mittelmeeri…,3.828913949264684,-0.0632561251404635,0.09898033991016005,0.034868766534346216,Mittelmeeri…
italienisch+en mittelmeeri…,3.828913949264684,-0.0632561251404635,0.09898033991016005,0.034868766534346216,italienisch+en mittelmeeri…
+2088,4.479238245686934,-0.05744916774899899,0.07847987226150471,0.03767654995163593,+2088
mittelmeeri… +2088,3.534133554707018,-0.06632771785166304,0.10993543696509574,0.033224060632310336,mittelmeeri… +2088
+2088 char+s,3.4409111534635324,-0.06736875098485517,0.11366871535151593,0.03263956742529198,+2088 char+s
Rote,3.586886975640195,-0.16862551621982744,0.02283604934611433,0.18322317145933026,Rote
Warnung,8.268683365198395,-0.3585808958285292,-0.2693261627099618,0.41908156874638713,Warnung
rot+e warnung,7.619155752675956,-0.27677117555886116,-0.18751644244029353,0.34297029415738145,rot+e warnung
warnung sizilien,3.6384478292372155,-0.11880791183441143,0.06147321821595933,0.11647404726779677,warnung sizilien
Asche-Wolken,3.943846548360928,-0.06214039429007722,0.09502154926661767,0.0354378398880019,Asche-Wolken
spuck+t asche+-+wolke+n,3.943846548360928,-0.06214039429007722,0.09502154926661767,0.0354378398880019,spuck+t asche+-+wolke+n
asche+-+wolke+n der,4.804780357916136,-0.054939933288420555,0.0696905927121341,0.03877856236083213,asche+-+wolke+n der
aktivste,16.910150949295346,-0.018449387417051145,-0.057632901920591076,0.04962563287876264,aktivste
der aktiv+st+e,8.33578022604515,-0.037051976001229774,0.0075993366920473916,0.045078544449045285,der aktiv+st+e
aktiv+st+e vulkan,27.665238004352172,-0.008053311255340083,-0.09523516433799245,0.05164857949583933,aktiv+st+e vulkan
vulkan europa+s,23.958236149025712,-0.010893488295567817,-0.08484929079116171,0.05112143030733138,vulkan europa+s
europa+s ätna,6.139334861168213,-0.057386090710039674,0.03137984676143239,0.059546027257914864,europa+s ätna
Rauch,5.498520739800832,-0.05026634182875336,0.05340180195096776,0.04067083067505976,Rauch
spuck+t rauch,5.498520739800832,-0.05026634182875336,0.05340180195096776,0.04067083067505976,spuck+t rauch
rauch asche,5.600771909530494,-0.05551962319983829,0.046217760091434204,0.05050812659754996,rauch asche
geben,6.634810926471532,-0.03819878659876994,-0.05391328140245734,0.0727390418169712,geben
behörde+n geb+en,4.99960825765122,-0.12084416157427684,0.007822143985790585,0.1412500037010535,behörde+n geb+en
rote,5.206535134533638,-0.1890026760719841,-0.05603954631095411,0.23132307482994954,rote
geb+en rot+e,5.206535134533638,-0.1890026760719841,-0.05603954631095411,0.23132307482994954,geb+en rot+e
warnung flug+verkehr,5.265299254377446,-0.10717188115043676,0.011459903854392212,0.12518925529245903,warnung flug+verkehr
anzeige+n der,10.254970238140814,0.0029508068021729373,-0.041663956783589286,0.014751436634944862,anzeige+n der
Quelle,6.3507140850399,0.014595340997703366,-0.04164243978990883,-0.0011816519602006737,Quelle
Reuters28.12.2025,2.961302196523561,-0.10771009093053285,0.1073732975104423,0.08330994280233352,Reuters28.12.2025
quelle reuters28.12.2025,2.961302196523561,-0.10771009093053285,0.1073732975104423,0.08330994280233352,quelle reuters28.12.2025
10:30,2.8554896301755717,-0.09983950077667371,0.12054791680757279,0.0679948349046533,10:30
reuters28.12.2025 10:30,2.8554896301755717,-0.09983950077667371,0.12054791680757279,0.0679948349046533,reuters28.12.2025 10:30
10:30 uhr,2.829346944636051,-0.09828858460067873,0.12353071228437865,0.0647408449571989,10:30 uhr
erhöh+t der,4.07220558326432,-0.07718220152956373,0.07719391351695022,0.0622393624670755,erhöh+t der
+2036,2.7283461703007785,-0.04228229052634642,0.12273036708393414,-0.003963106464823545,+2036
institut +2036,2.7283461703007785,-0.04228229052634642,0.12273036708393414,-0.003963106464823545,institut +2036
+2036 chars,2.7097881553593544,-0.044405039650740545,0.12519073548170725,-0.002473626169481348,+2036 chars
erhöh+t nan,5.3489069002359715,-0.05120639688915587,0.056671091494934774,0.040306079356850676,erhöh+t nan
nan der,6.098208267627087,-0.046811020623828185,0.041407318593840295,0.041947721775926476,nan der
+677,2.7283461703007785,-0.04228229052634642,0.12273036708393414,-0.003963106464823545,+677
institut +677,2.7283461703007785,-0.04228229052634642,0.12273036708393414,-0.003963106464823545,institut +677
+677 chars,2.7128037705174,-0.04406498473476789,0.12479449988833588,-0.002710371728579997,+677 chars
spuck+t lavafontäne+n,4.806614998432822,0.0390680268980674,-0.008354089738088379,-0.05184301764874546,spuck+t lavafontäne+n
lavafontäne+n asche,5.678172294019265,-0.012428732101332546,0.020242992665335184,0.007362237611454487,lavafontäne+n asche
asche der,3.7104895463556193,-0.04380080522303811,0.08772718716042881,0.01590818544710393,asche der
ätna sizilien,12.494597090161301,0.005082246167842494,-0.04724903059968276,0.014310691941849269,ätna sizilien
sizilien spuck+t,5.913107748284412,-0.022555393294032756,0.04906558724906564,0.007129094653753498,sizilien spuck+t
meterhohe,9.21716211171267,0.029500656663206823,-0.033566316517954546,-0.025910903749794843,meterhohe
asche meterhohe+e,4.508933225122284,0.043150584932383204,0.04742925978074085,-0.08628588127854595,asche meterhohe+e
meterhohe+e lavafontäne+n,11.41059774342076,0.11205258130976328,-0.13053253665348363,-0.11111566053285168,meterhohe+e lavafontäne+n
laut behörde+n,4.555193501199563,0.004055022325236665,0.08729614880113837,-0.04895887418344352,laut behörde+n
behörde+n aktivität,4.403722476271497,-0.05524638655854295,0.18571304408122977,-0.021359620201061896,behörde+n aktivität
aktivität derzeit,4.374226317601271,-0.08646829408335169,0.24106977567684842,-0.013253689590316694,aktivität derzeit
derzeit auswirkung+en,4.394043818522684,-0.13369208454568557,0.3269439639004022,-0.008298111619386612,derzeit auswirkung+en
Betrieb,16.40941599063896,-0.10700919141846653,0.28254730387790045,-0.012751121939090282,Betrieb
auswirkung+en betrieb,4.6529716180912395,-0.2412469411293679,0.5239495617957188,-0.026669289874255018,auswirkung+en betrieb
Flughafens,5.460460192928145,-0.4251578881619288,0.8335486454279698,-0.13916015754547742,Flughafens
betrieb flug+hafen+s,5.460460192928145,-0.4251578881619288,0.8335486454279698,-0.13916015754547742,betrieb flug+hafen+s
flug+hafen+s catania,4.829322966227149,-0.3219770413280123,0.50733189096299,0.06740374453694978,flug+hafen+s catania
der warn+stufe,3.581627259828199,-0.3597140502988217,0.2374268007263567,0.25328772944756095,der warn+stufe
Luftfahrt,3.0406828589033394,-0.20304461039922184,0.2868088934372503,0.09257346909461954,Luftfahrt
warn+stufe luft+fahrt,3.0406828589033394,-0.20304461039922184,0.2868088934372503,0.09257346909461954,warn+stufe luft+fahrt
luft+fahrt werd+e,2.9506405556069177,-0.17268105951177024,0.27471225033819363,0.06772105440816906,luft+fahrt werd+e
angehoben,5.154204593247613,-0.07995660076614539,0.06990999159151508,0.06891689316955552,angehoben
werd+e an+ge+heb+en,2.885671595686853,-0.14867495695976043,0.2601275042792901,0.04973215207911608,werd+e an+ge+heb+en
28.12.2025,2.81897569046761,-0.11843094185083798,0.23696314944886976,0.028221919305851526,28.12.2025
stand 28.12.2025,2.81897569046761,-0.11843094185083798,0.23696314944886976,0.028221919305851526,stand 28.12.2025
11:54,2.794166913360174,-0.10205971258845616,0.22303160757630527,0.01659299103733287,11:54
28.12.2025 11:54,2.794166913360174,-0.10205971258845616,0.22303160757630527,0.01659299103733287,28.12.2025 11:54
11:54 uhr,2.7849669425029355,-0.09316860278285988,0.2152468197077194,0.01016121756499558,11:54 uhr
Warn…,2.7172103340672207,-0.17237078424077473,0.5136382981853036,-0.09954379313806819,Warn…
der warn…,2.7172103340672207,-0.17237078424077473,0.5136382981853036,-0.09954379313806819,der warn…
+1770,2.670640626656211,-0.16020551046150808,0.47812893356384056,-0.08535406731020795,+1770
warn… +1770,2.670640626656211,-0.16020551046150808,0.47812893356384056,-0.08535406731020795,warn… +1770
+1770 char+s,2.6388648385732703,-0.15239424285549122,0.4540394166935508,-0.07596886422367374,+1770 char+s
Antike,3.1926369384100792,-0.006095008572020244,0.07512243276656465,-0.028222674967295767,Antike
antike der,3.2467608339953404,-0.0058238315317993075,0.07290777367880003,-0.02746563112841987,antike der
letzten,8.29987446301171,0.09784179419249422,-0.1153516711367031,-0.09413463134045548,letzten
der letzt+en,3.2762766068815363,-0.005702052406160275,0.0717419328795813,-0.027039145615300523,der letzt+en
letzt+en tag+e,3.341140882666173,-0.005492014666111124,0.06927613548404897,-0.026073845073634163,letzt+en tag+e
tag+e pompeji,3.4254582854857003,-0.005321544319845794,0.06625152455176464,-0.02477404811418157,tag+e pompeji
Neue,8.148501915315542,-0.015068778421068008,-0.008550690503440279,0.024061403058900095,Neue
pompeji neu+e,5.341197024282145,0.053712394681603104,-0.032241050405791005,-0.0625349956751807,pompeji neu+e
Erkenntnisse,16.332315102315334,0.05205124061456586,-0.11908859582579345,-0.021160441185763115,Erkenntnisse
neu+e erkenntnis+se,16.332315102315334,0.05205124061456586,-0.11908859582579345,-0.021160441185763115,neu+e erkenntnis+se
ermöglichen,3.780592704687628,-0.005451436153158158,0.05527307311591451,-0.01907267695017191,ermöglichen
erkenntnis+se ermöglich+en,3.780592704687628,-0.005451436153158158,0.05527307311591451,-0.01907267695017191,erkenntnis+se ermöglich+en
Blick,4.241911338339227,-0.006541418351112944,0.04386811070800273,-0.011935389412668118,Blick
ermöglich+en blick,4.241911338339227,-0.006541418351112944,0.04386811070800273,-0.011935389412668118,ermöglich+en blick
blick tag+e,3.341140882666173,-0.005492014666111124,0.06927613548404897,-0.026073845073634163,blick tag+e
tag+e vulkan+katastrophe,7.931424305440826,-0.01147551141891981,-0.009376994345780286,0.019697783460552343,tag+e vulkan+katastrophe
vulkan+katastrophe pompeji,3.4254582854857003,-0.005321544319845794,0.06625152455176464,-0.02477404811418157,vulkan+katastrophe pompeji
pompeji jahr,4.11884311331148,0.0037720434123784167,0.03837067485672355,-0.023543328765643173,pompeji jahr
wild,3.726571651642101,0.013230294627879594,0.04124585186059074,-0.038400075704761616,wild
chr. wild,3.726571651642101,0.013230294627879594,0.04124585186059074,-0.038400075704761616,chr. wild
unbeschwert,3.615241033780268,0.01769073470223157,0.04084699013907476,-0.0446439070792978,unbeschwert
wild un+beschwer+t,3.615241033780268,0.01769073470223157,0.04084699013907476,-0.0446439070792978,wild un+beschwer+t
un+beschwer+t leben,3.4428405705714114,0.02859925525687139,0.037039860181407105,-0.058758542989261066,un+beschwer+t leben
Fuß,3.395747175321892,0.03401077014114906,0.033914948963765866,-0.06527139951408815,Fuß
leben fuß,3.395747175321892,0.03401077014114906,0.033914948963765866,-0.06527139951408815,leben fuß
Vesuvs,4.200254885297366,0.05818483058758824,-0.011935754533808433,-0.07933643601588412,Vesuvs
fuß vesuv+s,3.4704733283374085,0.03663706637503129,0.029045747566882954,-0.06675265560378495,fuß vesuv+s
hin+zu+füg+en stunde+n,5.200171506615716,0.07666475358998573,-0.05163409623489252,-0.08931755024325774,hin+zu+füg+en stunde+n
stunde+n vulkan+ausbruch,9.025995065839378,0.11330271483798048,-0.13865311980520803,-0.1095783419988753,stunde+n vulkan+ausbruch
der tag,4.915707045041602,0.07193927147528643,-0.04141243553988674,-0.08666497348658883,der tag
Inferno,4.360405394545712,0.06105394852592489,-0.018622032391766404,-0.08053603601413313,Inferno
tag inferno,4.360405394545712,0.06105394852592489,-0.018622032391766404,-0.08053603601413313,tag inferno
beginnt,4.120736545216802,0.05549329012928173,-0.007364140283509697,-0.07739851883014363,beginnt
inferno beginn+t,4.120736545216802,0.05549329012928173,-0.007364140283509697,-0.07739851883014363,inferno beginn+t
Duft,3.7903431509975114,0.04671005707044414,0.009922510736756842,-0.07243895081135997,Duft
beginn+t duft,3.7903431509975114,0.04671005707044414,0.009922510736756842,-0.07243895081135997,beginn+t duft
frisch,3.6559098475290868,0.042690068902758255,0.017641342783177492,-0.07016896902813324,frisch
duft frisch,3.6559098475290868,0.042690068902758255,0.017641342783177492,-0.07016896902813324,duft frisch
gebackenem,3.567810471524893,0.03989262578915517,0.022943994828703917,-0.0685897566328151,gebackenem
frisch ge+back+en+em,3.567810471524893,0.03989262578915517,0.022943994828703917,-0.0685897566328151,frisch ge+back+en+em
Brot,3.4508588648046166,0.035958766787914605,0.03030782986190265,-0.06637001670712797,Brot
ge+back+en+em brot,3.4508588648046166,0.035958766787914605,0.03030782986190265,-0.06637001670712797,ge+back+en+em brot
ersten,12.573182964674595,0.02236511107324728,-0.07362460261017614,0.0019942329505555946,ersten
als erst+en,3.329825805636587,0.03159534372746899,0.03835213665009816,-0.06390980429718701,als erst+en
Sonnenstrahlen,3.2780858120194534,0.02963073374296051,0.04193264350080428,-0.06280292993124593,Sonnenstrahlen
erst+en sonne+n+strahl+en,3.2780858120194534,0.02963073374296051,0.04193264350080428,-0.06280292993124593,erst+en sonne+n+strahl+en
di…,4.360475724121459,0.03844642849097463,-0.035174404814416645,-0.038210339987679344,di…
sonne+n+strahl+en di…,3.153772003833537,0.024642638942493297,0.050911063104662174,-0.059995391345781954,sonne+n+strahl+en di…
+743,3.12704205533688,0.023517240744956473,0.05291487287734391,-0.0593625826132708,+743
di… +743,3.12704205533688,0.023517240744956473,0.05291487287734391,-0.0593625826132708,di… +743
+743 chars,3.1017375758165215,0.022433560962643026,0.054836919362133925,-0.05875346744445253,+743 chars
sorgt,12.676787623608236,0.03683293399711951,-0.0874999418006169,-0.012493002413025565,sorgt
ätna sorg+t,3.837332881188895,-0.011924632787074896,0.05893601610249028,-0.01200127783764002,ätna sorg+t
sorg+t lavafontäne+n,4.385862452005795,0.059673586665815875,-0.017938976538732335,-0.07870536239003878,sorg+t lavafontäne+n
Spektakel,6.399573647443677,-0.04523942842711184,0.0359603012670395,0.042497072440424846,Spektakel
lavafontäne+n spektakel,4.723276138161061,-0.05554687156376422,0.07181333682892325,0.03851777209029968,lavafontäne+n spektakel
spektakel der,6.098208267627087,-0.046811020623828185,0.041407318593840295,0.041947721775926476,spektakel der
Mittelmeer-Insel,3.828913949264684,-0.0632561251404635,0.09898033991016005,0.034868766534346216,Mittelmeer-Insel
italienisch+en mittelmeer+-+insel,3.828913949264684,-0.0632561251404635,0.09898033991016005,0.034868766534346216,italienisch+en mittelmeer+-+insel
mittelmeer+-+insel sizilien,3.587933226532759,-0.03281550144552897,0.08294422233684723,0.0040101485905402485,mittelmeer+-+insel sizilien
gipfel+krater+n national+e,3.5158836689319273,-0.061694825196637534,0.1071008347139519,0.028892776290832704,gipfel+krater+n national+e
institut geophysik,12.42986535591289,-0.025979625714264095,-0.030995902099559162,0.04796152696209886,institut geophysik
Vulkanologie,18.030215396791643,-0.01698368199264116,-0.06286964663050752,0.04992781401158603,Vulkanologie
geophysik vulkanologi+e,18.030215396791643,-0.01698368199264116,-0.06286964663050752,0.04992781401158603,geophysik vulkanologi+e
INGV,9.970624440201611,-0.03190072763479575,-0.01029654798736307,0.046494838690873036,INGV
vulkanologi+e ingv,9.970624440201611,-0.03190072763479575,-0.01029654798736307,0.046494838690873036,vulkanologi+e ingv
ingv sonntag,4.201117744430448,-0.0597890782793733,0.08671098134957814,0.036590154618650214,ingv sonntag
mitteilte,7.174606803105542,-0.015720377470323687,0.0024360605445990532,0.019957123865533333,mitteilte
sonntag mit+teil+te,3.913337599963225,-0.0624324167903752,0.09605669626195706,0.035290310410650415,sonntag mit+teil+te
der vul…,3.5687544706888525,-0.06595008903732869,0.10858385416980597,0.03343262490868097,der vul…
Nordostkrater,5.59896931513054,0.011208660760006579,0.001552835992105802,-0.016233807429243567,Nordostkrater
vul… nordost+krater,3.4409111534635324,-0.06736875098485517,0.11366871535151593,0.03263956742529198,vul… nordost+krater
Serie,4.686042804106887,-0.05008213148351849,0.06842377658852675,0.03331689734193111,Serie
nordost+krater serie,3.1735874518469793,-0.06131692863086179,0.11847410179161486,0.022675698620946903,nordost+krater serie
starker,4.996787367012434,-0.045060840419167525,0.058342782065139515,0.03180529670501661,starker
serie stark+er,3.141619605394846,-0.05601582643329997,0.11574941459981064,0.017378577343273208,serie stark+er
Explosionen,3.1074272522033954,-0.04808153928749573,0.11112344841949484,0.009604001687743278,Explosionen
stark+er explosion+en,3.1074272522033954,-0.04808153928749573,0.11112344841949484,0.009604001687743278,stark+er explosion+en
gegeben,3.074706346416411,-0.033251192737210285,0.1011046225054214,-0.004636016637816271,gegeben
explosion+en ge+geb+en,3.074706346416411,-0.033251192737210285,0.1011046225054214,-0.004636016637816271,explosion+en ge+geb+en
"1,8",3.072737523143637,-0.009387237224322088,0.08238532245572311,-0.027379301868831522,"1,8"
"ein 1,8",3.072737523143637,-0.009387237224322088,0.08238532245572311,-0.027379301868831522,"ein 1,8"
"1,8 kilo+meter",3.0837714504217875,0.0011809181433584874,0.07335691630063974,-0.03754953814980429,"1,8 kilo+meter"
langer,3.170237199474074,0.04436053650179122,0.03299297073267109,-0.08059741607391535,langer
kilo+meter lang+er,3.170237199474074,0.04436053650179122,0.03299297073267109,-0.08059741607391535,kilo+meter lang+er
Lavastrom,11.510230275034413,0.1505505683820297,-0.19979877299915585,-0.14837053792989388,Lavastrom
lang+er lavastrom,3.4362856483094317,0.1254645925687064,-0.055809215140170995,-0.17114824498019598,lang+er lavastrom
bewege,3.064097163201609,0.0321800995664486,0.047932447910617314,-0.06974191469500597,bewege
lavastrom beweg+e,3.064097163201609,0.0321800995664486,0.047932447910617314,-0.06974191469500597,lavastrom beweg+e
östlicher,2.899553223842904,-0.00795163438153648,0.08837453325176861,-0.032492584384840595,östlicher
beweg+e östlich+er,2.899553223842904,-0.00795163438153648,0.08837453325176861,-0.032492584384840595,beweg+e östlich+er
Richtung,9.110501771109895,0.11896561150063131,-0.14556845598441195,-0.11618635263155347,Richtung
östlich+er richtung,2.835525959504333,-0.021307523459297,0.1017698940893501,-0.02104788953332406,östlich+er richtung
Videoaufnahmen,2.7858972164376223,-0.030480866771351773,0.11111351574360176,-0.013531532399511222,Videoaufnahmen
video+aufnahme+n italienisch+e,2.697003443221683,-0.04430079718818583,0.12571601837485633,-0.0028865362698941048,video+aufnahme+n italienisch+e
Sender,2.659331390330805,-0.04922000077657179,0.13117985277943897,0.000647812770640849,Sender
italienisch+e sender,2.659331390330805,-0.04922000077657179,0.13117985277943897,0.000647812770640849,italienisch+e sender
Rai,2.6410925504021767,-0.051421320434007774,0.13369188992548506,0.0021747455049948485,Rai
sender rai,2.6410925504021767,-0.051421320434007774,0.13369188992548506,0.0021747455049948485,sender rai
News,2.6312108167510506,-0.05256769078211791,0.13501936509142307,0.0029550033909005883,News
rai news,2.6312108167510506,-0.05256769078211791,0.13501936509142307,0.0029550033909005883,rai news
veröffentli…,2.619356930944978,-0.053901543305845796,0.13658221849891086,0.0038491343907408335,veröffentli…
news veröffentli…,2.619356930944978,-0.053901543305845796,0.13658221849891086,0.0038491343907408335,news veröffentli…
+3313,2.588741100979278,-0.057148778160246945,0.14047949648108254,0.005958580398070109,+3313
veröffentli… +3313,2.588741100979278,-0.057148778160246945,0.14047949648108254,0.005958580398070109,veröffentli… +3313
+3313 char+s,2.576632889142459,-0.058358679433255754,0.14196943572903722,0.006717849077781379,+3313 char+s
erhöh+t ätna,3.6868362137337045,-0.04123260717557749,0.021236823910900017,0.04419940709655012,erhöh+t ätna
spukt,3.7871743595467633,-0.007475115603214595,0.010758877431008552,0.005142292953396399,spukt
ätna spuk+t,3.7871743595467633,-0.007475115603214595,0.010758877431008552,0.005142292953396399,ätna spuk+t
spuk+t lava,4.087603465040677,0.06606707362976032,-0.04356712065850548,-0.07631200961124987,spuk+t lava
asche rumor+t,3.951666227121507,-0.04229323577592969,0.07980568142822975,0.01789167780586299,asche rumor+t
rumor+t sizilien,4.723276138161061,-0.05554687156376422,0.07181333682892325,0.03851777209029968,rumor+t sizilien
sizilien der,6.098208267627087,-0.046811020623828185,0.041407318593840295,0.041947721775926476,sizilien der
mittelmeer+insel erneut,3.690863829801712,0.0117890757467444,0.04354449098527177,-0.03748465694095233,mittelmeer+insel erneut
mahnen,3.640940091438916,-0.04789073213181851,0.09291195545513625,0.018566205389049788,mahnen
behörde+n mahn+en,3.640940091438916,-0.04789073213181851,0.09291195545513625,0.018566205389049788,behörde+n mahn+en
Vorsicht,3.828913949264684,-0.0632561251404635,0.09898033991016005,0.034868766534346216,Vorsicht
mahn+en vorsicht,3.828913949264684,-0.0632561251404635,0.09898033991016005,0.034868766534346216,mahn+en vorsicht
größter,7.1538575727503595,-0.041701475707598676,0.023707158926133735,0.04366745498801504,größter
europa+s groß,17.359665321217705,-0.0022244610103409643,-0.07318756467219219,0.035084948444900434,europa+s groß
aktiver,14.875493943235707,-0.0006136049088423746,-0.06465533205868898,0.029388949491476832,aktiver
groß aktiv+er,8.581503071045763,-0.03619499792900747,0.004627032935388186,0.045324269337618586,groß aktiv+er
aktiv+er vulkan,28.815826809359596,0.03450026048851119,-0.13598326313037148,0.010900480703460641,aktiv+er vulkan
vulkan zeig+t,5.498520739800831,-0.05026634182875336,0.05340180195096798,0.04067083067505976,vulkan zeig+t
machtvoll,4.343180568946109,-0.058569473583329236,0.08241623255212518,0.037163694605423195,machtvoll
zeig+t machtvoll,4.343180568946109,-0.058569473583329236,0.08241623255212518,0.037163694605423195,zeig+t machtvoll
steckt,6.125650373005055,-0.04666370634548983,0.04089656410369366,0.04200002215113395,steckt
machtvoll steck+t,3.644424933745377,-0.06514094732144791,0.10569242377622745,0.033873422062902635,machtvoll steck+t
steck+t glüh+end+es,3.501393389332999,-0.06668925378721162,0.11123072728457191,0.03302266886145269,steck+t glüh+end+es
glüh+end+es gestein,3.3895511900118582,-0.057987233621570475,0.10845593355522741,0.023569385907910266,glüh+end+es gestein
speit,3.386483570942004,-0.0023627923583761042,0.06514956062357342,-0.028345315654060916,speit
sizilien spei+t,3.386483570942004,-0.0023627923583761042,0.06514956062357342,-0.028345315654060916,sizilien spei+t
spei+t erneut,3.5229860350887203,0.021167626774253833,0.04081180253498887,-0.049698041495778465,spei+t erneut
erneut lava,3.874891105892433,0.09098258258462666,-0.03463239475742433,-0.12130200010131184,erneut lava
Italiens,3.67406122064037,-0.026357452345604278,0.07525423131675579,-0.0006853164692639777,Italiens
Nationales,3.7762402356750777,-0.049639818981150594,0.09026893658835788,0.02210799216111768,Nationales
italien+s national+es,3.7762402356750777,-0.049639818981150594,0.09026893658835788,0.02210799216111768,italien+s national+es
national+es institut,4.0437578714501425,-0.06120421912427268,0.09170763988485155,0.03590413976418069,national+es institut
Vulkanol…,7.737765953269621,-0.039286260320388566,0.015342625529002365,0.04441740333533516,Vulkanol…
geophysik vulkanol…,7.737765953269621,-0.039286260320388566,0.015342625529002365,0.04441740333533516,geophysik vulkanol…
+2415,4.990672993873869,-0.053604667922763874,0.06502711708206499,0.03933976894721954,+2415
vulkanol… +2415,4.990672993873869,-0.053604667922763874,0.06502711708206499,0.03933976894721954,vulkanol… +2415
+2415 char+s,4.513548219235972,-0.057173645116895835,0.07751299314757006,0.03780067129795438,+2415 char+s
ätna erneut,3.5525840151578354,-0.003709620573584567,0.01019867267157063,0.00030723596892893263,ätna erneut
warn+stufe flug+verkehr,3.8971390262652363,-0.09486289349753807,0.06969699542690116,0.08626387848240331,warn+stufe flug+verkehr
flug+verkehr europa+s,4.158744573334073,-0.06016327958520843,0.08803079624695859,0.03641092564835946,flug+verkehr europa+s
stößt,16.186436895863327,-0.015413220205074667,-0.05742624197093007,0.04565495653635215,stößt
ätna stoß+t,4.893526332777002,-0.05429419307882305,0.06743422581302078,0.039052092837270215,ätna stoß+t
stoß+t meterhohe+e,4.529864339846394,-0.037597644126530314,0.06211969142232226,0.02047503456163159,stoß+t meterhohe+e
für flug+verkehr,3.3680707723504635,-0.04914665150426948,0.10256884506851421,0.015324278658490615,für flug+verkehr
flug+verkehr italienisch+en,3.206850887549985,-0.07631010553230638,0.09936063266253671,0.05060210808433671,flug+verkehr italienisch+en
italienisch+en insel,3.155045098224358,-0.09755649567634526,0.08871269139615781,0.08056829203193917,italienisch+en insel
insel sizilien,3.147413426619914,-0.10858933257324484,0.08096639239651351,0.09657260043288639,insel sizilien
sizilien gelt,3.170745966365157,-0.12592213732928761,0.05958599513151006,0.12491103933841223,sizilien gelt
gelt hoch+st+e,3.2534978570712227,-0.15920946318042667,0.02112006535664119,0.17478212874687019,gelt hoch+st+e
wie national+e,3.589992005692971,-0.037147835226334934,0.08624175212144923,0.008033693698329979,wie national+e
ingv mit+teil+te,4.343180568946109,-0.058569473583329236,0.08241623255212518,0.037163694605423195,ingv mit+teil+te
mit+teil+te geb+e,3.913337599963225,-0.0624324167903752,0.09605669626195706,0.035290310410650415,mit+teil+te geb+e
dutzende,3.7077443223067394,-0.06448039121852363,0.10333648063170117,0.0342272030892115,dutzende
+1008,3.3246211015332787,-0.06871956776188012,0.11852945275941003,0.03185984741552274,+1008
hoch+e +1008,3.3246211015332787,-0.06871956776188012,0.11852945275941003,0.03185984741552274,hoch+e +1008
+1008 chars,3.258999009363133,-0.06950899810253137,0.12137911928676562,0.031392763086694433,+1008 chars
warn+stufe an+ge+heb+en,4.095990380607624,-0.0499661930752522,0.008989265333837659,0.06046999115814173,warn+stufe an+ge+heb+en
an+ge+heb+en asche+wolke,4.600026131814191,0.06148490983206218,-0.037179918586149524,-0.07219200620775144,an+ge+heb+en asche+wolke
asche+wolke lavastrom,5.240759256590447,0.02144826189705039,-0.001118983275688502,-0.02950111625143876,asche+wolke lavastrom
lavastrom vulkan,7.737765953269621,-0.039286260320388566,0.015342625529002365,0.04441740333533516,lavastrom vulkan
lockt,16.339620297824798,-0.007835279735568685,-0.06449933622655775,0.03880881845005528,lockt
ätna lock+t,4.723276138161061,-0.05554687156376422,0.07181333682892325,0.03851777209029968,ätna lock+t
Abenteuertouristen,4.343180568946109,-0.058569473583329236,0.08241623255212518,0.037163694605423195,Abenteuertouristen
lock+t abenteuer+tourist+en,4.343180568946109,-0.058569473583329236,0.08241623255212518,0.037163694605423195,lock+t abenteuer+tourist+en
abenteuer+tourist+en welt,3.975683974490078,-0.061838764420945276,0.09395307033045289,0.035589181335442255,abenteuer+tourist+en welt
welt als,4.158744573334073,-0.06016327958520843,0.08803079624695859,0.03641092564835946,welt als
aktivsten,16.57537991339023,-0.00802669363634353,-0.06524732792004784,0.03937017511053877,aktivsten
als aktiv+st+en,5.097659028450145,-0.052865357684872966,0.062448647366898875,0.03964325626508686,als aktiv+st+en
aktiv+st+en vulkan+e,18.030215396791643,-0.01698368199264116,-0.06286964663050752,0.04992781401158603,aktiv+st+en vulkan+e
vulkan+e welt,9.619795239172836,-0.032906148081026855,-0.0067972087027624774,0.04622945480293335,vulkan+e welt
welt brech+t,4.513548219235972,-0.057173645116895835,0.07751299314757006,0.03780067129795438,welt brech+t
brech+t ätna,5.3489069002359715,-0.05120639688915587,0.056671091494934774,0.040306079356850676,brech+t ätna
mehrmals,3.8781107412448304,-0.05611805133714393,0.09230370303787186,0.02927522482427744,mehrmals
ätna mehrmals,3.8781107412448304,-0.05611805133714393,0.09230370303787186,0.02927522482427744,ätna mehrmals
mehrmals pro,3.740810952379829,-0.03440415132676565,0.07958858816144046,0.00776958644811544,mehrmals pro
pro jahr,3.707140042196574,-0.021656470069258294,0.0705398000977406,-0.004611429163384642,pro jahr
asche+wolke lock+t,3.4508181441524486,0.0026060846688741816,0.058875447134107244,-0.03215012553183885,asche+wolke lock+t
lock+t tourist+en,3.3427309666486935,-0.013572476374118406,0.07576141342578933,-0.018206759257149287,lock+t tourist+en
ganzen,6.373695498516012,-0.029514810852354963,0.023838176500598277,0.028123377227221597,ganzen
tourist+en ganz+en,3.1728371929833825,-0.03390488697060755,0.09787122208063258,-0.002111185587943038,tourist+en ganz+en
ganz+en welt,3.1097799940506454,-0.040012379550805034,0.10493084095312127,0.0023038502573668454,ganz+en welt
trotz,19.708408649912634,0.012095258352308078,-0.2982913238743347,0.09785777416887909,trotz
welt trotz,3.0342923046855543,-0.0464609718557314,0.11274663039351698,0.006677809096019466,welt trotz
Risiken,2.995103765410578,-0.049480516573168085,0.11657399877593973,0.008603642462464244,Risiken
trotz risiko+en,2.995103765410578,-0.049480516573168085,0.11657399877593973,0.008603642462464244,trotz risiko+en
risiko+en natur+schau+spiel,2.9017090716115126,-0.05590095292793107,0.1251861270720304,0.012376782221744225,risiko+en natur+schau+spiel
natur+schau+spiel berg+t,2.8309029724349757,-0.06014512018101461,0.13133699151863637,0.014575176719147707,natur+schau+spiel berg+t
seit jahr+en,4.850452536482465,-0.05460567962392426,0.0685223706375973,0.03892065162171473,seit jahr+en
jahr+en aktiv,3.4703679565272507,-0.06703590495363257,0.11247390693083606,0.0328279793654835,jahr+en aktiv
Anschläge,11.121927531547927,-0.02890900576089868,-0.020733597491127326,0.04725553884286428,Anschläge
aktiv anschlag+e,3.5868284171916835,-0.06575482204833918,0.10788550785877962,0.03353975779269305,aktiv anschlag+e
Berlin,7.9675902015821745,-0.029790557244709297,0.005353321894250496,0.03688361943757841,Berlin
anschlag+e berlin,3.8840661985898244,-0.06271538260181336,0.09706040684215712,0.03514640321979045,anschlag+e berlin
berlin wer,4.201117744430448,-0.0597890782793733,0.08671098134957814,0.036590154618650214,berlin wer
wer steck+t,4.396381456014982,-0.05812603967876966,0.08085719789643268,0.03736826998577545,wer steck+t
Vulkangruppe,27.665238004352172,-0.008053311255340083,-0.09523516433799245,0.05164857949583933,Vulkangruppe
steck+t vulkan+gruppe,7.737765953269621,-0.039286260320388566,0.015342625529002365,0.04441740333533516,steck+t vulkan+gruppe
gut,5.020689428065519,-0.05339516342894275,0.06429618532214929,0.039426287719867836,gut
seit gut,5.020689428065519,-0.05339516342894275,0.06429618532214929,0.039426287719867836,seit gut
gut zwei,4.8369272148170674,-0.05470423483588367,0.06886676367345995,0.03887886878889296,gut zwei
Tagen,9.178445408151905,-0.027808988434733044,-0.007373361442853704,0.04001957065103211,Tagen
zwei tag+en,4.6537760699663275,-0.05607533125040304,0.07366322420529081,0.03828774093350844,zwei tag+en
sitzen,4.479922571213592,-0.057443645472302664,0.07846048860652087,0.03767904541632447,sitzen
tag+en sitz+en,4.479922571213592,-0.057443645472302664,0.07846048860652087,0.03767904541632447,tag+en sitz+en
Zehntausende,4.3193342404739585,-0.058770537439518454,0.0831235650753094,0.03707024561691297,Zehntausende
sitz+en zehntausend+e,4.3193342404739585,-0.058770537439518454,0.0831235650753094,0.03707024561691297,sitz+en zehntausend+e
Berliner,3.4267300322359455,-0.06753030369001255,0.11424904294203177,0.03254759381937858,Berliner
zehntausend+e berliner,3.4267300322359455,-0.06753030369001255,0.11424904294203177,0.03254759381937858,zehntausend+e berliner
Anschlag,6.868713213252706,-0.042978216680129994,0.0281282189489647,0.04325530234563734,Anschlag
berliner anschlag,3.501393389332999,-0.06668925378721162,0.11123072728457191,0.03302266886145269,berliner anschlag
Stromversorgung,5.392815241138777,-0.050926964257882464,0.0556989687933528,0.04041530702744391,Stromversorgung
anschlag strom+versorgung,5.392815241138777,-0.050926964257882464,0.0556989687933528,0.04041530702744391,anschlag strom+versorgung
Dunkeln,4.723276138161061,-0.05554687156376422,0.07181333682892325,0.03851777209029968,Dunkeln
strom+versorgung dunkel,4.723276138161061,-0.05554687156376422,0.07181333682892325,0.03851777209029968,strom+versorgung dunkel
der vulkan+gruppe,7.737765953269621,-0.039286260320388566,0.015342625529002365,0.04441740333533516,der vulkan+gruppe
bekennt,4.723276138161061,-0.05554687156376422,0.07181333682892325,0.03851777209029968,bekennt
vulkan+gruppe bekenn+t,4.723276138161061,-0.05554687156376422,0.07181333682892325,0.03851777209029968,vulkan+gruppe bekenn+t
schnell,4.0437578714501425,-0.06120421912427268,0.09170763988485155,0.03590413976418069,schnell
bekenn+t schnell,4.0437578714501425,-0.06120421912427268,0.09170763988485155,0.03590413976418069,bekenn+t schnell
Aktion,3.644424933745377,-0.06514094732144791,0.10569242377622745,0.033873422062902635,Aktion
schnell aktion,3.644424933745377,-0.06514094732144791,0.10569242377622745,0.033873422062902635,schnell aktion
Obwohl,3.501393389332999,-0.06668925378721162,0.11123072728457191,0.03302266886145269,Obwohl
obwohl seit,3.3993885982544656,-0.06784422756001642,0.11537748347013654,0.03236788744547279,obwohl seit
zahlreiche,3.22905546466447,-0.06987604811376458,0.12270642049903614,0.03117266903751726,zahlreiche
jahr+en zahlreich+e,3.22905546466447,-0.06987604811376458,0.12270642049903614,0.03117266903751726,jahr+en zahlreich+e
zahlreich+e anschlag+e,3.132470920647843,-0.07109048793112173,0.12710885161157698,0.03043100504254626,zahlreich+e anschlag+e
Konto,3.0076304194885712,-0.07273346527371675,0.13309229492672928,0.02939396216960754,Konto
anschlag+e konto,3.0076304194885712,-0.07273346527371675,0.13309229492672928,0.02939396216960754,anschlag+e konto
gehen,2.972747166893121,-0.07320825785342482,0.1348275247939221,0.02908688565068446,gehen
konto geh+en,2.972747166893121,-0.07320825785342482,0.1348275247939221,0.02908688565068446,konto geh+en
wissen,7.195686143085127,-0.0069291974900342794,-0.005160613050109128,0.011738058219625778,wissen
geh+en wiss+en,2.9353704624969814,-0.07372498243807304,0.13671920832653794,0.028748852013062685,geh+en wiss+en
wiss+en behörde+n,2.901094636164207,-0.0742063056796038,0.13848434086142805,0.028430341260180757,wiss+en behörde+n
behörde+n kaum,2.860931792267445,-0.07477965275728364,0.14059084861907567,0.0280463058373552,behörde+n kaum
Polizeibeamter,2.7674128687158506,-0.07615556254064744,0.14566373434440993,0.027103814797225456,Polizeibeamter
ein polizei+beamt+er,2.7674128687158506,-0.07615556254064744,0.14566373434440993,0.027103814797225456,ein polizei+beamt+er
polizei+beamt+er steh+t,2.7210169083663587,-0.07686043335165768,0.1482724835947814,0.026609342938078498,polizei+beamt+er steh+t
Absperrung,2.6801264097390516,-0.07749451570503255,0.15062514159605536,0.026157663227971546,Absperrung
steh+t absperrung,2.6801264097390516,-0.07749451570503255,0.15062514159605536,0.026157663227971546,steh+t absperrung
Kraftwerk,2.634674561896611,-0.07821399068214026,0.15330152741940517,0.025637165768216473,Kraftwerk
absperrung kraft+werk,2.634674561896611,-0.07821399068214026,0.15330152741940517,0.025637165768216473,absperrung kraft+werk
Lichterfelde,2.61312062047067,-0.07856073709245828,0.15459405059764025,0.02538324642027156,Lichterfelde
kraft+werk licht+er+feld+e,2.61312062047067,-0.07856073709245828,0.15459405059764025,0.02538324642027156,kraft+werk licht+er+feld+e
Brandschlag,2.57042893603386,-0.07925842908638046,0.15720006452378102,0.02486621023627663,Brandschlag
licht+er+feld+e brand+schlag,2.57042893603386,-0.07925842908638046,0.15720006452378102,0.02486621023627663,licht+er+feld+e brand+schlag
Morgen,2.5444742346193747,-0.07968985919648511,0.15881513649022042,0.02454235745841053,Morgen
brand+schlag morgen,2.5444742346193747,-0.07968985919648511,0.15881513649022042,0.02454235745841053,brand+schlag morgen
Januar,2.522192124164408,-0.08006474101321309,0.16022077837103238,0.024258360877923865,Januar
morgen januar,2.522192124164408,-0.08006474101321309,0.16022077837103238,0.024258360877923865,morgen januar
alliance/dpa,2.489051732905598,-0.08063018122549427,0.16234495070282803,0.023825402917122346,alliance/dpa
picture alliance/dpa,2.489051732905598,-0.08063018122549427,0.16234495070282803,0.023825402917122346,picture alliance/dpa
alliance/dpa seit,2.4694322271361844,-0.0809694668517727,0.16362187979165077,0.023562932184861458,alliance/dpa seit
Berline…,2.4233560428516956,-0.08177994795547376,0.1666794068070384,0.022927717040029803,Berline…
zehntausend+e berline…,2.4233560428516956,-0.08177994795547376,0.1666794068070384,0.022927717040029803,zehntausend+e berline…
+6461,2.4130402336496255,-0.08196409236629548,0.16737552150562954,0.022781761992652444,+6461
berline… +6461,2.4130402336496255,-0.08196409236629548,0.16737552150562954,0.022781761992652444,berline… +6461
+6461 chars,2.407052220096478,-0.08207144259014847,0.16778158068301202,0.022696394099910592,+6461 chars
Infrastruktur,6.167274540859771,-0.046441914858418504,0.04012766372508299,0.04207844557291441,Infrastruktur
anschlag+e infrastruktur,4.648068039132458,-0.05611919129825001,0.07381682722799843,0.03826852410670141,anschlag+e infrastruktur
infrastruktur vulkan+gruppe,7.737765953269621,-0.039286260320388566,0.015342625529002365,0.04441740333533516,infrastruktur vulkan+gruppe
Gruppe,11.896613953021761,0.04467749339825982,-0.0903493478790264,-0.02261338672365042,Gruppe
vulkan+gruppe gruppe,5.498520739800831,-0.05026634182875336,0.05340180195096798,0.04067083067505976,vulkan+gruppe gruppe
gruppe vulkan,14.239912533272653,0.06737315010328175,-0.12496704758648138,-0.04157933234061902,gruppe vulkan
linksextremen,4.723276138161061,-0.05554687156376422,0.07181333682892325,0.03851777209029968,linksextremen
vulkan links+extrem+en,4.723276138161061,-0.05554687156376422,0.07181333682892325,0.03851777209029968,vulkan links+extrem+en
Szene,4.008950511104029,-0.0615269256417699,0.0928491894047442,0.03574454024418794,Szene
links+extrem+en szene,4.008950511104029,-0.0615269256417699,0.0928491894047442,0.03574454024418794,links+extrem+en szene
Stromausfall,3.551197670407258,-0.0661409961267708,0.10926696264680623,0.0333274148607866,Stromausfall
szene strom+ausfall,3.551197670407258,-0.0661409961267708,0.10926696264680623,0.0333274148607866,szene strom+ausfall
strom+ausfall berlin,3.3944357276023185,-0.04394969654009867,0.09774762564288965,0.011078020299002329,strom+ausfall berlin
verwirrender,3.456730585772344,-0.027017170955786655,0.08259351246480678,-0.0034916346201506626,verwirrender
berlin verwirr+end+er,3.456730585772344,-0.027017170955786655,0.08259351246480678,-0.0034916346201506626,berlin verwirr+end+er
Streit,3.7578909586723355,0.00829696279625566,0.04449363271606172,-0.03297371474399263,Streit
verwirr+end+er streit,3.7578909586723355,0.00829696279625566,0.04449363271606172,-0.03297371474399263,verwirr+end+er streit
streit aus+ge+brech+en,4.152182827364177,0.07300517493040214,-0.02474317018939161,-0.0965621719027166,streit aus+ge+brech+en
Gibt,4.094056590252844,-0.03681750924989481,0.07184236866729571,0.014737719506739586,Gibt
geb+t etwa,4.343180568946109,-0.058569473583329236,0.08241623255212518,0.037163694605423195,geb+t etwa
konkurrierende,4.648068039132458,-0.05611919129825001,0.07381682722799843,0.03826852410670141,konkurrierende
etwa konkurrier+end+e,4.648068039132458,-0.05611919129825001,0.07381682722799843,0.03826852410670141,etwa konkurrier+end+e
Vulkangruppen,13.016698354013446,-0.024797472599240308,-0.0351513059297267,0.04823640931613546,Vulkangruppen
konkurrier+end+e vulkan+gruppe+n,7.737765953269621,-0.039286260320388566,0.015342625529002365,0.04441740333533516,konkurrier+end+e vulkan+gruppe+n
Waren,4.648068039132458,-0.05611919129825001,0.07381682722799843,0.03826852410670141,Waren
Serientäter,4.158744573334073,-0.06016327958520843,0.08803079624695859,0.03641092564835946,Serientäter
sei serie+n+täter,4.158744573334073,-0.06016327958520843,0.08803079624695859,0.03641092564835946,sei serie+n+täter
serie+n+täter seit,3.664849567071248,-0.06492626313466944,0.10492629051503366,0.03398899657490336,serie+n+täter seit
2011,3.5687544706888525,-0.06595008903732869,0.10858385416980597,0.03343262490868097,2011
seit 2011,3.5687544706888525,-0.06595008903732869,0.10858385416980597,0.03343262490868097,seit 2011
2011 infrastruktur,3.4267300322359455,-0.06753030369001255,0.11424904294203177,0.03254759381937858,2011 infrastruktur
infrastruktur berlin,3.22905546466447,-0.06987604811376458,0.12270642049903614,0.03117266903751726,infrastruktur berlin
angegriffen,3.1654291037838744,-0.07067072745573044,0.12558527874693873,0.030689710852995582,angegriffen
berlin an+ge+greif+en,3.1654291037838744,-0.07067072745573044,0.12558527874693873,0.030689710852995582,berlin an+ge+greif+en
an+ge+greif+en zuletzt,3.0455461433104567,-0.07222534576011211,0.13123833966682127,0.029718892935069924,an+ge+greif+en zuletzt
zehntausenden,2.995686368764523,-0.07289523587467803,0.13368320581805376,0.02928971251670696,zehntausenden
zuletzt zehntausend+en,2.995686368764523,-0.07289523587467803,0.13368320581805376,0.02928971251670696,zuletzt zehntausend+en
Haushalten,2.9203268671509766,-0.07393534279563524,0.13749028769252042,0.02861008188783034,Haushalten
zehntausend+en haus+halt+en,2.9203268671509766,-0.07393534279563524,0.13749028769252042,0.02861008188783034,zehntausend+en haus+halt+en
haus+halt+en süd+westen,2.856712304171416,-0.07484048629091594,0.14081460590995493,0.028005261059668662,haus+halt+en süd+westen
süd+westen stadt,2.802059811406576,-0.07563897024983067,0.14375612014141906,0.0274611703824907,süd+westen stadt
stadt tag+e,2.7674128687158506,-0.07615556254064744,0.14566373434440993,0.027103814797225456,stadt tag+e
Strom,2.738847336979098,-0.07658773966547514,0.14726242348813515,0.026801586616067203,Strom
tag+e strom,2.738847336979098,-0.07658773966547514,0.14726242348813515,0.026801586616067203,tag+e strom
abgedreht,2.7210169083663587,-0.07686043335165768,0.1482724835947814,0.026609342938078498,abgedreht
strom ab+ge+dreh+t,2.7210169083663587,-0.07686043335165768,0.1482724835947814,0.026609342938078498,strom ab+ge+dreh+t
Brandstifter,2.6414388461333322,-0.07810591666652641,0.15289902843958636,0.025715897680694377,Brandstifter
ab+ge+dreh+t brand+stifter,2.6414388461333322,-0.07810591666652641,0.15289902843958636,0.025715897680694377,ab+ge+dreh+t brand+stifter
+377,2.606934742050427,-0.07866092614583434,0.1549678377232621,0.025309504172923113,+377
brand+stifter +377,2.606934742050427,-0.07866092614583434,0.1549678377232621,0.025309504172923113,brand+stifter +377
+377 chars,2.5968935582812813,-0.07882420472565342,0.1555773141882965,0.025188964609508303,+377 chars
Neues,4.513548219235972,-0.057173645116895835,0.07751299314757006,0.03780067129795438,Neues
Schreiben,7.316062478155188,-0.04100494765801511,0.02129521103511352,0.04388764595410713,Schreiben
neu+es schreiben,4.990672993873869,-0.053604667922763874,0.06502711708206499,0.03933976894721954,neu+es schreiben
schreiben vulkan+gruppe,7.737765953269621,-0.039286260320388566,0.015342625529002365,0.04441740333533516,schreiben vulkan+gruppe
kündigt,4.804780357916136,-0.054939933288420555,0.0696905927121341,0.03877856236083213,kündigt
vulkan+gruppe kündig+t,4.804780357916136,-0.054939933288420555,0.0696905927121341,0.03877856236083213,vulkan+gruppe kündig+t
weitere,8.896005569179604,0.042867385333010766,-0.06669109089375548,-0.030361711403198547,weitere
kündig+t weit+er+e,4.293093940124527,-0.058993463433538104,0.08390812508787926,0.03696612918104855,kündig+t weit+er+e
weit+er+e anschlag+e,6.539968800926825,-0.04454029626300044,0.0335382611790829,0.0427354725074752,weit+er+e anschlag+e
anschlag+e ein+e,5.097659028450145,-0.052865357684872966,0.062448647366898875,0.03964325626508686,anschlag+e ein+e
ein+e vulkan+gruppe+n,7.737765953269621,-0.039286260320388566,0.015342625529002365,0.04441740333533516,ein+e vulkan+gruppe+n
droht,4.648068039132458,-0.05611919129825001,0.07381682722799843,0.03826852410670141,droht
vulkan+gruppe+n droh+t,4.648068039132458,-0.05611919129825001,0.07381682722799843,0.03826852410670141,vulkan+gruppe+n droh+t
droh+t weit+er+en,3.913337599963225,-0.0624324167903752,0.09605669626195706,0.035290310410650415,droh+t weit+er+en
weit+er+en anschlag,3.68594342185921,-0.06470616304866253,0.1041412705494367,0.034106892002802675,weit+er+en anschlag
strom+versorgung berlin,3.191704311026951,-0.07034008723830548,0.12438660803939877,0.030891731761764324,strom+versorgung berlin
echt,3.0076304194885712,-0.07273346527371675,0.13309229492672928,0.02939396216960754,echt
schreiben echt,3.0076304194885712,-0.07273346527371675,0.13309229492672928,0.02939396216960754,schreiben echt
echt derzeit,2.9252803999406494,-0.07386592258990435,0.13723576441213345,0.028655951142309215,echt derzeit
geprüft,2.901094636164207,-0.0742063056796038,0.13848434086142805,0.028430341260180757,geprüft
derzeit ge+prüf+t,2.901094636164207,-0.0742063056796038,0.13848434086142805,0.028430341260180757,derzeit ge+prüf+t
weit+er+en schreiben,3.052191908129075,-0.07213712003362542,0.13091675426053884,0.029774924477031665,weit+er+en schreiben
Mittwochabend,3.191704311026951,-0.07034008723830548,0.12438660803939877,0.030891731761764324,Mittwochabend
schreiben mittwoch+abend,3.191704311026951,-0.07034008723830548,0.12438660803939877,0.030891731761764324,schreiben mittwoch+abend
linksautonomen,3.4409111534635324,-0.06736875098485517,0.11366871535151593,0.03263956742529198,linksautonomen
mittwoch+abend links+autonom+en,3.4409111534635324,-0.06736875098485517,0.11366871535151593,0.03263956742529198,mittwoch+abend links+autonom+en
Plattform,3.7077443223067394,-0.06448039121852363,0.10333648063170117,0.0342272030892115,Plattform
links+autonom+en plattform,3.7077443223067394,-0.06448039121852363,0.10333648063170117,0.0342272030892115,links+autonom+en plattform
Indymedia,3.975683974490078,-0.061838764420945276,0.09395307033045289,0.035589181335442255,Indymedia
plattform indymedia,3.975683974490078,-0.061838764420945276,0.09395307033045289,0.035589181335442255,plattform indymedia
erschien,4.396381456014982,-0.05812603967876966,0.08085719789643268,0.03736826998577545,erschien
indymedia erschein,4.396381456014982,-0.05812603967876966,0.08085719789643268,0.03736826998577545,indymedia erschein
erschein vulkan+gruppe,7.737765953269621,-0.039286260320388566,0.015342625529002365,0.04441740333533516,erschein vulkan+gruppe
vulkan+gruppe weit+er+e,2.995686368764523,-0.07289523587467803,0.13368320581805376,0.02928971251670696,vulkan+gruppe weit+er+e
angekündigt,3.913337599963225,-0.0624324167903752,0.09605669626195706,0.035290310410650415,angekündigt
anschlag+e an+ge+kündig+t,3.913337599963225,-0.0624324167903752,0.09605669626195706,0.035290310410650415,anschlag+e an+ge+kündig+t
Dieser,9.851242090475196,-0.03223745672432368,-0.00912415706339801,0.04640652397832577,Dieser
dieser anschlag,3.4856758917671686,-0.06686436969847291,0.11185858761459386,0.03292451386828697,dieser anschlag
Einzelfall,3.258999009363133,-0.06950899810253137,0.12137911928676562,0.031392763086694433,Einzelfall
anschlag einzelfall,3.258999009363133,-0.06950899810253137,0.12137911928676562,0.031392763086694433,anschlag einzelfall
+3391,3.079796091529252,-0.07177328349889853,0.12959155010584633,0.030004793781631744,+3391
einzelfall +3391,3.079796091529252,-0.07177328349889853,0.12959155010584633,0.030004793781631744,einzelfall +3391
+3391 chars,3.038997464943674,-0.07231252467664254,0.13155620208061392,0.029663414142216137,+3391 chars
zeig+t meterhohe+e,4.271027855125585,-0.029091543550291272,0.0613895259582694,0.009769655359670398,zeig+t meterhohe+e
hawaii brech+t,10.03563926246201,-0.015112138838346816,-0.024638389627288558,0.031244299150308765,hawaii brech+t
brech+t erneut,3.9077641364135047,-0.04711661748835159,0.08468643740866102,0.0216579591950666,brech+t erneut
Glühende,10.307278391095734,0.028419938517152406,-0.06471142629071158,-0.01038443071362236,Glühende
erneut glüh+end+e,6.2233970688326385,0.005886556088561378,-0.003498026803192327,-0.006461546303354049,erneut glüh+end+e
glüh+end+e lava,12.188476140598706,0.10286650046543544,-0.15053430413502825,-0.0868210932346262,glüh+end+e lava
lava schieß+t,3.6779627913058914,0.02797615761562304,0.030003569026325096,-0.05426820670946819,lava schieß+t
sechs,3.3457547741962896,-0.021711872210773933,0.08214718810717928,-0.010381068161242088,sechs
schieß+t sechs,3.3457547741962896,-0.021711872210773933,0.08214718810717928,-0.010381068161242088,schieß+t sechs
sechs meter,3.2671206899151404,-0.03034358582031445,0.09167939172413579,-0.0036705888335471894,sechs meter
Halemaʻumaʻu-Krater,3.098141117769949,-0.04673956659636766,0.11046983644813209,0.008207895500846909,Halemaʻumaʻu-Krater
hoch halemaʻumaʻu-krat+er,3.098141117769949,-0.04673956659636766,0.11046983644813209,0.008207895500846909,hoch halemaʻumaʻu-krat+er
Fontänen,3.3862012592145097,-0.06799680573747394,0.115926314552732,0.03228007116945351,Fontänen
zeig+en fontäne+n,3.3862012592145097,-0.06799680573747394,0.115926314552732,0.03228007116945351,zeig+en fontäne+n
aufsteigenden,3.664849567071248,-0.06492626313466944,0.10492629051503366,0.03398899657490336,aufsteigenden
fontäne+n auf+steig+end+en,3.664849567071248,-0.06492626313466944,0.10492629051503366,0.03398899657490336,fontäne+n auf+steig+end+en
Gase,4.0437578714501425,-0.06120421912427268,0.09170763988485155,0.03590413976418069,Gase
auf+steig+end+en gas+e,4.0437578714501425,-0.06120421912427268,0.09170763988485155,0.03590413976418069,auf+steig+end+en gas+e
hawaii spuck+t,4.990672993873869,-0.053604667922763874,0.06502711708206499,0.03933976894721954,hawaii spuck+t
kilauea erneut,4.648068039132458,-0.05611919129825001,0.07381682722799843,0.03826852410670141,kilauea erneut
Geological,3.6511869107048245,-0.028144350384135347,0.07735130577052995,0.0006399294377444441,Geological
wie geological,3.6511869107048245,-0.028144350384135347,0.07735130577052995,0.0006399294377444441,wie geological
Survey,3.4487816896769448,-0.04184259868327473,0.09434154335096732,0.010069767615174058,Survey
geological survey,3.4487816896769448,-0.04184259868327473,0.09434154335096732,0.010069767615174058,geological survey
berichtet,3.351413679556478,-0.047289915682333365,0.10173337869213125,0.013366267765173311,berichtet
survey bericht+et,3.351413679556478,-0.047289915682333365,0.10173337869213125,0.013366267765173311,survey bericht+et
strömt,8.689725122028989,0.10903006383056371,-0.13096122628508503,-0.10578663860714904,strömt
bericht+et ström+t,3.2283335075461093,-0.0533421755421624,0.11058347884761198,0.016615306164673382,bericht+et ström+t
Magma,4.492300509693877,-0.011379661748426027,0.04196195319866187,-0.004408741778197771,Magma
ström+t magma,3.130170032509419,-0.05761611272502771,0.11736220307901774,0.018581124584136046,ström+t magma
magma seit,3.0842285427881695,-0.059472860070141804,0.1204751862537262,0.019333356470218898,magma seit
Samstagabend,3.0492244023624075,-0.060832483862492064,0.12282821752094349,0.019840197904552142,Samstagabend
seit samstag+abend,3.0492244023624075,-0.060832483862492064,0.12282821752094349,0.019840197904552142,seit samstag+abend
beiden,2.92704772338221,-0.06524758791926251,0.13095987596042605,0.021195251635871635,beiden
samstag+abend beide+n,2.92704772338221,-0.06524758791926251,0.13095987596042605,0.021195251635871635,samstag+abend beide+n
Hauptöffnungen,2.893209937669227,-0.06638960482659059,0.1332009247606435,0.02146464396503023,Hauptöffnungen
beide+n haupt+öffnung+en,2.893209937669227,-0.06638960482659059,0.1332009247606435,0.02146464396503023,beide+n haupt+öffnung+en
Halemaumau-Krater,2.81764919758561,-0.06883046754160317,0.13820799437794906,0.02191304461902077,Halemaumau-Krater
haupt+öffnung+en halemaumau-krat+er,2.81764919758561,-0.06883046754160317,0.13820799437794906,0.02191304461902077,haupt+öffnung+en halemaumau-krat+er
Fontänen…,2.733101523761367,-0.07140360849921727,0.1438411037775003,0.022177963120797287,Fontänen…
der fontänen…,2.733101523761367,-0.07140360849921727,0.1438411037775003,0.022177963120797287,der fontänen…
+1072,2.701496111315267,-0.07232783227091742,0.14596191536465264,0.022215958025808873,+1072
fontänen… +1072,2.701496111315267,-0.07232783227091742,0.14596191536465264,0.022215958025808873,fontänen… +1072
+1072 char+s,2.6854247942767993,-0.07279063705885055,0.14704444659148988,0.022222927941951097,+1072 char+s
Schockierende,3.135325420285637,-0.02175182923371071,0.08980764857337023,-0.014240121593914083,Schockierende
Aufnahmen,3.5375151343702083,0.07129445209074377,-0.004975011586351165,-0.1037560900812329,Aufnahmen
schockier+end+e aufnahme+n,3.324305427408447,0.00983546565008538,0.05718877136712267,-0.04159230712775927,schockier+end+e aufnahme+n
aufnahme+n lavafontäne+n,3.752151983933444,0.09980939227575883,-0.03977999676637263,-0.13374816944931123,aufnahme+n lavafontäne+n
schießen,3.4928532388349542,-0.00798050093622444,0.06619000524703181,-0.021054561162991998,schießen
lavafontäne+n schieß+en,3.4928532388349542,-0.00798050093622444,0.06619000524703181,-0.021054561162991998,lavafontäne+n schieß+en
200,7.642272720707398,0.011668141823865014,-0.026160692029045963,-0.004070592839711591,200
schieß+en 200,3.524324803811572,-0.03439209000337162,0.08616663312846909,0.00446518400581586,schieß+en 200
200 meter,7.887328588612055,0.023247431741753016,-0.03901864548301873,-0.01448581116680936,200 meter
hoch behörde+n,3.7302931740507197,-0.06424867362870469,0.10251097507561893,0.03435003064837867,hoch behörde+n
warn+en seit,4.245825604508112,-0.05939954428723556,0.08533814822122733,0.03677509295135843,warn+en seit
seit tag+en,6.014285272675107,-0.03667087326604786,0.03467142856155632,0.03227971519551768,seit tag+en
tag+en spuck+t,4.990672993873869,-0.053604667922763874,0.06502711708206499,0.03933976894721954,tag+en spuck+t
Lavasäulen,4.53109828295958,0.05210755222116901,-0.01428494775517708,-0.0687426579053511,Lavasäulen
hawaii lavasäul+en,4.53109828295958,0.05210755222116901,-0.01428494775517708,-0.0687426579053511,hawaii lavasäul+en
lavasäul+en himmel,3.7065346215002606,-0.033025124234217544,0.07951930835416444,0.005996910097974315,lavasäul+en himmel
wie sicherheit,3.337454917826301,-0.052205126516212806,0.10590711354444252,0.017540002617484736,wie sicherheit
Inselbewohner,3.2787049713468455,-0.06219651304585382,0.11535069654963039,0.025364340349558992,Inselbewohner
sicherheit insel+bewohner,3.2787049713468455,-0.06219651304585382,0.11535069654963039,0.025364340349558992,sicherheit insel+bewohner
insel+bewohner derzeit,3.4267300322359455,-0.06753030369001255,0.11424904294203177,0.03254759381937858,insel+bewohner derzeit
bestellt,3.551197670407258,-0.0661409961267708,0.10926696264680623,0.0333274148607866,bestellt
derzeit bestell+t,3.551197670407258,-0.0661409961267708,0.10926696264680623,0.0333274148607866,derzeit bestell+t
der kilauea,3.975683974490078,-0.061838764420945276,0.09395307033045289,0.035589181335442255,der kilauea
kilauea aktiv+st+en,5.097659028450145,-0.052865357684872966,0.062448647366898875,0.03964325626508686,kilauea aktiv+st+en
welt erneut,4.396297489576736,-0.019188389361831554,0.05051173072872268,0.001948675458853746,welt erneut
Schon,4.369814491410063,-0.024774617937320633,0.05561485571571984,0.006893417142988635,Schon
schon seit,3.6159498999701363,-0.03399224151884178,0.08299693016214482,0.005529582702090253,schon seit
zeigte,3.321192211481748,-0.05051647988875362,0.10519975511814537,0.01574486397451046,zeigte
tag+en zeig+te,3.321192211481748,-0.05051647988875362,0.10519975511814537,0.01574486397451046,tag+en zeig+te
Schildvulkan,3.2050253394124324,-0.05566573169696805,0.11315390641374037,0.01825833851979719,Schildvulkan
zeig+te schild+vulkan,3.2050253394124324,-0.05566573169696805,0.11315390641374037,0.01825833851979719,zeig+te schild+vulkan
hawaiianischen,3.040162483431246,-0.0620291036055483,0.12405867206973852,0.020713564335878062,hawaiianischen
schild+vulkan hawaiianisch+en,3.040162483431246,-0.0620291036055483,0.12405867206973852,0.020713564335878062,schild+vulkan hawaiianisch+en
hawaiianisch+en insel,2.951260794049714,-0.06509095883739566,0.12984922017883446,0.02157267331507036,hawaiianisch+en insel
Big,2.920386767932431,-0.06610339234430829,0.13185640509953658,0.021802405498288872,Big
insel big,2.920386767932431,-0.06610339234430829,0.13185640509953658,0.021802405498288872,insel big
Island,20.034517859693604,-0.014633994727788743,-0.07257924388374828,0.05092110798828742,Island
big island,2.901037323871243,-0.06672563632471108,0.13311467418065026,0.02192915076766942,big island
verstärkte,2.8692901830840487,-0.0677271054523944,0.1351809380561445,0.022109041262343723,verstärkte
island verstärk+t+e,2.8692901830840487,-0.0677271054523944,0.1351809380561445,0.022109041262343723,island verstärk+t+e
verstärk+t+e aktivität,2.824128136294025,-0.06911253008412295,0.13812723298784238,0.022306474933610595,verstärk+t+e aktivität
sc…,2.7506911624806882,-0.07127607669672073,0.14294736353176002,0.022486526659692023,sc…
montag sc…,2.7506911624806882,-0.07127607669672073,0.14294736353176002,0.022486526659692023,montag sc…
sc… +1703,2.735220705917487,-0.07171897336773869,0.14396905045444383,0.022502890223810947,sc… +1703
+1703 chars,2.717521941236526,-0.07222055828201501,0.14514112504075583,0.022512615665711357,+1703 chars
Arktische,2.9203268671509766,-0.07393534279563524,0.13749028769252042,0.02861008188783034,Arktische
Zauberwelt,2.972747166893121,-0.07320825785342482,0.1348275247939221,0.02908688565068446,Zauberwelt
arktisch+e zauber+welt,2.972747166893121,-0.07320825785342482,0.1348275247939221,0.02908688565068446,arktisch+e zauber+welt
zauber+welt feuer,3.101647722645388,-0.07148822516098323,0.12855438572185876,0.030183548465321636,zauber+welt feuer
Eis,3.1827887321846973,-0.07045188496969924,0.12479176870814288,0.030823596025204302,Eis
feuer eis,3.1827887321846973,-0.07045188496969924,0.12479176870814288,0.030823596025204302,feuer eis
eis island,3.2194536447148314,-0.0699946763602152,0.12313571738551127,0.0311011358345102,eis island
Grönland,5.986300378698447,-0.0474209442693842,0.043522440658093096,0.04172937088161795,Grönland
island grönland,5.986300378698447,-0.0474209442693842,0.043522440658093096,0.04172937088161795,island grönland
Bord,5.1854282552505415,-0.052273863772940396,0.06038742092181715,0.039882433946407767,Bord
luxuriösen,5.498520739800832,-0.05026634182875336,0.05340180195096776,0.04067083067505976,luxuriösen
bord luxuriös+en,5.498520739800832,-0.05026634182875336,0.05340180195096776,0.04067083067505976,bord luxuriös+en
Scenic,6.036486267972868,-0.0471455754443861,0.04256741071567697,0.041828315236335324,Scenic
luxuriös+en scenic,6.036486267972868,-0.0471455754443861,0.04256741071567697,0.041828315236335324,luxuriös+en scenic
Eclipse,6.537508934581842,-0.04455237444631291,0.033580099756921854,0.04273138451664104,Eclipse
scenic eclipse,6.537508934581842,-0.04455237444631291,0.033580099756921854,0.04273138451664104,scenic eclipse
bestaunen,7.42233906422948,-0.04055960913549475,0.0197529945005299,0.044026746260802795,bestaunen
eclipse bestaun+en,7.42233906422948,-0.04055960913549475,0.0197529945005299,0.044026746260802795,eclipse bestaun+en
bestaun+en sie,9.970624440201615,-0.031900727634795976,-0.01029654798736318,0.04649483869087283,bestaun+en sie
sie vulkan+landschaft+en,13.016698354013446,-0.024797472599240308,-0.0351513059297267,0.04823640931613546,sie vulkan+landschaft+en
Eisberge,6.717982643161748,-0.04368186341252728,0.03056499653157552,0.043023303609759284,Eisberge
vulkan+landschaft+en eis+berg+e,6.717982643161748,-0.04368186341252728,0.03056499653157552,0.043023303609759284,vulkan+landschaft+en eis+berg+e
stille,5.814265599392344,-0.04838849563509834,0.04687942634363547,0.04137690425492023,stille
eis+berg+e still+e,5.814265599392344,-0.04838849563509834,0.04687942634363547,0.04137690425492023,eis+berg+e still+e
Fjorde,5.498520739800832,-0.05026634182875336,0.05340180195096776,0.04067083067505976,Fjorde
still+e fjord+e,5.498520739800832,-0.05026634182875336,0.05340180195096776,0.04067083067505976,still+e fjord+e
klaren,5.155390200660934,-0.05247480909580057,0.061087506872335585,0.03980153770027266,klaren
fjord+e klar+en,5.155390200660934,-0.05247480909580057,0.061087506872335585,0.03980153770027266,fjord+e klar+en
Nordlicht,4.965525630324479,-0.05378146234721937,0.06564408564048156,0.039266437715435774,Nordlicht
klar+en nordlicht,4.965525630324479,-0.05378146234721937,0.06564408564048156,0.039266437715435774,klar+en nordlicht
genießen,4.666324936249923,-0.0559791533073984,0.07332643560314289,0.03832981290437656,genießen
nordlicht genieß+en,4.666324936249923,-0.0559791533073984,0.07332643560314289,0.03832981290437656,nordlicht genieß+en
einzigartige,4.513548219235973,-0.05717364511689595,0.07751299314756985,0.03780067129795438,einzigartige
genieß+en einzigartig+e,4.513548219235973,-0.05717364511689595,0.07751299314756985,0.03780067129795438,genieß+en einzigartig+e
Naturmomente,4.4102071939316305,-0.058011944316181716,0.08045626565079023,0.037420570823676495,Naturmomente
einzigartig+e natur+moment+e,4.4102071939316305,-0.058011944316181716,0.08045626565079023,0.037420570823676495,einzigartig+e natur+moment+e
Vulkanlandschaften…,7.737765953269621,-0.039286260320388566,0.015342625529002365,0.04441740333533516,Vulkanlandschaften…
+5457,4.293093940124527,-0.058993463433538104,0.08390812508787926,0.03696612918104855,+5457
vulkanlandschaften… +5457,4.293093940124527,-0.058993463433538104,0.08390812508787926,0.03696612918104855,vulkanlandschaften… +5457
+5457 chars,4.0437578714501425,-0.06120421912427268,0.09170763988485155,0.03590413976418069,+5457 chars
Fernen,10.015031283434759,-0.03177685256249777,-0.010727953223763608,0.0465271860522951,Fernen
vulkan fern+en,5.097659028450145,-0.052865357684872966,0.062448647366898875,0.03964325626508686,vulkan fern+en
fern+en osten,9.21775487830432,-0.03412059744810966,-0.002574995301726222,0.04590197832105018,fern+en osten
Russlands,11.96584764073652,0.013047867866233636,-0.06176708108778529,0.009760822300829879,Russlands
osten russland+s,11.96584764073652,0.013047867866233636,-0.06176708108778529,0.009760822300829879,osten russland+s
russland+s spuck+t,3.9077641364135047,-0.04711661748835159,0.08468643740866102,0.0216579591950666,russland+s spuck+t
spuck+t kilometerhoh+e,3.8100700626493866,-0.0260282323950376,0.07102020209443934,0.0009858235478054748,spuck+t kilometerhoh+e
himmel spektakulär+e,3.4967881265523113,-0.03890696380600566,0.09053419784967755,0.008172736301560918,himmel spektakulär+e
bild+er fern+en,7.118495729775232,-0.04185611129563463,0.024242620753743397,0.0436181293174433,bild+er fern+en
russland+s der,9.970624440201615,-0.031900727634795976,-0.01029654798736318,0.04649483869087283,russland+s der
Schiwelutsch,15.544688225684498,0.009930331905837503,-0.07681604646032272,0.020404107524985247,Schiwelutsch
vulkan schiwelutsch,15.544688225684498,0.009930331905837503,-0.07681604646032272,0.020404107524985247,vulkan schiwelutsch
schiwelutsch ab+ge+leg+en+en,6.098208267627088,-0.046811020623828185,0.04140731859384008,0.04194772177592626,schiwelutsch ab+ge+leg+en+en
ab+ge+leg+en+en halbinsel,5.586089027544922,-0.031956147000431825,0.03760149659837399,0.02487052532246585,ab+ge+leg+en+en halbinsel
Kamtschatka,10.717162623348985,0.04293645014370109,-0.0810671269296873,-0.024110067138661498,Kamtschatka
halbinsel kamtschatka,5.397465203228023,-0.0007513880590288314,0.015200878551569591,-0.006085090620493235,halbinsel kamtschatka
kamtschatka aus+ge+brech+en,5.860963782070865,0.14591903817049556,-0.1366294699499453,-0.16875052846086297,kamtschatka aus+ge+brech+en
aus+ge+brech+en riesig+e,7.034998336300303,0.10358835440200934,-0.10719639090293016,-0.10746468683679877,aus+ge+brech+en riesig+e
der asche+säule,3.060170260131323,-0.0006677575470747609,0.0758082077269918,-0.03619983934637178,der asche+säule
asche+säule steig,2.975636032743775,-0.0145253853821226,0.09041929864537009,-0.024430247733807968,asche+säule steig
steig knapp,2.914504668276619,-0.023543522768156078,0.10009136415304794,-0.0171301904473722,steig knapp
9000,2.8827050833047956,-0.027907976936733775,0.10484751734640853,-0.013712402200775744,9000
knapp 9000,2.8827050833047956,-0.027907976936733775,0.10484751734640853,-0.013712402200775744,knapp 9000
9000 meter,2.8707312609302864,-0.03263492864589443,0.10900984363117522,-0.009550075916009192,9000 meter
Regionalbüro,2.8885657084956664,-0.05466844515906762,0.12483310554104961,0.01098671429148115,Regionalbüro
hoch regionalbüro,2.8885657084956664,-0.05466844515906762,0.12483310554104961,0.01098671429148115,hoch regionalbüro
Russis…,2.9291359398784165,-0.06826107501204776,0.13305313296123464,0.023875359475370537,Russis…
regionalbüro russis…,2.9291359398784165,-0.06826107501204776,0.13305313296123464,0.023875359475370537,regionalbüro russis…
russis… kopier+e,2.9595590243197094,-0.07208887027522647,0.13455943866101663,0.027844137847645587,russis… kopier+e
hin+zu+füg+en spektakulär+e,3.4128938142003227,-0.06768876050585469,0.11481850961150075,0.03245704806338409,hin+zu+füg+en spektakulär+e
ei…,3.2444910635841437,-0.01893817773544815,0.08352937869070406,-0.014841458565833104,ei…
aus+ge+brech+en ei…,3.2444910635841437,-0.01893817773544815,0.08352937869070406,-0.014841458565833104,aus+ge+brech+en ei…
+808,3.1869998544764675,-0.026361366750267325,0.09148561678160293,-0.008887788025616872,+808
ei… +808,3.1869998544764675,-0.026361366750267325,0.09148561678160293,-0.008887788025616872,ei… +808
+808 chars,3.1375044811113013,-0.0321535247933203,0.0978443959550308,-0.0044175449922544165,+808 chars
Russland,5.048576766206064,0.07420820694158035,-0.04629469167704744,-0.08793934853773804,Russland
vulkan+ausbruch russland,5.048576766206064,0.07420820694158035,-0.04629469167704744,-0.08793934853773804,vulkan+ausbruch russland
verursacht,7.391885512758871,0.06503570096215128,-0.0725653777345207,-0.06113194000397578,verursacht
russland verursach+t,4.5938200200062305,0.0733414647848971,-0.03582986059124469,-0.09163336071191569,russland verursach+t
verursach+t riesig+e,4.363214998161663,0.09739696977890004,-0.05421136594191577,-0.12237231036915594,verursach+t riesig+e
asche+wolke ein,3.995877717629238,0.08872478295511181,-0.035858237266403,-0.11688738519262715,asche+wolke ein
gewaltig+e asche+wolke,7.032417511620687,0.18993735946295276,-0.20693964797785686,-0.22180044595314474,gewaltig+e asche+wolke
hängt,6.887996236722748,0.07920467445571149,-0.08037790076411831,-0.0798374975820321,hängt
asche+wolke häng+t,6.887996236722748,0.07920467445571149,-0.08037790076411831,-0.0798374975820321,asche+wolke häng+t
häng+t kamtschatka,7.566243415238345,0.036336306559755366,-0.047438895692537786,-0.02948168433798889,häng+t kamtschatka
schiwelutsch aus+ge+brech+en,7.641383101966392,0.13147240877990862,-0.1446572985809549,-0.13857433590512894,schiwelutsch aus+ge+brech+en
aus+ge+brech+en himmel,5.745716102532263,0.05691715674437908,-0.0422146972667853,-0.06271968424219461,aus+ge+brech+en himmel
himmel osten,5.430187491454926,0.05221835535732228,-0.03243291537016558,-0.06015760935615548,himmel osten
russland+s verdunkel+t,5.06281812113517,0.04793365636373785,-0.02163647699938872,-0.0587965199586574,russland+s verdunkel+t
warn+en folge+n,4.4892101318159625,0.036293275006165436,0.0011088986254141646,-0.05229936398204387,warn+en folge+n
folge+n hundert+e,4.497289101237219,0.03277088439644472,0.004076917806634945,-0.0485149389738936,folge+n hundert+e
hundert+e kilo+meter,3.3561588944503313,0.012469524199558706,0.05385292249793156,-0.04368206368835146,hundert+e kilo+meter
kilo+meter weit,3.4506196354422567,0.014600186558987066,0.04881746491199984,-0.04419749663243295,kilo+meter weit
weit spür+en,3.544491841316037,0.017920177856504887,0.042900416470164494,-0.046014805203416546,weit spür+en
Kilo…,2.967686264475687,-0.014589174993600879,0.09079930581438993,-0.02453972402563519,Kilo…
hundert+e kilo…,2.967686264475687,-0.014589174993600879,0.09079930581438993,-0.02453972402563519,hundert+e kilo…
+1861,2.940463818166373,-0.015033636665963674,0.09229013271400094,-0.02470243036857871,+1861
kilo… +1861,2.940463818166373,-0.015033636665963674,0.09229013271400094,-0.02470243036857871,kilo… +1861
+1861 chars,2.918549241218542,-0.015395483058978782,0.09350461480294872,-0.024836367321571285,+1861 chars
Tödlicher,5.097659028450145,-0.052865357684872966,0.062448647366898875,0.03964325626508686,Tödlicher
tödlich+er vulkan,7.737765953269621,-0.039286260320388566,0.015342625529002365,0.04441740333533516,tödlich+er vulkan
aufgewacht,5.498520739800831,-0.05026634182875336,0.05340180195096798,0.04067083067505976,aufgewacht
vulkan auf+ge+wach+t,5.498520739800831,-0.05026634182875336,0.05340180195096798,0.04067083067505976,vulkan auf+ge+wach+t
auf+ge+wach+t wissenschaftler,4.343180568946109,-0.058569473583329236,0.08241623255212518,0.037163694605423195,auf+ge+wach+t wissenschaftler
wissenschaftler beobacht+en,3.7778157963506116,-0.06376620354370077,0.10079368538073849,0.03460367210951019,wissenschaftler beobacht+en
genau,4.945263097896762,-0.05392476978236613,0.06614430045853414,0.039206779901951,genau
beobacht+en genau,3.4856758917671686,-0.06686436969847291,0.11185858761459386,0.03292451386828697,beobacht+en genau
Vor,6.354969434584765,-0.04546580348901775,0.03674467053481388,0.04241910047908387,Vor
genau vor,3.3993885982544656,-0.06784422756001642,0.11537748347013654,0.03236788744547279,genau vor
vor mehr,3.348425768363944,-0.0684381441098333,0.11751520403953501,0.0320243068211623,vor mehr
mehr vier,3.4703679565272507,-0.06703590495363257,0.11247390693083606,0.0328279793654835,mehr vier
Jahrzehnten,3.551197670407258,-0.0661409961267708,0.10926696264680623,0.0333274148607866,Jahrzehnten
vier jahrzehnt+en,3.551197670407258,-0.0661409961267708,0.10926696264680623,0.0333274148607866,vier jahrzehnt+en
jahrzehnt+en letzt+e,4.158744573334073,-0.06016327958520843,0.08803079624695859,0.03641092564835946,jahrzehnt+en letzt+e
gewütet,4.804780357916136,-0.054939933288420555,0.0696905927121341,0.03877856236083213,gewütet
mal ge+wüt+et,4.804780357916136,-0.054939933288420555,0.0696905927121341,0.03877856236083213,mal ge+wüt+et
ge+wüt+et vulkan,7.737765953269621,-0.039286260320388566,0.015342625529002365,0.04441740333533516,ge+wüt+et vulkan
Chichón,6.1552276516986755,-0.04650590222686183,0.040349484301854206,0.04205585937664268,Chichón
vulkan chichón,5.097659028450145,-0.052865357684872966,0.062448647366898875,0.03964325626508686,vulkan chichón
Forschende,4.396381456014982,-0.05812603967876966,0.08085719789643268,0.03736826998577545,Forschende
Aktivitäten,3.51753926015698,-0.06651041868420925,0.11058984617441382,0.03312249871435948,Aktivitäten
forsch+end+e aktivität+en,3.51753926015698,-0.06651041868420925,0.11058984617441382,0.03312249871435948,forsch+end+e aktivität+en
entdeckt,9.18555926561023,0.00838242904914218,-0.038023234279173236,0.005769285085033552,entdeckt
aktivität+en entdeck+t,3.455451915105137,-0.06720399065396425,0.1130771393964067,0.03273301363239744,aktivität+en entdeck+t
nach mehr,3.7302931740507197,-0.06424867362870469,0.10251097507561893,0.03435003064837867,nach mehr
mehr jahr+en,4.080230475584151,-0.060869921281365404,0.09052593298940625,0.036068222839232424,mehr jahr+en
jahr+en ruhe,4.648068039132458,-0.05611919129825001,0.07381682722799843,0.03826852410670141,jahr+en ruhe
ruhe zeig+t,5.097659028450145,-0.052865357684872966,0.062448647366898875,0.03964325626508686,ruhe zeig+t
zeig+t vulkan,7.737765953269621,-0.039286260320388566,0.015342625529002365,0.04441740333533516,zeig+t vulkan
beunruhigende,5.498520739800831,-0.05026634182875336,0.05340180195096798,0.04067083067505976,beunruhigende
vulkan beunruhig+end+e,5.498520739800831,-0.05026634182875336,0.05340180195096798,0.04067083067505976,vulkan beunruhig+end+e
beunruhig+end+e anzeichen,4.293093940124527,-0.058993463433538104,0.08390812508787926,0.03696612918104855,beunruhig+end+e anzeichen
aktivität wissenschaftler,3.501393389332999,-0.06668925378721162,0.11123072728457191,0.03302266886145269,aktivität wissenschaftler
wissenschaftler genau,3.290787599023269,-0.06912405180914295,0.11998870148415777,0.031621590557199895,wissenschaftler genau
genau beobacht+en,3.22905546466447,-0.06987604811376458,0.12270642049903614,0.03117266903751726,genau beobacht+en
handelt,3.101647722645388,-0.07148822516098323,0.12855438572185876,0.030183548465321636,handelt
handel+t dabei,3.0137275499697984,-0.07265120294930055,0.13279193327239935,0.029446825538538775,handel+t dabei
dabei chichón,2.9252803999406494,-0.07386592258990435,0.13723576441213345,0.028655951142309215,dabei chichón
Nordwesten,2.8323205436804693,-0.07519441780359182,0.14211740006447146,0.02776532052577186,Nordwesten
chichón nordwesten,2.8323205436804693,-0.07519441780359182,0.14211740006447146,0.02776532052577186,chichón nordwesten
mexi…,2.77746541641486,-0.0760048290141279,0.1451067487357552,0.027208523179975696,mexi…
nordwesten mexi…,2.77746541641486,-0.0760048290141279,0.1451067487357552,0.027208523179975696,nordwesten mexi…
+2944,2.7544326208089744,-0.07635123453342951,0.14638723750297816,0.026967348922055365,+2944
mexi… +2944,2.7544326208089744,-0.07635123453342951,0.14638723750297816,0.026967348922055365,mexi… +2944
+2944 char+s,2.735811465412895,-0.0766340089274342,0.14743373278106783,0.026769052174418557,+2944 char+s
Teide,5.669186450926709,-0.04923423212509985,0.04981568756991824,0.04106255947018652,Teide
beb+en teid+e,5.669186450926709,-0.04923423212509985,0.04981568756991824,0.04106255947018652,beb+en teid+e
teid+e vulkan,7.737765953269621,-0.039286260320388566,0.015342625529002365,0.04441740333533516,teid+e vulkan
vulkan wie,5.3489069002359715,-0.05120639688915587,0.056671091494934774,0.040306079356850676,vulkan wie
wie sicher,4.893526332777002,-0.05429419307882305,0.06743422581302078,0.039052092837270215,wie sicher
Teneriffa,9.196079184552868,0.04184986041767812,-0.06835656989543974,-0.02812779977335374,Teneriffa
sicher teneriffa,4.201117744430448,-0.0597890782793733,0.08671098134957814,0.036590154618650214,sicher teneriffa
teneriffa tourist+en,4.245825604508112,-0.05939954428723556,0.08533814822122733,0.03677509295135843,teneriffa tourist+en
Teneriffas,4.990672993873869,-0.053604667922763874,0.06502711708206499,0.03933976894721954,Teneriffas
teneriffa+s vulkan,7.737765953269621,-0.039286260320388566,0.015342625529002365,0.04441740333533516,teneriffa+s vulkan
vibriert,5.498520739800831,-0.05026634182875336,0.05340180195096798,0.04067083067505976,vibriert
vulkan vibrier+t,5.498520739800831,-0.05026634182875336,0.05340180195096798,0.04067083067505976,vulkan vibrier+t
Ungewöhnliche,4.513548219235972,-0.057173645116895835,0.07751299314757006,0.03780067129795438,Ungewöhnliche
vibrier+t un+gewöhnlich+e,4.513548219235972,-0.057173645116895835,0.07751299314757006,0.03780067129795438,vibrier+t un+gewöhnlich+e
Signale,3.913337599963225,-0.0624324167903752,0.09605669626195706,0.035290310410650415,Signale
un+gewöhnlich+e signal+e,3.913337599963225,-0.0624324167903752,0.09605669626195706,0.035290310410650415,un+gewöhnlich+e signal+e
Tiefe,6.981677855673955,0.004961457790511455,-0.012735448852220731,-0.0009294161282875403,Tiefe
signal+e tiefe,3.551197670407258,-0.0661409961267708,0.10926696264680623,0.0333274148607866,signal+e tiefe
Kanaren-Urlauberinnen,3.3733193928382303,-0.06814659101737794,0.11646533597613774,0.032193560240344504,Kanaren-Urlauberinnen
tiefe kanaren+-+urlauber+in+nen,3.3733193928382303,-0.06814659101737794,0.11646533597613774,0.032193560240344504,tiefe kanaren+-+urlauber+in+nen
Urlauber,4.85139803818473,0.0021648551403645245,0.023008791812905532,-0.013829364876724082,Urlauber
kanaren+-+urlauber+in+nen urlauber,3.279974658356722,-0.06925445269123291,0.12045952473801658,0.031544303064435605,kanaren+-+urlauber+in+nen urlauber
urlauber wiss+en,4.534664662496219,0.002515280551210651,0.029460980340232628,-0.017431340826729792,urlauber wiss+en
sollten,5.599510200704687,-0.00822629480132442,0.03477292590769135,-0.005215559116439675,sollten
wiss+en soll+ten,4.448343176888848,0.0017636117263617878,0.03205044409742744,-0.017643333789270445,wiss+en soll+ten
Kühles,2.9252803999406494,-0.07386592258990435,0.13723576441213345,0.028655951142309215,Kühles
winterliches,2.8872500350776233,-0.07440279084353273,0.1392057569292294,0.02829930247878544,winterliches
kühl+es winterlich+es,2.8872500350776233,-0.07440279084353273,0.1392057569292294,0.02829930247878544,kühl+es winterlich+es
Wetter,2.8323205436804693,-0.07519441780359182,0.14211740006447146,0.02776532052577186,Wetter
winterlich+es wetter,2.8323205436804693,-0.07519441780359182,0.14211740006447146,0.02776532052577186,winterlich+es wetter
Mitteleuropa,2.7948631787100022,-0.075745598788016,0.144149570565215,0.027387755765726156,Mitteleuropa
wetter mitteleuropa,2.7948631787100022,-0.075745598788016,0.144149570565215,0.027387755765726156,wetter mitteleuropa
spanischen,2.704063462728559,-0.07712184076085028,0.14924170984707286,0.026423926224398667,spanischen
mitteleuropa spanisch+en,2.704063462728559,-0.07712184076085028,0.14924170984707286,0.026423926224398667,mitteleuropa spanisch+en
spanisch+en kanareninsel,2.675032526545935,-0.07757437093138088,0.15092183246689883,0.02610031381736004,spanisch+en kanareninsel
kanareninsel teneriffa,2.643725893708768,-0.07806945603136925,0.15276327635721593,0.025742415470811922,kanareninsel teneriffa
Sonne,2.61312062047067,-0.07856073709245828,0.15459405059764025,0.02538324642027156,Sonne
teneriffa sonne,2.61312062047067,-0.07856073709245828,0.15459405059764025,0.02538324642027156,teneriffa sonne
lacht,2.600870625250085,-0.07875943791745726,0.1553355099216856,0.025236832053460435,lacht
sonne lach+t,2.600870625250085,-0.07875943791745726,0.1553355099216856,0.025236832053460435,sonne lach+t
frühlingshafte,2.5814866486155887,-0.07907630682360053,0.15651911294691773,0.025001968526427488,frühlingshafte
lach+t frühlingshaft+e,2.5814866486155887,-0.07907630682360053,0.15651911294691773,0.025001968526427488,lach+t frühlingshaft+e
T-Shirt-Temperaturen,2.5545808223524062,-0.07952119907402459,0.15818342219248765,0.02466934068781406,T-Shirt-Temperaturen
frühlingshaft+e t-shirt+-+temperatur+en,2.5545808223524062,-0.07952119907402459,0.15818342219248765,0.02466934068781406,frühlingshaft+e t-shirt+-+temperatur+en
herrschen,2.5206657151732808,-0.08009057619545967,0.1603177268761367,0.024238699833667953,herrschen
t-shirt+-+temperatur+en herrsch+en,2.5206657151732808,-0.08009057619545967,0.1603177268761367,0.024238699833667953,t-shirt+-+temperatur+en herrsch+en
Kein,4.367252084463911,0.027966175332667983,0.011382575502488602,-0.045003786063696025,Kein
Wunder,2.497318810370379,-0.08048823460089538,0.16181124660341992,0.023934614585703392,Wunder
kein wunder,2.497318810370379,-0.08048823460089538,0.16181124660341992,0.023934614585703392,kein wunder
wunder tag+en,2.4632022322461844,-0.08107792254111229,0.16403043555390118,0.023478604286066466,wunder tag+en
+4906,2.451171200635698,-0.08128835800937029,0.16482367155832683,0.02331439134741893,+4906
tag+en +4906,2.451171200635698,-0.08128835800937029,0.16482367155832683,0.02331439134741893,tag+en +4906
+4906 chars,2.444212607212943,-0.08141067220178945,0.1652850507345926,0.023218583348563603,+4906 chars
Momentaufnahmen,3.4488875145650315,-0.06578600223048879,0.11225242131063932,0.031393318961269776,Momentaufnahmen
Februar,2.6284895501359946,-0.07712137407484204,0.15283201373466365,0.024538678827899573,Februar
moment+aufnahme+n februar,2.6284895501359946,-0.07712137407484204,0.15283201373466365,0.024538678827899573,moment+aufnahme+n februar
februar bild+er,2.6488211048648966,-0.07672660176723603,0.1515722228615945,0.024714577749055524,februar bild+er
Tages,2.675551188942269,-0.07620855843449878,0.14993325133256336,0.02493634933282414,Tages
bild+er tag+es,2.675551188942269,-0.07620855843449878,0.14993325133256336,0.02493634933282414,bild+er tag+es
Schönes,2.6911024458689266,-0.07590759744987025,0.14898851802763968,0.025060468705129735,Schönes
tag+es schön+es,2.6911024458689266,-0.07590759744987025,0.14898851802763968,0.025060468705129735,tag+es schön+es
Erschreckendes,2.7158686508867405,-0.07542883467878554,0.14749697421506022,0.02525076768993769,Erschreckendes
schön+es erschreck+end+es,2.7158686508867405,-0.07542883467878554,0.14749697421506022,0.02525076768993769,schön+es erschreck+end+es
Absurdes,2.7648270294903847,-0.07448376431362302,0.14459369851113776,0.025600679463656004,Absurdes
erschreck+end+es absurd+es,2.7648270294903847,-0.07448376431362302,0.14459369851113776,0.025600679463656004,erschreck+end+es absurd+es
ganz,8.941183610348222,0.015405019696510603,-0.042101742583550414,-0.002100946341411682,ganz
absurd+es ganz,2.8102148134116454,-0.07360834238924202,0.14195319417301688,0.025894411520810432,absurd+es ganz
Alltägliches,2.829269361570584,-0.07324079427784463,0.1408586051130305,0.026009058733852102,Alltägliches
ganz alltäglich+es,2.829269361570584,-0.07324079427784463,0.1408586051130305,0.026009058733852102,ganz alltäglich+es
alltäglich+es moment+aufnahme+n,2.589470732957059,-0.07788114195130683,0.15528270465679203,0.02418337428937544,alltäglich+es moment+aufnahme+n
Ecken,3.7836617272465953,-0.06137366877104461,0.09885639791139222,0.03259618321217758,Ecken
moment+aufnahme+n eck+en,3.0277541186859755,-0.06939210558619699,0.12989435176404368,0.026906332147652447,moment+aufnahme+n eck+en
eck+en welt,3.096151752201808,-0.06804881122578717,0.12627879676110365,0.027092448283249512,eck+en welt
laufend,3.1426604145161257,-0.06712769488452301,0.12386126928075909,0.027183422711728533,laufend
welt lauf+end,3.1426604145161257,-0.06712769488452301,0.12386126928075909,0.027183422711728533,welt lauf+end
aktualisiert,3.2126309617010755,-0.06572770035767395,0.12028106862564349,0.027266107081210807,aktualisiert
lauf+end aktualisier+t,3.2126309617010755,-0.06572770035767395,0.12028106862564349,0.027266107081210807,lauf+end aktualisier+t
feuer berg,3.4908506467121576,-0.059928445394397886,0.10658908978494087,0.026943162219588448,feuer berg
Piton,3.5933901414467644,-0.05766679328728682,0.10170441532785209,0.02655318606672684,Piton
berg piton,3.5933901414467644,-0.05766679328728682,0.10170441532785209,0.02655318606672684,berg piton
Fournaise,3.867928781964253,-0.0511521873808141,0.0888423734171142,0.02473080004130041,Fournaise
piton fournais+e,3.867928781964253,-0.0511521873808141,0.0888423734171142,0.02473080004130041,piton fournais+e
fournais+e spuck+t,4.225880213043975,-0.041271424151027386,0.07201646615875616,0.020396595560157042,fournais+e spuck+t
französischen,5.755173131774943,0.00080591094291367,0.007918253919435797,-0.004792453762506101,französischen
vulkan französisch+en,4.648068039132458,-0.05611919129825001,0.07381682722799843,0.03826852410670141,vulkan französisch+en
Überseeinsel,3.975683974490078,-0.061838764420945276,0.09395307033045289,0.035589181335442255,Überseeinsel
französisch+en übersee+insel,3.975683974490078,-0.061838764420945276,0.09395307033045289,0.035589181335442255,französisch+en übersee+insel
Réunion,9.641829402306684,0.053457501474885795,-0.0830162977046232,-0.03880132204145536,Réunion
übersee+insel réunion,3.5912682546341883,-0.06425657920061982,0.10664845625257306,0.03230270618648668,übersee+insel réunion
zweiten,5.466418949160409,-0.0016783340285070213,0.014790911294818326,-0.004621066772167346,zweiten
réunion zweit+en,3.43106303688524,-0.03950723386480062,0.09313538308649177,0.007644485868119288,réunion zweit+en
zweit+en mal,5.281169815181937,0.008958612126576584,0.008998596825222522,-0.016603513719777377,zweit+en mal
mal jahr,3.4679454952990287,0.04086777467211452,0.025368633913667185,-0.07130921265536341,mal jahr
jahr aus+ge+brech+en,3.6756126047779363,0.10561732211990842,-0.04327028430932262,-0.14205136280420452,jahr aus+ge+brech+en
Ungewöhnlich,3.2099451715864777,0.003895246353864429,0.0662867631017367,-0.037761007065547615,Ungewöhnlich
+1263,4.148719065567243,-0.10862957138969893,0.3446124032393062,-0.05130461002454832,+1263
un+gewöhnlich +1263,2.89252676719963,-0.04365293704345466,0.11645148544858033,0.0011124556085554658,un+gewöhnlich +1263
+1263 chars,2.863279934051007,-0.046662501291767994,0.11996492600083389,0.0032031112013450715,+1263 chars
USA,14.182098251365193,-0.044054359299294854,-0.06552253421321824,0.08450916186055352,USA
supervulkan usa,2.6602077825202457,-0.07780788310450326,0.15178993345269157,0.025932011409730664,supervulkan usa
gigantisches,2.687916900260066,-0.07737276076280213,0.15017295176036655,0.02624490243785659,gigantisches
usa gigantisch+es,2.687916900260066,-0.07737276076280213,0.15017295176036655,0.02624490243785659,usa gigantisch+es
Lithium-Vorkommen,2.723925729273547,-0.07681579100915942,0.14810705733706242,0.02664089710642949,Lithium-Vorkommen
gigantisch+es lithium+-+vorkommen,2.723925729273547,-0.07681579100915942,0.14810705733706242,0.02664089710642949,gigantisch+es lithium+-+vorkommen
bergen,4.040454884605037,-0.06123468668346039,0.09181538201769729,0.03588912234689875,bergen
lithium+-+vorkommen berg+en,2.780879258851598,-0.0759537985625932,0.1449182526548868,0.02724389004926356,lithium+-+vorkommen berg+en
berg+en der,2.8057112692485533,-0.07558500249463508,0.14355704189543608,0.027498259243229527,berg+en der
weltweite,2.8206853950923856,-0.0753646243683042,0.14274450798495536,0.02764923643757428,weltweite
der weltweit+e,2.8206853950923856,-0.0753646243683042,0.14274450798495536,0.02764923643757428,der weltweit+e
Lithium-Hunger,2.860931792267445,-0.07477965275728364,0.14059084861907567,0.0280463058373552,Lithium-Hunger
weltweit+e lithium+-+hunger,2.860931792267445,-0.07477965275728364,0.14059084861907567,0.0280463058373552,weltweit+e lithium+-+hunger
wächst,2.9302945130264844,-0.07379580664393653,0.13697875267103393,0.028702205807269905,wächst
lithium+-+hunger wachs+t,2.9302945130264844,-0.07379580664393653,0.13697875267103393,0.028702205807269905,lithium+-+hunger wachs+t
Westen,6.883225365653522,-0.04291155115791074,0.027897363439463363,0.04327710171766369,Westen
westen usa,5.260738712476994,-0.051776702715998456,0.05865603207126723,0.04008101034162306,westen usa
rückt,3.086965793922171,-0.07167946790359439,0.1292501020838365,0.03006375360598264,rückt
usa rück+t,3.086965793922171,-0.07167946790359439,0.1292501020838365,0.03006375360598264,usa rück+t
rück+t supervulka+n,3.200783537641293,-0.07022664942048276,0.12397564895796516,0.030960687413532546,rück+t supervulka+n
Fokus,3.4128938142003227,-0.06768876050585469,0.11481850961150075,0.03245704806338409,Fokus
supervulka+n fokus,3.4128938142003227,-0.06768876050585469,0.11481850961150075,0.03245704806338409,supervulka+n fokus
fokus ort,3.6054457168722367,-0.06555500973111471,0.10717128256156058,0.03364888430537068,fokus ort
ort möglich+en,3.943846548360928,-0.06214039429007722,0.09502154926661767,0.0354378398880019,ort möglich+en
Großfund,4.343180568946109,-0.058569473583329236,0.08241623255212518,0.037163694605423195,Großfund
möglich+en großfund,4.343180568946109,-0.058569473583329236,0.08241623255212518,0.037163694605423195,möglich+en großfund
alter,5.669186450926709,-0.04923423212509985,0.04981568756991824,0.04106255947018652,alter
ein alt+er,5.669186450926709,-0.04923423212509985,0.04981568756991824,0.04106255947018652,ein alt+er
Vulkankrater,13.016698354013446,-0.024797472599240308,-0.0351513059297267,0.04823640931613546,Vulkankrater
alt+er vulkan+krater,7.737765953269621,-0.039286260320388566,0.015342625529002365,0.04441740333533516,alt+er vulkan+krater
vulkan+krater westen,4.578375627082935,-0.05666043854835278,0.07571324220882711,0.03802978820046194,vulkan+krater westen
Schlüsselort,3.551197670407258,-0.0661409961267708,0.10926696264680623,0.0333274148607866,Schlüsselort
usa schlüssel+ort,3.551197670407258,-0.0661409961267708,0.10926696264680623,0.0333274148607866,usa schlüssel+ort
Energiewende,3.3131024737639194,-0.06885667697178337,0.1190239007495004,0.03177933433947671,Energiewende
schlüssel+ort energie+wende,3.3131024737639194,-0.06885667697178337,0.1190239007495004,0.03177933433947671,schlüssel+ort energie+wende
Grenze,3.0657845689055794,-0.0719574365314498,0.13026209311906436,0.02988868831184455,Grenze
Oregon,2.967199902548944,-0.07328441962702525,0.13510613533645421,0.02903731403895659,Oregon
grenze oregon,2.967199902548944,-0.07328441962702525,0.13510613533645421,0.02903731403895659,grenze oregon
Nevada,2.910596694769112,-0.07407214448291585,0.1379920399129076,0.02851947579646651,Nevada
oregon nevada,2.910596694769112,-0.07407214448291585,0.1379920399129076,0.02851947579646651,oregon nevada
nevada vermut+en,2.8782805768893667,-0.07453073239396683,0.13967577677857027,0.028213657711891483,nevada vermut+en
Geologen,2.840280104345148,-0.07507849477277755,0.14169051423205656,0.027844122982488135,Geologen
vermut+en geologe+n,2.840280104345148,-0.07507849477277755,0.14169051423205656,0.027844122982488135,vermut+en geologe+n
außergewöhnlich,2.7913168570375038,-0.07579827194314898,0.14434398665275752,0.027351423570178054,außergewöhnlich
geologe+n außergewöhnlich,2.7913168570375038,-0.07579827194314898,0.14434398665275752,0.027351423570178054,geologe+n außergewöhnlich
großes,2.738847336979098,-0.07658773966547514,0.14726242348813515,0.026801586616067203,großes
außergewöhnlich groß+es,2.738847336979098,-0.07658773966547514,0.14726242348813515,0.026801586616067203,außergewöhnlich groß+es
Lithium-Vorkommen.…,2.7181324282021433,-0.07690476239053415,0.14843677629909938,0.026577978306337645,Lithium-Vorkommen.…
groß+es lithium-vorkommen.…,2.7181324282021433,-0.07690476239053415,0.14843677629909938,0.026577978306337645,groß+es lithium-vorkommen.…
+4329,2.6626323743507467,-0.07776957861615029,0.15164748012606843,0.02595968071657288,+4329
lithium-vorkommen.… +4329,2.6626323743507467,-0.07776957861615029,0.15164748012606843,0.02595968071657288,lithium-vorkommen.… +4329
+4329 chars,2.6483495934065084,-0.07799586677584504,0.1524893432463102,0.02579586969755287,+4329 chars
Anno,28.814123970532506,0.013585670811775615,-0.11667692467416901,0.03180934603041239,Anno
117,30.592028767161977,0.02209364873201604,-0.12760904247310859,0.02467292608359956,117
anno 117,28.33175924826147,0.01375679674601682,-0.11590434996012514,0.031271393294413564,anno 117
Pax,10.105571277063719,-0.0005118258348207748,-0.03758621662105926,0.01762142320289082,Pax
117 pax,10.105571277063719,-0.0005118258348207748,-0.03758621662105926,0.01762142320289082,117 pax
Romana,10.878647094202206,-0.0003380581175726006,-0.04317225124936207,0.019826649238427474,Romana
pax romana,10.878647094202206,-0.0003380581175726006,-0.04317225124936207,0.019826649238427474,pax romana
Bauen,2.366405293902199,-0.08236168263100012,0.17026757599266307,0.021720201038304313,Bauen
romana bau+en,2.366405293902199,-0.08236168263100012,0.17026757599266307,0.021720201038304313,romana bau+en
Ägypten,2.376540878295457,-0.0826237592376866,0.16987364687148657,0.022253888340966223,Ägypten
bau+en ägypten,2.376540878295457,-0.0826237592376866,0.16987364687148657,0.022253888340966223,bau+en ägypten
Pyramiden,2.3890113538257007,-0.08239693493861236,0.16901389324019012,0.022436283932233337,Pyramiden
ägypten pyramide+n,2.3890113538257007,-0.08239693493861236,0.16901389324019012,0.022436283932233337,ägypten pyramide+n
der neu+e,2.403140386583581,-0.08214175566969846,0.16804764328358204,0.022640366798336604,der neu+e
Trailer,5.071992285625048,-0.05304085844100525,0.06306051607443583,0.03957167259219402,Trailer
neu+e trailer,2.4080400867939775,-0.08205370920792011,0.16771449045224124,0.022710510468439506,neu+e trailer
versteckt,2.4160899852365967,-0.08190954804815952,0.16716927382102323,0.022825057839244427,versteckt
trailer versteck+t,2.4160899852365967,-0.08190954804815952,0.16716927382102323,0.022825057839244427,trailer versteck+t
versteck+t viel+e,2.426536327630796,-0.08172337866900721,0.16646566704839663,0.022972432604736824,versteck+t viel+e
DLC-Details,2.4330207803612285,-0.08160832824268933,0.16603111877944793,0.023063198597019233,DLC-Details
viel+e dlc-detail+s,2.4330207803612285,-0.08160832824268933,0.16603111877944793,0.023063198597019233,viel+e dlc-detail+s
könnt,6.292816065746588,-0.04578476939520972,0.037849977909927016,0.04230858203405538,könnt
dlc-detail+s könn+t,2.455916931442432,-0.08120519345940193,0.16451010090443993,0.02337938223527804,dlc-detail+s könn+t
Aufbauspiel,4.224186888109385,-0.05958740997087351,0.08600010894830275,0.03668610747199305,Aufbauspiel
könn+t aufbau+spiel,2.4681743637365567,-0.08099133644794669,0.16370424857854776,0.023545944530376867,könn+t aufbau+spiel
bald,2.4836775105057685,-0.08072277963474025,0.16269327694527305,0.023753969239650966,bald
aufbau+spiel bald,2.4836775105057685,-0.08072277963474025,0.16269327694527305,0.023753969239650966,aufbau+spiel bald
gratis,3.4367509298965384,-0.06741605550787508,0.11383861444007316,0.032612672072492355,gratis
bald gratis,2.4904121922405786,-0.08060678074892533,0.16225694621651066,0.023843431128174806,bald gratis
gratis test+en,2.500131262686781,-0.08044008085805956,0.1616302635606829,0.0239715835255587,gratis test+en
test+en gleich,2.510208213653821,-0.08026811197701066,0.16098421661972986,0.024103279324991383,test+en gleich
gleich zwei,2.5206657151732808,-0.08009057619545967,0.1603177268761367,0.024238699833667953,gleich zwei
wichtige,8.633235074602911,-0.04586813078220852,0.15634695929195258,-0.01731734274916251,wichtige
zwei wichtig+e,2.528381964919058,-0.07996017890809315,0.1598285039144944,0.024337816762755777,zwei wichtig+e
Meldungen,2.5428236533340556,-0.07971748543782177,0.15891865073756162,0.024521511352953277,Meldungen
wichtig+e meldung+en,2.5428236533340556,-0.07971748543782177,0.15891865073756162,0.024521511352953277,wichtig+e meldung+en
meldung+en anno,2.5650507630095887,-0.07934736992259327,0.1575327908669465,0.024799706758776383,meldung+en anno
117 geb+t,2.5814866486155887,-0.07907630682360053,0.15651911294691773,0.025001968526427488,117 geb+t
geb+t heute,2.5968935582812813,-0.07882420472565342,0.1555773141882965,0.025188964609508303,geb+t heute
Spiel,4.175697425328121,-0.06001297499723586,0.08750054784490745,0.036483101956710826,Spiel
der spiel,2.619432420663404,-0.07845881996759797,0.15421396613681562,0.025458087936094782,der spiel
spiel woche+n+ende,2.6483495934065084,-0.07799586677584504,0.1524893432463102,0.02579586969755287,spiel woche+n+ende
woche+n+ende gratis,2.675032526545935,-0.07757437093138088,0.15092183246689883,0.02610031381736004,woche+n+ende gratis
gratis trailer,2.712435136189588,-0.07699249592772943,0.14876201585227408,0.026515809327151696,gratis trailer
trailer werd+en,2.735811465412895,-0.0766340089274342,0.14743373278106783,0.026769052174418557,trailer werd+en
werd+en mehr,2.757633722548162,-0.07630286985659725,0.14620835889940303,0.027001136431849013,werd+en mehr
mehr detail+s,2.7740833989713654,-0.07605546289843848,0.14529381493201654,0.027173390241642024,mehr detail+s
kommenden,2.8284023031460888,-0.07525163630621773,0.14232817253885055,0.027726347017609454,kommenden
detail+s komm+end+en,2.8284023031460888,-0.07525163630621773,0.14232817253885055,0.027726347017609454,detail+s komm+end+en
DLCs,2.869510269838667,-0.07465632790506256,0.14013738518480653,0.02812933811144303,DLCs
komm+end+en dlc+s,2.869510269838667,-0.07465632790506256,0.14013738518480653,0.02812933811144303,komm+end+en dlc+s
enthüllt,3.966012143993803,-0.005024545735016025,0.04972461422236156,-0.016906233170638024,enthüllt
dlc+s enthüll+t,2.8918118422514025,-0.07433791574681481,0.13896750593818544,0.028342634082373322,dlc+s enthüll+t
Erweiterungen,2.98406336862753,-0.07305345441760336,0.13426145526089292,0.02918737541683432,Erweiterungen
mit erweiterung+en,2.98406336862753,-0.07305345441760336,0.13426145526089292,0.02918737541683432,mit erweiterung+en
erweiterung+en anno,3.101647722645388,-0.07148822516098323,0.12855438572185876,0.030183548465321636,erweiterung+en anno
117 könn+t,3.1740318965206735,-0.07056208482673361,0.12519127830522628,0.030756261686553526,117 könn+t
könn+t spiel,3.3246211015332787,-0.06871956776188012,0.11852945275941003,0.03185984741552274,könn+t spiel
spiel neu+e,3.4409111534635324,-0.06736875098485517,0.11366871535151593,0.03263956742529198,spiel neu+e
Features,3.51753926015698,-0.06651041868420925,0.11058984617441382,0.03312249871435948,Features
neu+e feature+s,3.51753926015698,-0.06651041868420925,0.11058984617441382,0.03312249871435948,neu+e feature+s
bereichern,3.68594342185921,-0.06470616304866253,0.1041412705494367,0.034106892002802675,bereichern
feature+s bereicher+n,3.68594342185921,-0.06470616304866253,0.1041412705494367,0.034106892002802675,feature+s bereicher+n
Eines,4.008950511104029,-0.0615269256417699,0.0928491894047442,0.03574454024418794,Eines
davon,7.711672096407437,-0.039388959577339656,0.015698387449413646,0.04438627781887932,davon
ein+es davon,4.245825604508112,-0.05939954428723556,0.08533814822122733,0.03677509295135843,ein+es davon
davon aktiv+er,5.3489069002359715,-0.05120639688915587,0.056671091494934774,0.040306079356850676,davon aktiv+er
2026,8.822950355343876,-0.03538427967176963,0.0018136652979266106,0.0455528787813537,2026
erste,10.986469271807398,-0.005170832270201728,-0.039733259702433736,0.024765177892668078,erste
2026 erst+e,4.245825604508112,-0.05939954428723556,0.08533814822122733,0.03677509295135843,2026 erst+e
erst+e jahr,4.008950511104029,-0.0615269256417699,0.0928491894047442,0.03574454024418794,erst+e jahr
jungen,3.5868284171916835,-0.06575482204833918,0.10788550785877962,0.03353975779269305,jungen
jahr jung+en,3.5868284171916835,-0.06575482204833918,0.10788550785877962,0.03353975779269305,jahr jung+en
jung+en geschichte,3.4703679565272507,-0.06703590495363257,0.11247390693083606,0.0328279793654835,jung+en geschichte
geschichte anno,3.279974658356722,-0.06925445269123291,0.12045952473801658,0.031544303064435605,geschichte anno
117 wi…,3.1245742689576566,-0.07119190436787853,0.12747726258871694,0.030368123320640168,117 wi…
+4875,3.086965793922171,-0.07167946790359439,0.1292501020838365,0.03006375360598264,+4875
wi… +4875,3.086965793922171,-0.07167946790359439,0.1292501020838365,0.03006375360598264,wi… +4875
+4875 char+s,3.0455461433104567,-0.07222534576011211,0.13123833966682127,0.029718892935069924,+4875 char+s
philippinen vulkan,23.170238736257655,0.0010578312369157058,-0.09336648764933377,0.039054458640646265,philippinen vulkan
vulkan kanlaon,5.835027809421948,0.01550357153474651,-0.005998130080648603,-0.01872910135655681,vulkan kanlaon
kanlaon philippinen,7.45723821087514,0.029417900880242803,-0.03991425074136685,-0.02288869188843989,kanlaon philippinen
philippinen aus+ge+brech+en,4.762238761616245,0.14911541048423604,-0.11915634701424999,-0.18326792039006384,philippinen aus+ge+brech+en
Wegen,11.671913628692224,0.019909777903635996,0.016352945867007234,-0.03570805220184864,Wegen
aus+ge+brech+en wegen,4.913735846662581,0.08190011869585516,-0.05111872114259677,-0.09806071704942726,aus+ge+brech+en wegen
erneuten,5.971852553487059,0.0873774307381478,-0.07559582499019232,-0.09530494591402756,erneuten
wegen erneut+en,5.971852553487059,0.0873774307381478,-0.07559582499019232,-0.09530494591402756,wegen erneut+en
erneut+en vulkan+ausbruch+s,9.025995065839378,0.11330271483798048,-0.13865311980520803,-0.1095783419988753,erneut+en vulkan+ausbruch+s
vulkan+ausbruch+s gelt,5.200171506615716,0.07666475358998573,-0.05163409623489252,-0.08931755024325774,vulkan+ausbruch+s gelt
gelt philippinisch+en,4.471224198341327,0.06343116280402725,-0.023512368316312083,-0.08187625731132268,gelt philippinisch+en
philippinisch+en insel,6.449051848740506,0.014548522841815369,-0.025517525418418407,-0.008370352300805364,philippinisch+en insel
zweithöchste,3.884850885795119,-0.005387867298144588,-0.03416786363656198,0.022627793925609267,zweithöchste
negro+s zweithöchst+e,3.884850885795119,-0.005387867298144588,-0.03416786363656198,0.022627793925609267,negro+s zweithöchst+e
zweithöchst+e warn+stufe,4.128567431555371,-0.11685082984560197,-0.13055919362289567,0.1882850799030383,zweithöchst+e warn+stufe
Castellana,3.777462579503914,0.0007723094746231012,0.013326557930918363,-0.007292381006897024,Castellana
stadt castellana,3.777462579503914,0.0007723094746231012,0.013326557930918363,-0.007292381006897024,stadt castellana
gab,7.240104741127748,-0.005990841811993618,-0.010344220728591452,0.01283358149986015,gab
castellana geb,3.8743040303333776,0.010988596728881734,0.030787829038329575,-0.030001443529238395,castellana geb
geb asche+regen,3.9906921647179643,0.011711558359977772,0.0350331138604149,-0.03312783056682529,geb asche+regen
erneuter,4.4863421529112335,0.0028872835686991425,0.030236733310377496,-0.01832632195949141,erneuter
ein erneut+er,4.4863421529112335,0.0028872835686991425,0.030236733310377496,-0.01832632195949141,ein erneut+er
erneut+er ausbruch,5.033779371479124,-0.002261783200189504,0.02313085486122968,-0.007781175490072242,erneut+er ausbruch
vulkan+s kanlaon,5.560101834812464,-0.007330231721802284,0.017946890105725203,0.0015818779676410395,vulkan+s kanlaon
"2,5",3.884848586386378,0.023206067888061184,0.02806986148047122,-0.04627588858561525,"2,5"
"philippinen 2,5",3.884848586386378,0.023206067888061184,0.02806986148047122,-0.04627588858561525,"philippinen 2,5"
"2,5 kilo+meter",3.9632273839657186,0.02784685417159174,0.02183231898183702,-0.0499866827314879,"2,5 kilo+meter"
asche+wolke verursach+t,4.809915584795111,-0.0008309398407598634,0.026377976825055913,-0.01130547718330945,asche+wolke verursach+t
vulkan insel,7.713336329550466,0.021513572743182593,-0.03562788681058655,-0.013565519186560434,vulkan insel
negro+s brech,4.18065932791655,-0.013280895874843351,0.05090971049063707,-0.006194938669918983,negro+s brech
brech zweit+en,3.9009335088450867,-0.012694436239375781,0.057781918848220856,-0.010379025579019175,brech zweit+en
mal innerhalb,3.6703068406210777,-0.012286191198130398,0.06411646142248649,-0.014091597000632651,mal innerhalb
innerhalb woche,3.457060544027366,-0.012091131217121793,0.07069695516716534,-0.01767015575979251,innerhalb woche
mittelschw…,3.3942937762804584,-0.012092809093841169,0.0728003685652541,-0.018733382896264757,mittelschw…
woche mittelschw…,3.3942937762804584,-0.012092809093841169,0.0728003685652541,-0.018733382896264757,woche mittelschw…
mittelschw… +780,3.2797769566121233,-0.012199294742696693,0.07687463731081617,-0.020660348875466954,mittelschw… +780
Erdbeben,24.84501723278899,0.0075150523288429515,-0.10304800158214575,0.03443995134944515,Erdbeben
lässt,9.848636583979907,0.04661367954233344,-0.0781457002539552,-0.030788348708935747,lässt
erdbeben lass+st,3.8418476540943467,0.04817659210012441,0.007076977582567494,-0.07326714818144162,erdbeben lass+st
lass+st teneriffa,3.957708007713432,0.051338506434057456,0.0008868094085158853,-0.07505273837750366,lass+st teneriffa
erzittern,4.202626572642597,0.05746206539778392,-0.01132144827029291,-0.07850970592058268,erzittern
teneriffa erzitter+n,4.202626572642597,0.05746206539778392,-0.01132144827029291,-0.07850970592058268,teneriffa erzitter+n
Droht,4.597675672372778,0.06601000978110969,-0.0288714782553352,-0.08332918840550921,Droht
erzitter+n droh+t,4.597675672372778,0.06601000978110969,-0.0288714782553352,-0.08332918840550921,erzitter+n droh+t
Urlaubsziel,5.200171506615716,0.07666475358998573,-0.05163409623489252,-0.08931755024325774,Urlaubsziel
droh+t urlaub+s+ziel,5.200171506615716,0.07666475358998573,-0.05163409623489252,-0.08931755024325774,droh+t urlaub+s+ziel
urlaub+s+ziel vulkan+ausbruch,9.025995065839378,0.11330271483798048,-0.13865311980520803,-0.1095783419988753,urlaub+s+ziel vulkan+ausbruch
2021,11.686511787795386,0.05969995738061658,-0.10347808742160707,-0.039201651417834035,2021
2021 brech,4.855129070241646,0.07086630047754881,-0.03911989015003534,-0.08606188605686603,2021 brech
Palma,12.300038669674603,0.09677021335871876,-0.1447367105691694,-0.07934775774891364,Palma
brech palma,5.544464877182438,0.038300542124706224,-0.02157004298922099,-0.04437543409103312,brech palma
palma vulkan,8.11473375167209,0.012978863065710094,-0.03222575608390812,-0.0031509782775754453,palma vulkan
nun rumor+t,4.92887654961303,0.024753242249135218,0.0019464291671994697,-0.03573702484116576,nun rumor+t
rumor+t teneriffa,4.268598654434373,0.02556040577856581,0.015892488230515124,-0.043691221148100735,rumor+t teneriffa
wie experte+n,3.888762921874069,0.024236720734742454,0.027062778526978307,-0.04728297153910823,wie experte+n
Lage,3.671703899393441,0.022474733664985855,0.03497920304442082,-0.04866704033885747,Lage
experte+n lage,3.671703899393441,0.022474733664985855,0.03497920304442082,-0.04866704033885747,experte+n lage
einschätzen,3.6044767802158604,0.021736217616199344,0.03770854299377895,-0.04896106235010844,einschätzen
lage ein+schätz+en,3.6044767802158604,0.021736217616199344,0.03770854299377895,-0.04896106235010844,lage ein+schätz+en
ein+schätz+en urlauber,3.3927027912273857,0.01868966372199516,0.04730408896479103,-0.049373757604239836,ein+schätz+en urlauber
Kurz,4.893271059712092,0.011501707879272627,0.014205365212675396,-0.022666653250536583,Kurz
kurz halb,3.149539576557263,0.013558262136895448,0.06050433545102539,-0.048673438034838576,kurz halb
eins,5.694968396496981,0.07901697884354784,-0.06276146145495973,-0.08779291419668982,eins
halb ein+s,3.1228064149105093,0.01286843419082783,0.062118657176523186,-0.04850621467928878,halb ein+s
mittags,3.097516547297875,0.012190560159021955,0.06367808605609641,-0.04832996101726729,mittags
ein+s mittags,3.097516547297875,0.012190560159021955,0.06367808605609641,-0.04832996101726729,ein+s mittags
begann,3.0597427859389503,0.011130877406765808,0.06606718392381461,-0.0480330944344005,begann
mittags beginn,3.0597427859389503,0.011130877406765808,0.06606718392381461,-0.0480330944344005,mittags beginn
wackeln,4.35872173874728,-0.005608612916052727,0.04028673962626417,-0.011465859027190793,wackeln
beginn wackel+n,3.004445300073705,0.009473532137136843,0.06969828577073248,-0.047523268829687666,beginn wackel+n
Wohnungen,5.874061497257938,0.08288145431646987,-0.06953326202728378,-0.09083718187962476,Wohnungen
schwankten,2.9245589463156088,0.00684348425201993,0.07523813177583101,-0.04662066621693077,schwankten
wohnung+en schwank+ten,2.9245589463156088,0.00684348425201993,0.07523813177583101,-0.04662066621693077,wohnung+en schwank+ten
Stühle,2.8897631224613916,0.0056057931379349625,0.07776492464273545,-0.04616312467977454,Stühle
schwank+ten stuhl+e,2.8897631224613916,0.0056057931379349625,0.07776492464273545,-0.04616312467977454,schwank+ten stuhl+e
Gläser,2.8662415754609585,0.00473598985849118,0.07951362124821984,-0.04583083347102067,Gläser
stuhl+e glas+er,2.8662415754609585,0.00473598985849118,0.07951362124821984,-0.04583083347102067,stuhl+e glas+er
klirrten,2.8467638409131517,0.003994963718791361,0.08098700957670961,-0.04554132657886219,klirrten
glas+er klirr+ten,2.8467638409131517,0.003994963718791361,0.08098700957670961,-0.04554132657886219,glas+er klirr+ten
klirr+ten viel+e,2.820553763731115,0.0029674405185537065,0.08300656152189938,-0.04513086001600214,klirr+ten viel+e
bewohner tourist+en,2.7753213324926698,0.0011097248641138585,0.08659389235328006,-0.044364722287267726,bewohner tourist+en
spürten,2.7536000451372087,0.00017842442244387168,0.08836368781773761,-0.04397016646976661,spürten
tourist+en spür+ten,2.7536000451372087,0.00017842442244387168,0.08836368781773761,-0.04397016646976661,tourist+en spür+ten
Boden,6.728694717972686,-0.01796670816049007,0.00974104281583086,0.019576398381893366,Boden
spür+ten boden,2.7194919152218713,-0.0013370376076337382,0.09120612564336164,-0.04331479043965074,spür+ten boden
boden mehrere,2.708214656805698,-0.001852687068359647,0.09216328101197345,-0.043088305639282364,boden mehrere
Sekunden,2.6937385660414463,-0.002525442950531422,0.0934047841290381,-0.042790331629301584,Sekunden
mehrere sekunde+n,2.6937385660414463,-0.002525442950531422,0.0934047841290381,-0.042790331629301584,mehrere sekunde+n
vibrierte,2.6781673544303612,-0.0032628882586065978,0.09475651392652383,-0.042460625275316154,vibrierte
sekunde+n vibrier+te,2.6781673544303612,-0.0032628882586065978,0.09475651392652383,-0.042460625275316154,sekunde+n vibrier+te
der erdbeben,2.6537478975031705,-0.0044487095306525335,0.09691090282061293,-0.041924114159394774,der erdbeben
Stä…,2.6339823110765135,-0.0054352998506528895,0.0986861142523498,-0.041472189795821304,Stä…
erdbeben stä…,2.6339823110765135,-0.0054352998506528895,0.0986861142523498,-0.041472189795821304,erdbeben stä…
+4347,2.6252590371049607,-0.005878471702062444,0.09947864777244264,-0.04126764553721668,+4347
stä… +4347,2.6252590371049607,-0.005878471702062444,0.09947864777244264,-0.04126764553721668,stä… +4347
+4347 char+s,2.616771985874263,-0.006314257522590129,0.10025510410487697,-0.041065618422978616,+4347 char+s
Klage,4.000820159964734,0.05246929693527937,-0.0013455094557886323,-0.07569125952187507,Klage
erfolgreich,4.432714972736922,0.0626179754070017,-0.021834179363916652,-0.08141788874253245,erfolgreich
klage erfolgreich,4.432714972736922,0.0626179754070017,-0.021834179363916652,-0.08141788874253245,klage erfolgreich
Versichert,5.12176260620343,0.07541102463741947,-0.04890205664964198,-0.08861437849925753,Versichert
erfolgreich versicher+t,5.12176260620343,0.07541102463741947,-0.04890205664964198,-0.08861437849925753,erfolgreich versicher+t
versicher+t vulkan+ausbruch,9.025995065839378,0.11330271483798048,-0.13865311980520803,-0.1095783419988753,versicher+t vulkan+ausbruch
vulkan+ausbruch zwei,5.284466230688716,0.07797411957577595,-0.05450313215215687,-0.09005143527345406,vulkan+ausbruch zwei
Mie­te­r,7.789884223489698,0.10494141484786923,-0.11747309348920318,-0.10501478641101934,Mie­te­r
zwei mie­te­r,7.789884223489698,0.10494141484786923,-0.11747309348920318,-0.10501478641101934,zwei mie­te­r
in­nen,6.964518987158827,0.09796791571965728,-0.1004390337488438,-0.10117812922818545,in­nen
mie­te­r in­n+en,6.964518987158827,0.09796791571965728,-0.1004390337488438,-0.10117812922818545,mie­te­r in­n+en
erhalten,7.4821467228213265,0.07819554925420372,-0.08656119681272469,-0.07538116121121058,erhalten
in­n+en erhalt+en,6.519896721040525,0.09357874943978811,-0.08999722354870679,-0.0987503516484383,in­n+en erhalt+en
erhalt+en deutsch+e,5.794733745203395,0.08514910761673349,-0.07051812682783618,-0.09406294335624459,erhalt+en deutsch+e
Wohnen,5.5265204409179916,0.08152884034101293,-0.06237463451926988,-0.09204109178567522,Wohnen
deutsch+e wohn+en,5.5265204409179916,0.08152884034101293,-0.06237463451926988,-0.09204109178567522,deutsch+e wohn+en
Geld,5.3520181883697315,0.07899589777468147,-0.056753307030797416,-0.09062376615439233,Geld
wohn+en geld,5.3520181883697315,0.07899589777468147,-0.056753307030797416,-0.09062376615439233,wohn+en geld
geld zurück,5.24153716816542,0.07731216029642451,-0.05305064835232737,-0.08968047873179671,geld zurück
diese wohnung+en,4.7705541448242075,0.0693255300273982,-0.03584584743210599,-0.08519540246556545,diese wohnung+en
überteuerte,4.586449543062989,0.06578653537699451,-0.02840482421626753,-0.08320332631794986,überteuerte
wohnung+en überteuert+e,4.586449543062989,0.06578653537699451,-0.02840482421626753,-0.08320332631794986,wohnung+en überteuert+e
Versicherung,4.461439862345664,0.06322582028606123,-0.023088073947502695,-0.08176052125895035,Versicherung
überteuert+e versicherung,4.461439862345664,0.06322582028606123,-0.023088073947502695,-0.08176052125895035,überteuert+e versicherung
abgeschlossen,4.34323168325019,0.06067515792626553,-0.017847142683428865,-0.08032241290061184,abgeschlossen
versicherung ab+ge+schließ+en,4.34323168325019,0.06067515792626553,-0.017847142683428865,-0.08032241290061184,versicherung ab+ge+schließ+en
mehr ...,3.484204061490084,0.037107338459970884,0.02816887836344119,-0.06701797007630862,mehr ...
Ätna-Region,4.234417920361116,-0.05949842926847694,0.08568654702243805,0.03672830255178662,Ätna-Region
ätna+-+region erdbeben,4.396381456014983,-0.0581260396787699,0.08085719789643248,0.037368269985775235,ätna+-+region erdbeben
erdbeben sizilien,4.595319160601607,-0.05652786616517657,0.07524858056864463,0.0380885376093759,erdbeben sizilien
sizilien schule+n,4.804780357916137,-0.05493993328842067,0.06969059271213389,0.03877856236083213,sizilien schule+n
schule+n ge+schließ+en,4.9906729938738685,-0.053604667922763874,0.0650271170820652,0.03933976894721954,schule+n ge+schließ+en
Umgebung,10.707197457583792,-0.022430511304752498,-0.023319492255583465,0.04012750580402545,Umgebung
ge+schließ+en umgebung,5.6242745009112385,-0.04950183885619446,0.05074518962934662,0.040961856565030846,ge+schließ+en umgebung
umgebung europa+s,8.468769881580819,-0.036584040475953275,0.005976559832226244,0.04521324267095769,umgebung europa+s
größtem,9.585100900007975,-0.03300824696520426,-0.006442058874525622,0.04620221882155193,größtem
groß aktiv+en,11.63641158773185,-0.027703780559266276,-0.024950138189234097,0.047550433484280535,groß aktiv+en
aktiv+en vulkan,32.68391485593642,0.005417690681719469,-0.11586170032582789,0.0423297987383641,aktiv+en vulkan
vulkan mehrere,9.970624440201611,-0.03190072763479575,-0.01029654798736307,0.046494838690873036,vulkan mehrere
mehrere beben,8.700442065316123,-0.03579187301820089,0.0032282988268265236,0.04543840586915492,mehrere beben
gemessen,8.070182627549235,-0.03801702271712179,0.010944790965180064,0.044796683760834614,gemessen
beben ge+mess+en,8.070182627549235,-0.03801702271712179,0.010944790965180064,0.044796683760834614,beben ge+mess+en
Sicherheitshalber,7.328240294418253,-0.04095348329827483,0.02111699352178077,0.04390378729775564,Sicherheitshalber
findet,6.481748545916734,-0.044827786767772874,0.034534163183861016,0.04263787743648345,findet
sicherheitshalber find+et,6.481748545916734,-0.044827786767772874,0.034534163183861016,0.04263787743648345,sicherheitshalber find+et
Unterricht,6.0982082676270855,-0.04681102062382807,0.04140731859384051,0.04194772177592669,Unterricht
find+et unterricht,6.0982082676270855,-0.04681102062382807,0.04140731859384051,0.04194772177592669,find+et unterricht
statt,5.8199636693346015,-0.0483558471783833,0.046766113848952864,0.04138892113530578,statt
unterricht statt,5.8199636693346015,-0.0483558471783833,0.046766113848952864,0.04138892113530578,unterricht statt
nach erst+en,6.931830862024784,-0.042689618534279515,0.027128845315629504,0.04334944944532061,nach erst+en
Berichten,4.269124415297092,-0.05919865361485728,0.08463056504725051,0.0368698229477194,Berichten
erst+en bericht+en,4.269124415297092,-0.05919865361485728,0.08463056504725051,0.0368698229477194,erst+en bericht+en
bericht+en geb+t,4.158744573334072,-0.060163279585208194,0.08803079624695878,0.03641092564835989,bericht+en geb+t
größeren,4.053209376344819,-0.061117214378586596,0.09140000518947405,0.035946966175703074,größeren
geb+t groß+er+en,4.053209376344819,-0.061117214378586596,0.09140000518947405,0.035946966175703074,geb+t groß+er+en
groß+er+en schaden,4.06067943165743,-0.06104863584668573,0.09115756353650273,0.035980662070689264,groß+er+en schaden
hin+zu+füg+en umgebung,3.753634295891563,-0.06401071634370434,0.10166373975760264,0.03447548210731276,hin+zu+füg+en umgebung
Ber…,3.026181998348279,-0.07248382952503489,0.13218106476098496,0.029554074065230616,Ber…
erst+en ber…,3.026181998348279,-0.07248382952503489,0.13218106476098496,0.029554074065230616,erst+en ber…
+1003,2.989835649465009,-0.07297478041064862,0.1339738824853894,0.029238309053339406,+1003
ber… +1003,2.989835649465009,-0.07297478041064862,0.1339738824853894,0.029238309053339406,ber… +1003
+1003 chars,2.9563190690358936,-0.07343434084275484,0.13565478091000222,0.0289394800966313,+1003 chars
auf italienisch+en,2.7913168570375038,-0.07579827194314898,0.14434398665275752,0.027351423570178054,auf italienisch+en
sizilien region,2.6554122069370933,-0.07788377658994201,0.15207224103965483,0.025877118089727476,sizilien region
region ätna,3.342460488473873,-0.06850842429180454,0.11776841412952686,0.03198333647285846,region ätna
mehreren,2.6049000405539684,-0.07869394732182641,0.15509106577268714,0.02528516263610027,mehreren
ätna mehrere+n,2.6049000405539684,-0.07869394732182641,0.15509106577268714,0.02528516263610027,ätna mehrere+n
mehrere+n erdbeben,2.587172573418507,-0.07898304558618281,0.1561706003658523,0.02507126999843548,mehrere+n erdbeben
erschüttert,5.724774432318092,-0.04890685052135596,0.04867884189730921,0.04118494274462054,erschüttert
erdbeben erschütter+t,4.153878990342848,-0.060206565202020446,0.08818353081640107,0.036390093455213136,erdbeben erschütter+t
worden,7.320448519471516,-0.07178996474391114,0.16071433911046834,0.013724643028418434,worden
erschütter+t werd+en,4.29740524437595,-0.05895671489555048,0.08377877005973404,0.03698332917866767,erschütter+t werd+en
heftigste,2.5299508677763103,-0.07993372796642162,0.1597292968611402,0.02435788671200961,heftigste
der heftig+st+e,2.5299508677763103,-0.07993372796642162,0.1597292968611402,0.02435788671200961,der heftig+st+e
heftig+st+e beben,2.5146420094399526,-0.08019272509502477,0.1607011472883076,0.024160849549078548,heftig+st+e beben
Angaben,11.831581512221293,-0.0237896973466672,0.2175281676877727,-0.08384241111515092,Angaben
beben angabe+n,2.4904121922405786,-0.08060678074892533,0.16225694621651066,0.023843431128174806,beben angabe+n
nationalen,2.474524444528135,-0.0808810767198135,0.1632890458209865,0.023631505273604827,nationalen
angabe+n national+en,2.474524444528135,-0.0808810767198135,0.1632890458209865,0.023631505273604827,angabe+n national+en
Instituts,2.4607511073955664,-0.08112068903890854,0.1641915881986101,0.023445294888950554,Instituts
national+en institut+s,2.4607511073955664,-0.08112068903890854,0.1641915881986101,0.023445294888950554,national+en institut+s
institut+s geophysik,2.444212607212943,-0.08141067220178945,0.1652850507345926,0.023218583348563603,institut+s geophysik
+858,2.4244116366842228,-0.08176116112239956,0.16660841760293846,0.022942573562792962,+858
geophysik +858,2.4244116366842228,-0.08176116112239956,0.16660841760293846,0.022942573562792962,geophysik +858
+858 char+s,2.4191779401853686,-0.08185440963556191,0.16696082737507129,0.02286877101854719,+858 char+s
Mehrere,12.956310389132417,-0.003933610860386701,-0.052467893252844365,0.028610784619006947,Mehrere
ätna mehrere,4.723276138161061,-0.05554687156376422,0.07181333682892325,0.03851777209029968,ätna mehrere
mehrere erdbeben,9.259491979631717,-0.03399124656396535,-0.003024479179582242,0.04593722631667037,mehrere erdbeben
erschüttern,8.156723232724383,-0.037697980404349234,0.00983896722962846,0.04489047929583503,erschüttern
erdbeben erschütter+n,8.156723232724383,-0.037697980404349234,0.00983896722962846,0.04489047929583503,erdbeben erschütter+n
erschütter+n sizilien,7.259869710684026,-0.04124390500898315,0.02212269100971059,0.04381246955046169,erschütter+n sizilien
sizilien erdbeben,4.245825604508112,-0.05939954428723556,0.08533814822122733,0.03677509295135843,sizilien erdbeben
Stärke,5.502298095196201,-0.050243044050209705,0.05332081589644976,0.0406797732039487,Stärke
erdbeben stärke,3.258999009363133,-0.06950899810253137,0.12137911928676562,0.031392763086694433,erdbeben stärke
"4,5",3.191704311026951,-0.07034008723830548,0.12438660803939877,0.030891731761764324,"4,5"
"stärke 4,5",3.191704311026951,-0.07034008723830548,0.12438660803939877,0.030891731761764324,"stärke 4,5"
trafen,3.1569758472171086,-0.07077785201293867,0.1259739067858265,0.030623926228143673,trafen
"4,5 treff+en",3.1569758472171086,-0.07077785201293867,0.1259739067858265,0.030623926228143673,"4,5 treff+en"
treff+en region,3.072736623824839,-0.07186593110373478,0.1299288503008594,0.02994644263228402,treff+en region
region catania,3.026181998348279,-0.07248382952503489,0.13218106476098496,0.029554074065230616,region catania
Fuße,2.9617243855328956,-0.07335977559457353,0.13538186967329863,0.028988181276365765,Fuße
catania fuß+e,2.9617243855328956,-0.07335977559457353,0.13538186967329863,0.028988181276365765,catania fuß+e
fuß+e ätna,5.498520739800831,-0.05026634182875336,0.05340180195096798,0.04067083067505976,fuß+e ätna
bleiben,4.125340208945876,-0.06046178822344788,0.08908437193550955,0.03626683788493329,bleiben
schule+n bleib+en,6.239951810674537,-0.0460593576429358,0.03880162456570057,0.04221282170470014,schule+n bleib+en
vorsichtshalber,5.017843991965476,-0.05341495314080075,0.06436522027494636,0.03941813276366323,vorsichtshalber
bleib+en vorsichtshalber,5.017843991965476,-0.05341495314080075,0.06436522027494636,0.03941813276366323,bleib+en vorsichtshalber
vorsichtshalber ge+schließ+en,4.284296898569329,-0.0590685965693477,0.0841726227175811,0.03693091813123532,vorsichtshalber ge+schließ+en
weiterlesenCatania,4.59647468386884,-0.05651884817467582,0.07521697653977465,0.03809252745545083,weiterlesenCatania
überspringenartikel weiterlesencatania,4.59647468386884,-0.05651884817467582,0.07521697653977465,0.03809252745545083,überspringenartikel weiterlesencatania
weiterlesencatania seit,2.60287871727889,-0.07872678397836305,0.1552136210139343,0.02526093894208345,weiterlesencatania seit
seit woche+n,4.046740857380298,-0.061176731091191996,0.09161044035939186,0.03591767951593798,seit woche+n
woche+n komm+t,2.579615015485966,-0.07910706290261262,0.15663407496388565,0.02497908170219257,woche+n komm+t
komm+t sizilien,2.5686253159689674,-0.0792882297551047,0.15731153532437972,0.024843942464251523,komm+t sizilien
sizilien ruhe,2.5363146765244937,-0.07982665118953335,0.15932780161784632,0.024439009239329356,sizilien ruhe
ruhe mittwoch,2.5087459003078783,-0.08029301258559392,0.1610777345654464,0.02408424196927788,ruhe mittwoch
bebte,4.322884939112534,-0.058740507723072675,0.08301790487501111,0.03708423007560005,bebte
mittwoch beb+te,2.4959233787185817,-0.08051215229745977,0.16190115302025482,0.023916237294243185,mittwoch beb+te
beb+te erde,2.473242177315548,-0.08090331233896557,0.16337276294426917,0.023614267808740985,beb+te erde
erde region,2.4583227916901564,-0.08116311107640874,0.16435147082693885,0.023412221873583897,erde region
blieben,4.045308596220212,-0.0611899260051588,0.09165709773255554,0.035911181183266444,blieben
gesc…,2.402172203709393,-0.08215918070690191,0.16811359121782085,0.02262646830144083,gesc…
vorsichtshalber gesc…,2.402172203709393,-0.08215918070690191,0.16811359121782085,0.02262646830144083,vorsichtshalber gesc…
+1915,2.395501523614208,-0.0822794806969983,0.16856901788521203,0.022530365598407206,+1915
gesc… +1915,2.395501523614208,-0.0822794806969983,0.16856901788521203,0.022530365598407206,gesc… +1915
+1915 char+s,2.389927779555946,-0.08238032556297718,0.1689509694294495,0.02244960331396147,+1915 char+s
Epizentrum,7.42233906422948,-0.04055960913549475,0.0197529945005299,0.044026746260802795,Epizentrum
epizentrum vulkan,13.016698354013446,-0.024797472599240308,-0.0351513059297267,0.04823640931613546,epizentrum vulkan
ätna erdbeben,4.723276138161061,-0.05554687156376422,0.07181333682892325,0.03851777209029968,ätna erdbeben
sizilien mehrere,5.267279110176003,-0.051733967345536674,0.05850724944430171,0.04009797604983284,sizilien mehrere
lassen,5.7734298381278135,-0.006555788134383666,0.013831895289608698,0.002466204522301576,lassen
erdbeben lass+en,3.348425768363944,-0.0684381441098333,0.11751520403953501,0.0320243068211623,erdbeben lass+en
lass+en boden,3.22905546466447,-0.06987604811376458,0.12270642049903614,0.03117266903751726,lass+en boden
zittern,3.1740318965206735,-0.07056208482673361,0.12519127830522628,0.030756261686553526,zittern
boden zitter+n,3.1740318965206735,-0.07056208482673361,0.12519127830522628,0.030756261686553526,boden zitter+n
bleib+en ge+schließ+en,2.995686368764523,-0.07289523587467803,0.13368320581805376,0.02928971251670696,bleib+en ge+schließ+en
weiterlesencatania der,3.6374093216545815,-0.06521504800491366,0.10595696265842884,0.033833396692567165,weiterlesencatania der
der erde,3.617722406993934,-0.0654239769063402,0.10670311361963611,0.03372017368730353,der erde
erde beb+te,3.5939566062346078,-0.06567815992449119,0.10761143567922114,0.033581686124030535,erde beb+te
beb+te mittwoch,3.5533629213155713,-0.06611738603161119,0.10918246131605999,0.033340451736230875,beb+te mittwoch
mittwoch region,3.487333445244883,-0.06684585409453948,0.11179218734680153,0.03293491095141568,mittwoch region
region rund,3.4606227568531462,-0.06714561568853018,0.11286760872591185,0.03276603643792516,region rund
rund ätna,3.4175369952121346,-0.06763549308114007,0.11462704676620825,0.032487523313029884,rund ätna
sizilien komm+t,3.241771678472801,-0.0697196389857974,0.12214064122719052,0.03126668495557032,sizilien komm+t
komm+t seit,3.227044882201329,-0.069900850793235,0.12279616443195046,0.03115772915576008,komm+t seit
woche+n ruhe,3.1764762340716173,-0.0705312849171131,0.12507960482211425,0.03077509831505869,woche+n ruhe
Je…,3.1635407973913283,-0.07069462524166936,0.12567196402356776,0.0306750494498376,Je…
+1937,2.451171200635698,-0.08128835800937029,0.16482367155832683,0.02331439134741893,+1937
je… +1937,2.451171200635698,-0.08128835800937029,0.16482367155832683,0.02331439134741893,je… +1937
+1937 chars,2.444212607212943,-0.08141067220178945,0.1652850507345926,0.023218583348563603,+1937 chars
ätna neu+e,6.512354242507174,-0.044676232549126824,0.034009150183750926,0.042689401660010076,ätna neu+e
neu+e erdbeben,4.396381456014982,-0.05812603967876966,0.08085719789643268,0.03736826998577545,neu+e erdbeben
erdbeben boden,3.191704311026951,-0.07034008723830548,0.12438660803939877,0.030891731761764324,erdbeben boden
boden wackel+n,3.1405008227673608,-0.07098769650954416,0.12673556830546334,0.030494589243765264,boden wackel+n
wackel+n lass+en,3.079796091529252,-0.07177328349889853,0.12959155010584633,0.030004793781631744,wackel+n lass+en
schule+n werd+en,2.9783677737459273,-0.07313127476547007,0.13454598346925808,0.02913690356258917,schule+n werd+en
Sicherheitsgründen,2.9203268671509766,-0.07393534279563524,0.13749028769252042,0.02861008188783034,Sicherheitsgründen
werd+en sicherheit+s+grund+en,2.9203268671509766,-0.07393534279563524,0.13749028769252042,0.02861008188783034,werd+en sicherheit+s+grund+en
sicherheit+s+grund+en ge+schließ+en,2.8362795712203877,-0.07513670648601341,0.1419048562463751,0.027804577888160143,sicherheit+s+grund+en ge+schließ+en
+1968,2.415069195830894,-0.08192779494670112,0.16723826534451153,0.02281057987400933,+1968
je… +1968,2.415069195830894,-0.08192779494670112,0.16723826534451153,0.02281057987400933,je… +1968
+1968 chars,2.409031970834964,-0.08203591301729507,0.16764716760141665,0.02272467114705174,+1968 chars
Vulkan-Spektakel,7.737765953269621,-0.039286260320388566,0.015342625529002365,0.04441740333533516,Vulkan-Spektakel
Riesiger,4.494322946166399,-0.03239675654570784,0.05882397129553378,0.015335043384876651,Riesiger
vulkan+-+spektakel riesig+er,4.494322946166399,-0.03239675654570784,0.05882397129553378,0.015335043384876651,vulkan+-+spektakel riesig+er
riesig+er lavastrom,4.46904952706591,0.05527714486535654,-0.01579707370975929,-0.07290172287031543,riesig+er lavastrom
ergießt,3.894742791815847,-0.01444194940062719,0.0593701629188644,-0.008790781508375905,ergießt
lavastrom ergieß+t,3.894742791815847,-0.01444194940062719,0.0593701629188644,-0.008790781508375905,lavastrom ergieß+t
ergieß+t meer,3.4999728808464106,-0.042386932567991004,0.09310028589186493,0.011398836769211732,ergieß+t meer
meer spektakulär+e,3.42272152995444,-0.04646629673809597,0.09871745024529469,0.013830902597977673,meer spektakulär+e
bild+er insel,4.008462851453847,-0.027572208608880072,0.06680505090469785,0.005115473096466978,bild+er insel
insel réunion,6.53046470973992,0.04365215367556306,-0.0414837253916712,-0.04299153141208515,insel réunion
Zum,4.324284593235434,-0.020625059187339163,0.053358625766001304,0.002481201853946322,Zum
zu erst+en,4.306927499746046,-0.014418776418631882,0.04874933253574395,-0.003599330813320074,zu erst+en
erst+en mal,5.28172707802675,0.03120371931483,-0.010528263206617029,-0.03916518979250762,erst+en mal
mal seit,4.285258324667915,0.006632125654818204,0.03179861439318477,-0.024334246944897372,mal seit
seit knapp,4.29229555752043,0.019142813188191214,0.020909405889581546,-0.03682994090392964,seit knapp
knapp jahr+en,4.35221790879807,0.05048961115931986,-0.008577352623572454,-0.069051434515158,knapp jahr+en
jahr+en ström+t,4.492092152833026,0.09167109337143066,-0.051546995735608205,-0.11402226595279133,jahr+en ström+t
ström+t lava,4.995364165815807,0.1862967248342654,-0.16844128986412274,-0.23281892751745076,ström+t lava
sogenannten,4.334262907631969,0.08330184501693734,-0.039408245559222996,-0.10610065440384467,sogenannten
lava sogenannt+en,4.334262907631969,0.08330184501693734,-0.039408245559222996,-0.10610065440384467,lava sogenannt+en
Feuergipfels,4.040067029970256,0.03472312544647759,0.013666372882355891,-0.05613884997465451,Feuergipfels
sogenannt+en feuer+gipfel+s,4.040067029970256,0.03472312544647759,0.013666372882355891,-0.05613884997465451,sogenannt+en feuer+gipfel+s
feuer+gipfel+s meer,3.8307010424942183,0.004653619443691085,0.04544262592341289,-0.02828732642344223,feuer+gipfel+s meer
anzeige+n spektakulär+e,2.673433881727385,-0.04474512721666005,0.1271718923096431,-0.003072005625010776,anzeige+n spektakulär+e
Reuters,3.679600604231301,-0.007990029903973152,0.06034170351371392,-0.018099795689208005,Reuters
quelle reuters,3.679600604231301,-0.007990029903973152,0.06034170351371392,-0.018099795689208005,quelle reuters
Gendarmerie,2.502314754398311,-0.02902838391916841,0.12396650698293021,-0.022304636838074973,Gendarmerie
reuters gendarmerie,2.502314754398311,-0.02902838391916841,0.12396650698293021,-0.022304636838074973,reuters gendarmerie
Ré…,2.467155657680455,-0.0377203961622463,0.13245373335020713,-0.01516602518031314,Ré…
gendarmerie ré…,2.467155657680455,-0.0377203961622463,0.13245373335020713,-0.01516602518031314,gendarmerie ré…
+26,2.4586781575143837,-0.03967571641657827,0.13438355170146238,-0.013597393999005877,+26
ré… +26,2.4586781575143837,-0.03967571641657827,0.13438355170146238,-0.013597393999005877,ré… +26
+26 char+s,2.4522124873967153,-0.041129488004068855,0.1358250194902961,-0.012440876986629169,+26 char+s
Kristalle,4.648068039132458,-0.05611919129825001,0.07381682722799843,0.03826852410670141,Kristalle
was kristall+e,4.648068039132458,-0.05611919129825001,0.07381682722799843,0.03826852410670141,was kristall+e
kristall+e vulkan+e,7.737765953269621,-0.039286260320388566,0.015342625529002365,0.04441740333533516,kristall+e vulkan+e
verraten,6.491705389808838,-0.04477837846840507,0.034363000597169714,0.042654693487009024,verraten
vulkan+e verrat+en,5.3489069002359715,-0.05120639688915587,0.056671091494934774,0.040306079356850676,vulkan+e verrat+en
verrat+en ein,4.513548219235972,-0.057173645116895835,0.07751299314757006,0.03780067129795438,verrat+en ein
ein neu+e,5.996425093997602,-0.06152970382293513,0.03119138783269124,0.06463845026129088,ein neu+e
Mikrosonde,5.812866585118874,-0.04839651806729057,0.046907270085913944,0.04137395011572032,Mikrosonde
neu+e mikro+sonde,5.812866585118874,-0.04839651806729057,0.046907270085913944,0.04137395011572032,neu+e mikro+sonde
mikro+sonde dabei,6.3014271138926485,-0.04574033034671074,0.03769597523718882,0.042324025853726896,mikro+sonde dabei
helfen,6.816590416291155,-0.04321920492345008,0.028962750068668105,0.0431762401722424,helfen
dabei helf+en,6.816590416291155,-0.04321920492345008,0.028962750068668105,0.0431762401722424,dabei helf+en
Zukunft,8.581503071045763,-0.03619499792900747,0.004627032935388186,0.045324269337618586,Zukunft
helf+en zukunft,8.581503071045763,-0.03619499792900747,0.004627032935388186,0.045324269337618586,helf+en zukunft
zukunft vulkan+ausbruch+e,13.016698354013446,-0.024797472599240308,-0.0351513059297267,0.04823640931613546,zukunft vulkan+ausbruch+e
besser,8.002598203714436,-0.018217432943591797,-0.004481199824440983,0.026357122461133736,besser
vulkan+ausbruch+e gut+er,7.1538575727503595,-0.041701475707598676,0.023707158926133735,0.04366745498801504,vulkan+ausbruch+e gut+er
vorhersagen,6.454617636809257,-0.04496292795158157,0.035002339641541966,0.042591790133695503,vorhersagen
gut+er vorher+sag+en,6.454617636809257,-0.04496292795158157,0.035002339641541966,0.042591790133695503,gut+er vorher+sag+en
Dabei,6.376046298315752,-0.04535857345403485,0.03637311969812069,0.04245608237394685,Dabei
dabei geh+t,6.921594347693977,-0.0427361866231825,0.027290102134675875,0.04333429714846001,dabei geh+t
kleine,8.858766800524508,-0.03526654328708314,0.0014049602511804712,0.04558577300296502,kleine
geh+t klein+e,8.858766800524508,-0.03526654328708314,0.0014049602511804712,0.04558577300296502,geh+t klein+e
Vulkan-Kristalle,13.016698354013446,-0.024797472599240308,-0.0351513059297267,0.04823640931613546,Vulkan-Kristalle
klein+e vulkan+-+kristall+e,13.016698354013446,-0.024797472599240308,-0.0351513059297267,0.04823640931613546,klein+e vulkan+-+kristall+e
vulkan+-+kristall+e wichtig+e,6.537508934581842,-0.04455237444631291,0.033580099756921854,0.04273138451664104,vulkan+-+kristall+e wichtig+e
Hinweise,5.920788518651925,-0.047785021518005344,0.04478537764080475,0.04159762621438658,Hinweise
wichtig+e hinweis+e,5.920788518651925,-0.047785021518005344,0.04478537764080475,0.04159762621438658,wichtig+e hinweis+e
liefern,8.646932071026189,-0.006546745776844458,-0.020438301323415207,0.01810743809907329,liefern
hinweis+e liefer+n,5.498520739800832,-0.05026634182875336,0.05340180195096776,0.04067083067505976,hinweis+e liefer+n
Von,4.648095497851682,-0.05611898013932597,0.0738160876987564,0.038268616669981326,Von
Pascal,3.455451915105137,-0.06720399065396425,0.1130771393964067,0.03273301363239744,Pascal
von pascal,3.455451915105137,-0.06720399065396425,0.1130771393964067,0.03273301363239744,von pascal
Kiss,3.3607312655448767,-0.06829367478337027,0.11699486500576184,0.03210831735844496,Kiss
pascal kiss,3.3607312655448767,-0.06829367478337027,0.11699486500576184,0.03210831735844496,pascal kiss
19.03.2026,3.2194536447148314,-0.0699946763602152,0.12313571738551127,0.0311011358345102,19.03.2026
stand 19.03.2026,3.2194536447148314,-0.0699946763602152,0.12313571738551127,0.0311011358345102,stand 19.03.2026
11:30,3.3363923746982977,-0.06858008202628528,0.11802664151687496,0.031941494431917544,11:30
19.03.2026 11:30,3.3363923746982977,-0.06858008202628528,0.11802664151687496,0.031941494431917544,19.03.2026 11:30
11:30 uhr,3.4128938142003227,-0.06768876050585469,0.11481850961150075,0.03245704806338409,11:30 uhr
uhr ein,3.4856758917671686,-0.06686436969847291,0.11185858761459386,0.03292451386828697,uhr ein
+4328,3.4703679565272507,-0.06703590495363257,0.11247390693083606,0.0328279793654835,+4328
+4328 chars,3.3862012592145097,-0.06799680573747394,0.115926314552732,0.03228007116945351,+4328 chars
Exotische,3.4704733283374085,0.03663706637503129,0.029045747566882954,-0.06675265560378495,Exotische
Duftharze,3.5796601395556493,0.04027687273397964,0.022218930474793584,-0.06880664219115262,Duftharze
exotisch+e duft+harz+e,3.5796601395556493,0.04027687273397964,0.022218930474793584,-0.06880664219115262,exotisch+e duft+harz+e
Hausaltären,3.7580374282280826,0.04576997169296312,0.011738174575883376,-0.071908068807395,Hausaltären
duft+harz+e haus+altar+en,3.7580374282280826,0.04576997169296312,0.011738174575883376,-0.071908068807395,duft+harz+e haus+altar+en
gefunden,6.9891809333945805,0.09819695478380082,-0.10098974162226272,-0.10130455312346223,gefunden
haus+altar+en ge+find+en,3.9789514710656255,0.05189869240677353,-0.00021783378280445812,-0.07536906304392954,haus+altar+en ge+find+en
ge+find+en der,4.202626572642597,0.05746206539778392,-0.01132144827029291,-0.07850970592058268,ge+find+en der
der asche,4.326395416223146,0.0603010091639695,-0.01708291220776371,-0.0801113904213581,der asche
asche chr.,5.12176260620343,0.07541102463741947,-0.04890205664964198,-0.08861437849925753,asche chr.
chr. vulkan+ausbruch,9.025995065839378,0.11330271483798048,-0.13865311980520803,-0.1095783419988753,chr. vulkan+ausbruch
untergegangenen,5.284466230688716,0.07797411957577595,-0.05450313215215687,-0.09005143527345406,untergegangenen
vulkan+ausbruch unter+ge+geh+en+en,5.284466230688716,0.07797411957577595,-0.05450313215215687,-0.09005143527345406,vulkan+ausbruch unter+ge+geh+en+en
unter+ge+geh+en+en stadt,4.395812028685129,0.0618259346893198,-0.02020496372797511,-0.08097134957928169,unter+ge+geh+en+en stadt
pompeji sorg+t,4.000820159964734,0.05246929693527937,-0.0013455094557886323,-0.07569125952187507,pompeji sorg+t
sorg+t immer,3.7903431509975114,0.04671005707044414,0.009922510736756842,-0.07243895081135997,sorg+t immer
Überraschungen,3.6425456440956934,0.042274372625923554,0.01843283942318203,-0.06993427150377586,Überraschungen
immer überraschung+en,3.6425456440956934,0.042274372625923554,0.01843283942318203,-0.06993427150377586,immer überraschung+en
Räuchergefäßen,4.178777392996137,0.05689639684144117,-0.010181259615427332,-0.07819047176112427,Räuchergefäßen
nun räuchergefäß+en,3.395747175321892,0.03401077014114906,0.033914948963765866,-0.06527139951408815,nun räuchergefäß+en
entdeckte,5.439024443701633,0.08027746552263747,-0.05958972391285941,-0.09134114253510113,entdeckte
räuchergefäß+en entdeck+t+e,3.271092187417535,0.029360347719185734,0.042423442100974325,-0.06265063774308433,räuchergefäß+en entdeck+t+e
Duftstoffe,3.205939457848971,0.026783828067500168,0.047076517045480555,-0.06120002981828352,Duftstoffe
entdeck+t+e duft+stoff+e,3.205939457848971,0.026783828067500168,0.047076517045480555,-0.06120002981828352,entdeck+t+e duft+stoff+e
stammen,3.1429003929642874,0.024187278662920923,0.051722805118419625,-0.05973931394825908,stammen
duft+stoff+e stamm+en,3.1429003929642874,0.024187278662920923,0.051722805118419625,-0.05973931394825908,duft+stoff+e stamm+en
teilweise,3.1017375758165215,0.022433560962643026,0.054836919362133925,-0.05875346744445253,teilweise
stamm+en teilweise,3.1017375758165215,0.022433560962643026,0.054836919362133925,-0.05875346744445253,stamm+en teilweise
tropischen,3.0374724655419074,0.019598061193729654,0.05983171911925775,-0.057160843963321925,tropischen
teilweise tropisch+en,3.0374724655419074,0.019598061193729654,0.05983171911925775,-0.057160843963321925,teilweise tropisch+en
Gebieten,2.9927441887718844,0.01755057405462184,0.06340795825950771,-0.05601193032141534,Gebieten
tropisch+en gebiet+en,2.9927441887718844,0.01755057405462184,0.06340795825950771,-0.05601193032141534,tropisch+en gebiet+en
Asiens,2.95930153434098,0.015977947579982724,0.06613769574607728,-0.055130144835642735,Asiens
gebiet+en asien+s,2.95930153434098,0.015977947579982724,0.06613769574607728,-0.055130144835642735,gebiet+en asien+s
asien+s afrika+s,2.9184873979283408,0.014008130005836728,0.06953619283235735,-0.0540265096460381,asien+s afrika+s
afrika+s zeig+t,2.8903434641064543,0.012616196113040752,0.07192396404719822,-0.05324724606573908,afrika+s zeig+t
zeig+t studie,2.858442726173058,0.011004000196672529,0.07467554671020783,-0.052345314176196464,zeig+t studie
Leitung,2.8238361914521812,0.009212137360171934,0.07771628721548073,-0.05134370752045414,Leitung
studie leitung,2.8238361914521812,0.009212137360171934,0.07771628721548073,-0.05134370752045414,studie leitung
feuerfesten,2.7898036231032206,0.007404713043299938,0.0807650019047039,-0.05033432846271292,feuerfesten
leitung feuerfest+en,2.7898036231032206,0.007404713043299938,0.0807650019047039,-0.05033432846271292,leitung feuerfest+en
Schalen,2.7629476712263807,0.0059455320997698685,0.08321295329352044,-0.049520130814649635,Schalen
feuerfest+en schal+en,2.7629476712263807,0.0059455320997698685,0.08321295329352044,-0.049520130814649635,feuerfest+en schal+en
Kelchen,2.737964214755374,0.004561139248395419,0.08552452064211657,-0.048748258389693384,Kelchen
schal+en kelch+en,2.737964214755374,0.004561139248395419,0.08552452064211657,-0.048748258389693384,schal+en kelch+en
Terrakotta,2.714643899555126,0.0032447511687407875,0.0877127670145093,-0.04801485221476993,Terrakotta
kelch+en terrakotta,2.714643899555126,0.0032447511687407875,0.0877127670145093,-0.04801485221476993,kelch+en terrakotta
brachte,2.694575571756749,0.002092740562458055,0.08962001686546454,-0.04737347573070397,brachte
terrakotta bring+e,2.694575571756749,0.002092740562458055,0.08962001686546454,-0.04737347573070397,terrakotta bring+e
Bevölkerung,2.673967724622915,0.0008907978322270019,0.09160228346265123,-0.04670475538008598,Bevölkerung
bring+e bevölkerung,2.673967724622915,0.0008907978322270019,0.09160228346265123,-0.04670475538008598,bring+e bevölkerung
bevölkerung pompeji,2.6483556625241365,-0.000630528730208342,0.0941001749176891,-0.04585902091862645,bevölkerung pompeji
pompeji 2.000,2.630399550635419,-0.0017157734263656863,0.0958745328701083,-0.045256185799053716,pompeji 2.000
2.000 jahr+en,2.621789302164248,-0.0022417454776552425,0.0967322499932335,-0.04496416102710033,2.000 jahr+en
Göttern,2.6039109859368077,-0.0033456425424855333,0.09852767939718586,-0.04435157584017957,Göttern
jahr+en gott+ern,2.6039109859368077,-0.0033456425424855333,0.09852767939718586,-0.04435157584017957,jahr+en gott+ern
Rauchopfer,2.593403416738897,-0.004001961736577362,0.09959212751110218,-0.0439875653939756,Rauchopfer
gott+ern rauch+opfer,2.593403416738897,-0.004001961736577362,0.09959212751110218,-0.0439875653939756,gott+ern rauch+opfer
dar,2.579524962405594,-0.004877529473790517,0.10100867616781341,-0.043502189894882824,dar
rauch+opfer dar,2.579524962405594,-0.004877529473790517,0.10100867616781341,-0.043502189894882824,rauch+opfer dar
bis räuchergefäß+en,2.5446720927351443,-0.007121109925225906,0.10462043403488815,-0.04225969762779192,bis räuchergefäß+en
wissenschaftlich,2.5286996636208405,-0.00817130817551393,0.10630221922129515,-0.041678726479172985,wissenschaftlich
räuchergefäß+en wissenschaftlich,2.5286996636208405,-0.00817130817551393,0.10630221922129515,-0.041678726479172985,räuchergefäß+en wissenschaftlich
wissenschaftlich wenig,2.5116250602010415,-0.009309729610361072,0.1081189733096339,-0.04104940992492246,wissenschaftlich wenig
Auf…,2.505840074971214,-0.009699189772125024,0.1087389954388577,-0.040834228187879934,Auf…
wenig auf…,2.505840074971214,-0.009699189772125024,0.1087389954388577,-0.040834228187879934,wenig auf…
+2684,2.500174007034069,-0.010082510081086033,0.10934849945756318,-0.040622494384349575,+2684
auf… +2684,2.500174007034069,-0.010082510081086033,0.10934849945756318,-0.040622494384349575,auf… +2684
+2684 char+s,2.4946228132175596,-0.010459863285249173,0.10994779669751538,-0.04041411070623912,+2684 char+s
roch,2.737964214755374,0.004561139248395419,0.08552452064211657,-0.048748258389693384,roch
riech pompeji,2.7481606447107074,0.005129337448838699,0.08457706079490004,-0.04906498802671866,riech pompeji
kurz,2.765111004048957,0.006064173459694757,0.08301436070705001,-0.04958630681550795,kurz
pompeji kurz,2.765111004048957,0.006064173459694757,0.08301436070705001,-0.04958630681550795,pompeji kurz
kurz untergang,2.794478449649389,0.007655713780515345,0.08034271937134736,-0.05047444620097674,kurz untergang
untergang forscher,2.8238361914521812,0.009212137360171934,0.07771628721548073,-0.05134370752045414,untergang forscher
exotische,2.866889433034424,0.01143451287075107,0.07394224350841039,-0.05258609264716142,exotische
find+en exotisch+e,2.866889433034424,0.01143451287075107,0.07394224350841039,-0.05258609264716142,find+en exotisch+e
Räucherharze,2.8964299120475787,0.012919598415277853,0.07140445839887986,-0.05341706025065914,Räucherharze
exotisch+e räucherharz+e,2.8964299120475787,0.012919598415277853,0.07140445839887986,-0.05341706025065914,exotisch+e räucherharz+e
Winzige,2.9383923564146532,0.01497588694269401,0.06786939296294742,-0.05456859564222538,Winzige
räucherharz+e winzig+e,2.9383923564146532,0.01497588694269401,0.06786939296294742,-0.05456859564222538,räucherharz+e winzig+e
Aschereste,2.9665093561794533,0.016319990803085486,0.06554523697466498,-0.055321880661944,Aschereste
winzig+e asche+rest+e,2.9665093561794533,0.016319990803085486,0.06554523697466498,-0.055321880661944,winzig+e asche+rest+e
asche+rest+e lass+en,3.0084858137612995,0.018278322752676785,0.06213973541608532,-0.05642018413109887,asche+rest+e lass+en
Archäologen,8.218396099549652,0.1080812483033892,-0.1253274731762091,-0.10673336577941794,Archäologen
lass+en archäologe+en,3.0374724655419074,0.019598061193729654,0.05983171911925775,-0.057160843963321925,lass+en archäologe+en
erahnen,3.0919867619514605,0.02201112375114797,0.05558419014339903,-0.058516088214816075,erahnen
archäologe+en erahn+en,3.0919867619514605,0.02201112375114797,0.05558419014339903,-0.058516088214816075,archäologe+en erahn+en
erahn+en überrasch+end,3.159301079751435,0.024872997114699327,0.050499920814278,-0.06012495104153386,erahn+en überrasch+end
überrasch+end weit,3.2374755153833306,0.02804411390906369,0.044805853447154,-0.06190944736621677,überrasch+end weit
weit bewohner,3.299644849535017,0.030456931748520825,0.04042998627636621,-0.06326834648075562,weit bewohner
bewohner pompeji,2.7481606447107074,0.005129337448838699,0.08457706079490004,-0.04906498802671866,bewohner pompeji
antiken,5.667624885125513,0.05097309355986654,-0.035336580283383705,-0.05688237479116349,antiken
pompeji antik+en,3.5561851833825253,0.03951317220829999,0.023658994378373044,-0.0683755871726279,pompeji antik+en
antik+en welt,3.6559098475290868,0.042690068902758255,0.017641342783177492,-0.07016896902813324,antik+en welt
vernetzt,3.727209868590682,0.04485789688053925,0.013493524616784653,-0.07139302303053234,vernetzt
welt vernetz+t,3.727209868590682,0.04485789688053925,0.013493524616784653,-0.07139302303053234,welt vernetz+t
der römisch+e,4.120736545216802,0.05549329012928173,-0.007364140283509697,-0.07739851883014363,der römisch+e
pompeji werd+e,5.12176260620343,0.07541102463741947,-0.04890205664964198,-0.08861437849925753,pompeji werd+e
werd+e vulkan+ausbruch,9.025995065839378,0.11330271483798048,-0.13865311980520803,-0.1095783419988753,werd+e vulkan+ausbruch
vulkan+ausbruch asche,5.048576766206064,0.07420820694158035,-0.04629469167704744,-0.08793934853773804,vulkan+ausbruch asche
konserviert,4.692637654908473,0.06785980990339482,-0.032750784420409365,-0.08437065501900838,konserviert
asche konservier+t,4.692637654908473,0.06785980990339482,-0.032750784420409365,-0.08437065501900838,asche konservier+t
konservier+t liefer+te,4.120736545216802,0.05549329012928173,-0.007364140283509697,-0.07739851883014363,konservier+t liefer+te
liefer+te archäologe+en,3.859898424936195,0.04868145531512766,0.006093666265728662,-0.0735522612996238,liefer+te archäologe+en
archäologe+en fast,3.669558309870068,0.043111504140234756,0.01683765110640031,-0.07040691530362339,archäologe+en fast
fast 2000,6.820089866189537,0.09659747599913276,-0.09715607687379564,-0.10042112232456152,fast 2000
2000 jahr+e,6.7041640444763315,0.09546002598061222,-0.09444697847710988,-0.09979210050399252,2000 jahr+e
unvergleichlichen,3.3617977385289457,0.032778768172557524,0.03618303118752537,-0.06457681564886454,unvergleichlichen
spät+er un+vergleichlich+en,3.3617977385289457,0.032778768172557524,0.03618303118752537,-0.06457681564886454,spät+er un+vergleichlich+en
Schatz,3.231008957296754,0.027787728881429986,0.04526861133285619,-0.06176510598806703,Schatz
un+vergleichlich+en schatz,3.231008957296754,0.027787728881429986,0.04526861133285619,-0.06176510598806703,un+vergleichlich+en schatz
Neben,3.1820679293834986,0.025812921028411078,0.048818872122661394,-0.060653691993779804,Neben
Abdrücken,3.1483055023557065,0.024414074930827343,0.051318672762978294,-0.05986685065000282,Abdrücken
neben abdruck+en,3.1483055023557065,0.024414074930827343,0.051318672762978294,-0.05986685065000282,neben abdruck+en
abdruck+en mensch+en,3.077735168779035,0.021388757586387964,0.056683115629286004,-0.05816643074989207,abdruck+en mensch+en
Tieren…,3.033213435687985,0.01940577929750134,0.06016864701985585,-0.057052907580564284,Tieren…
mensch+en tieren…,3.033213435687985,0.01940577929750134,0.06016864701985585,-0.057052907580564284,mensch+en tieren…
+2726,2.9966263764976118,0.017730783834340246,0.06309420926376884,-0.05611301320378495,+2726
tieren… +2726,2.9966263764976118,0.017730783834340246,0.06309420926376884,-0.05611301320378495,tieren… +2726
+2726 char+s,2.973841996198168,0.016666198083571,0.06494485719615291,-0.05551597967591522,+2726 char+s
island wissenschaftler,3.8840661985898244,-0.06271538260181336,0.09706040684215712,0.03514640321979045,island wissenschaftler
wissenschaftler erstmals,5.216296630910588,-0.0520689481405248,0.05967367231443781,0.03996455139060235,wissenschaftler erstmals
erstmals vulkan,7.737765953269621,-0.039286260320388566,0.015342625529002365,0.04441740333533516,erstmals vulkan
anbohren,12.035181975501798,-0.02681805388364994,-0.028053836281440654,0.04776316428673734,anbohren
vulkan an+bohr+en,5.498520739800831,-0.05026634182875336,0.05340180195096798,0.04067083067505976,vulkan an+bohr+en
an+bohr+en forscher,4.578375627082935,-0.05666043854835278,0.07571324220882711,0.03802978820046194,an+bohr+en forscher
Magmakammer,8.99309914808433,-0.03483057280042683,-0.00010876639844747138,0.045706913264747476,Magmakammer
forscher magma+kammer,5.217370129751024,-0.05206185049465321,0.05964895329236575,0.03996738888641168,forscher magma+kammer
flüssigem,5.216296630910588,-0.0520689481405248,0.05967367231443781,0.03996455139060235,flüssigem
magma+kammer flüssig+em,5.216296630910588,-0.0520689481405248,0.05967367231443781,0.03996455139060235,magma+kammer flüssig+em
flüssig+em gestein,5.580917711186196,-0.049762859697287415,0.05165202096238545,0.04086305123619138,flüssig+em gestein
isländischen,6.717982643161748,-0.04368186341252728,0.03056499653157552,0.043023303609759284,isländischen
gestein isländisch+en,6.717982643161748,-0.04368186341252728,0.03056499653157552,0.043023303609759284,gestein isländisch+en
Krafla-Vulkan,8.858766800524508,-0.03526654328708314,0.0014049602511804712,0.04558577300296502,Krafla-Vulkan
isländisch+en krafla-vulka+n,8.858766800524508,-0.03526654328708314,0.0014049602511804712,0.04558577300296502,isländisch+en krafla-vulka+n
krafla-vulka+n an+bohr+en,8.858766800524508,-0.03526654328708314,0.0014049602511804712,0.04558577300296502,krafla-vulka+n an+bohr+en
Herausforderungen,6.625138160791133,-0.044125776780186345,0.03210245725966102,0.042875125931191735,Herausforderungen
der herausforderung+en,6.625138160791133,-0.044125776780186345,0.03210245725966102,0.042875125931191735,der herausforderung+en
Projekt,5.155390200660934,-0.05247480909580057,0.061087506872335585,0.03980153770027266,Projekt
herausforderung+en projekt,5.155390200660934,-0.05247480909580057,0.061087506872335585,0.03980153770027266,herausforderung+en projekt
projekt gewaltig,4.826246746364823,-0.0547823154548151,0.0691396448541888,0.03884569958479929,projekt gewaltig
mögliche,3.101647722645388,-0.07148822516098323,0.12855438572185876,0.030183548465321636,mögliche
gewaltig möglich+e,3.101647722645388,-0.07148822516098323,0.12855438572185876,0.030183548465321636,gewaltig möglich+e
Erkenntnisgewinn,3.038997464943674,-0.07231252467664254,0.13155620208061392,0.029663414142216137,Erkenntnisgewinn
möglich+e erkenntnis+gewinn,3.038997464943674,-0.07231252467664254,0.13155620208061392,0.029663414142216137,möglich+e erkenntnis+gewinn
Bäumer,2.901094636164207,-0.0742063056796038,0.13848434086142805,0.028430341260180757,Bäumer
von baum+er,2.901094636164207,-0.0742063056796038,0.13848434086142805,0.028430341260180757,von baum+er
07.04.2026,2.972747166893121,-0.07320825785342482,0.1348275247939221,0.02908688565068446,07.04.2026
stand 07.04.2026,2.972747166893121,-0.07320825785342482,0.1348275247939221,0.02908688565068446,stand 07.04.2026
08:45,3.038997464943674,-0.07231252467664254,0.13155620208061392,0.029663414142216137,08:45
07.04.2026 08:45,3.038997464943674,-0.07231252467664254,0.13155620208061392,0.029663414142216137,07.04.2026 08:45
08:45 uhr,3.079796091529252,-0.07177328349889853,0.12959155010584633,0.030004793781631744,08:45 uhr
uhr forscher,3.1168071883305704,-0.0712919785140836,0.1278409155808249,0.030305929394542134,uhr forscher
de…,7.387717334902741,-0.03795915806525663,0.018071964063798348,0.041517209796972085,de…
gewaltig de…,3.132470920647843,-0.07109048793112173,0.12710885161157698,0.03043100504254626,gewaltig de…
+4601,3.094248658331703,-0.07158445764662277,0.12890441280363293,0.03012333430875111,+4601
de… +4601,3.094248658331703,-0.07158445764662277,0.12890441280363293,0.03012333430875111,de… +4601
+4601 chars,3.052191908129075,-0.07213712003362542,0.13091675426053884,0.029774924477031665,+4601 chars
romana vulkan,7.737765953269621,-0.039286260320388566,0.015342625529002365,0.04441740333533516,romana vulkan
-DLC,5.498520739800831,-0.05026634182875336,0.05340180195096798,0.04067083067505976,-DLC
vulkan -dlc,5.498520739800831,-0.05026634182875336,0.05340180195096798,0.04067083067505976,vulkan -dlc
erscheint,9.364603954250109,-0.033668917368322414,-0.00414477219822332,0.046024675312875685,erscheint
-dlc erschein+t,4.893526332777002,-0.05429419307882305,0.06743422581302078,0.039052092837270215,-dlc erschein+t
erschein+t 23.,4.1185073791175695,-0.06052323503843875,0.08930132782675781,0.03623705468087511,erschein+t 23.
April,8.902543002204078,-0.02349343175389253,-0.027208488432077595,0.04317142355052205,April
23. april,6.597014649323752,-0.041321343154101804,0.030261557805133062,0.040200568350950205,23. april
april 2026,3.8028900024162433,-0.06351479531264506,0.09989963989043325,0.03473472319029756,april 2026
erster,3.644424933745377,-0.06514094732144791,0.10569242377622745,0.033873422062902635,erster
2026 erst+er,3.644424933745377,-0.06514094732144791,0.10569242377622745,0.033873422062902635,2026 erst+er
erst+er trailer,3.51753926015698,-0.06651041868420925,0.11058984617441382,0.03312249871435948,erst+er trailer
trailer nach,3.3993885982544656,-0.06784422756001642,0.11537748347013654,0.03236788744547279,trailer nach
kleineren,4.217215462651932,-0.0596482021863671,0.08621436864284755,0.03665722974006589,kleineren
erst+en klein+er+en,3.2194536447148314,-0.0699946763602152,0.12313571738551127,0.0311011358345102,erst+en klein+er+en
Content-Paket,3.132470920647843,-0.07109048793112173,0.12710885161157698,0.03043100504254626,Content-Paket
klein+er+en content-paket,3.132470920647843,-0.07109048793112173,0.12710885161157698,0.03043100504254626,klein+er+en content-paket
bekommt,4.960833811598281,-0.05381457719644997,0.06575966446697702,0.039252669496458885,bekommt
content-paket bekomm+t,3.0325435107075913,-0.07239867881144087,0.13187041879031414,0.029608477843028946,content-paket bekomm+t
bekomm+t anno,4.245825604508112,-0.05939954428723556,0.08533814822122733,0.03677509295135843,bekomm+t anno
Kürze,3.1245742689576566,-0.07119190436787853,0.12747726258871694,0.030368123320640168,Kürze
romana kürze,3.1245742689576566,-0.07119190436787853,0.12747726258871694,0.030368123320640168,romana kürze
kürze erst+en,3.290787599023269,-0.06912405180914295,0.11998870148415777,0.031621590557199895,kürze erst+en
großen,3.279974658356722,-0.06925445269123291,0.12045952473801658,0.031544303064435605,großen
erst+en groß+en,3.279974658356722,-0.06925445269123291,0.12045952473801658,0.031544303064435605,erst+en groß+en
DLC,11.682283883185036,0.007701483104251209,-0.055331015393825164,0.014268578461421558,DLC
groß+en dlc,5.3489069002359715,-0.05120639688915587,0.056671091494934774,0.040306079356850676,groß+en dlc
spendiert,3.4128938142003227,-0.06768876050585469,0.11481850961150075,0.03245704806338409,spendiert
dlc spendier+t,3.4128938142003227,-0.06768876050585469,0.11481850961150075,0.03245704806338409,dlc spendier+t
Download-Erweiterung,4.504053252053857,-0.05724961940599047,0.07777955992417877,0.03776652359990295,Download-Erweiterung
der download+-+erweiterung,3.664849567071248,-0.06492626313466944,0.10492629051503366,0.03398899657490336,der download+-+erweiterung
download+-+erweiterung der,3.5868284171916835,-0.06575482204833918,0.10788550785877962,0.03353975779269305,download+-+erweiterung der
Verheißung,14.511488672500183,-0.022087372460963872,-0.044712332252467485,0.04884654993326335,Verheißung
der verheißung,9.770516902460137,-0.03246827019760421,-0.008320777460683028,0.046345660313669115,der verheißung
verheißung vulkan+s,27.665238004352172,-0.008053311255340083,-0.09523516433799245,0.05164857949583933,verheißung vulkan+s
vulkan+s lass+st,5.216296630910588,-0.0520689481405248,0.05967367231443781,0.03996455139060235,vulkan+s lass+st
lass+st mehr,4.293093940124527,-0.058993463433538104,0.08390812508787926,0.03696612918104855,lass+st mehr
mehr lange,4.080230475584151,-0.060869921281365404,0.09052593298940625,0.036068222839232424,mehr lange
warten,3.664849567071248,-0.06492626313466944,0.10492629051503366,0.03398899657490336,warten
lange wart+en,3.664849567071248,-0.06492626313466944,0.10492629051503366,0.03398899657490336,lange wart+en
größer,3.3246211015332787,-0.06871956776188012,0.11852945275941003,0.03185984741552274,größer
117 groß+er,3.3246211015332787,-0.06871956776188012,0.11852945275941003,0.03185984741552274,117 groß+er
jemals,3.210031532568009,-0.07011152765789598,0.12355873842044407,0.03103048215202249,jemals
groß+er jemals,3.210031532568009,-0.07011152765789598,0.12355873842044407,0.03103048215202249,groß+er jemals
zuvor,3.148667803405103,-0.07088349623571814,0.12635729425623285,0.030558891085564845,zuvor
jemals zuvor,3.148667803405103,-0.07088349623571814,0.12635729425623285,0.030558891085564845,jemals zuvor
durften,3.058937205447246,-0.07204782477351114,0.13059136615400332,0.029831519317613384,durften
zwar dürf+en,3.058937205447246,-0.07204782477351114,0.13059136615400332,0.029831519317613384,zwar dürf+en
Fans,2.9563190690358936,-0.07343434084275484,0.13565478091000222,0.0289394800966313,Fans
dürf+en fan+s,2.9563190690358936,-0.07343434084275484,0.13565478091000222,0.0289394800966313,dürf+en fan+s
fan+s bereits,2.9302945130264844,-0.07379580664393653,0.13697875267103393,0.028702205807269905,fan+s bereits
bereits woche+n,2.840280104345148,-0.07507849477277755,0.14169051423205656,0.027844122982488135,bereits woche+n
woche+n klein+er+en,2.7740833989713654,-0.07605546289843848,0.14529381493201654,0.027173390241642024,woche+n klein+er+en
klein+er+en dlc,2.7419097396464296,-0.0765411324135068,0.1470898926793258,0.0268343238901724,klein+er+en dlc
Aufbau-Hit,2.706831210854855,-0.07707902168783344,0.14908288322800672,0.02645437385296231,Aufbau-Hit
dlc aufbau+-+hit,2.706831210854855,-0.07707902168783344,0.14908288322800672,0.02645437385296231,dlc aufbau+-+hit
freuen,2.677569662585462,-0.07753457278689528,0.15077395676746538,0.026128908624352725,freuen
aufbau+-+hit freu+en,2.677569662585462,-0.07753457278689528,0.15077395676746538,0.026128908624352725,aufbau+-+hit freu+en
der erst+e,4.419046149844284,-0.057939245777272684,0.08020084581140238,0.037453824108894224,der erst+e
große,8.523871990880666,-0.011582010243306242,-0.015055341220187068,0.022381528265859183,große
erst+e groß+e,2.634674561896611,-0.07821399068214026,0.15330152741940517,0.025637165768216473,erst+e groß+e
groß+e download+-+erweiterung,2.621565084647542,-0.07842445447734255,0.1540858392407543,0.025483284596003887,groß+e download+-+erweiterung
download+-+erweiterung lass+st,2.579615015485966,-0.07910706290261262,0.15663407496388565,0.02497908170219257,download+-+erweiterung lass+st
lass+st allerdings,2.5686253159689674,-0.0792882297551047,0.15731153532437972,0.024843942464251523,lass+st allerdings
+2863,2.5444742346193747,-0.07968985919648511,0.15881513649022042,0.02454235745841053,+2863
allerdings +2863,2.5444742346193747,-0.07968985919648511,0.15881513649022042,0.02454235745841053,allerdings +2863
+2863 chars,2.53471032868568,-0.07985361347568302,0.15942888321520168,0.024418600915402412,+2863 chars
Indischen,6.2165112417799415,0.015041688535460179,-0.011336096883132859,-0.015585435334757156,Indischen
vulkan indisch+en,5.097659028450145,-0.052865357684872966,0.062448647366898875,0.03964325626508686,vulkan indisch+en
indisch+en ozean,5.470950008140912,0.020359651820644913,-0.004255798936449307,-0.02645146822212168,indisch+en ozean
Satellit,4.14567476944563,-0.03206460785891057,0.06681649920263111,0.011012999081960165,Satellit
ozean satellit,4.0437578714501425,-0.06120421912427268,0.09170763988485155,0.03590413976418069,ozean satellit
fängt,3.801157297789069,-0.05637325100761201,0.09463412393437588,0.028444110663147462,fängt
satellit fang+t,3.801157297789069,-0.05637325100761201,0.09463412393437588,0.028444110663147462,satellit fang+t
fang+t detail+s,3.7104895463556193,-0.04380080522303811,0.08772718716042881,0.01590818544710393,fang+t detail+s
strömender,3.627812753042407,-0.00658755867737627,0.060775102556893126,-0.020254045369330936,strömender
detail+s ström+end+er,3.627812753042407,-0.00658755867737627,0.060775102556893126,-0.020254045369330936,detail+s ström+end+er
ström+end+er lava,3.85515545644354,0.09236321812522967,-0.035424994828999086,-0.12323530664030975,ström+end+er lava
lava réunion,3.4387637879118844,-0.0011397591769120358,0.06237475047646274,-0.028650822189483338,lava réunion
réunion auf,3.4668302230619954,-0.03581907684778135,0.08912188250526101,0.0048501067694678365,réunion auf
auf insel,5.800466883706523,-0.03993225501664587,0.04049123259577858,0.033717505045235865,auf insel
befindet,3.828913949264684,-0.0632561251404635,0.09898033991016005,0.034868766534346216,befindet
réunion befind+et,3.828913949264684,-0.0632561251404635,0.09898033991016005,0.034868766534346216,réunion befind+et
befind+et aktiv+st+en,5.097659028450145,-0.052865357684872966,0.062448647366898875,0.03964325626508686,befind+et aktiv+st+en
seit rund,7.953914252707253,-0.03412168971800597,0.008987392569734473,0.04076055562330902,seit rund
Monaten,3.9341874510807395,-0.03927631280521838,0.07794744791826777,0.01491896970467336,Monaten
zwei monat+en,3.9341874510807395,-0.03927631280521838,0.07794744791826777,0.01491896970467336,zwei monat+en
monat+en eruption,4.028077112737741,0.08073680323267557,-0.02889739105559021,-0.10710544947870942,monat+en eruption
eruption gang+e,3.5242202269488834,-0.005632250337965844,0.06325753783160255,-0.022827609253355013,eruption gang+e
ein aufnahme,3.3553423747684725,-0.018523929298108078,0.07928568441572324,-0.013242571852698113,ein aufnahme
All,3.232074271445799,-0.01316479201404043,0.07937330282207665,-0.020609104846498694,All
aufnahme all,3.232074271445799,-0.01316479201404043,0.07937330282207665,-0.020609104846498694,aufnahme all
all zeig+t,3.2159133345535142,-0.00924067990328908,0.07680717941244297,-0.024712267319308454,all zeig+t
zeig+t detail+s,3.198789703239253,0.006219743651195939,0.06477485298657576,-0.04029922685748271,zeig+t detail+s
Leuchtende,3.2287138746294906,0.03225260784581136,0.04146899924695886,-0.06650135706651653,Leuchtende
leucht+end+e lava,3.5282107211149043,0.12881525256447982,-0.06260781946698242,-0.17379334287996348,leucht+end+e lava
bewegt,3.2650370493520553,0.06722993471262008,0.00846711178926815,-0.10407743099245234,bewegt
lava beweg+t,3.2650370493520553,0.06722993471262008,0.00846711178926815,-0.10407743099245234,lava beweg+t
beweg+t richtung,3.0478255425836376,0.015331341624887208,0.06302107580952922,-0.0525597736582193,beweg+t richtung
richtung meer,3.2436601449149607,0.08639389142707077,-0.009016956044923627,-0.12669131865054695,richtung meer
Dieses,6.33657907866115,0.0823523872162621,-0.07603100282442532,-0.08692280149551206,Dieses
meer dieser+es,2.919722028840078,-0.011161921227658033,0.09008335823623305,-0.028909660811248777,meer dieser+es
dieser+es natur+schau+spiel,2.877117157542896,-0.01884400221727149,0.09801076958129219,-0.022450067290776032,dieser+es natur+schau+spiel
natur+schau+spiel französisch+en,2.9571636971306363,0.03507329938616454,0.04985806386574248,-0.07513883813399656,natur+schau+spiel französisch+en
französisch+en insel,2.891735105846177,0.024717570447314634,0.06164102003596468,-0.06570344443460097,französisch+en insel
réunion indisch+en,2.816505203619229,0.013604895384599252,0.07439643271531436,-0.05599191686347413,réunion indisch+en
ozean neu+e,2.6032269404257193,-0.055015066992495865,0.13819735430081695,0.004427952136432102,ozean neu+e
Satelliten-Aufnahme,2.5928252639678115,-0.05601235386334801,0.1394456721648766,0.005048532780268166,Satelliten-Aufnahme
neu+e satellit+en+-+aufnahme,2.5928252639678115,-0.05601235386334801,0.1394456721648766,0.005048532780268166,neu+e satellit+en+-+aufnahme
festgehalten,2.6789136403345024,-0.005389160268626882,0.09643009845801448,-0.04033779049173386,festgehalten
satellit+en+-+aufnahme fest+ge+halt+en,2.5547208813335334,-0.05948249125921924,0.1438984791252094,0.007130590175461117,satellit+en+-+aufnahme fest+ge+halt+en
europäische…,2.5060125685992647,-0.06353108843995328,0.14934624575118768,0.009387049914872395,europäische…
der europäische…,2.5060125685992647,-0.06353108843995328,0.14934624575118768,0.009387049914872395,der europäische…
+1162,2.486021376296749,-0.0650776242759594,0.1515130040769895,0.010192281549133816,+1162
europäische… +1162,2.486021376296749,-0.0650776242759594,0.1515130040769895,0.010192281549133816,europäische… +1162
+1162 char+s,2.477903883498306,-0.06568766239649122,0.15238246257919422,0.010500328690961522,+1162 char+s
Europäischer,1.7793179625552074,-0.01946712373206247,0.1672771484192085,-0.05974140219397478,Europäischer
europäisch+er satellit,1.7829249582071867,-0.017218561451078078,0.1652520215735975,-0.06176652903958565,europäisch+er satellit
nimmt,1.785633324258746,-0.015539467081817417,0.16373411638209112,-0.06328443423109198,nimmt
satellit nehm+t,1.785633324258746,-0.015539467081817417,0.16373411638209112,-0.06328443423109198,satellit nehm+t
nehm+t natur+schau+spiel,1.7875468142527409,-0.014357927088702304,0.16266308715729183,-0.06435546345589117,nehm+t natur+schau+spiel
natur+schau+spiel réunion,1.7958334846723476,-0.009286033208308687,0.15803802115805624,-0.06898052945512687,natur+schau+spiel réunion
réunion der,1.8008886508292457,-0.006227375632234358,0.15522703421209297,-0.07179151640109019,réunion der
Raumfahrtbehörde,1.8086484230752373,-0.0015834687954118965,0.15092743343703302,-0.07609111717615001,Raumfahrtbehörde
europäisch+e raum+fahrt+behörde,1.8086484230752373,-0.0015834687954118965,0.15092743343703302,-0.07609111717615001,europäisch+e raum+fahrt+behörde
ESA,1.818563371902647,0.004261813580842194,0.14546043890642302,-0.08155811170676003,ESA
raum+fahrt+behörde esa,1.818563371902647,0.004261813580842194,0.14546043890642302,-0.08155811170676003,raum+fahrt+behörde esa
echtes,2.934567021192392,0.0588981599901555,0.02955559557402947,-0.10168372391550791,echtes
esa echt+es,1.826953948228586,0.0091326839437205,0.14085720133801763,-0.08616134927516553,esa echt+es
Naturspektakel,1.832537990991018,0.012336634352335365,0.13780538584607058,-0.08921316476711248,Naturspektakel
echt+es natur+spektakel,1.832537990991018,0.012336634352335365,0.13780538584607058,-0.08921316476711248,echt+es natur+spektakel
natur+spektakel indisch+en,1.8500874571001968,0.022215199946039838,0.12827436011105167,-0.09874419050213147,natur+spektakel indisch+en
eingefangen,1.8714780446357937,0.033879061828267686,0.1167787553248202,-0.11023979528836284,eingefangen
ozean ein+ge+fang+en,1.8714780446357937,0.033879061828267686,0.1167787553248202,-0.11023979528836284,ozean ein+ge+fang+en
der aufnahme+n,1.9051318325588662,0.05144095865708385,0.09895606256492309,-0.1280624880482599,der aufnahme+n
aufnahme+n werd+en,1.934861304350885,0.06620623021818665,0.08347162561735601,-0.14354692499582714,aufnahme+n werd+en
öffentlich,1.985396069632999,0.08983166358951758,0.057688846655423905,-0.16932970395775915,öffentlich
werd+en öffentlich,1.985396069632999,0.08983166358951758,0.057688846655423905,-0.16932970395775915,werd+en öffentlich
Gleißende,2.0973099268316995,0.13643127058278268,0.0028517358512129484,-0.22416681476197003,Gleißende
gleißend+e lava,2.4520388743372106,0.2469450419843792,-0.15341259989043743,-0.38043115050362036,gleißend+e lava
lava ström+t,4.946898610207205,0.08797562907085694,-0.057845040574175687,-0.1047870364810064,lava ström+t
ström+t richtung,2.038015017122383,0.11265029662827057,0.03153096886015006,-0.195487581753033,ström+t richtung
meer natur+schau+spiel,1.9247966083897887,0.06128287175986185,0.08868696801389463,-0.1383315825992884,meer natur+schau+spiel
ozean werd+e,1.820537428715877,0.005413967041971162,0.1443755241898407,-0.08264302642334234,ozean werd+e
werd+e neu+en,1.8108068833362385,-0.00030259271336629146,0.14973473435159285,-0.07728381626159017,werd+e neu+en
Satellitenaufnahme,1.8076047586442983,-0.0022044888373530746,0.1515046410646356,-0.07551390954854752,Satellitenaufnahme
neu+en satellit+en+aufnahme,1.8076047586442983,-0.0022044888373530746,0.1515046410646356,-0.07551390954854752,neu+en satellit+en+aufnahme
satellit+en+aufnahme fest+ge+halt+en,1.7987116648679278,-0.0075413195993069325,0.15643660529544173,-0.0705819453177415,satellit+en+aufnahme fest+ge+halt+en
europäischen…,1.7888745738124643,-0.013540366452754264,0.1619205797865691,-0.06509797082661403,europäischen…
der europäischen…,1.7888745738124643,-0.013540366452754264,0.1619205797865691,-0.06509797082661403,der europäischen…
+871,1.7841058137124743,-0.016485497867363214,0.1645899271741205,-0.062428623439062775,+871
europäischen… +871,1.7841058137124743,-0.016485497867363214,0.1645899271741205,-0.062428623439062775,europäischen… +871
+871 chars,1.7826352236420888,-0.017398656436332826,0.16541453997236716,-0.061604010640815984,+871 chars
rätseln,3.3363923746982977,-0.06858008202628528,0.11802664151687496,0.031941494431917544,rätseln
forscher rätsel+n,3.3363923746982977,-0.06858008202628528,0.11802664151687496,0.031941494431917544,forscher rätsel+n
rätsel+n ätna,3.5868284171916835,-0.06575482204833918,0.10788550785877962,0.03353975779269305,rätsel+n ätna
ungewöhnliche,6.282107337955117,0.01671301236809585,-0.013738684542490725,-0.016824290179164158,ungewöhnliche
neu+e un+gewöhnlich+e,3.8559499414961103,-0.06298979709389071,0.0980344210414033,0.03500594282780883,neu+e un+gewöhnlich+e
Hypothese,4.396381456014982,-0.05812603967876966,0.08085719789643268,0.03736826998577545,Hypothese
un+gewöhnlich+e hypothese,4.396381456014982,-0.05812603967876966,0.08085719789643268,0.03736826998577545,un+gewöhnlich+e hypothese
hypothese vulkan,7.737765953269621,-0.039286260320388566,0.015342625529002365,0.04441740333533516,hypothese vulkan
vulkan der,5.498520739800831,-0.05026634182875336,0.05340180195096798,0.04067083067505976,vulkan der
Italien,8.985829423211113,0.024046976229862554,-0.05021324735800593,-0.010597747428113768,Italien
ätna italien,4.396381456014982,-0.05812603967876966,0.08085719789643268,0.03736826998577545,ätna italien
scheint,4.293093940124527,-0.058993463433538104,0.08390812508787926,0.03696612918104855,scheint
italien schein+t,4.293093940124527,-0.058993463433538104,0.08390812508787926,0.03696612918104855,italien schein+t
normaler,5.216296630910588,-0.0520689481405248,0.05967367231443781,0.03996455139060235,normaler
schein+t normal+er,5.216296630910588,-0.0520689481405248,0.05967367231443781,0.03996455139060235,schein+t normal+er
normal+er vulkan,7.737765953269621,-0.039286260320388566,0.015342625529002365,0.04441740333533516,normal+er vulkan
Langem,3.8559499414961103,-0.06298979709389071,0.0980344210414033,0.03500594282780883,Langem
seit lang+em,3.8559499414961103,-0.06298979709389071,0.0980344210414033,0.03500594282780883,seit lang+em
rätselhaft,3.68594342185921,-0.06470616304866253,0.1041412705494367,0.034106892002802675,rätselhaft
lang+em rätselhaft,3.68594342185921,-0.06470616304866253,0.1041412705494367,0.034106892002802675,lang+em rätselhaft
Denn,5.634562726193554,-0.04944028903028999,0.05053138465613662,0.04098507156151253,Denn
denn laut,3.3993885982544656,-0.06784422756001642,0.11537748347013654,0.03236788744547279,denn laut
weltweit,5.942570544334635,-0.04766338259433205,0.04436339525212284,0.04164176022636601,weltweit
studie weltweit,3.094248658331703,-0.07158445764662277,0.12890441280363293,0.03012333430875111,studie weltweit
einzigartig,6.35887265088153,0.010631586804009925,-0.009510776799671885,-0.01025687022105409,einzigartig
weltweit einzigartig,3.0325435107075913,-0.07239867881144087,0.13187041879031414,0.029608477843028946,weltweit einzigartig
rätselhaftesten,3.3131024737639194,-0.06885667697178337,0.1190239007495004,0.03177933433947671,rätselhaftesten
sizilien rätselhaft+est+en,3.3131024737639194,-0.06885667697178337,0.1190239007495004,0.03177933433947671,sizilien rätselhaft+est+en
Feuerberge,3.534133554707018,-0.06632771785166304,0.10993543696509574,0.033224060632310336,Feuerberge
rätselhaft+est+en feuer+berg+e,3.534133554707018,-0.06632771785166304,0.10993543696509574,0.033224060632310336,rätselhaft+est+en feuer+berg+e
feuer+berg+e welt,3.8559499414961103,-0.06298979709389071,0.0980344210414033,0.03500594282780883,feuer+berg+e welt
denn europa+s,4.453038325241243,-0.05766142328346752,0.07922505050098555,0.037580393640295015,denn europa+s
aktivster,5.097659028450145,-0.052865357684872966,0.062448647366898875,0.03964325626508686,aktivster
europa+s aktiv+st+er,5.097659028450145,-0.052865357684872966,0.062448647366898875,0.03964325626508686,europa+s aktiv+st+er
aktiv+st+er vulkan,7.737765953269621,-0.039286260320388566,0.015342625529002365,0.04441740333533516,aktiv+st+er vulkan
entstand,5.498520739800831,-0.05026634182875336,0.05340180195096798,0.04067083067505976,entstand
vulkan entsteh,5.498520739800831,-0.05026634182875336,0.05340180195096798,0.04067083067505976,vulkan entsteh
warum,5.445691752291585,-0.0505943983756869,0.05454235945009468,0.04054441400381833,warum
entsteh warum,4.343180568946109,-0.058569473583329236,0.08241623255212518,0.037163694605423195,entsteh warum
häufig,3.8840661985898244,-0.06271538260181336,0.09706040684215712,0.03514640321979045,häufig
warum häufig,3.8840661985898244,-0.06271538260181336,0.09706040684215712,0.03514640321979045,warum häufig
häufig aus+brech+t,3.7077443223067394,-0.06448039121852363,0.10333648063170117,0.0342272030892115,häufig aus+brech+t
aus+brech+t heute,3.3862012592145097,-0.06799680573747394,0.115926314552732,0.03228007116945351,aus+brech+t heute
zufriedenstellend,3.2488218853432245,-0.06963326141202672,0.12182830415391482,0.031318460123147755,zufriedenstellend
heute zufriedenstellend,3.2488218853432245,-0.06963326141202672,0.12182830415391482,0.031318460123147755,heute zufriedenstellend
erklärt,6.358048986480479,-0.001428500824104673,0.0008483085131475709,0.0015540380465073566,erklärt
zufriedenstellend erklär+t,3.094248658331703,-0.07158445764662277,0.12890441280363293,0.03012333430875111,zufriedenstellend erklär+t
Ei…,3.0325435107075913,-0.07239867881144087,0.13187041879031414,0.029608477843028946,Ei…
+3769,3.0016173358947746,-0.0728148034510721,0.13338936423074524,0.029341594063460794,+3769
ei… +3769,3.0016173358947746,-0.0728148034510721,0.13338936423074524,0.029341594063460794,ei… +3769
+3769 chars,2.967199902548944,-0.07328441962702525,0.13510613533645421,0.02903731403895659,+3769 chars
Gespielt,4.723276138161061,-0.05554687156376422,0.07181333682892325,0.03851777209029968,Gespielt
ge+spiel+t der,6.098208267627087,-0.046811020623828185,0.041407318593840295,0.041947721775926476,ge+spiel+t der
Vulkan-Erweiterung,7.737765953269621,-0.039286260320388566,0.015342625529002365,0.04441740333533516,Vulkan-Erweiterung
der vulkan+-+erweiterung,7.737765953269621,-0.039286260320388566,0.015342625529002365,0.04441740333533516,der vulkan+-+erweiterung
vulkan+-+erweiterung anno,4.201117744430448,-0.0597890782793733,0.08671098134957814,0.036590154618650214,vulkan+-+erweiterung anno
117 stark+er,3.68594342185921,-0.06470616304866253,0.1041412705494367,0.034106892002802675,117 stark+er
Auftakt,3.534133554707018,-0.06632771785166304,0.10993543696509574,0.033224060632310336,Auftakt
stark+er auftakt,3.534133554707018,-0.06632771785166304,0.10993543696509574,0.033224060632310336,stark+er auftakt
auftakt 23.,3.7077443223067394,-0.06448039121852363,0.10333648063170117,0.0342272030892115,auftakt 23.
april erschein+t,3.975683974490078,-0.061838764420945276,0.09395307033045289,0.035589181335442255,april erschein+t
erschein+t verheißung,4.648068039132458,-0.05611919129825001,0.07381682722799843,0.03826852410670141,erschein+t verheißung
vulkan+s erst+e,4.893526332777002,-0.05429419307882305,0.06743422581302078,0.039052092837270215,vulkan+s erst+e
DLC-Erweiterung,4.453038325241243,-0.05766142328346752,0.07922505050098555,0.037580393640295015,DLC-Erweiterung
erst+e dlc-erweiterung,4.453038325241243,-0.05766142328346752,0.07922505050098555,0.037580393640295015,erst+e dlc-erweiterung
dlc-erweiterung anno,4.201117744430448,-0.0597890782793733,0.08671098134957814,0.036590154618650214,dlc-erweiterung anno
wir schon,3.3363923746982977,-0.06858008202628528,0.11802664151687496,0.031941494431917544,wir schon
schon knapp,3.2693809219139456,-0.06938274790601841,0.12092292695936689,0.031468035815732216,schon knapp
knapp stunde+n,3.191704311026951,-0.07034008723830548,0.12438660803939877,0.030891731761764324,knapp stunde+n
gespielt,3.1245742689576566,-0.07119190436787853,0.12747726258871694,0.030368123320640168,gespielt
stunde+n ge+spiel+t,3.1245742689576566,-0.07119190436787853,0.12747726258871694,0.030368123320640168,stunde+n ge+spiel+t
ge+spiel+t verrat+en,3.0325435107075913,-0.07239867881144087,0.13187041879031414,0.029608477843028946,ge+spiel+t verrat+en
verrat+en warum,2.9457130810589787,-0.07358115750871519,0.13619233945955508,0.028843344308121986,verrat+en warum
positiv,2.896426365230343,-0.07427242419133313,0.1387270462729014,0.02838631193607035,positiv
warum positiv,2.896426365230343,-0.07427242419133313,0.1387270462729014,0.02838631193607035,warum positiv
überrascht,7.193065559870047,0.011735576645010574,-0.02114791534028455,-0.006442784227043855,überrascht
positiv überrasch+t,2.860931792267445,-0.07477965275728364,0.14059084861907567,0.0280463058373552,positiv überrasch+t
mit anno,2.780879258851598,-0.0759537985625932,0.1449182526548868,0.02724389004926356,mit anno
1800,2.7641233973507826,-0.07620503882268996,0.14584662496998926,0.02706936673803163,1800
anno 1800,2.7641233973507826,-0.07620503882268996,0.14584662496998926,0.02706936673803163,anno 1800
gelang,2.7481157135502805,-0.07644688631303918,0.14674110374956473,0.02690041637560653,gelang
1800 geling,2.7481157135502805,-0.07644688631303918,0.14674110374956473,0.02690041637560653,1800 geling
Entwicklern,2.71527194864169,-0.0769487819854391,0.14859994921147798,0.0265468011213348,Entwicklern
geling entwickler+n,2.71527194864169,-0.0769487819854391,0.14859994921147798,0.0265468011213348,geling entwickler+n
bisher,2.6483495934065084,-0.07799586677584504,0.1524893432463102,0.02579586969755287,bisher
entwickler+n bisher,2.6483495934065084,-0.07799586677584504,0.1524893432463102,0.02579586969755287,entwickler+n bisher
erfolgreichste,2.632451452624312,-0.07824958698520595,0.15343413521202445,0.025611191324875337,erfolgreichste
bisher erfolgreich+st+e,2.632451452624312,-0.07824958698520595,0.15343413521202445,0.025611191324875337,bisher erfolgreich+st+e
Serienteil,2.600870625250085,-0.07875943791745726,0.1553355099216856,0.025236832053460435,Serienteil
erfolgreich+st+e serie+n+teil,2.600870625250085,-0.07875943791745726,0.1553355099216856,0.025236832053460435,erfolgreich+st+e serie+n+teil
enormen,2.5315285078840915,-0.07990715078749862,0.15962962694783697,0.024378040296581277,enormen
serie+n+teil enorm+en,2.5315285078840915,-0.07990715078749862,0.15962962694783697,0.024378040296581277,serie+n+teil enorm+en
Langzeitmotivation,2.5191475735727558,-0.08011629122712552,0.16041423452121506,0.024219118762875188,Langzeitmotivation
enorm+en langzeit+motivation,2.5191475735727558,-0.08011629122712552,0.16041423452121506,0.024219118762875188,enorm+en langzeit+motivation
brilliert,2.4917795276498413,-0.08058327839868867,0.16216856703515597,0.023861528192418983,brilliert
langzeit+motivation brillier+t,2.4917795276498413,-0.08058327839868867,0.16216856703515597,0.023861528192418983,langzeit+motivation brillier+t
noch heute,2.4706961180450344,-0.08094750673947594,0.16353917751369057,0.023579981677375076,noch heute
schauen,2.4632022322461844,-0.08107792254111229,0.16403043555390118,0.023478604286066466,schauen
heute schau+en,2.4632022322461844,-0.08107792254111229,0.16403043555390118,0.023478604286066466,heute schau+en
Spieler,3.1634575132317817,-0.06656161515374427,0.12267980975240089,0.027082362958650106,Spieler
schau+en spieler,2.4535331806204557,-0.08124694089805304,0.16466749555273463,0.02334677302487894,schau+en spieler
Spielerinnen,2.4396765084450145,-0.0814906440255597,0.16558683706875965,0.02315579826162802,Spielerinnen
spieler spieler+in+nen,2.4396765084450145,-0.0814906440255597,0.16558683706875965,0.02315579826162802,spieler spieler+in+nen
immer…,2.425471720905329,-0.08174230484283099,0.16653717156082326,0.0229574786557454,immer…
spieler+in+nen immer…,2.425471720905329,-0.08174230484283099,0.16653717156082326,0.0229574786557454,spieler+in+nen immer…
+4736,2.4171150192679587,-0.08189123514160816,0.16710003799969472,0.02283958217329656,+4736
immer… +4736,2.4171150192679587,-0.08189123514160816,0.16710003799969472,0.02283958217329656,immer… +4736
+4736 chars,2.4110279010578783,-0.08200013065687055,0.16751181836622453,0.022753126436437707,+4736 chars
Meterhohe,3.9789514710656255,0.05189869240677353,-0.00021783378280445812,-0.07536906304392954,Meterhohe
Asche-Wolke,4.231879273189232,0.05814748686830616,-0.012706470669984279,-0.0788964839412127,Asche-Wolke
meterhohe+e asche+-+wolke,4.231879273189232,0.05814748686830616,-0.012706470669984279,-0.0788964839412127,meterhohe+e asche+-+wolke
asche+-+wolke wanderer,4.797959690176683,0.06983039381585601,-0.036916325233223767,-0.08547938050309276,asche+-+wolke wanderer
flüchten,5.474021446837566,0.08078239548115455,-0.06071160561910986,-0.09162363597041173,flüchten
wanderer flücht+en,5.474021446837566,0.08078239548115455,-0.06071160561910986,-0.09162363597041173,wanderer flücht+en
flücht+en vulkan+ausbruch,9.025995065839378,0.11330271483798048,-0.13865311980520803,-0.1095783419988753,flücht+en vulkan+ausbruch
vulkan+ausbruch dieser+es,5.284466230688716,0.07797411957577595,-0.05450313215215687,-0.09005143527345406,vulkan+ausbruch dieser+es
dieser+es video,4.797959690176683,0.06983039381585601,-0.036916325233223767,-0.08547938050309276,dieser+es video
video indonesien,4.360405394545712,0.06105394852592489,-0.018622032391766404,-0.08053603601413313,video indonesien
indonesien geh+t,4.046562254804404,0.05364336582126053,-0.0036737464005460042,-0.07635416358973834,indonesien geh+t
viral,3.937060197408324,0.05078836548961381,0.0019692995030616833,-0.07474207682972384,viral
geh+t viral,3.937060197408324,0.05078836548961381,0.0019692995030616833,-0.07474207682972384,geh+t viral
viral wanderer,4.797959690176683,0.06983039381585601,-0.036916325233223767,-0.08547938050309276,viral wanderer
stehen,3.669558309870068,0.043111504140234756,0.01683765110640031,-0.07040691530362339,stehen
wanderer steh+en,3.669558309870068,0.043111504140234756,0.01683765110640031,-0.07040691530362339,wanderer steh+en
Krater,8.48111111118439,0.05242337886215905,-0.07187456806061891,-0.04222327982552787,Krater
steh+en krater,3.5447772077868622,0.03913839643627701,0.024364187621527335,-0.06816406864689385,steh+en krater
krater mount,3.3870632015752244,0.0336980045121268,0.03449170714343272,-0.06509504918078159,krater mount
Dukono,50.574559681515666,0.0823075576807912,-0.21144576927297987,-0.029266076031369645,Dukono
mount dukono,3.337644038652149,0.03188684761051531,0.03781870139672816,-0.06407408654167014,mount dukono
dukono ...,3.292359919715436,0.030178981196954512,0.04093601112977289,-0.06311175903751123,dukono ...
+++WM,5.489294623143307,0.08100090261816474,-0.06119786354934676,-0.09174585767281447,+++WM
... +++wm,3.2641913343166733,0.029092396019324767,0.042909352032368744,-0.06249972787430025,... +++wm
+++wm gefahr,5.38529496453082,0.07949054804075767,-0.057846215931797555,-0.09090071708993124,+++wm gefahr
Verletzungs-Schock,5.4117502625391944,0.07987980449865631,-0.058707913538691,-0.09111860323324954,Verletzungs-Schock
Bayerns,5.17129449655636,0.07620712280463862,-0.05063515653089028,-0.08906093368570686,Bayerns
verletzung+s+-+schock bayern+s,5.17129449655636,0.07620712280463862,-0.05063515653089028,-0.08906093368570686,verletzung+s+-+schock bayern+s
Nationalspieler,4.246906191539733,0.058496040790105897,-0.01341224685960571,-0.07909315306909084,Nationalspieler
bayern+s nationalspieler,4.246906191539733,0.058496040790105897,-0.01341224685960571,-0.07909315306909084,bayern+s nationalspieler
Gnabry,4.13381396470461,0.05581276026857964,-0.008004184872865592,-0.07757884984632783,Gnabry
nationalspieler gnabry,4.13381396470461,0.05581276026857964,-0.008004184872865592,-0.07757884984632783,nationalspieler gnabry
gnabry +++wm,4.082763083840818,0.05455438083270946,-0.005487753317323121,-0.07686849348424127,gnabry +++wm
Nationa…,2.65457192517649,-0.00025844104090224095,0.09349037877387019,-0.04606580053983502,Nationa…
bayern+s nationa…,2.65457192517649,-0.00025844104090224095,0.09349037877387019,-0.04606580053983502,bayern+s nationa…
+518,2.6392511461290926,-0.0011788427695616002,0.09499743926919478,-0.045554391998639816,+518
nationa… +518,2.6392511461290926,-0.0011788427695616002,0.09499743926919478,-0.045554391998639816,nationa… +518
+518 char+s,2.631857753149635,-0.0016270571764147959,0.09572971707153986,-0.04530545121703926,+518 char+s
Kurioser,2.3937133456071664,-0.07722016642720864,0.16514731529023025,0.018117373437530303,Kurioser
romana kurios+er,2.3937133456071664,-0.07722016642720864,0.16514731529023025,0.018117373437530303,romana kurios+er
Fehler,2.402304278302878,-0.07688201700933653,0.16443031667323388,0.018082181876698883,Fehler
kurios+er fehler,2.402304278302878,-0.07688201700933653,0.16443031667323388,0.018082181876698883,kurios+er fehler
Xbox,3.7509826896723553,-0.02458432256198251,0.07157750582188294,-0.0012128778669304545,Xbox
fehler xbox,2.417341143299062,-0.07628043375155122,0.163174227269985,0.018008109366835064,fehler xbox
spieler könn+en,2.4322617994963593,-0.07567083379533596,0.16192598917920317,0.017918575756609954,spieler könn+en
könn+en schon,2.441208029309432,-0.0752990546987231,0.16117645165576347,0.017857063873951317,könn+en schon
DLC-Update,2.45285648073671,-0.07480769997622018,0.16019903316282788,0.017767994355696166,DLC-Update
schon dlc-updat+e,2.45285648073671,-0.07480769997622018,0.16019903316282788,0.017767994355696166,schon dlc-updat+e
runterladen,2.466314442223663,-0.0742294388034372,0.15906736780144287,0.017652186875262137,runterladen
dlc-updat+e runter+lad+en,2.466314442223663,-0.0742294388034372,0.15906736780144287,0.017652186875262137,dlc-updat+e runter+lad+en
erst,3.641829422500172,-0.06054853688085428,0.1023785343659568,0.029821286396584802,erst
runter+lad+en erst,2.4885865991871228,-0.07324643112043108,0.15718775677877878,0.017429261643250458,runter+lad+en erst
nächste,2.4955108143085294,-0.07293395111836193,0.15660142664743246,0.017351800080701515,nächste
erst nächst+e,2.4955108143085294,-0.07293395111836193,0.15660142664743246,0.017351800080701515,erst nächst+e
nächst+e woche,2.506974990419949,-0.07240915379345554,0.155628338818596,0.01721482373026025,nächst+e woche
erscheinen,3.310079544179861,-0.05727356579775941,0.11062557579629229,0.021574654808399474,erscheinen
woche erschein+en,2.5159029127695485,-0.07199387585463266,0.1548683690543379,0.017100481109048733,woche erschein+en
erschein+en 23.,2.5462460885530724,-0.07053734626644233,0.1522693747257824,0.016659952664379293,erschein+en 23.
hätte,2.5636364865379315,-0.06966946910817344,0.15076703577036882,0.016369896385760512,hätte
april hab+e,2.5636364865379315,-0.06966946910817344,0.15076703577036882,0.016369896385760512,april hab+e
eigentlich,6.733938869324826,0.03770375105800825,-0.03870789501464639,-0.03548207071777149,eigentlich
hab+e eigentlich,2.5746007586826107,-0.06910921614724098,0.14981441529711373,0.016172366475494956,hab+e eigentlich
eigentlich neu+e,2.603961680346472,-0.06755644422511076,0.14724023541000217,0.01558524214830901,eigentlich neu+e
Anno-DLC,4.066431829020732,-0.004264012939182238,0.046427120206363276,-0.016327925704496597,Anno-DLC
neu+e anno-dlc,2.6144329416992393,-0.0669833005046782,0.14631320263742698,0.015354587996879034,neu+e anno-dlc
anno-dlc erschein+en,2.5159029127695485,-0.07199387585463266,0.1548683690543379,0.017100481109048733,anno-dlc erschein+en
erschein+en soll+en,2.660355302573116,-0.06433971334576312,0.1421828551936705,0.014202227691893476,erschein+en soll+en
soll+en werd+e,2.680818544728906,-0.06308855499773862,0.14030381925912844,0.01361034571037084,soll+en werd+e
verschoben,2.7261800515844055,-0.06013706677320227,0.13603807803092213,0.012110028708412164,verschoben
werd+e verschieb+en,2.7261800515844055,-0.06013706677320227,0.13603807803092213,0.012110028708412164,werd+e verschieb+en
wohl,2.812708348060875,-0.05372477435082656,0.12742393028498625,0.008430911237504337,wohl
doch wohl,2.812708348060875,-0.05372477435082656,0.12742393028498625,0.008430911237504337,doch wohl
wohl ganz,2.859222524932265,-0.04978088555526935,0.12246741819740362,0.005938132866270646,wohl ganz
reibungslos,2.882670112938091,-0.04764238623146042,0.11986493230991085,0.004525902469886083,reibungslos
ganz reibungslos,2.882670112938091,-0.04764238623146042,0.11986493230991085,0.004525902469886083,ganz reibungslos
geklappt,2.946562626266557,-0.04124496449360373,0.11236312083297223,8.566534235767942e-05,geklappt
reibungslos ge+klapp+t,2.946562626266557,-0.04124496449360373,0.11236312083297223,8.566534235767942e-05,reibungslos ge+klapp+t
auf xbox,3.073425744348156,-0.025667715605838873,0.09527025336170711,-0.011763463959215972,auf xbox
xbox anno-dlc,3.213465215656921,-0.00337436115409233,0.07213296185013383,-0.030494028845620733,xbox anno-dlc
früher,3.3817040574085935,0.029838224978023273,0.038059025410315216,-0.0611273230675389,früher
anno-dlc früh+er,3.3817040574085935,0.029838224978023273,0.038059025410315216,-0.0611273230675389,anno-dlc früh+er
früh+er aus+ge+brech+en,3.7155876990406127,0.10255366555382332,-0.041419008696610644,-0.13765998775830887,früh+er aus+ge+brech+en
gedacht,3.4471719518606756,-0.018832605933097938,0.07643216651151907,-0.011378145299791715,gedacht
aus+ge+brech+en ge+denk+t,3.4471719518606756,-0.018832605933097938,0.07643216651151907,-0.011378145299791715,aus+ge+brech+en ge+denk+t
Release,3.664849567071248,-0.06492626313466944,0.10492629051503366,0.03398899657490336,Release
kurz release,3.664849567071248,-0.06492626313466944,0.10492629051503366,0.03398899657490336,kurz release
release anno,3.975683974490078,-0.061838764420945276,0.09395307033045289,0.035589181335442255,release anno
117 der,6.816590416291155,-0.04321920492345008,0.028962750068668105,0.0431762401722424,117 der
vulkan+s geb,5.3489069002359715,-0.05120639688915587,0.056671091494934774,0.040306079356850676,vulkan+s geb
schlechte,4.1185073791175695,-0.06052323503843875,0.08930132782675781,0.03623705468087511,schlechte
geb schlecht+e,4.1185073791175695,-0.06052323503843875,0.08930132782675781,0.03623705468087511,geb schlecht+e
Nachrichten,3.8028900024162433,-0.06351479531264506,0.09989963989043325,0.03473472319029756,Nachrichten
schlecht+e nachricht+en,3.8028900024162433,-0.06351479531264506,0.09989963989043325,0.03473472319029756,schlecht+e nachricht+en
Team,7.071449419718437,-0.04206343008138148,0.02496050841119658,0.04355174453087078,Team
der team,3.4703679565272507,-0.06703590495363257,0.11247390693083606,0.0328279793654835,der team
team neu+en,3.2693809219139456,-0.06938274790601841,0.12092292695936689,0.031468035815732216,team neu+en
Spielv…,3.210031532568009,-0.07011152765789598,0.12355873842044407,0.03103048215202249,Spielv…
neu+en spielv…,3.210031532568009,-0.07011152765789598,0.12355873842044407,0.03103048215202249,neu+en spielv…
+2624,3.132470920647843,-0.07109048793112173,0.12710885161157698,0.03043100504254626,+2624
spielv… +2624,3.132470920647843,-0.07109048793112173,0.12710885161157698,0.03043100504254626,spielv… +2624
+2624 char+s,3.086965793922171,-0.07167946790359439,0.1292501020838365,0.03006375360598264,+2624 char+s
100.000,16.79475094812639,-0.01860793483583649,-0.057067559676844765,0.04959256091472337,100.000
seit 100.000,9.585100900007975,-0.03300824696520426,-0.006442058874525622,0.04620221882155193,seit 100.000
100.000 jahr+en,8.468769881580819,-0.036584040475953275,0.005976559832226244,0.04521324267095769,100.000 jahr+en
jahr+en nie,7.815692187585345,-0.03898228508757277,0.014289553744621989,0.04450914380977033,jahr+en nie
wirklich,8.224270927431483,-0.01923406535664869,-0.0058325595840628165,0.02828782269747395,wirklich
nie wirklich,7.521613645592263,-0.04015120107164192,0.01833857116338043,0.044153175214231316,nie wirklich
ruhig,7.841961543439738,-0.03888072150303161,0.013937679894322881,0.04453966779342207,ruhig
wirklich ruhig,7.841961543439738,-0.03888072150303161,0.013937679894322881,0.04453966779342207,wirklich ruhig
ruhig forscher,3.7077443223067394,-0.06448039121852363,0.10333648063170117,0.0342272030892115,ruhig forscher
forscher liefer+n,3.943846548360928,-0.06214039429007722,0.09502154926661767,0.0354378398880019,forscher liefer+n
liefer+n neu+e,4.245825604508112,-0.05939954428723556,0.08533814822122733,0.03677509295135843,liefer+n neu+e
erkenntnis+se ein,6.098208267627087,-0.046811020623828185,0.041407318593840295,0.041947721775926476,erkenntnis+se ein
Griechenland,17.45147426528121,-0.017724943466192068,-0.06021886123229776,0.04977578243040424,Griechenland
vulkan griechenland,10.967146422879177,-0.02928639530374714,-0.01941478563728984,0.04716187535367905,vulkan griechenland
griechenland gelt,4.201117744430448,-0.0597890782793733,0.08671098134957814,0.036590154618650214,griechenland gelt
gelt lange,4.008950511104029,-0.0615269256417699,0.0928491894047442,0.03574454024418794,gelt lange
lange zeit,3.828913949264684,-0.0632561251404635,0.09898033991016005,0.034868766534346216,lange zeit
inaktiv,7.793543947593274,-0.039068269290513775,0.014587442295744492,0.044483251998380754,inaktiv
zeit inaktiv,3.6246344860492363,-0.06535045484513594,0.10644049649880835,0.03376007930961598,zeit inaktiv
forscher zeig+en,6.734852730269843,-0.04360207499160194,0.030288669962615988,0.04304978706564995,forscher zeig+en
jedoch,11.331029445483077,0.003202558684307462,-0.04920138552005518,0.017693476476443572,jedoch
zeig+en jedoch,6.457018977823438,-0.044950936405044,0.03496079587736071,0.042595885087053684,zeig+en jedoch
Tief,3.191704311026951,-0.07034008723830548,0.12438660803939877,0.030891731761764324,Tief
jedoch tief,5.957021178469557,-0.047583008725958054,0.0440845852530898,0.04167085713042144,jedoch tief
Untergrund,6.156077447722113,-0.04650138309517072,0.040333817904472276,0.04205745557544734,Untergrund
tief untergrund,6.156077447722113,-0.04650138309517072,0.040333817904472276,0.04205745557544734,tief untergrund
untergrund brodel+t,6.716235430898745,-0.043690142155060945,0.030593668051016463,0.043020553117969984,untergrund brodel+t
über mehr,7.662907168245424,-0.03958213224982254,0.01636753082431654,0.04432755227149762,über mehr
mehr 100.000,8.468769881580819,-0.036584040475953275,0.005976559832226244,0.04521324267095769,mehr 100.000
100.000 jahr+e,11.156324117381503,-0.028826100060926008,-0.021023410293208433,0.04727602934980579,100.000 jahr+e
blieb,10.967146422879177,-0.02928639530374714,-0.01941478563728984,0.04716187535367905,blieb
jahr+e bleib,10.967146422879177,-0.02928639530374714,-0.01941478563728984,0.04716187535367905,jahr+e bleib
bleib vulkan,18.030215396791643,-0.01698368199264116,-0.06286964663050752,0.04992781401158603,bleib vulkan
Methana,12.035181975501798,-0.02681805388364994,-0.028053836281440654,0.04776316428673734,Methana
vulkan methan+a,12.035181975501798,-0.02681805388364994,-0.028053836281440654,0.04776316428673734,vulkan methan+a
methan+a griechenland,9.251668675272372,-0.034015432865997126,-0.0029404298554042982,0.045930642330499795,methan+a griechenland
griechenland ausbruch+e,7.454832088889904,-0.04042513975362689,0.019287303766902394,0.04406849265135809,griechenland ausbruch+e
wirkte,6.717982643161746,-0.043681863412527396,0.030564996531575735,0.043023303609759284,wirkte
wirk+te erlösch+en,6.309533411645519,-0.04569856941813941,0.03755125617789515,0.04233852530641519,wirk+te erlösch+en
internationales,5.890332526862251,-0.04795609156850691,0.0453789007451134,0.04153535608234759,internationales
ein international+es,5.890332526862251,-0.04795609156850691,0.0453789007451134,0.04153535608234759,ein international+es
international+es team,5.5528329299483,-0.049933366094024004,0.0522445020905472,0.040798197067812486,international+es team
Hochschule,5.396713628711723,-0.05090229940069564,0.05561317522541765,0.04042491540653438,Hochschule
team hochschule,5.396713628711723,-0.05090229940069564,0.05561317522541765,0.04042491540653438,team hochschule
ETH,5.230292685329614,-0.05197656056407594,0.05935192914746529,0.04000145057167103,ETH
hochschule eth,5.230292685329614,-0.05197656056407594,0.05935192914746529,0.04000145057167103,hochschule eth
Zürich,5.175325192829024,-0.05234127941091343,0.060622275931180726,0.03985533478915145,Zürich
eth zürich,5.175325192829024,-0.05234127941091343,0.060622275931180726,0.03985533478915145,eth zürich
Entwicklung,4.946374896713024,-0.05391688662897556,0.06611678177499575,0.03921006664954382,Entwicklung
zürich entwicklung,4.946374896713024,-0.05391688662897556,0.06611678177499575,0.03921006664954382,zürich entwicklung
Erdinneren,4.795385651508113,-0.05500920427321389,0.06993276758808459,0.038748980055857224,Erdinneren
entwicklung erd+innere+en,4.795385651508113,-0.05500920427321389,0.06993276758808459,0.038748980055857224,entwicklung erd+innere+en
+2762,4.67248897741731,-0.05593203404165059,0.07316145581570584,0.038350390967047086,+2762
erd+innere+en +2762,4.67248897741731,-0.05593203404165059,0.07316145581570584,0.038350390967047086,erd+innere+en +2762
+2762 chars,4.624258896332771,-0.05630290025942302,0.07446031581169028,0.038187824133342,+2762 chars
belegen,2.9801090466081654,-0.014331448495394502,0.09008027491004143,-0.024521550611199556,belegen
forscher beleg+en,2.9801090466081654,-0.014331448495394502,0.09008027491004143,-0.024521550611199556,forscher beleg+en
heimliches,3.0182926845984857,-0.014068581084075242,0.08831106506465351,-0.02396639042596108,heimliches
beleg+en heimlich+es,3.0182926845984857,-0.014068581084075242,0.08831106506465351,-0.02396639042596108,beleg+en heimlich+es
Eindringen,3.0702580950101606,-0.01377233603265511,0.08599898333165261,-0.023178790154211603,Eindringen
heimlich+es eindringen,3.0702580950101606,-0.01377233603265511,0.08599898333165261,-0.023178790154211603,heimlich+es eindringen
eindringen magma,3.1590151402384996,-0.013406230516287717,0.08228030505526766,-0.021767465112016732,eindringen magma
Azoren-Insel,3.239152848097631,-0.013199487083024453,0.07914311187145662,-0.020443644452757807,Azoren-Insel
magma azoren+-+insel,3.239152848097631,-0.013199487083024453,0.07914311187145662,-0.020443644452757807,magma azoren+-+insel
spürbaren,3.381586516260013,-0.013048022653975252,0.07400240411307529,-0.018032177437925807,spürbaren
azoren+-+insel spür+bar+en,3.381586516260013,-0.013048022653975252,0.07400240411307529,-0.018032177437925807,azoren+-+insel spür+bar+en
spür+bar+en folge+n,3.488350980107553,-0.013064950103922003,0.07045603993263763,-0.01621356541124996,spür+bar+en folge+n
folge+n der,3.577702174179371,-0.013138681125390067,0.06765832334245882,-0.014703138205657806,folge+n der
Erdmantel,3.635769583638922,-0.013208255008374803,0.06591373114202312,-0.013732196423329446,Erdmantel
der erd+mantel,3.635769583638922,-0.013208255008374803,0.06591373114202312,-0.013732196423329446,der erd+mantel
Bruchlinien,3.9965929780290224,-0.013845354458882787,0.056119296052813766,-0.007992277323000091,Bruchlinien
erd+mantel bruch+linie+n,3.9965929780290224,-0.013845354458882787,0.056119296052813766,-0.007992277323000091,erd+mantel bruch+linie+n
durchdrungen,4.414259367295649,-0.01467332505603036,0.0464343715117808,-0.0021286837580879415,durchdrungen
bruch+linie+n durchdring+en,4.414259367295649,-0.01467332505603036,0.0464343715117808,-0.0021286837580879415,bruch+linie+n durchdring+en
durchdring+en vulkan+e,7.8987871207618126,-0.016013928667265566,-0.0052535837300723195,0.023821194076260384,durchdring+en vulkan+e
höchster,6.980094663159306,-0.0156889396553434,0.004728916795591895,0.018870791807848366,höchster
vulkan+e höchster,5.069087805613373,-0.013987126026453802,0.03218651943850975,0.0038043864627593663,vulkan+e höchster
Bedeutung,4.475365353377471,-0.011359025035316972,0.04232780464656924,-0.004614191260261439,Bedeutung
höchster bedeutung,4.475365353377471,-0.011359025035316972,0.04232780464656924,-0.004614191260261439,höchster bedeutung
ein studie,3.83984887551462,-0.005312316483239646,0.05345799777984045,-0.018361003933484308,ein studie
studie zeig+t,3.7171667406954705,-0.003327038263102103,0.055389768246187444,-0.022077579213866962,studie zeig+t
funktionieren,3.480703012249471,0.0021191844442838208,0.05828928503121167,-0.031165606112423302,funktionieren
zeig+t funktionier+en,3.480703012249471,0.0021191844442838208,0.05828928503121167,-0.031165606112423302,zeig+t funktionier+en
Prozesse,4.759910309949456,0.04106655271447723,-0.009185439245160673,-0.05443460684061839,Prozesse
wie prozeß+e,3.299609478456319,0.009088563365387778,0.05869330163543664,-0.041289106033138824,wie prozeß+e
Phänomene,3.22657765885062,0.013351933239589543,0.05777027447020322,-0.0469652989618471,Phänomene
prozeß+e phänomen+e,3.22657765885062,0.013351933239589543,0.05777027447020322,-0.0469652989618471,prozeß+e phänomen+e
Erdmantelfunktionieren,3.1680082814446275,0.017950861450266187,0.056082750471802695,-0.05279745533288726,Erdmantelfunktionieren
phänomen+e erd+mantel+funktionieren,3.1680082814446275,0.017950861450266187,0.056082750471802695,-0.05279745533288726,phänomen+e erd+mantel+funktionieren
leicht,3.2374755153833306,0.02804411390906369,0.044805853447154,-0.06190944736621677,leicht
erd+mantel+funktionieren leicht,3.2374755153833306,0.02804411390906369,0.044805853447154,-0.06190944736621677,erd+mantel+funktionieren leicht
ermessen,3.30703145026358,0.03073749495164054,0.0399186903925046,-0.06342641734135601,ermessen
leicht ermess+en,3.30703145026358,0.03073749495164054,0.0399186903925046,-0.06342641734135601,leicht ermess+en
Auch,7.88515149767872,0.03314090520149006,-0.018485288285566497,-0.03822887731058713,Auch
moderne,3.4704733283374085,0.03663706637503129,0.029045747566882954,-0.06675265560378495,moderne
auch modern+e,3.4704733283374085,0.03663706637503129,0.029045747566882954,-0.06675265560378495,auch modern+e
Wissenschaft,3.5561851833825253,0.03951317220829999,0.023658994378373044,-0.0683755871726279,Wissenschaft
modern+e wissenschaft,3.5561851833825253,0.03951317220829999,0.023658994378373044,-0.0683755871726279,modern+e wissenschaft
Schwierigkeiten,3.8784230033964815,0.04919477040463097,0.005091927549329815,-0.07384214619697706,Schwierigkeiten
wissenschaft schwierigkeit+en,3.8784230033964815,0.04919477040463097,0.005091927549329815,-0.07384214619697706,wissenschaft schwierigkeit+en
nachzuvollziehen,4.293691541235711,0.059566184630048646,-0.015585323315210824,-0.07969689669102467,nachzuvollziehen
schwierigkeit+en nach+zu+vollzieh+en,4.293691541235711,0.059566184630048646,-0.015585323315210824,-0.07969689669102467,schwierigkeit+en nach+zu+vollzieh+en
nach+zu+vollzieh+en vulkan+ausbruch,9.025995065839378,0.11330271483798048,-0.13865311980520803,-0.1095783419988753,nach+zu+vollzieh+en vulkan+ausbruch
kommt.…,5.284466230688716,0.07797411957577595,-0.05450313215215687,-0.09005143527345406,kommt.…
vulkan+ausbruch kommt.…,5.284466230688716,0.07797411957577595,-0.05450313215215687,-0.09005143527345406,vulkan+ausbruch kommt.…
+2596,4.692637654908473,0.06785980990339482,-0.032750784420409365,-0.08437065501900838,+2596
kommt.… +2596,4.692637654908473,0.06785980990339482,-0.032750784420409365,-0.08437065501900838,kommt.… +2596
+2596 char+s,4.432714972736922,0.0626179754070017,-0.021834179363916652,-0.08141788874253245,+2596 char+s
Keramik,5.216296630910588,-0.0520689481405248,0.05967367231443781,0.03996455139060235,Keramik
vulkan+e keramik,5.216296630910588,-0.0520689481405248,0.05967367231443781,0.03996455139060235,vulkan+e keramik
Binnenmeer,4.453038325241243,-0.05766142328346752,0.07922505050098555,0.037580393640295015,Binnenmeer
keramik binnenme+er,4.453038325241243,-0.05766142328346752,0.07922505050098555,0.037580393640295015,keramik binnenme+er
binnenme+er japan,3.8559499414961103,-0.06298979709389071,0.0980344210414033,0.03500594282780883,binnenme+er japan
japan immer,3.455451915105137,-0.06720399065396425,0.1130771393964067,0.03273301363239744,japan immer
klassische,4.69433036867856,-0.05576572504090841,0.07257925268511256,0.038422845037811286,klassische
immer klassisch+e,3.3246211015332787,-0.06871956776188012,0.11852945275941003,0.03185984741552274,immer klassisch+e
Route,3.210031532568009,-0.07011152765789598,0.12355873842044407,0.03103048215202249,Route
klassisch+e route,3.210031532568009,-0.07011152765789598,0.12355873842044407,0.03103048215202249,klassisch+e route
route premium,3.1091661407545335,-0.07139074194381394,0.1281999210445208,0.030244409038461015,route premium
premium für,3.0455461433104567,-0.07222534576011211,0.13123833966682127,0.029718892935069924,premium für
für tourist+en,3.0199107222136155,-0.0725679975366469,0.13248821272569025,0.029500193109298807,für tourist+en
Breiten,2.901094636164207,-0.0742063056796038,0.13848434086142805,0.028430341260180757,Breiten
tourist+en breit+en,2.901094636164207,-0.0742063056796038,0.13848434086142805,0.028430341260180757,tourist+en breit+en
Japanreisen,2.844322879563472,-0.07501977491315102,0.14147434657247446,0.027883959765887905,Japanreisen
breit+en japan+reise+n,2.844322879563472,-0.07501977491315102,0.14147434657247446,0.027883959765887905,breit+en japan+reise+n
japan+reise+n oft,2.7984439745618643,-0.0756925002642166,0.14395362230456069,0.027424336973427724,japan+reise+n oft
einmalige,2.7641233973507826,-0.07620503882268996,0.14584662496998926,0.02706936673803163,einmalige
oft einmalig+e,2.7641233973507826,-0.07620503882268996,0.14584662496998926,0.02706936673803163,oft einmalig+e
Angelegenheit,2.732801741143899,-0.076679944504609,0.14760383589170126,0.026736718255092315,Angelegenheit
einmalig+e angelegenheit,2.732801741143899,-0.076679944504609,0.14760383589170126,0.026736718255092315,einmalig+e angelegenheit
angelegenheit mehr,2.693213435079287,-0.07729024009061845,0.14986659429311444,0.0263038918147187,angelegenheit mehr
Sights,2.657801133990535,-0.0778459482224746,0.15193151729807608,0.025904491022145888,Sights
wer sight+s,2.657801133990535,-0.0778459482224746,0.15193151729807608,0.025904491022145888,wer sight+s
Tokio,2.634674561896611,-0.07821399068214026,0.15330152741940517,0.025637165768216473,Tokio
sight+s tokio,2.634674561896611,-0.07821399068214026,0.15330152741940517,0.025637165768216473,sight+s tokio
Kyoto,2.619432420663404,-0.07845881996759797,0.15421396613681562,0.025458087936094782,Kyoto
tokio kyoto,2.619432420663404,-0.07845881996759797,0.15421396613681562,0.025458087936094782,tokio kyoto
Osaka,2.5988756197514395,-0.07879191091588705,0.15545673888087097,0.025212840946217008,Osaka
kyoto osaka,2.5988756197514395,-0.07879191091588705,0.15545673888087097,0.025212840946217008,kyoto osaka
osaka bereits,2.587172573418507,-0.07898304558618281,0.1561706003658523,0.02507126999843548,osaka bereits
besucht,2.5722436010764076,-0.07922847281969315,0.15708802495074833,0.024888579054712045,besucht
bereits besuch+t,2.5722436010764076,-0.07922847281969315,0.15708802495074833,0.024888579054712045,bereits besuch+t
erkundet,2.5494834411737775,-0.07960615835126902,0.1585015829741345,0.02460543623170476,erkundet
besuch+t erkund+et,2.5494834411737775,-0.07960615835126902,0.1585015829741345,0.02460543623170476,besuch+t erkund+et
zunehmend,2.53471032868568,-0.07985361347568302,0.15942888321520168,0.024418600915402412,zunehmend
erkund+et zu+nehm+end,2.53471032868568,-0.07985361347568302,0.15942888321520168,0.024418600915402412,erkund+et zu+nehm+end
entlegenere,2.5191475735727558,-0.08011629122712552,0.16041423452121506,0.024219118762875188,entlegenere
zu+nehm+end entlegen+er+e,2.5191475735727558,-0.08011629122712552,0.16041423452121506,0.024219118762875188,zu+nehm+end entlegen+er+e
entlegen+er+e eck+en,2.501548408319276,-0.0804158431616724,0.16153918095765865,0.02399017618208642,entlegen+er+e eck+en
Traditionelles,2.4917795276498413,-0.08058327839868867,0.16216856703515597,0.023861528192418983,Traditionelles
Handwerk,2.471966085056369,-0.08092545545587655,0.1634561393657226,0.02359709341499706,Handwerk
traditionell+es hand+werk,2.471966085056369,-0.08092545545587655,0.1634561393657226,0.02359709341499706,traditionell+es hand+werk
samt,3.6338640981340955,-0.0652525638828343,0.1060909135815989,0.033813106355925715,samt
hand+werk samt,2.4607511073955664,-0.08112068903890854,0.1641915881986101,0.023445294888950554,hand+werk samt
Workshops,2.4547223136870264,-0.0812261087560525,0.16458895160032874,0.023363049008779974,Workshops
samt workshop+s,2.4547223136870264,-0.0812261087560525,0.16458895160032874,0.023363049008779974,samt workshop+s
Schätze,2.441934466526578,-0.08145081239291392,0.16543651362532535,0.023187083891890944,Schätze
workshop+s schatz+e,2.441934466526578,-0.08145081239291392,0.16543651362532535,0.023187083891890944,workshop+s schatz+e
schatz+e meer,2.4244116366842228,-0.08176116112239956,0.16660841760293846,0.022942573562792962,schatz+e meer
vulkanische,2.415069195830894,-0.08192779494670112,0.16723826534451153,0.02281057987400933,vulkanische
meer vulkanisch+e,2.415069195830894,-0.08192779494670112,0.16723826534451153,0.02281057987400933,meer vulkanisch+e
Landschaften,2.403140386583581,-0.08214175566969846,0.16804764328358204,0.022640366798336604,Landschaften
vulkanisch+e landschaft+en,2.403140386583581,-0.08214175566969846,0.16804764328358204,0.022640366798336604,vulkanisch+e landschaft+en
paar,2.381804758905435,-0.08252783085543267,0.16950994008029063,0.02233114095267924,paar
hier paar,2.381804758905435,-0.08252783085543267,0.16950994008029063,0.02233114095267924,hier paar
Tipps,2.377410022339717,-0.08260790144185978,0.16981351281201928,0.022266670412285954,Tipps
paar tipp+s,2.377410022339717,-0.08260790144185978,0.16981351281201928,0.022266670412285954,paar tipp+s
Higashi,2.35922052184171,-0.08201020593560009,0.17043444094628205,0.021198083979198097,Higashi
schon higashi,2.35922052184171,-0.08201020593560009,0.17043444094628205,0.021198083979198097,schon higashi
Mino,2.353652049102798,-0.0817360034540275,0.1705638466694788,0.02079086772914453,Mino
higashi mino,2.353652049102798,-0.0817360034540275,0.1705638466694788,0.02079086772914453,higashi mino
mino region,2.3455813474849787,-0.08133577832813325,0.17075152161163776,0.020196664464659335,mino region
Gifu,2.3410218968147243,-0.08110819458124321,0.17085760798142582,0.019858863851795763,Gifu
region gifu,2.3410218968147243,-0.08110819458124321,0.17085760798142582,0.019858863851795763,region gifu
gifu japan+s,2.3353123067934742,-0.08082168132883372,0.1709905164903826,0.019433681624082242,gifu japan+s
Hauptinsel,2.330985293487684,-0.08060341343171554,0.171091285978759,0.019109838259313755,Hauptinsel
japan+s haupt+insel,2.330985293487684,-0.08060341343171554,0.171091285978759,0.019109838259313755,japan+s haupt+insel
Honshu,2.3243773530581926,-0.08026818773773053,0.17124524780122133,0.0186125692620589,Honshu
haupt+insel honshu,2.3243773530581926,-0.08026818773773053,0.17124524780122133,0.0186125692620589,haupt+insel honshu
gehört,8.239570457955436,0.019173440920807402,-0.03894146332959426,-0.00877491978287284,gehört
honshu gehör+t,2.32028901153659,-0.08005962489175071,0.17134054760003498,0.01830325231943643,honshu gehör+t
+4546,2.3134809670227945,-0.0797103383517147,0.17149931610082694,0.017785333630280516,+4546
+4546 chars,2.3101679978200353,-0.07953946547139074,0.17157660890268706,0.017532011204339382,+4546 chars
flucht vulkan+ausbruch,9.025995065839378,0.11330271483798048,-0.13865311980520803,-0.1095783419988753,flucht vulkan+ausbruch
vulkan+ausbruch forscher,5.200171506615716,0.07666475358998573,-0.05163409623489252,-0.08931755024325774,vulkan+ausbruch forscher
beklemmenden,5.12506688862636,0.07546457707939365,-0.04901845471940208,-0.08864442326930581,beklemmenden
forscher beklemmend+en,4.360405394545712,0.06105394852592489,-0.018622032391766404,-0.08053603601413313,forscher beklemmend+en
Fund,5.531831796714358,0.08160363575055606,-0.06254157299837579,-0.09208291122901635,Fund
beklemmend+en fund,4.000820159964734,0.05246929693527937,-0.0013455094557886323,-0.07569125952187507,beklemmend+en fund
fund pompeji,3.8418476540943467,0.04817659210012441,0.007076977582567494,-0.07326714818144162,fund pompeji
pompeji der,3.712315391546979,0.0444118571463027,0.014349742828397252,-0.07114115438997563,pompeji der
der vesuv,3.6559098475290868,0.042690068902758255,0.017641342783177492,-0.07016896902813324,der vesuv
legte,3.5796601395556493,0.04027687273397964,0.022218930474793584,-0.06880664219115262,legte
vesuv leg+te,3.5796601395556493,0.04027687273397964,0.022218930474793584,-0.06880664219115262,vesuv leg+te
einst,3.5117910211304033,0.03804104183470616,0.02642337123366597,-0.06754480144927281,einst
leg+te einst,3.5117910211304033,0.03804104183470616,0.02642337123366597,-0.06754480144927281,leg+te einst
einst pompeji,3.8418476540943467,0.04817659210012441,0.007076977582567494,-0.07326714818144162,einst pompeji
Schutt,3.353627098589734,0.032478504237314264,0.036734269051857324,-0.06440756073164981,Schutt
pompeji schutt,3.353627098589734,0.032478504237314264,0.036734269051857324,-0.06440756073164981,pompeji schutt
schutt asche,3.271092187417535,0.029360347719185734,0.042423442100974325,-0.06265063774308433,schutt asche
neu,4.050509671023017,0.053743474126937994,-0.0038727632810892586,-0.07641068376804187,neu
zwei neu,4.050509671023017,0.053743474126937994,-0.0038727632810892586,-0.07641068376804187,zwei neu
neu entdeck+t+e,4.023152340543469,0.053045749855567655,-0.0024873040232264794,-0.07601674494620062,neu entdeck+t+e
Skelette,3.1167564704053774,0.02307892852424571,0.053693157262035274,-0.059116187588250886,Skelette
entdeck+t+e skelett+e,3.1167564704053774,0.02307892852424571,0.053693157262035274,-0.059116187588250886,entdeck+t+e skelett+e
Verzweiflung,3.0248159475239254,0.01902502536398719,0.06083516467584863,-0.056839197929774675,Verzweiflung
skelett+e verzweiflung,3.0248159475239254,0.01902502536398719,0.06083516467584863,-0.056839197929774675,skelett+e verzweiflung
verzweiflung antik+en,2.95930153434098,0.015977947579982724,0.06613769574607728,-0.055130144835642735,verzweiflung antik+en
Stadtbewohner,2.931649852722917,0.014649599448371667,0.0684319834763675,-0.05438580014630664,Stadtbewohner
antik+en stadt+bewohner,2.931649852722917,0.014649599448371667,0.0684319834763675,-0.05438580014630664,antik+en stadt+bewohner
deutlich,2.8873346676789744,0.012465720155951463,0.07218142095203886,-0.05316303376720176,deutlich
stadt+bewohner deutlich,2.8873346676789744,0.012465720155951463,0.07218142095203886,-0.05316303376720176,stadt+bewohner deutlich
letzter,6.621288528514015,0.09462536748851752,-0.09246803924218296,-0.09933012194765178,letzter
ein letzt+er,2.847458642053291,0.010440182860886786,0.07563430393079876,-0.05203005772038995,ein letzt+er
verzweifelter,2.826389667062153,0.009345915713924959,0.07748990036234735,-0.05141845510550492,verzweifelter
letzt+er verzweifel+t+er,2.826389667062153,0.009345915713924959,0.07748990036234735,-0.05141845510550492,letzt+er verzweifel+t+er
Fluchtversuch,2.7921336073837066,0.00752992443920858,0.08055439093811527,-0.050404223702432686,Fluchtversuch
verzweifel+t+er flucht+versuch,2.7921336073837066,0.00752992443920858,0.08055439093811527,-0.050404223702432686,verzweifel+t+er flucht+versuch
Rettung,2.7300153522111756,0.004115095472716107,0.08626704679988625,-0.0484996910250148,Rettung
flucht+versuch rettung,2.7300153522111756,0.004115095472716107,0.08626704679988625,-0.0484996910250148,flucht+versuch rettung
rettung fast,2.712769838264168,0.003137930946112474,0.08788992016834873,-0.04795536278778532,rettung fast
Katastrophe,5.425721828538856,0.07343069249367805,-0.0526221052856936,-0.08365660333703624,Katastrophe
jahr+e katastrophe,2.669009918329287,0.0005987151491161839,0.09208281853488644,-0.04654232165629994,jahr+e katastrophe
katastrophe pompeji,2.643771035580721,-0.0009061361646305174,0.09455137991801094,-0.045705888000384096,katastrophe pompeji
pompeji geb+en,2.631857753149635,-0.0016270571764147959,0.09572971707153986,-0.04530545121703926,pompeji geb+en
geb+en zwei,2.8187804673142858,0.008946518013373761,0.07816548189960901,-0.0511953099497355,geb+en zwei
Opfer,5.129982538549385,0.07554412635818429,-0.049191407031711036,-0.08868905168209668,Opfer
entdeck+t+e opfer,2.59730151586992,-0.0037578232402482275,0.09919643487455244,-0.044122952907259504,entdeck+t+e opfer
Vesuvausbruchs,2.58449805423272,-0.004562638085561225,0.10049968281192327,-0.043676720406619504,Vesuvausbruchs
opfer vesuv+ausbruch+s,2.58449805423272,-0.004562638085561225,0.10049968281192327,-0.043676720406619504,opfer vesuv+ausbruch+s
vesuv+ausbruch+s beklemmend+en,2.559269721434791,-0.006173508700075344,0.10309812062278219,-0.04278425710677066,vesuv+ausbruch+s beklemmend+en
Einblick,2.5446720927351443,-0.007121109925225906,0.10462043403488815,-0.04225969762779192,Einblick
beklemmend+en einblick,2.5446720927351443,-0.007121109925225906,0.10462043403488815,-0.04225969762779192,beklemmend+en einblick
+2965,2.52356898246091,-0.008511661186517916,0.10684605892589637,-0.04149052978713563,+2965
einblick +2965,2.52356898246091,-0.008511661186517916,0.10684605892589637,-0.04149052978713563,einblick +2965
+2965 char+s,2.517533208682929,-0.008913949423467763,0.10748810781075625,-0.0412681416257955,+2965 char+s
forscher neu+e,4.396381456014982,-0.05812603967876966,0.08085719789643268,0.03736826998577545,forscher neu+e
erkenntnis+se vulkan,7.737765953269621,-0.039286260320388566,0.015342625529002365,0.04441740333533516,erkenntnis+se vulkan
Lange,7.5769720895800585,-0.03992656027812683,0.01756053190701372,0.04422225779001417,Lange
ruhig lang+e,6.717982643161748,-0.04368186341252728,0.03056499653157552,0.043023303609759284,ruhig lang+e
zeit gelt,8.33578022604515,-0.037051976001229774,0.0075993366920473916,0.045078544449045285,zeit gelt
gelt vulkan,13.016698354013446,-0.024797472599240308,-0.0351513059297267,0.04823640931613546,gelt vulkan
griechenland inaktiv,6.162781087371089,-0.04646576264545716,0.04021033435540184,0.04207003150946111,griechenland inaktiv
tief,4.648068039132458,-0.05611919129825001,0.07381682722799843,0.03826852410670141,tief
erkenntnis+se forscher+n,4.990672993873869,-0.053604667922763874,0.06502711708206499,0.03933976894721954,erkenntnis+se forscher+n
forscher+n vulkan,7.737765953269621,-0.039286260320388566,0.015342625529002365,0.04441740333533516,forscher+n vulkan
Tongefäß,2.593403416738897,-0.004001961736577362,0.09959212751110218,-0.0439875653939756,Tongefäß
opfer ton+gefäß,2.593403416738897,-0.004001961736577362,0.09959212751110218,-0.0439875653939756,opfer ton+gefäß
schützen,2.605250145881415,-0.0032623997929361157,0.09839251196624037,-0.04439775500901656,schützen
ton+gefäß schütz+en,2.605250145881415,-0.0032623997929361157,0.09839251196624037,-0.04439775500901656,ton+gefäß schütz+en
schütz+en bei,2.6175712676619174,-0.002500748451500207,0.09715407829024782,-0.044820394871273386,schütz+en bei
bei neu+en,2.623208052151985,-0.002154827157837593,0.09659061038581639,-0.04501241239719148,bei neu+en
Ausgrabungen,2.631857753149635,-0.0016270571764147959,0.09572971707153986,-0.04530545121703926,Ausgrabungen
neu+en ausgrabung+en,2.631857753149635,-0.0016270571764147959,0.09572971707153986,-0.04530545121703926,neu+en ausgrabung+en
Nekropole,2.6625139566637266,0.0002142766580926873,0.09271460118360347,-0.046328569641220486,Nekropole
ausgrabung+en nekropole,2.6625139566637266,0.0002142766580926873,0.09271460118360347,-0.046328569641220486,ausgrabung+en nekropole
Porta,2.6858335956660326,0.0015852431179414744,0.09045794072113875,-0.04709106405443362,Porta
nekropole porta,2.6858335956660326,0.0015852431179414744,0.09045794072113875,-0.04709106405443362,nekropole porta
Stabia,2.6963516230878817,0.002195421929971501,0.08945031143028714,-0.04743062586445142,Stabia
porta stabia,2.6963516230878817,0.002195421929971501,0.08945031143028714,-0.04743062586445142,porta stabia
stabia pompeji,2.714643899555126,0.0032447511687407875,0.0877127670145093,-0.04801485221476993,stabia pompeji
pompeji archäologe+en,2.742007399619956,0.0047869773042192865,0.0851481527487116,-0.04887413495269138,pompeji archäologe+en
Überreste,2.776127078392218,0.006665311398269787,0.08200691988753976,-0.04992167575035883,Überreste
archäologe+en überrest+e,2.776127078392218,0.006665311398269787,0.08200691988753976,-0.04992167575035883,archäologe+en überrest+e
überrest+e zwei,2.8088686447070317,0.00842286903177765,0.07904986777061895,-0.050902814301231745,überrest+e zwei
Männern,2.8212998556693134,0.009079006726516901,0.07794147727529065,-0.05126932690207833,Männern
zwei mann+ern,2.8212998556693134,0.009079006726516901,0.07794147727529065,-0.05126932690207833,zwei mann+ern
mann+ern entdeck+t,2.8420816283727177,0.010162522757707432,0.07610579004286475,-0.051874837458912464,mann+ern entdeck+t
entdeck+t bei,2.8813844895599994,0.012167177933869846,0.07269182381370227,-0.05299597559579348,entdeck+t bei
ums,20.78791646345702,0.1026513608934731,-0.18601526631113982,-0.0714417865714691,ums
chr. um,3.033213435687985,0.01940577929750134,0.06016864701985585,-0.057052907580564284,chr. um
um leben,20.062526346250344,0.1040039496521735,-0.1852862500221607,-0.07394450996460504,um leben
leben komm+en,3.077735168779035,0.021388757586387964,0.056683115629286004,-0.05816643074989207,leben komm+en
Funde,3.132269775919542,0.023738886571645277,0.052520852939006824,-0.0594871941343567,Funde
der fund+e,3.132269775919542,0.023738886571645277,0.052520852939006824,-0.0594871941343567,der fund+e
fund+e liefer+n,3.164893944750641,0.02510517646125206,0.0500851892555773,-0.060255545081253886,fund+e liefer+n
liefer+n weit+er+e,3.2120906397592695,0.0270316273097658,0.04663086116756969,-0.06133949514590568,liefer+n weit+er+e
weit+er+e einblick+e,3.2641913343166733,0.029092396019324767,0.042909352032368744,-0.06249972787430025,weit+er+e einblick+e
einblick+e katastrophe,3.395747175321892,0.03401077014114906,0.033914948963765866,-0.06527139951408815,einblick+e katastrophe
katastrophe ein,3.2641913343166733,0.029092396019324767,0.042909352032368744,-0.06249972787430025,katastrophe ein
ein mann,3.7127410243288663,7.429572922009852e-05,-0.01687433523123146,0.007616706515270469,ein mann
ver…,6.427607427187249,0.009901660642116923,-0.009828268430970054,-0.009093629888833839,ver…
mann ver…,3.629455861811744,0.041864263692998394,0.01921248428022784,-0.06970273739335311,mann ver…
ver… nach,3.6977499154503635,0.04397223004595427,0.015192233707536624,-0.07089291337742072,ver… nach
nach angabe+n,7.5560219242887285,-0.09752098809375181,0.4165080468555607,-0.11923397726987489,nach angabe+n
Forschenden,4.000820159964734,0.05246929693527937,-0.0013455094557886323,-0.07569125952187507,Forschenden
angabe+n forsch+end+en,4.000820159964734,0.05246929693527937,-0.0013455094557886323,-0.07569125952187507,angabe+n forsch+end+en
versuchten,5.578999311157494,0.08226213970592938,-0.064013673508718,-0.09245100832165709,versuchten
forsch+end+en versuch+ten,4.326395416223146,0.0603010091639695,-0.01708291220776371,-0.0801113904213581,forsch+end+en versuch+ten
beide,4.797959690176683,0.06983039381585601,-0.036916325233223767,-0.08547938050309276,beide
versuch+ten beide,4.797959690176683,0.06983039381585601,-0.036916325233223767,-0.08547938050309276,versuch+ten beide
Männer,5.200171506615716,0.07666475358998573,-0.05163409623489252,-0.08931755024325774,Männer
beide mann+er,5.200171506615716,0.07666475358998573,-0.05163409623489252,-0.08931755024325774,beide mann+er
mann+er vulkan+ausbruch,9.025995065839378,0.11330271483798048,-0.13865311980520803,-0.1095783419988753,mann+er vulkan+ausbruch
vulkan+ausbruch richtung,4.980051759685041,0.0730521679128798,-0.043801280386591326,-0.0872902082972486,vulkan+ausbruch richtung
richtung küste,4.511461415792816,0.06426668323861758,-0.02524246146380918,-0.08234711062436541,richtung küste
fliehen,4.202626572642597,0.05746206539778392,-0.01132144827029291,-0.07850970592058268,fliehen
küste flieh+en,4.202626572642597,0.05746206539778392,-0.01132144827029291,-0.07850970592058268,küste flieh+en
flieh+en sterb+en,3.9789514710656255,0.05189869240677353,-0.00021783378280445812,-0.07536906304392954,flieh+en sterb+en
sterb+en jedoch,3.8242506068237736,0.04767990860771247,0.008042493558716949,-0.07298665436750718,sterb+en jedoch
unterschiedlichen,3.669558309870068,0.043111504140234756,0.01683765110640031,-0.07040691530362339,unterschiedlichen
jedoch unterschiedlich+en,3.669558309870068,0.043111504140234756,0.01683765110640031,-0.07040691530362339,jedoch unterschiedlich+en
Zeitpunkten,3.460583206010043,0.0362960146465808,0.029680721687973588,-0.06656025737372465,Zeitpunkten
unterschiedlich+en zeit+punkt+en,3.460583206010043,0.0362960146465808,0.029680721687973588,-0.06656025737372465,unterschiedlich+en zeit+punkt+en
jüngere,3.3145221336726367,0.031020718465562244,0.03940202098602467,-0.0635859986303665,jüngere
ein jung+er+e,3.3145221336726367,0.031020718465562244,0.03940202098602467,-0.0635859986303665,ein jung+er+e
jung+er+e mann,3.257381199873897,0.02882683692623576,0.04339046247563661,-0.06235017666760115,jung+er+e mann
mann werd+e,3.224623755627476,0.027533543179863677,0.045726981520980224,-0.06162201363045274,mann werd+e
vermutlich,3.1879287840569557,0.026052667804323824,0.04838918950702204,-0.06078858397884204,vermutlich
werd+e vermutlich,3.1879287840569557,0.026052667804323824,0.04838918950702204,-0.06078858397884204,werd+e vermutlich
eine…,3.106690581181284,0.02264710015254894,0.05445875797846389,-0.05887347494890671,eine…
vermutlich eine…,3.106690581181284,0.02264710015254894,0.05445875797846389,-0.05887347494890671,vermutlich eine…
+2631,3.0730811244391014,0.02118423216547089,0.05704372940726161,-0.05805154214011941,+2631
eine… +2631,3.0730811244391014,0.02118423216547089,0.05704372940726161,-0.05805154214011941,eine… +2631
+2631 chars,3.046114372339011,0.01998651569603357,0.05915035950413442,-0.05737892582699849,+2631 chars
Spektakulärer,2.9418052278598723,0.015140454137702727,0.0675854055102973,-0.054660801014825365,Spektakulärer
Skelett-Fund,2.9927441887718844,0.01755057405462184,0.06340795825950771,-0.05601193032141534,Skelett-Fund
spektakulär+er skelett+-+fund,2.9927441887718844,0.01755057405462184,0.06340795825950771,-0.05601193032141534,spektakulär+er skelett+-+fund
Geheimnis,3.054925953519041,0.020380269249677656,0.058458766121609815,-0.05760001653059667,Geheimnis
skelett+-+fund geheimnis,3.054925953519041,0.020380269249677656,0.058458766121609815,-0.05760001653059667,skelett+-+fund geheimnis
Pompeji-Opfer,5.256513017710787,0.0775442201323929,-0.053559366633656506,-0.08981053827375056,Pompeji-Opfer
geheimnis pompeji-opf+er,3.1167564704053774,0.02307892852424571,0.053693157262035274,-0.059116187588250886,geheimnis pompeji-opf+er
gelüftet,3.1938600272574216,0.026294380442762985,0.0479556133318008,-0.06092459247288897,gelüftet
pompeji-opf+er ge+lüft+et,3.1938600272574216,0.026294380442762985,0.0479556133318008,-0.06092459247288897,pompeji-opf+er ge+lüft+et
ge+lüft+et forscher,3.250659794592285,0.028563629790076914,0.043866860229078895,-0.0622019610684186,ge+lüft+et forscher
Künstliche,6.247276078774975,0.05874383640659747,-0.051682440618658614,-0.06108019510360377,Künstliche
forscher künstlich+e,3.3617977385289457,0.032778768172557524,0.03618303118752537,-0.06457681564886454,forscher künstlich+e
Intelligenz,5.42123600329639,0.04003194293649557,-0.021013229544571285,-0.04721211622099955,Intelligenz
künstlich+e intelligenz,5.42123600329639,0.04003194293649557,-0.021013229544571285,-0.04721211622099955,künstlich+e intelligenz
genutzt,3.591741582704836,0.04066603298512295,0.021483532562377842,-0.06902631146838943,genutzt
intelligenz ge+nutz+t,3.591741582704836,0.04066603298512295,0.021483532562377842,-0.06902631146838943,intelligenz ge+nutz+t
Aussehen,4.608359262571472,0.0662217244815866,-0.029313972937462376,-0.08344841917957826,Aussehen
ge+nutz+t aus+seh+en,3.8242506068237736,0.04767990860771247,0.008042493558716949,-0.07298665436750718,ge+nutz+t aus+seh+en
aus+seh+en letzt+en,4.957969540096377,0.07267328180756245,-0.04298673415628084,-0.08707738129270465,aus+seh+en letzt+en
Augenblicke,4.471224198341327,0.06343116280402725,-0.023512368316312083,-0.08187625731132268,Augenblicke
letzt+en auge+n+blick+e,4.471224198341327,0.06343116280402725,-0.023512368316312083,-0.08187625731132268,letzt+en auge+n+blick+e
Opfers,6.400308661915876,0.09240044150179533,-0.08710570011664429,-0.0981550179065494,Opfers
auge+n+blick+e opfer+s,5.698890137110313,0.08389108143585029,-0.06767355683049442,-0.09336090496533976,auge+n+blick+e opfer+s
opfer+s vulkan+ausbruch+s,9.025995065839378,0.11330271483798048,-0.13865311980520803,-0.1095783419988753,opfer+s vulkan+ausbruch+s
rekonstruieren,4.980051759685041,0.0730521679128798,-0.043801280386591326,-0.0872902082972486,rekonstruieren
vulkan+ausbruch+s rekonstruier+en,4.980051759685041,0.0730521679128798,-0.043801280386591326,-0.0872902082972486,vulkan+ausbruch+s rekonstruier+en
weiterlesenPompeji,3.6425456440956934,0.042274372625923554,0.01843283942318203,-0.06993427150377586,weiterlesenPompeji
überspringenartikel weiterlesenpompeji,3.6425456440956934,0.042274372625923554,0.01843283942318203,-0.06993427150377586,überspringenartikel weiterlesenpompeji
weiterlesenpompeji italien,3.4226351419162597,0.034969043708640166,0.03214372562383921,-0.06581178638222063,weiterlesenpompeji italien
rannte,3.3221193928236574,0.03130665127249917,0.03887987259063422,-0.06374711810512014,rannte
italien renn+e,3.3221193928236574,0.03130665127249917,0.03887987259063422,-0.06374711810512014,italien renn+e
renn+e leben,3.218318202424834,0.027281520975369917,0.04618104008495672,-0.06148014996257978,renn+e leben
leben fast,3.1820679293834986,0.025812921028411078,0.048818872122661394,-0.060653691993779804,leben fast
spät+er letzt+er,3.020676222559949,0.01883652188447136,0.06116481877753961,-0.056733406778239785,spät+er letzt+er
Moment,5.236747203880461,-0.005447335750843362,0.02200388902629626,-0.0028906599428796553,Moment
letzt+er moment,2.9888965936696645,0.017371493220160784,0.06371954883487674,-0.05591148826590147,letzt+er moment
sichtbar,2.962890067007519,0.016148454573618815,0.06584244458761014,-0.055225720701400964,sichtbar
moment sicht+bar,2.962890067007519,0.016148454573618815,0.06584244458761014,-0.055225720701400964,moment sicht+bar
Italienische,3.8572935931917667,0.04860888728790701,0.006235123285066323,-0.07351127975947958,Italienische
italienisch+e forscher,3.798458202795891,0.0469437237268511,0.009470196861295853,-0.07257090839380792,italienisch+e forscher
forscher erst+en,2.8341549035085296,0.009751196271799455,0.07680344305138156,-0.05164493333915184,forscher erst+en
mal künstlich+e,2.8064312111896252,0.00829350556652265,0.07926811019592298,-0.050830567672302096,mal künstlich+e
Int…,2.780629151404197,0.006909549842132739,0.08159702840702322,-0.05005796485466977,Int…
künstlich+e int…,2.780629151404197,0.006909549842132739,0.08159702840702322,-0.05005796485466977,künstlich+e int…
+2187,2.767287450203345,0.006183337806491668,0.0828148140565289,-0.04965277880359938,+2187
int… +2187,2.767287450203345,0.006183337806491668,0.0828148140565289,-0.04965277880359938,int… +2187
+2187 chars,2.754422857977233,0.005476112752946819,0.08399794476522242,-0.04925833901986921,+2187 chars
vulkan+ausbruch jahr,4.855129070241646,0.07086630047754881,-0.03911989015003534,-0.08606188605686603,vulkan+ausbruch jahr
jahr wie,4.432714972736922,0.0626179754070017,-0.021834179363916652,-0.08141788874253245,jahr wie
wie letzt+en,4.000820159964734,0.05246929693527937,-0.0013455094557886323,-0.07569125952187507,wie letzt+en
Momente,4.600563229531161,0.06606732395174392,-0.028991229681231072,-0.08336146665626738,Momente
letzt+en moment+e,4.600563229531161,0.06606732395174392,-0.028991229681231072,-0.08336146665626738,letzt+en moment+e
Pompeji-Opfers,3.629455861811744,0.041864263692998394,0.01921248428022784,-0.06970273739335311,Pompeji-Opfers
moment+e pompeji-opfer+s,3.629455861811744,0.041864263692998394,0.01921248428022784,-0.06970273739335311,moment+e pompeji-opfer+s
rekonstruiert,5.084554054918752,0.07480352283342774,-0.04758349398547503,-0.08827349337474331,rekonstruiert
pompeji-opfer+s rekonstruier+t,3.460583206010043,0.0362960146465808,0.029680721687973588,-0.06656025737372465,pompeji-opfer+s rekonstruier+t
versunkenen,3.285174326936835,0.02990359691307677,0.04143686458120159,-0.06295662872014551,versunkenen
rekonstruier+t versink+en+en,3.285174326936835,0.02990359691307677,0.04143686458120159,-0.06295662872014551,rekonstruier+t versink+en+en
versink+en+en stadt,3.205939457848971,0.026783828067500168,0.047076517045480555,-0.06120002981828352,versink+en+en stadt
pompeji forscher,3.096836607095557,0.022221575933809485,0.05521204867806594,-0.05863434257150239,pompeji forscher
per,3.054925953519041,0.020380269249677656,0.058458766121609815,-0.05760001653059667,per
forscher per,3.054925953519041,0.020380269249677656,0.058458766121609815,-0.05760001653059667,forscher per
per opfer,3.5335797867698737,0.03876818709159365,0.025059823314300147,-0.0679551382301327,per opfer
Vesuv-Ausbruchs,2.9701598476116735,0.016492567996768348,0.06524604921573732,-0.05541863139091194,Vesuv-Ausbruchs
opfer vesuv+-+ausbruch+s,2.9701598476116735,0.016492567996768348,0.06524604921573732,-0.05541863139091194,opfer vesuv+-+ausbruch+s
vesuv+-+ausbruch+s fast,2.90261014844243,0.013226323608464905,0.07087871944325241,-0.053588758924831593,vesuv+-+ausbruch+s fast
2000 jahr+en,3.836565993168896,-0.0019946880356804886,0.05081329366007244,-0.021647343355589852,2000 jahr+en
jahr+en rekonstruier+t,3.460583206010043,0.0362960146465808,0.029680721687973588,-0.06656025737372465,jahr+en rekonstruier+t
Achäologiepark,2.8040096320966668,0.008164750789515935,0.07948523213773692,-0.050758665796916666,Achäologiepark
der achäologiepark,2.8040096320966668,0.008164750789515935,0.07948523213773692,-0.050758665796916666,der achäologiepark
spricht,4.321208803309528,0.060185184158963276,-0.016846563687273206,-0.08004606094373119,spricht
achäologiepark sprech+t,2.769477143740604,0.006303029417685761,0.08261430507484673,-0.049719549212657525,achäologiepark sprech+t
experimentellen,2.7300153522111756,0.004115095472716107,0.08626704679988625,-0.0484996910250148,experimentellen
sprech+t experimentell+en,2.7300153522111756,0.004115095472716107,0.08626704679988625,-0.0484996910250148,sprech+t experimentell+en
Prototyp,2.6999320395021438,0.0024019891734753003,0.08910873692770395,-0.04754560679686865,Prototyp
experimentell+en prototyp,2.6999320395021438,0.0024019891734753003,0.08910873692770395,-0.04754560679686865,experimentell+en prototyp
forscher erstmals,2.6362730992414702,-0.0013590630080664102,0.09529200481790319,-0.045454288491756485,forscher erstmals
erstmals künstlich+e,2.623208052151985,-0.002154827157837593,0.09659061038581639,-0.04501241239719148,erstmals künstlich+e
eingesetzt,2.585754289168308,-0.0044832979416445495,0.10037135565040356,-0.04372070070612062,eingesetzt
intelligenz ein+ge+setz+t,2.585754289168308,-0.0044832979416445495,0.10037135565040356,-0.04372070070612062,intelligenz ein+ge+setz+t
ein+ge+setz+t aus+seh+en,2.562744745922709,-0.005949620553551978,0.10273777435182926,-0.04290824129300789,ein+ge+setz+t aus+seh+en
moment+e opfer+s,2.5213921821021437,-0.00834303895853305,0.1068284238843408,-0.041718951070018113,moment+e opfer+s
opfer+s verheerend+en,2.5115522167132895,-0.00862824394511789,0.10758241511052638,-0.04172171407026273,opfer+s verheerend+en
verheerend+en ausbruch+s,2.5004006519535036,-0.00895380643606809,0.10844232770570456,-0.04172496701750717,verheerend+en ausbruch+s
ausbruch+s vesuv+s,2.4889290451289767,-0.009291341413555686,0.1093329959015474,-0.04172845033562058,ausbruch+s vesuv+s
vesuv+s jahr,2.4810536115430737,-0.009524626354571783,0.10994805909676265,-0.041730923325825335,vesuv+s jahr
jahr pompeji,2.472678296878627,-0.009774129261274564,0.11060541498404908,-0.041733627200757954,jahr pompeji
rekons…,2.4645876986967044,-0.010016544337595365,0.11124363518301493,-0.041736312369617404,rekons…
pompeji rekons…,2.4645876986967044,-0.010016544337595365,0.11124363518301493,-0.041736312369617404,pompeji rekons…
+1835,2.4581687748162544,-0.010209855148767287,0.11175224976711068,-0.04173849448870772,+1835
rekons… +1835,2.4581687748162544,-0.010209855148767287,0.11175224976711068,-0.04173849448870772,rekons… +1835
+1835 chars,2.453985462386261,-0.010336310592060966,0.11208480664606082,-0.04173994148381925,+1835 chars
Rätselhafter,3.038997464943674,-0.07231252467664254,0.13155620208061392,0.029663414142216137,Rätselhafter
rätselhaft+er feuer+berg,3.132470920647843,-0.07109048793112173,0.12710885161157698,0.03043100504254626,rätselhaft+er feuer+berg
feuer+berg was,3.22905546466447,-0.06987604811376458,0.12270642049903614,0.03117266903751726,feuer+berg was
was ätna,3.3131024737639194,-0.06885667697178337,0.1190239007495004,0.03177933433947671,was ätna
ätna einzigartig,3.4128938142003227,-0.06768876050585469,0.11481850961150075,0.03245704806338409,ätna einzigartig
einzigartig mach+t,3.6054457168722367,-0.06555500973111471,0.10717128256156058,0.03364888430537068,einzigartig mach+t
mach+t der,3.7302931740507197,-0.06424867362870469,0.10251097507561893,0.03435003064837867,mach+t der
ätna gut+esten,4.453038325241243,-0.05766142328346752,0.07922505050098555,0.037580393640295015,ätna gut+esten
erforschte,4.990672993873869,-0.053604667922763874,0.06502711708206499,0.03933976894721954,erforschte
gut+esten erforsch+te,4.990672993873869,-0.053604667922763874,0.06502711708206499,0.03933976894721954,gut+esten erforsch+te
erforsch+te vulkan,7.737765953269621,-0.039286260320388566,0.015342625529002365,0.04441740333533516,erforsch+te vulkan
entstanden,3.898787389352341,-0.058171748955974295,0.09327742206610161,0.03136341844373496,entstanden
doch entsteh+en,3.898787389352341,-0.058171748955974295,0.09327742206610161,0.03136341844373496,doch entsteh+en
Analyse,3.6975970450486755,-0.014047024566607114,0.06472044013626661,-0.011990936196518875,Analyse
der analyse,3.6975970450486755,-0.014047024566607114,0.06472044013626661,-0.011990936196518875,der analyse
Lavaproben,3.9061647521376206,0.0888239789375831,-0.03340255695560741,-0.11828910460292452,Lavaproben
analyse lavaprobe+n,3.9061647521376206,0.0888239789375831,-0.03340255695560741,-0.11828910460292452,analyse lavaprobe+n
liefert,9.899148147095293,0.10927637015345525,-0.14167428914893784,-0.10140204930782956,liefert
lavaprobe+n liefer+t,3.4508181441524486,0.0026060846688739604,0.058875447134107244,-0.03215012553183885,lavaprobe+n liefer+t
liefer+t neu+e,8.801456177787939,0.09793940938327367,-0.12027426545727381,-0.09207237689711381,liefer+t neu+e
3400,3.2696542101494166,-0.051403552450447594,0.10766315380493392,0.0156285722539329,3400
der 3400,3.2696542101494166,-0.051403552450447594,0.10766315380493392,0.0156285722539329,der 3400
3400 meter,3.3025774514500084,-0.057185909272801594,0.1108203639207647,0.02136547277712959,3400 meter
hoch+e ätna,3.3993885982544656,-0.06784422756001642,0.11537748347013654,0.03236788744547279,hoch+e ätna
Weitem,3.913337599963225,-0.0624324167903752,0.09605669626195706,0.035290310410650415,Weitem
sizilien weite+m,3.913337599963225,-0.0624324167903752,0.09605669626195706,0.035290310410650415,sizilien weite+m
größte,4.343180568946109,-0.058569473583329236,0.08241623255212518,0.037163694605423195,größte
weite+m groß,4.343180568946109,-0.058569473583329236,0.08241623255212518,0.037163694605423195,weite+m groß
groß aktiv+st+e,5.216296630910588,-0.0520689481405248,0.05967367231443781,0.03996455139060235,groß aktiv+st+e
merkwürdigste,3.753634295891563,-0.06401071634370434,0.10166373975760264,0.03447548210731276,merkwürdigste
passt,3.4267300322359455,-0.06753030369001255,0.11424904294203177,0.03254759381937858,passt
pass+t klassisch+e,3.1827887321846973,-0.07045188496969924,0.12479176870814288,0.030823596025204302,pass+t klassisch+e
Differenzierung,3.094248658331703,-0.07158445764662277,0.12890441280363293,0.03012333430875111,Differenzierung
klassisch+e differenzierung,3.094248658331703,-0.07158445764662277,0.12890441280363293,0.03012333430875111,klassisch+e differenzierung
Schild-,2.9405095413806968,-0.07365343712309341,0.13645708608453755,0.028795896037001077,Schild-
differenzierung schild+-,2.9405095413806968,-0.07365343712309341,0.13645708608453755,0.028795896037001077,differenzierung schild+-
+6099,2.882739939217457,-0.07446705972605182,0.1394418354328894,0.02825631201990845,+6099
schild+- +6099,2.882739939217457,-0.07446705972605182,0.1394418354328894,0.02825631201990845,schild+- +6099
+6099 chars,2.856712304171416,-0.07484048629091594,0.14081460590995493,0.028005261059668662,+6099 chars
Magmaschlot,4.743886945705565,0.06882899502510359,-0.03479522954605543,-0.08491605627698341,Magmaschlot
Seltsamer,5.828318408680291,0.08558104310183758,-0.07149845344850148,-0.09430384455031353,Seltsamer
magmaschlot seltsam+er,5.828318408680291,0.08558104310183758,-0.07149845344850148,-0.09430384455031353,magmaschlot seltsam+er
seltsam+er vulkan+ausbruch,9.025995065839378,0.11330271483798048,-0.13865311980520803,-0.1095783419988753,seltsam+er vulkan+ausbruch
scheiterte,5.284466230688716,0.07797411957577595,-0.05450313215215687,-0.09005143527345406,scheiterte
vulkan+ausbruch scheiter+te,5.284466230688716,0.07797411957577595,-0.05450313215215687,-0.09005143527345406,vulkan+ausbruch scheiter+te
scheiter+te letzt+er,4.471224198341327,0.06343116280402725,-0.023512368316312083,-0.08187625731132268,scheiter+te letzt+er
Sekunde,4.202626572642597,0.05746206539778392,-0.01132144827029291,-0.07850970592058268,Sekunde
letzt+er sekunde,4.202626572642597,0.05746206539778392,-0.01132144827029291,-0.07850970592058268,letzt+er sekunde
Kuriose,4.000820159964734,0.05246929693527937,-0.0013455094557886323,-0.07569125952187507,Kuriose
sekunde kurios+e,4.000820159964734,0.05246929693527937,-0.0013455094557886323,-0.07569125952187507,sekunde kurios+e
Wechselwirkung,3.8418476540943467,0.04817659210012441,0.007076977582567494,-0.07326714818144162,Wechselwirkung
kurios+e wechsel+wirkung,3.8418476540943467,0.04817659210012441,0.007076977582567494,-0.07326714818144162,kurios+e wechsel+wirkung
wechsel+wirkung tiefe,3.5335797867698737,0.03876818709159365,0.025059823314300147,-0.0679551382301327,wechsel+wirkung tiefe
Binnen,3.460583206010043,0.0362960146465808,0.029680721687973588,-0.06656025737372465,Binnen
tiefe binnen,3.460583206010043,0.0362960146465808,0.029680721687973588,-0.06656025737372465,tiefe binnen
weniger,3.395747175321892,0.03401077014114906,0.033914948963765866,-0.06527139951408815,weniger
binnen wenig+er,3.395747175321892,0.03401077014114906,0.033914948963765866,-0.06527139951408815,binnen wenig+er
wenig+er tag+e,3.329825805636587,0.03159534372746899,0.03835213665009816,-0.06390980429718701,wenig+er tag+e
strömte,3.3488497148861396,0.02888483512598032,0.04004198512622413,-0.06071786171016588,strömte
tag+e ström+te,3.3488497148861396,0.02888483512598032,0.04004198512622413,-0.06071786171016588,tag+e ström+te
geschmolzenes,3.3957169429710814,0.024584601986335525,0.04213514151281909,-0.05539984467346384,geschmolzenes
ström+te ge+schmelz+en+es,3.3957169429710814,0.024584601986335525,0.04213514151281909,-0.05539984467346384,ström+te ge+schmelz+en+es
ge+schmelz+en+es gestein,3.5007296544533033,0.017698390931554682,0.04451537382705974,-0.04651019883888634,ge+schmelz+en+es gestein
gestein kilo+meter,3.6107574670616653,0.012704993269733698,0.04523587885056943,-0.039650668796747605,gestein kilo+meter
kilo+meter richtung,3.7414725540051252,0.008375882558382204,0.04491246284055033,-0.033295595582568976,kilo+meter richtung
Oberfläche,3.896446702158477,0.004578700789657629,0.04364854337242751,-0.027288750567702868,Oberfläche
richtung oberfläche,3.896446702158477,0.004578700789657629,0.04364854337242751,-0.027288750567702868,richtung oberfläche
oberfläche ganz,4.50625665542283,-0.003876216069633144,0.035448997272016156,-0.011492998634814507,oberfläche ganz
ganz knapp,4.78662744668026,-0.006068443432391737,0.031231429522151483,-0.006452024486213779,ganz knapp
knapp vulkan,9.025995065839378,0.11330271483798048,-0.13865311980520803,-0.1095783419988753,knapp vulkan
steckenzubleiben,5.6897252370337235,-0.01141736496327531,0.01921894338825479,0.006487972112346578,steckenzubleiben
vulkan stecken+zu+bleib+en,5.6897252370337235,-0.01141736496327531,0.01921894338825479,0.006487972112346578,vulkan stecken+zu+bleib+en
vulkan+e ganz,4.578372518371929,-0.011681059947216233,0.04029541446467015,-0.0031935134459869148,vulkan+e ganz
unterschiedliche,4.340422324292934,-0.01113712764674955,0.04527238659462083,-0.0063474840039781846,unterschiedliche
ganz unterschiedlich+e,4.340422324292934,-0.01113712764674955,0.04527238659462083,-0.0063474840039781846,ganz unterschiedlich+e
Arten,3.8440925122925247,-0.009997770606336923,0.057176021699826184,-0.013761272240304061,Arten
unterschiedlich+e art+en,3.8440925122925247,-0.009997770606336923,0.057176021699826184,-0.013761272240304061,unterschiedlich+e art+en
art+en aus+brech+en,3.729331781390399,-0.00978812406290445,0.06032281065607166,-0.01561673712994811,art+en aus+brech+en
aus+brech+en verheerend+en,3.544015806730846,0.00405289288128281,0.05462467307645834,-0.032044932267429035,aus+brech+en verheerend+en
Glutwolken,3.468036883874815,0.022645409777708632,0.04135295459563819,-0.05214192168199635,Glutwolken
verheerend+en glut+wolke+n,3.468036883874815,0.022645409777708632,0.04135295459563819,-0.05214192168199635,verheerend+en glut+wolke+n
glut+wolke+n spektakulär+en,3.4574148083568454,0.04952723281954247,0.017928385053244962,-0.08085269344163686,glut+wolke+n spektakulär+en
Lavaströmen,6.0246947203630485,0.15402897705481336,-0.1486469156182393,-0.1783076765762147,Lavaströmen
spektakulär+en lavaströme+n,3.7535876345245796,0.14720793765122414,-0.09017146557887372,-0.19421923574615801,spektakulär+en lavaströme+n
Bomben,3.2643472048429643,0.051177297971076445,0.023290344348002878,-0.08618221976843826,Bomben
lavaströme+n bombe+n,3.2643472048429643,0.051177297971076445,0.023290344348002878,-0.08618221976843826,lavaströme+n bombe+n
glühendem,3.1573987279480478,0.034756481601896504,0.0419897206453303,-0.07055482213639012,glühendem
bombe+n glüh+end+em,3.1573987279480478,0.034756481601896504,0.0419897206453303,-0.07055482213639012,bombe+n glüh+end+em
glüh+end+em gestein,3.08670182965325,0.025712627639364428,0.05262125948732921,-0.06247401206005175,glüh+end+em gestein
bemerkenswertesten,2.9635806446203588,0.013066602114771696,0.06840136094026934,-0.05205947593179885,bemerkenswertesten
doch bemerkenswert+est+en,2.9635806446203588,0.013066602114771696,0.06840136094026934,-0.05205947593179885,doch bemerkenswert+est+en
vulkanischen,2.891104039828459,0.0070935740550792225,0.07647856640842414,-0.047630425163545057,vulkanischen
bemerkenswert+est+en vulkanisch+en,2.891104039828459,0.0070935740550792225,0.07647856640842414,-0.047630425163545057,bemerkenswert+est+en vulkanisch+en
Ere…,2.8492712132493825,0.004019212473767911,0.08085531456404899,-0.045506908175448335,Ere…
vulkanisch+en ere…,2.8492712132493825,0.004019212473767911,0.08085531456404899,-0.045506908175448335,vulkanisch+en ere…
+1886,2.8316026103390906,0.0027884326017545164,0.08265487987090288,-0.04468958459966292,+1886
ere… +1886,2.8316026103390906,0.0027884326017545164,0.08265487987090288,-0.04468958459966292,ere… +1886
+1886 chars,2.814826936098861,0.0016527757445743683,0.08434059888597462,-0.04395273602078941,+1886 chars
bleibt,6.963340401744786,-0.013281264539431174,0.06256811322879317,-0.011959459191559173,bleibt
117 bleib+t,5.008571476678809,-0.053479544651110565,0.06459055540259476,0.03939149037279409,117 bleib+t
DLC-Test,4.0437578714501425,-0.06120421912427268,0.09170763988485155,0.03590413976418069,DLC-Test
bleib+t dlc-test,4.0437578714501425,-0.06120421912427268,0.09170763988485155,0.03590413976418069,bleib+t dlc-test
dlc-test verheißung,4.648068039132458,-0.05611919129825001,0.07381682722799843,0.03826852410670141,dlc-test verheißung
fragen,4.804780357916136,-0.054939933288420555,0.0696905927121341,0.03877856236083213,fragen
der frag+en,4.804780357916136,-0.054939933288420555,0.0696905927121341,0.03877856236083213,der frag+en
Ubisoft,3.828913949264684,-0.0632561251404635,0.09898033991016005,0.034868766534346216,Ubisoft
frag+en ubisoft,3.828913949264684,-0.0632561251404635,0.09898033991016005,0.034868766534346216,frag+en ubisoft
erst+e dlc,3.455451915105137,-0.06720399065396425,0.1130771393964067,0.03273301363239744,erst+e dlc
dlc anno,3.3607312655448767,-0.06829367478337027,0.11699486500576184,0.03210831735844496,dlc anno
GameStar-Wertung,3.0325435107075913,-0.07239867881144087,0.13187041879031414,0.029608477843028946,GameStar-Wertung
bleib+t gamestar-wertung,3.0325435107075913,-0.07239867881144087,0.13187041879031414,0.029608477843028946,bleib+t gamestar-wertung
erklären,5.545121547873238,-0.00473689446499889,0.016028323512089666,-0.0010319021250931074,erklären
wir erklär+en,2.910596694769112,-0.07407214448291585,0.1379920399129076,0.02851947579646651,wir erklär+en
Hintergründe,2.950982452745433,-0.07350813005158667,0.13592492073306808,0.028891203412144698,Hintergründe
erklär+en hintergrund+e,2.950982452745433,-0.07350813005158667,0.13592492073306808,0.028891203412144698,erklär+en hintergrund+e
Key-Situation,3.052191908129075,-0.07213712003362542,0.13091675426053884,0.029774924477031665,Key-Situation
hintergrund+e key-situation,3.052191908129075,-0.07213712003362542,0.13091675426053884,0.029774924477031665,hintergrund+e key-situation
wann,3.191704311026951,-0.07034008723830548,0.12438660803939877,0.030891731761764324,wann
key-situation wann,3.191704311026951,-0.07034008723830548,0.12438660803939877,0.030891731761764324,key-situation wann
finaler,3.3018274913479266,-0.0689914819470095,0.11951023685200242,0.03169992504069182,finaler
wann final+er,3.3018274913479266,-0.0689914819470095,0.11951023685200242,0.03169992504069182,wann final+er
Test,3.3993885982544656,-0.06784422756001642,0.11537748347013654,0.03236788744547279,Test
final+er test,3.3993885982544656,-0.06784422756001642,0.11537748347013654,0.03236788744547279,final+er test
test erschein+t,3.4703679565272507,-0.06703590495363257,0.11247390693083606,0.0328279793654835,test erschein+t
Jetzt,7.063028676055073,-0.042100730877546504,0.025089670747868224,0.04353976954516516,Jetzt
jetzt schon,3.8028900024162433,-0.06351479531264506,0.09989963989043325,0.03473472319029756,jetzt schon
schon anno,3.975683974490078,-0.061838764420945276,0.09395307033045289,0.035589181335442255,schon anno
kaufen,5.3489069002359715,-0.05120639688915587,0.056671091494934774,0.040306079356850676,kaufen
vulkan+s kauf+en,5.3489069002359715,-0.05120639688915587,0.056671091494934774,0.040306079356850676,vulkan+s kauf+en
der könn+t,4.343180568946109,-0.058569473583329236,0.08241623255212518,0.037163694605423195,der könn+t
natürlich,3.943846548360928,-0.06214039429007722,0.09502154926661767,0.0354378398880019,natürlich
könn+t natürlich,3.943846548360928,-0.06214039429007722,0.09502154926661767,0.0354378398880019,könn+t natürlich
gerne,3.68594342185921,-0.06470616304866253,0.1041412705494367,0.034106892002802675,gerne
natürlich gerne,3.68594342185921,-0.06470616304866253,0.1041412705494367,0.034106892002802675,natürlich gerne
tun,3.5687544706888525,-0.06595008903732869,0.10858385416980597,0.03343262490868097,tun
gerne tu+n,3.5687544706888525,-0.06595008903732869,0.10858385416980597,0.03343262490868097,gerne tu+n
GameStar-Test,3.3607312655448767,-0.06829367478337027,0.11699486500576184,0.03210831735844496,GameStar-Test
tu+n gamestar-test,3.3607312655448767,-0.06829367478337027,0.11699486500576184,0.03210831735844496,tu+n gamestar-test
gamestar-test dlc,3.1740318965206735,-0.07056208482673361,0.12519127830522628,0.030756261686553526,gamestar-test dlc
ausführlicher,3.1091661407545335,-0.07139074194381394,0.1281999210445208,0.030244409038461015,ausführlicher
dlc ausführlich+er,3.1091661407545335,-0.07139074194381394,0.1281999210445208,0.030244409038461015,dlc ausführlich+er
Kaufberatung,3.0137275499697984,-0.07265120294930055,0.13279193327239935,0.029446825538538775,Kaufberatung
ausführlich+er kauf+beratung,3.0137275499697984,-0.07265120294930055,0.13279193327239935,0.029446825538538775,ausführlich+er kauf+beratung
kauf+beratung erschein+t,2.9405095413806968,-0.07365343712309341,0.13645708608453755,0.028795896037001077,kauf+beratung erschein+t
erschein+t erst,2.8918118422514025,-0.07433791574681481,0.13896750593818544,0.028342634082373322,erschein+t erst
Mai-Wochenende,2.8323205436804693,-0.07519441780359182,0.14211740006447146,0.02776532052577186,Mai-Wochenende
erst mai+-+woche+n+ende,2.8323205436804693,-0.07519441780359182,0.14211740006447146,0.02776532052577186,erst mai+-+woche+n+ende
+3641,2.7481157135502805,-0.07644688631303918,0.14674110374956473,0.02690041637560653,+3641
der +3641,2.7481157135502805,-0.07644688631303918,0.14674110374956473,0.02690041637560653,der +3641
+3641 chars,2.7298177881276913,-0.07672555062344225,0.14777274787575745,0.026704582586746507,+3641 chars
verdeckt,8.159107344727154,0.01672762581729125,-0.03597566745262491,-0.006683057396929351,verdeckt
asche+wolke verdeck+t,8.159107344727154,0.01672762581729125,-0.03597566745262491,-0.006683057396929351,asche+wolke verdeck+t
verdeck+t himmel,9.578014218079646,-0.01591495371708011,-0.020453001529219195,0.030453254054010427,verdeck+t himmel
Vulkan-Ausbruch,7.737765953269621,-0.039286260320388566,0.015342625529002365,0.04441740333533516,Vulkan-Ausbruch
himmel vulkan+-+ausbruch,7.737765953269621,-0.039286260320388566,0.015342625529002365,0.04441740333533516,himmel vulkan+-+ausbruch
vulkan+-+ausbruch philippinen,4.245825604508112,-0.05939954428723556,0.08533814822122733,0.03677509295135843,vulkan+-+ausbruch philippinen
philippinen der,5.097659028450145,-0.052865357684872966,0.062448647366898875,0.03964325626508686,philippinen der
Mayon-Vulkan,9.175098522236041,-0.034253610355531025,-0.002112838871056607,0.045865639458812446,Mayon-Vulkan
der mayon-vulka+n,9.175098522236041,-0.034253610355531025,-0.002112838871056607,0.045865639458812446,der mayon-vulka+n
mayon-vulka+n philippinen,6.911863197327586,-0.04278054043759553,0.027443691893407583,0.04331985131653466,mayon-vulka+n philippinen
philippinen erneut,6.2791334754471,0.017032546935653405,-0.013976975957876923,-0.01716472738429504,philippinen erneut
umliegenden,4.702765482666709,-0.02131495831118971,0.0454634108853805,0.007220773401863551,umliegenden
himmel umliegend+en,4.702765482666709,-0.02131495831118971,0.0454634108853805,0.007220773401863551,himmel umliegend+en
Dörfern,4.769933378765451,-0.03428292339279141,0.054412511359515046,0.019905033444766768,Dörfern
umliegend+en dorf+ern,4.769933378765451,-0.03428292339279141,0.054412511359515046,0.019905033444766768,umliegend+en dorf+ern
Viralpress02.05…,2.8545415735380093,-0.048809028562179356,0.12194620237635075,0.004953639293771152,Viralpress02.05…
reuters viralpress02.05…,2.8545415735380093,-0.048809028562179356,0.12194620237635075,0.004953639293771152,reuters viralpress02.05…
+16,2.7838939273694985,-0.054229532301783616,0.12908055668666193,0.008213439050052946,+16
viralpress02.05… +16,2.7838939273694985,-0.054229532301783616,0.12908055668666193,0.008213439050052946,viralpress02.05… +16
+16 char+s,2.769948274318699,-0.05523525050717613,0.1304495109094374,0.00878637025273457,+16 char+s
Mayon,32.332300106124436,-0.0029400434502453916,-0.10789274098901282,0.05008449080317034,Mayon
vulkan mayon,29.626805147709266,-0.004323257786485421,-0.10213895711271405,0.04959216177792387,vulkan mayon
mayon aus+ge+brech+en,11.157577194515445,0.06303296929440624,-0.10333652340729123,-0.044306159628488134,mayon aus+ge+brech+en
aus+ge+brech+en tausend+e,4.085005731669657,-0.03936803020889958,0.07405554712744924,0.016950897966892985,aus+ge+brech+en tausend+e
ge+bring+t der,6.098208267627087,-0.046811020623828185,0.041407318593840295,0.041947721775926476,ge+bring+t der
mayon stoß+t,7.168152529030202,-0.031236031084709064,0.015191625882255907,0.03428892570367342,mayon stoß+t
stoß+t philippinen,4.804780357916136,-0.054939933288420555,0.0696905927121341,0.03877856236083213,stoß+t philippinen
philippinen asche,3.87495985329275,-0.013583825722405584,0.05922487065517341,-0.009884406887316483,philippinen asche
asche lava,4.042079696368237,0.07983998144052962,-0.028407818350611614,-0.10587516581066617,asche lava
Dörfer,14.203715303036889,-0.0025452812312101868,-0.05990844269511401,0.029939417104284136,Dörfer
dutzend+e dorf+er,5.453150813358379,-0.024583753303985288,0.033911653552200126,0.01702603255674315,dutzend+e dorf+er
dorf+er betreff+en,3.2469153064113767,-0.037436775064335424,0.09788305664592525,0.0025330760882423422,dorf+er betreff+en
mensch+en bring+en,3.008759290274099,-0.054318884882317585,0.11962573320306964,0.013232044806136411,mensch+en bring+en
sicherheit behörde+n,3.253317978098804,-0.044279092061433385,0.10287414910307512,0.008905976420136526,sicherheit behörde+n
Erdrutschen,3.540739349157313,-0.020387170226450656,0.07463751384664126,-0.00837208217802267,Erdrutschen
warn+en erd+rutsch+en,3.540739349157313,-0.020387170226450656,0.07463751384664126,-0.00837208217802267,warn+en erd+rutsch+en
erd+rutsch+en lavaströme+n,4.169915832865126,0.07193918036352781,-0.024182272450145332,-0.09511956639027573,erd+rutsch+en lavaströme+n
auf philippinen,12.69335616139292,-0.025439682086767824,-0.032892792725232455,0.048087763960463825,auf philippinen
aus+ge+brech+en umgebung,5.577936398460687,-0.033622657243273915,0.039062014686133,0.02633104341022507,aus+ge+brech+en umgebung
dicker,5.120936911183323,-0.04131521732887208,0.053093990524453814,0.02954917399604546,dicker
umgebung dick+er,5.120936911183323,-0.04131521732887208,0.053093990524453814,0.02954917399604546,umgebung dick+er
dick+er asche,4.9356724476484075,-0.04420440215290264,0.05885847633226305,0.030476343356512652,dick+er asche
bedeckt,9.388946465186871,-0.014076620419513786,-0.020474438598574587,0.02806241259612842,bedeckt
asche bedeck+t,9.388946465186871,-0.014076620419513786,-0.020474438598574587,0.02806241259612842,asche bedeck+t
Insgesamt,5.140771478605212,-0.052573160065202164,0.06143021903318538,0.03976180963636037,Insgesamt
insgesamt seit,3.8028900024162433,-0.06351479531264506,0.09989963989043325,0.03473472319029756,insgesamt seit
Samstag,5.977408407726124,-0.04747005187128403,0.043692771657815314,0.04171166255514648,Samstag
seit samstag,5.977408407726124,-0.04747005187128403,0.043692771657815314,0.04171166255514648,seit samstag
samstag dorf+er,6.816590416291155,-0.04321920492345008,0.028962750068668105,0.0431762401722424,samstag dorf+er
dorf+er rund,7.737765953269621,-0.039286260320388566,0.015342625529002365,0.04441740333533516,dorf+er rund
rund vulkan,13.016698354013446,-0.024797472599240308,-0.0351513059297267,0.04823640931613546,rund vulkan
vulkan betreff+en,5.498520739800831,-0.05026634182875336,0.05340180195096798,0.04067083067505976,vulkan betreff+en
berichten,4.453038325241243,-0.05766142328346752,0.07922505050098555,0.037580393640295015,berichten
betreff+en bericht+en,4.453038325241243,-0.05766142328346752,0.07922505050098555,0.037580393640295015,betreff+en bericht+en
bericht+en behörde+n,4.008950511104029,-0.0615269256417699,0.0928491894047442,0.03574454024418794,bericht+en behörde+n
Erste,3.7302931740507197,-0.06424867362870469,0.10251097507561893,0.03435003064837867,Erste
erst+e la…,3.6054457168722367,-0.06555500973111471,0.10717128256156058,0.03364888430537068,erst+e la…
+1187,3.51753926015698,-0.06651041868420925,0.11058984617441382,0.03312249871435948,+1187
la… +1187,3.51753926015698,-0.06651041868420925,0.11058984617441382,0.03312249871435948,la… +1187
+1187 chars,3.4267300322359455,-0.06753030369001255,0.11424904294203177,0.03254759381937858,+1187 chars
mayon philippinen,4.513548219235972,-0.057173645116895835,0.07751299314757006,0.03780067129795438,mayon philippinen
philippinen stoß+t,8.992166736416738,-0.034833568825059835,-9.836219562521266e-05,0.045706084331469325,philippinen stoß+t
stoß+t asche,3.8028900024162433,-0.06351479531264506,0.09989963989043325,0.03473472319029756,stoß+t asche
asche auf,3.943846548360928,-0.06214039429007722,0.09502154926661767,0.0354378398880019,asche auf
stoß+t vulkan,13.016698354013446,-0.024797472599240308,-0.0351513059297267,0.04823640931613546,stoß+t vulkan
mayon groß+e,7.766936810543314,-0.011525301826890972,-0.007629631488386183,0.018976864510397862,mayon groß+e
groß+e asche+wolke+n,7.58461405807544,0.06815732857337338,-0.07779957129561343,-0.06358608119203908,groß+e asche+wolke+n
Dutzend,6.991193574062953,-0.012189332335482023,0.0016853381072229486,0.01563083021958067,Dutzend
mehrere dutzend,6.991193574062953,-0.012189332335482023,0.0016853381072229486,0.01563083021958067,mehrere dutzend
dutzend dorf+er,6.642662222067502,-0.015985149312778876,0.009214096961092728,0.01720782152894884,dutzend dorf+er
dorf+er asche,4.971554628308734,-0.0523436766163794,0.0644306509962788,0.038053003071232834,dorf+er asche
seit beginn,5.6242745009112385,-0.04950183885619446,0.05074518962934662,0.040961856565030846,seit beginn
Jahres,6.230434933807902,-0.04610911677364537,0.03897408851689769,0.04219540702921642,Jahres
beginn jahr+es,6.230434933807902,-0.04610911677364537,0.03897408851689769,0.04219540702921642,beginn jahr+es
jahr+es zeig+t,6.816590416291155,-0.04321920492345008,0.028962750068668105,0.0431762401722424,jahr+es zeig+t
zeig+t aktiv+st+e,8.33578022604515,-0.037051976001229774,0.0075993366920473916,0.045078544449045285,zeig+t aktiv+st+e
Inselstaats,4.990672993873869,-0.053604667922763874,0.06502711708206499,0.03933976894721954,Inselstaats
vulkan insel+staat+s,4.990672993873869,-0.053604667922763874,0.06502711708206499,0.03933976894721954,vulkan insel+staat+s
insel+staat+s erhöh+t+e,4.201117744430448,-0.0597890782793733,0.08671098134957814,0.036590154618650214,insel+staat+s erhöh+t+e
03.05.2026,3.51753926015698,-0.06651041868420925,0.11058984617441382,0.03312249871435948,03.05.2026
stand 03.05.2026,3.51753926015698,-0.06651041868420925,0.11058984617441382,0.03312249871435948,stand 03.05.2026
04:55,3.664849567071248,-0.06492626313466944,0.10492629051503366,0.03398899657490336,04:55
03.05.2026 04:55,3.664849567071248,-0.06492626313466944,0.10492629051503366,0.03398899657490336,03.05.2026 04:55
04:55 uhr,3.8028900024162433,-0.06351479531264506,0.09989963989043325,0.03473472319029756,04:55 uhr
uhr auf,3.943846548360928,-0.06214039429007722,0.09502154926661767,0.0354378398880019,uhr auf
vulkan de…,5.498520739800831,-0.05026634182875336,0.05340180195096798,0.04067083067505976,vulkan de…
+1190,4.893526332777002,-0.05429419307882305,0.06743422581302078,0.039052092837270215,+1190
de… +1190,4.893526332777002,-0.05429419307882305,0.06743422581302078,0.039052092837270215,de… +1190
+1190 chars,4.453038325241243,-0.05766142328346752,0.07922505050098555,0.037580393640295015,+1190 chars
2462,4.0437578714501425,-0.06120421912427268,0.09170763988485155,0.03590413976418069,2462
2462 meter,4.245825604508112,-0.05939954428723556,0.08533814822122733,0.03677509295135843,2462 meter
hoch asche,5.097659028450145,-0.052865357684872966,0.062448647366898875,0.03964325626508686,hoch asche
asche vulkan+s,7.737765953269621,-0.039286260320388566,0.015342625529002365,0.04441740333533516,asche vulkan+s
vulkan+s mayon,5.3489069002359715,-0.05120639688915587,0.056671091494934774,0.040306079356850676,vulkan+s mayon
mayon begräb+t,4.723276138161061,-0.05554687156376422,0.07181333682892325,0.03851777209029968,mayon begräb+t
begräb+t dutzend+e,4.245825604508112,-0.05939954428723556,0.08533814822122733,0.03677509295135843,begräb+t dutzend+e
dorf+er philippinen,3.6246344860492363,-0.06535045484513594,0.10644049649880835,0.03376007930961598,dorf+er philippinen
philippinen auf,3.913337599963225,-0.0624324167903752,0.09605669626195706,0.035290310410650415,philippinen auf
philippinen brech+t,4.990672993873869,-0.053604667922763874,0.06502711708206499,0.03933976894721954,philippinen brech+t
dicke,4.239930031320576,-0.00704883277425377,0.044335298661263824,-0.011468201459406996,dicke
stoß+t dick+e,4.239930031320576,-0.00704883277425377,0.044335298661263824,-0.011468201459406996,stoß+t dick+e
dick+e asche+wolke+n,4.3359575826610985,0.062395468553071536,-0.01929066576459915,-0.08231914397819355,dick+e asche+wolke+n
dorf+er bereits,3.2910802206377348,-0.027969393147613666,0.0889781042446954,-0.005456912373977468,dorf+er bereits
bereits asche,3.3416847778697636,-0.01690469021172922,0.07846654462484148,-0.015028331652793006,bereits asche
bedeck+t erst+e,3.631411925753524,0.02229191571731381,0.036383986624190894,-0.04910691059418181,bedeck+t erst+e
Lavaströme,5.745235040675228,0.14119615506861755,-0.1293235397517703,-0.1634619150941403,Lavaströme
erst+e lavaström+e,3.9633485361328757,0.08496710315248525,-0.031233751861559834,-0.1129352009842131,erst+e lavaström+e
fließen,3.7720829668153515,-0.013382408492453713,0.06198932420450954,-0.011533074051680295,fließen
lavaström+e fließ+en,3.7720829668153515,-0.013382408492453713,0.06198932420450954,-0.011533074051680295,lavaström+e fließ+en
bergab,3.85134086851912,-0.040958955958578305,0.08151833114732596,0.01532831787609769,bergab
fließ+en bergab,3.85134086851912,-0.040958955958578305,0.08151833114732596,0.01532831787609769,fließ+en bergab
seien,5.024401293799976,-0.008148951505938888,0.01164516347381953,0.005637121302833234,seien
insgesamt sei,3.664849567071248,-0.06492626313466944,0.10492629051503366,0.03398899657490336,insgesamt sei
sei seit,3.8028900024162433,-0.06351479531264506,0.09989963989043325,0.03473472319029756,sei seit
vulkan davon,5.498520739800831,-0.05026634182875336,0.05340180195096798,0.04067083067505976,vulkan davon
davon betreff+en,4.804780357916136,-0.054939933288420555,0.0696905927121341,0.03877856236083213,davon betreff+en
berichtete,4.158744573334073,-0.06016327958520843,0.08803079624695859,0.03641092564835946,berichtete
betreff+en bericht+ete,4.158744573334073,-0.06016327958520843,0.08803079624695859,0.03641092564835946,betreff+en bericht+ete
Agentu…,3.7077443223067394,-0.06448039121852363,0.10333648063170117,0.0342272030892115,Agentu…
bericht+ete agentu…,3.7077443223067394,-0.06448039121852363,0.10333648063170117,0.0342272030892115,bericht+ete agentu…
+820,3.534133554707018,-0.06632771785166304,0.10993543696509574,0.033224060632310336,+820
agentu… +820,3.534133554707018,-0.06632771785166304,0.10993543696509574,0.033224060632310336,agentu… +820
+820 char+s,3.455451915105137,-0.06720399065396425,0.1130771393964067,0.03273301363239744,+820 char+s
drei wanderer,10.346701297411254,0.12034499232475404,-0.15716788761447903,-0.11338865242043569,drei wanderer
sterben,25.679171468712433,0.1476006475633973,-0.2497027986545961,-0.12189505818637773,sterben
wanderer sterb+en,15.443702764722222,0.1378639695153859,-0.20611961616117544,-0.12273190091531322,wanderer sterb+en
sterb+en vulkan+ausbruch,39.128607005867934,0.16644442467150902,-0.29583248032958503,-0.13764098126539304,sterb+en vulkan+ausbruch
indonesien nan,5.3754345512760615,0.07934456329597596,-0.0575234247743929,-0.09081898951301659,indonesien nan
nan bei,5.828318408680291,0.08558104310183758,-0.07149845344850148,-0.09430384455031353,nan bei
bei vulkan+ausbruch,27.515509484920845,0.1571563562907421,-0.2652476725431833,-0.13282672625320324,bei vulkan+ausbruch
mindestens,9.57265842440945,0.09725966612797869,-0.12629082703483074,-0.08825817458880282,mindestens
indonesien mindestens,9.006263076353394,0.11318457963052662,-0.1383479079453358,-0.10951415852718013,indonesien mindestens
mindestens drei,18.389886327541088,0.11166063800581753,-0.18814267738322935,-0.08536064648043264,mindestens drei
mensch+en um,11.88115044537568,0.11582329973573653,-0.16266493879566205,-0.10323266121617904,mensch+en um
gekommen,17.96952834306674,0.09528478629945647,-0.16501007726166797,-0.06828944661433674,gekommen
leben ge+komm+en,17.03277553148423,0.09941647100216791,-0.17131604972575645,-0.07230998283954797,leben ge+komm+en
Opfern,8.314483453650842,0.08496072376586095,-0.1462406630814113,-0.05978074028568136,Opfern
bei opfer+n,8.314483453650842,0.08496072376586095,-0.1462406630814113,-0.05978074028568136,bei opfer+n
handle,3.4392075184439825,0.007279908056874472,0.011535672871417492,-0.015462427941520234,handle
opfer+n handel+e,8.171852637263804,0.0721479896416838,-0.1532175289580993,-0.03700882434832335,opfer+n handel+e
handel+e wanderer,8.001961359084646,0.02325452188540672,-0.18825799060980375,0.046254270657267095,handel+e wanderer
wanderer trotz,10.167956129274828,-0.013631893617053638,-0.2641540878746264,0.1186360107875205,wanderer trotz
Warnungen,18.08319985026243,-0.16213788477978383,-0.4645862066341003,0.31941607327000066,Warnungen
trotz warnung+en,12.791323120970878,-0.16324877518609104,-0.43476957202843464,0.3139393599584562,trotz warnung+en
warnung+en insel,3.243375081467648,-0.049168888239230435,-0.00788054283960991,0.06683145469805757,warnung+en insel
Halmahera,8.242571184673553,0.03389710109504901,-0.13657133432479843,0.011977485509886844,Halmahera
insel halmahera,8.242571184673553,0.03389710109504901,-0.13657133432479843,0.011977485509886844,insel halmahera
unterwegs,8.10003526653454,0.046450810413550044,-0.108532048183662,-0.017421743265714832,unterwegs
halmahera unterwegs,4.4568911477396425,0.00831833851295481,-0.0630710667484655,0.016758633350465284,halmahera unterwegs
unterwegs di…,2.991685674637665,-0.019438487111613993,0.03904637287198798,0.007806365288544253,unterwegs di…
+299,3.7528856771540537,0.020247692002593663,-0.005905164549399834,-0.025511653479193014,+299
di… +299,2.969765712905813,-0.01804498304767597,0.042479662832156304,0.004305405847839788,di… +299
+299 chars,2.9492571311661817,-0.016891185055140333,0.04561654558251907,0.0012487463475568939,+299 chars
Tödliche,11.45335004907373,0.16393222154954668,-0.21547034921057406,-0.16648635769353173,Tödliche
tödlich+e eruption,13.57473392195342,0.21680689971283273,-0.2969116888998153,-0.23759280175458344,tödlich+e eruption
Bergsteiger,20.014852864454916,0.15358031827973012,-0.24174197591366942,-0.1359671946542819,Bergsteiger
eruption berg+steiger,11.4298299158792,0.1360888571655226,-0.1824587527620959,-0.1298144750660184,eruption berg+steiger
berg+steiger vulkan+ausbruch,27.515509484920845,0.1571563562907421,-0.2652476725431833,-0.13282672625320324,berg+steiger vulkan+ausbruch
gestorben,11.597741225606152,0.12577540316280297,-0.17188816856323724,-0.11630533556286206,gestorben
indonesien ge+sterb+en,11.597741225606152,0.12577540316280297,-0.17188816856323724,-0.11630533556286206,indonesien ge+sterb+en
ge+sterb+en hier,4.147111086468852,0.05613559530241695,-0.00865179512729288,-0.0777610726697827,ge+sterb+en hier
thema tödlich+e,4.426527605100885,0.09363353088027962,-0.05195449585604915,-0.1171194125561849,thema tödlich+e
sie berg+steiger,5.200171506615716,0.07666475358998573,-0.05163409623489252,-0.08931755024325774,sie berg+steiger
vulkan+s dukono,33.17973859901009,0.056916266611436554,-0.1651102608106146,-0.009507694231343199,vulkan+s dukono
dukono indonesien,17.099448396043282,0.08542246477533136,-0.1554766938562763,-0.05661026013430101,dukono indonesien
indonesien angabe+n,5.96734227703816,0.031166447668739643,-0.021945542924745248,-0.033716708330656056,indonesien angabe+n
örtlichen,5.541818668196283,0.03241399315790042,-0.01619431010558018,-0.03824691197778201,örtlichen
angabe+n örtlich+en,5.541818668196283,0.03241399315790042,-0.01619431010558018,-0.03824691197778201,angabe+n örtlich+en
Polizei,11.802199526404838,0.09466789145119389,-0.14226410032445058,-0.07700605002600372,Polizei
örtlich+en polizei,5.276477878221128,0.03298232181432172,-0.012029589578984543,-0.04105887425541328,örtlich+en polizei
polizei mindestens,5.10243071719655,0.03322641111956689,-0.008996623188047654,-0.04286708231164245,polizei mindestens
gehörten,6.101580770592708,0.04074337786185116,-0.0326900155072903,-0.04276432458317269,gehörten
sie gehör+ten,6.101580770592708,0.04074337786185116,-0.0326900155072903,-0.04276432458317269,sie gehör+ten
gehör+ten gruppe,5.7601094941849675,0.04185857446037253,-0.02840725501864924,-0.04643377725232937,gehör+ten gruppe
gruppe etwa,5.5929210693287175,0.04227129975501926,-0.026023413072259874,-0.0481758120599581,gruppe etwa
Bergsteigern,5.485478576453184,0.042479304228208475,-0.024376503264872833,-0.04926742346617654,Bergsteigern
etwa berg+steiger+n,5.485478576453184,0.042479304228208475,-0.024376503264872833,-0.04926742346617654,etwa berg+steiger+n
sic…,4.010820107614313,0.030248456807074463,0.018420802720823984,-0.051841345248844616,sic…
berg+steiger+n sic…,4.010820107614313,0.030248456807074463,0.018420802720823984,-0.051841345248844616,berg+steiger+n sic…
+1352,2.890663241359856,0.0028931457840772087,0.07995559000508556,-0.04342268137374778,+1352
sic… +1352,2.890663241359856,0.0028931457840772087,0.07995559000508556,-0.04342268137374778,sic… +1352
+1352 chars,2.8727792407745056,0.0023183544406715686,0.08120916504563788,-0.04325831332244572,+1352 chars
Beim,8.686356583810799,0.07950160285437854,-0.10029795103811186,-0.07122317323177915,Beim
ge+sterb+en bei,6.684091707484597,0.08610462430610318,-0.0846321791667397,-0.08899314058317676,ge+sterb+en bei
ausbruch indonesisch+en,15.996027520929566,0.056822213417413024,-0.12236351324495343,-0.026826464947300288,ausbruch indonesisch+en
indonesisch+en vulkan+s,28.69310049442652,0.03020652867733933,-0.1317151779133089,0.015168565920523043,indonesisch+en vulkan+s
geraten,13.757789765250926,0.07453416129410896,-0.12976554284117992,-0.050517303441527404,geraten
dukono gerat+en,10.447411256128134,0.03881393100012478,-0.07530562673118345,-0.020639188956831183,dukono gerat+en
gerat+en wanderer,9.244052172686057,0.0428983581194389,-0.06974422214947591,-0.02904698574724528,gerat+en wanderer
Not,8.162448716867441,0.04678340871152388,-0.06342494517315882,-0.037610341122307774,Not
wanderer not,8.162448716867441,0.04678340871152388,-0.06342494517315882,-0.037610341122307774,wanderer not
Mindestens,13.066274975370758,0.0901006086994691,-0.1420894119427564,-0.06972457793247136,Mindestens
Rettungskräfte,6.927516009964524,0.04716523395410538,-0.04994090288296438,-0.04432508120538914,Rettungskräfte
Einsatz,7.975146229898628,0.032594936151188435,-0.04838192192111395,-0.023626932876218427,Einsatz
rettung+s+kraft+e einsatz,7.975146229898628,0.032594936151188435,-0.04838192192111395,-0.023626932876218427,rettung+s+kraft+e einsatz
einsatz aktiv+en,8.95090243689506,0.010107923894373238,-0.0375182439436048,0.00317899245862572,einsatz aktiv+en
hin+zu+füg+en bei,7.867587474946667,0.07742505577922267,-0.09004895409119872,-0.07256542592421536,hin+zu+füg+en bei
+1437,3.074345291134076,-0.015900493113258658,0.08753413859207886,-0.021045674677745485,+1437
einsatz +1437,3.074345291134076,-0.015900493113258658,0.08753413859207886,-0.021045674677745485,einsatz +1437
+1437 chars,3.0446656926290556,-0.016031315214362855,0.08881362934407898,-0.021527104992752212,+1437 chars
+1309,2.8469333641709578,-0.013616367750018328,0.09519915868780729,-0.028179112691026083,+1309
sic… +1309,2.8469333641709578,-0.013616367750018328,0.09519915868780729,-0.028179112691026083,sic… +1309
+1309 chars,2.8302334823550663,-0.013854177771122743,0.09612989196857594,-0.02833758639950778,+1309 chars
indonesien mehrere,4.395812028685129,0.0618259346893198,-0.02020496372797511,-0.08097134957928169,indonesien mehrere
Vermisste,6.706086249244342,0.09430094644452859,-0.09327986502675825,-0.0984147948575997,Vermisste
mehrere vermiss+t+e,4.192238141773247,0.05508959584687621,-0.008846498041669067,-0.07603475569195868,mehrere vermiss+t+e
vermiss+t+e der,4.43530523812154,0.03970705126274094,-0.0007143725013972826,-0.05651787262206819,vermiss+t+e der
der dukono,7.993904270431038,0.05099890596833175,-0.06568434025529434,-0.04287889777357147,der dukono
dukono aktiv+er,5.672433513954778,0.013971575403282512,-0.0020549030229157477,-0.018419915160999802,dukono aktiv+er
halmahera trotz,4.173616436753133,-0.00432997215597856,0.0011567853641434053,0.0053464040375004055,halmahera trotz
amtlicher,4.135264754457842,-0.02110693251867154,-0.020660345835922286,0.03726844484630389,amtlicher
trotz amtlich+er,4.135264754457842,-0.02110693251867154,-0.020660345835922286,0.03726844484630389,trotz amtlich+er
amtlich+er warnung+en,4.35386842863608,-0.1043388476303266,-0.11433020923948176,0.1699464272479829,amtlich+er warnung+en
warnung+en wanderer,4.855129070241646,0.07086630047754881,-0.03911989015003534,-0.08606188605686603,warnung+en wanderer
anzieht.Nun,3.9001788049644666,0.013348957308117845,-0.022049324632259455,-0.00827748299519711,anzieht.Nun
wanderer anzieht.nun,3.9001788049644666,0.013348957308117845,-0.022049324632259455,-0.00827748299519711,wanderer anzieht.nun
anzieht.nun komm,4.041690339796571,0.04230567162098925,-0.011509134770078745,-0.055172250634413784,anzieht.nun komm
komm tödlich+en,4.471224198341327,0.06343116280402725,-0.023512368316312083,-0.08187625731132268,komm tödlich+en
Unglück,4.980051759685041,0.0730521679128798,-0.043801280386591326,-0.0872902082972486,Unglück
tödlich+en unglück,4.980051759685041,0.0730521679128798,-0.043801280386591326,-0.0872902082972486,tödlich+en unglück
handele,6.711627382858164,0.06278196267572546,-0.1204051437932385,-0.03656836595643326,handele
Gebiet,7.007501114887164,-0.027277626674717642,-0.08493546697113366,0.0717859686105178,Gebiet
warnung+en gebiet,4.733561039747754,-0.03037454201290958,-0.1075623773602387,0.08438422138047488,warnung+en gebiet
gebiet insel,4.476930413127251,-0.004563044307621673,-0.07367385457631422,0.0383527399076376,gebiet insel
grö…,2.998129027791482,-0.020374774290489235,0.037695060831026514,0.009692540028021869,grö…
halmahera grö…,2.998129027791482,-0.020374774290489235,0.037695060831026514,0.009692540028021869,halmahera grö…
+1021,2.9713815061341293,-0.01858891613284719,0.041935729746985166,0.005292221299157739,+1021
grö… +1021,2.9713815061341293,-0.01858891613284719,0.041935729746985166,0.005292221299157739,grö… +1021
+1021 chars,2.9467222353248634,-0.01716524691007213,0.04573254834062031,0.0015598052865262552,+1021 chars
indonesien berg+steiger,4.692637654908473,0.06785980990339482,-0.032750784420409365,-0.08437065501900838,indonesien berg+steiger
berg+steiger sterb+en,9.025995065839378,0.11330271483798048,-0.13865311980520803,-0.1095783419988753,berg+steiger sterb+en
vulkan dukono,12.8091390879724,0.049768858898929735,-0.10045052938474841,-0.025720837730507963,vulkan dukono
dukono schleuder+te,5.026000460524706,0.044297249835634565,-0.01756701989979193,-0.05525047390815736,dukono schleuder+te
schleuder+te zehn,4.295695670102598,0.05348333200036258,-0.009961698676294097,-0.07299017688988858,schleuder+te zehn
Luft,4.603651443263356,0.06678309255305678,-0.029744176576462913,-0.08412851204461595,Luft
asche+wolke luft,3.685295986710686,0.06826425603593897,-0.006864051157878036,-0.09788962382382413,asche+wolke luft
der region,3.5396094634362183,0.055931830231143,0.009320338087490125,-0.08647806508317787,der region
region eigentlich,3.4181463506727434,0.04710591835821325,0.02146720514452514,-0.07890619966269456,region eigentlich
Sperrgebiet,3.3208495595828373,0.0407053112935013,0.030635941036042145,-0.07375755226530488,Sperrgebiet
eigentlich sperr+gebiet,3.3208495595828373,0.0407053112935013,0.030635941036042145,-0.07375755226530488,eigentlich sperr+gebiet
Aber,3.2264164863247435,0.03487898192820163,0.039254029344510215,-0.06932578392531387,Aber
aber berg+steiger,3.1312749089792016,0.02925148811957453,0.047805373488260076,-0.06526652330554072,aber berg+steiger
berg+steiger wanderer,3.152567910792433,0.01787746374620524,0.05673685756517608,-0.05302776675937862,berg+steiger wanderer
halten,3.1799168241548346,0.011341995335246649,0.061208029946106884,-0.04582568737481638,halten
wanderer halt+en,3.1799168241548346,0.011341995335246649,0.061208029946106884,-0.04582568737481638,wanderer halt+en
daran,3.2365962525597034,0.006435274034768417,0.06319324322698376,-0.039794776389407746,daran
halt+en daran,3.2365962525597034,0.006435274034768417,0.06319324322698376,-0.039794776389407746,halt+en daran
mensch+en zwei,3.4989596791901514,-0.002517210270671798,0.061520647503582986,-0.026289664307727823,mensch+en zwei
Singapur,3.6052552153485804,-0.004771815561074865,0.05998650383546858,-0.022374957712648056,Singapur
zwei singapur,3.6052552153485804,-0.004771815561074865,0.05998650383546858,-0.022374957712648056,zwei singapur
Einheimischer,3.8911847264634902,-0.009006397147185258,0.05504650477243776,-0.01406277277005202,Einheimischer
singapur einheimisch+er,3.8911847264634902,-0.009006397147185258,0.05504650477243776,-0.01406277277005202,singapur einheimisch+er
einheimisch+er bei,4.6244713375307835,-0.014316343031758222,0.04144962438278768,-0.0001950324779028307,einheimisch+er bei
indonesien um,4.074414007070863,-0.015876991676287488,0.05572037786687977,-0.005046007984426709,indonesien um
+2009,3.1073222465784864,-0.015386213009818135,0.08583837628443908,-0.02087692452893176,+2009
berg+steiger+n +2009,3.1073222465784864,-0.015386213009818135,0.08583837628443908,-0.02087692452893176,berg+steiger+n +2009
+2009 char+s,3.0754305127833215,-0.01551058451001829,0.08718120811294855,-0.021398605156875784,+2009 char+s
indonesien vermiss+t+e,4.471224198341327,0.06343116280402725,-0.023512368316312083,-0.08187625731132268,indonesien vermiss+t+e
vermiss+t+e ge+find+en,4.980051759685041,0.0730521679128798,-0.043801280386591326,-0.0872902082972486,vermiss+t+e ge+find+en
ge+find+en bei,5.828318408680291,0.08558104310183758,-0.07149845344850148,-0.09430384455031353,ge+find+en bei
indonesien drei,6.634743030581455,0.09476212287764227,-0.0927917615182431,-0.09940583837648291,indonesien drei
unterwegs sei,3.1899713261434,0.00739429756635773,0.035555587497750334,-0.027255171826868575,unterwegs sei
sei teil+te,3.2156186833311136,0.013264797228414385,0.0369344124041224,-0.03629486459665727,sei teil+te
teil+te polizei,3.2643848047840014,0.022046312489520107,0.03808220729003356,-0.04960425185570088,teil+te polizei
Freitag,5.901998236302186,0.003940095459546287,0.002306015612564777,-0.006477751790470914,Freitag
polizei freitag,3.3245324930081033,0.03058054124540022,0.03815376256353555,-0.06228640981869161,polizei freitag
Toten,7.552641687659955,0.05831283098689604,-0.06790641613141686,-0.05292917838999537,Toten
zwei tot+en,3.52258645448698,0.038402436765769585,0.025746140954230275,-0.06774873532340409,zwei tot+en
stam…,3.591741582704836,0.04066603298512295,0.021483532562377842,-0.06902631146838943,stam…
tot+en stam…,3.591741582704836,0.04066603298512295,0.021483532562377842,-0.06902631146838943,tot+en stam…
stam… kopier+e,3.669558309870068,0.043111504140234756,0.01683765110640031,-0.07040691530362339,stam… kopier+e
+1214,3.307382471273879,-0.04884186166708239,-0.014116914789854518,0.06910258650298765,+1214
warnung+en +1214,3.307382471273879,-0.04884186166708239,-0.014116914789854518,0.06910258650298765,warnung+en +1214
+1214 chars,3.2392926822228176,-0.03821937423681235,-0.0001408773648801535,0.049971826608861285,+1214 chars
Hunga,15.8160407385924,0.05659477110842019,-0.12139783177716797,-0.02689558254802552,Hunga
der hunga,4.804780357916136,-0.054939933288420555,0.0696905927121341,0.03877856236083213,der hunga
Tonga,10.639385671588746,0.05024187139244045,-0.08743839380045422,-0.03206453639348386,Tonga
hunga tonga,10.639385671588746,0.05024187139244045,-0.08743839380045422,-0.03206453639348386,hunga tonga
tonga überrasch+t,4.1185073791175695,-0.06052323503843875,0.08930132782675781,0.03623705468087511,tonga überrasch+t
Forschung,3.68594342185921,-0.06470616304866253,0.1041412705494367,0.034106892002802675,Forschung
überrasch+t forschung,3.68594342185921,-0.06470616304866253,0.1041412705494367,0.034106892002802675,überrasch+t forschung
forschung erneut,3.68594342185921,-0.06470616304866253,0.1041412705494367,0.034106892002802675,forschung erneut
erneut nach,3.8559499414961103,-0.06298979709389071,0.0980344210414033,0.03500594282780883,erneut nach
säuberte,8.145334077947094,-0.03773970938626903,0.009983612278226545,0.044878246019710286,säuberte
ausbruch säuber+te,4.723276138161061,-0.05554687156376422,0.07181333682892325,0.03851777209029968,ausbruch säuber+te
säuber+te vulkan,7.737765953269621,-0.039286260320388566,0.015342625529002365,0.04441740333533516,säuber+te vulkan
Atmosphäre,13.522569442735612,0.06537847730868589,-0.11942644553327567,-0.04091354907106986,Atmosphäre
vulkan atmosphäre,4.990672993873869,-0.053604667922763874,0.06502711708206499,0.03933976894721954,vulkan atmosphäre
entfernte,4.080230475584151,-0.060869921281365404,0.09052593298940625,0.036068222839232424,entfernte
atmosphäre entfern+te,4.080230475584151,-0.060869921281365404,0.09052593298940625,0.036068222839232424,atmosphäre entfern+te
entfern+te dabei,3.7778157963506116,-0.06376620354370077,0.10079368538073849,0.03460367210951019,entfern+te dabei
Teil,3.534133554707018,-0.06632771785166304,0.10993543696509574,0.033224060632310336,Teil
dabei teil,3.534133554707018,-0.06632771785166304,0.10993543696509574,0.033224060632310336,dabei teil
Emissionen,3.3607312655448767,-0.06829367478337027,0.11699486500576184,0.03210831735844496,Emissionen
teil emission+en,3.3607312655448767,-0.06829367478337027,0.11699486500576184,0.03210831735844496,teil emission+en
Reaktion,3.22905546466447,-0.06987604811376458,0.12270642049903614,0.03117266903751726,Reaktion
emission+en reaktion,3.22905546466447,-0.06987604811376458,0.12270642049903614,0.03117266903751726,emission+en reaktion
reaktion wissenschaftler,3.501393389332999,-0.06668925378721162,0.11123072728457191,0.03302266886145269,reaktion wissenschaftler
erwartet,3.828913949264684,-0.0632561251404635,0.09898033991016005,0.034868766534346216,erwartet
wissenschaftler erwart+et,3.828913949264684,-0.0632561251404635,0.09898033991016005,0.034868766534346216,wissenschaftler erwart+et
heftigsten,4.990672993873869,-0.053604667922763874,0.06502711708206499,0.03933976894721954,heftigsten
Vulkanausbrüchen,7.737765953269621,-0.039286260320388566,0.015342625529002365,0.04441740333533516,Vulkanausbrüchen
heftig+st+en vulkan+ausbruch+en,7.737765953269621,-0.039286260320388566,0.015342625529002365,0.04441740333533516,heftig+st+en vulkan+ausbruch+en
Neuzeit,4.305293847504438,-0.05560476119566602,0.08107040344329958,0.03412840753646883,Neuzeit
vulkan+ausbruch+en neuzeit,4.305293847504438,-0.05560476119566602,0.08107040344329958,0.03412840753646883,vulkan+ausbruch+en neuzeit
neuzeit gehör+t,4.097156164975883,-0.026760726903201807,0.0638567579414417,0.005492868946431225,neuzeit gehör+t
gehör+t eruption,4.188232654477039,0.07084788593574053,-0.023611063899455362,-0.09364544244608915,gehör+t eruption
eruption hunga,3.6176777095902266,-0.01410994861345598,0.06719808509226967,-0.013146040671739525,eruption hunga
TongaHunga,3.495645552886707,-0.026404146400455644,0.08084451242169267,-0.003427263314100602,TongaHunga
hunga tongahunga,3.495645552886707,-0.026404146400455644,0.08084451242169267,-0.003427263314100602,hunga tongahunga
Ha'apai,3.3313927952186684,-0.039809278809911135,0.09673026459046545,0.006220420559698225,Ha'apai
tongahunga ha'apai,3.3313927952186684,-0.039809278809911135,0.09673026459046545,0.006220420559698225,tongahunga ha'apai
pazifischen,3.1723529109012913,-0.05006841459744856,0.1101765006123308,0.01264151442604772,pazifischen
ha'apai pazifisch+en,3.1723529109012913,-0.05006841459744856,0.1101765006123308,0.01264151442604772,ha'apai pazifisch+en
Tonga-Inselgruppe,3.075773647148446,-0.05529258136775505,0.11771566647158012,0.015453725524295187,Tonga-Inselgruppe
pazifisch+en tonga-inselgrupp+e,3.075773647148446,-0.05529258136775505,0.11771566647158012,0.015453725524295187,pazifisch+en tonga-inselgrupp+e
tonga-inselgrupp+e jahr,2.945802117165508,-0.061391779947763674,0.12737946565344027,0.018201692167575972,tonga-inselgrupp+e jahr
2022,2.9200563757183096,-0.06249294074083011,0.129247823809281,0.018622951953469007,2022
jahr 2022,2.9200563757183096,-0.06249294074083011,0.129247823809281,0.018622951953469007,jahr 2022
2022 sie,2.891206733233869,-0.06368977257968272,0.13132843063816838,0.019050975147553845,2022 sie
löste,2.873089023437413,-0.06442230934440873,0.13262903003675042,0.01929679710937986,löste
sie lös+te,2.873089023437413,-0.06442230934440873,0.13262903003675042,0.01929679710937986,sie lös+te
starke,2.8474156389252574,-0.06543633472385349,0.13446531777632678,0.01961577139714887,starke
lös+te stark+e,2.8474156389252574,-0.06543633472385349,0.13446531777632678,0.01961577139714887,lös+te stark+e
Tsunamis,2.8195103307280984,-0.0665081017296621,0.13645393335669645,0.019924648025563197,Tsunamis
stark+e tsunami+s,2.8195103307280984,-0.0665081017296621,0.13645393335669645,0.019924648025563197,stark+e tsunami+s
produzierte,2.759437523307791,-0.06871578302392378,0.1407176925134153,0.02046212372426198,produzierte
tsunami+s produzier+te,2.759437523307791,-0.06871578302392378,0.1407176925134153,0.02046212372426198,tsunami+s produzier+te
+1622,2.6970669580945303,-0.07087811092166063,0.14513538279764948,0.02084658578287159,+1622
produzier+te +1622,2.6970669580945303,-0.07087811092166063,0.14513538279764948,0.02084658578287159,produzier+te +1622
+1622 char+s,2.6811694783670115,-0.07141007339218311,0.1462621653490081,0.02091771062976763,+1622 char+s
drei berg+steiger,4.692637654908473,0.06785980990339482,-0.032750784420409365,-0.08437065501900838,drei berg+steiger
mensch+en bei,6.362700168521303,0.039523486164848465,-0.03535469013128548,-0.03971565154772238,mensch+en bei
dukono um,7.675277646245045,0.016403703564889897,-0.03068153349223487,-0.008619165868208555,dukono um
sie trotz,5.777031728493606,0.038981783221737266,-0.026044939024002806,-0.04327134317313896,sie trotz
Verbots,5.413923162567591,0.03995138673595998,-0.02081075406332464,-0.04718840198837063,Verbots
trotz verbot+s,5.413923162567591,0.03995138673595998,-0.02081075406332464,-0.04718840198837063,trotz verbot+s
verbot+s berg,5.551072480019248,0.034089442251432,-0.017862732493562457,-0.03991533436576423,verbot+s berg
berg unterwegs,5.697813681607466,0.03133119280702957,-0.017823589253531027,-0.03589403422616478,berg unterwegs
dukono gehör+t,5.6587372444903625,0.015073419449312685,-0.002789597510760369,-0.019629120659854307,dukono gehör+t
gehör+t aktiv+st+en,5.289567539159197,-0.010790219254079315,0.025493575791696626,0.0026881846898841933,gehör+t aktiv+st+en
Vulkanen,18.191670973792203,-0.007202633928253276,-0.07178451344070659,0.04101294720138697,Vulkanen
aktiv+st+en vulkan+en,7.914843505218158,-0.01377393020936639,-0.007284286274455864,0.02179049153187682,aktiv+st+en vulkan+en
vulkan+en land+es,4.988564576817623,-0.012068292005927283,0.03215371451293699,0.001241684161634969,vulkan+en land+es
08.05.2026,4.192012950843537,-0.010306962622248794,0.04819764210718671,-0.008907007053369522,08.05.2026
stand 08.05.2026,4.192012950843537,-0.010306962622248794,0.04819764210718671,-0.008907007053369522,stand 08.05.2026
15:23,3.889056115901173,-0.009603563797740381,0.055593688505835126,-0.013515589036654709,15:23
08.05.2026 15:23,3.889056115901173,-0.009603563797740381,0.055593688505835126,-0.013515589036654709,08.05.2026 15:23
15:23 uhr,3.767009084849214,-0.00936541194506616,0.05887253023701679,-0.01547321982906978,15:23 uhr
uhr mindestens,3.6805773316127777,-0.00922809505970094,0.061322104326362155,-0.016885954096757087,uhr mindestens
+1752,3.0949127268203345,-0.017881708767474927,0.08830336285042202,-0.018730354470501104,+1752
gehör+t +1752,3.0949127268203345,-0.017881708767474927,0.08830336285042202,-0.018730354470501104,gehör+t +1752
+1752 char+s,3.063539004430833,-0.01798545601344401,0.0896150534271161,-0.019265152377573834,+1752 char+s
asche+wolke kilo+meter,4.093559365223688,0.08296721211773228,-0.032862970860814036,-0.10880251864683373,asche+wolke kilo+meter
hoch deutsch+e,4.432714972736922,0.0626179754070017,-0.021834179363916652,-0.08141788874253245,hoch deutsch+e
deutsch+e tourist+en,6.360000049035852,0.09186820191260886,-0.08598434614911867,-0.097801693592526,deutsch+e tourist+en
tourist+en gerat+en,5.698890137110313,0.08389108143585029,-0.06767355683049442,-0.09336090496533976,tourist+en gerat+en
gerat+en vulkan+ausbruch,9.025995065839378,0.11330271483798048,-0.13865311980520803,-0.1095783419988753,gerat+en vulkan+ausbruch
Trotz,5.284466230688716,0.07797411957577595,-0.05450313215215687,-0.09005143527345406,Trotz
vulkan+ausbruch trotz,5.284466230688716,0.07797411957577595,-0.05450313215215687,-0.09005143527345406,vulkan+ausbruch trotz
Sperrung,8.52483185908483,0.02957278958583092,-0.051036641585995066,-0.018088357280450305,Sperrung
trotz sperrung,4.855129070241646,0.07086630047754881,-0.03911989015003534,-0.08606188605686603,trotz sperrung
sperrung steig+t,4.530938536584133,0.060414603991771086,-0.022047034782586395,-0.0778505349032573,sperrung steig+t
steig+t gruppe,5.059816679588607,0.036429105002223926,-0.01106176827472424,-0.04661007139602135,steig+t gruppe
Dann,8.07983519081582,0.023717872849754528,-0.04141435374091732,-0.01407175918235118,Dann
dann schieß+t,5.650676720671186,0.03807317700854574,-0.023150064729744683,-0.043291189594041046,dann schieß+t
schieß+t riesig+e,4.153090316118007,0.01981953586639941,0.02379910411700139,-0.0392293740965928,schieß+t riesig+e
+++Geisel-Drama,8.37842587140749,0.07916934480248043,-0.097018719672019,-0.07217367316218047,+++Geisel-Drama
Sinzig,7.735256804324413,0.07954861683696612,-0.09074380228213394,-0.07562480361569514,Sinzig
+++geisel-drama sinzig,7.735256804324413,0.07954861683696612,-0.09074380228213394,-0.07562480361569514,+++geisel-drama sinzig
sinzig polizei,7.518418360438069,0.07948455499704564,-0.08826309759755403,-0.07665595735603618,sinzig polizei
beschreibt,6.019947974789123,0.06710873583003543,-0.056316769335767305,-0.07190095778479516,beschreibt
polizei beschreib+t,6.019947974789123,0.06710873583003543,-0.056316769335767305,-0.07190095778479516,polizei beschreib+t
Täter,5.837917557950486,0.0665456619826611,-0.052912785961910964,-0.07262190688574657,Täter
beschreib+t täter,5.837917557950486,0.0665456619826611,-0.052912785961910964,-0.07262190688574657,beschreib+t täter
täter +++geisel-drama,6.835184558036006,0.06791747713109143,-0.06857293632429297,-0.06745123834079801,täter +++geisel-drama
besch…,2.7009857705351394,-0.0034384036864221396,0.0937912559279574,-0.041699431223781114,besch…
polizei besch…,2.7009857705351394,-0.0034384036864221396,0.0937912559279574,-0.041699431223781114,polizei besch…
+328,2.686791149997674,-0.004065112971467046,0.09498265035721418,-0.04144309671251675,+328
besch… +328,2.686791149997674,-0.004065112971467046,0.09498265035721418,-0.04144309671251675,besch… +328
+328 chars,2.6782172873591987,-0.004449681369204332,0.09570933963422187,-0.04128415296194664,+328 chars
entkommen,6.76457397423175,0.09605704495507164,-0.09586714711801646,-0.10012233811868546,entkommen
deutsch+e entkomm+en,4.26221127380205,0.058848611213682456,-0.014127159443659141,-0.07929207614379495,deutsch+e entkomm+en
entkomm+en wanderer,4.855129070241646,0.07086630047754881,-0.03911989015003534,-0.08606188605686603,entkomm+en wanderer
vulkan+ausbruch drei,8.340853203550287,0.10892779179189972,-0.1274653102331354,-0.10719573049987663,vulkan+ausbruch drei
Tote,9.618228233819513,0.11665875906206102,-0.14739718568133264,-0.11139806840255438,Tote
drei tot+e,13.170586614370572,0.11372607202097545,-0.16784843309748265,-0.09743445002135818,drei tot+e
tot+e vulkan+ausbruch,15.443702764722222,0.1378639695153859,-0.20611961616117544,-0.12273190091531322,tot+e vulkan+ausbruch
vulkan+ausbruch dukono,5.048576766206064,0.07420820694158035,-0.04629469167704744,-0.08793934853773804,vulkan+ausbruch dukono
indonesien wanderer,4.855129070241646,0.07086630047754881,-0.03911989015003534,-0.08606188605686603,indonesien wanderer
Verbot,3.8070883774558153,0.04719114583215792,0.008990814434976365,-0.07271063468767702,Verbot
trotz verbot,3.8070883774558153,0.04719114583215792,0.008990814434976365,-0.07271063468767702,trotz verbot
verbot krater,3.6559098475290868,0.042690068902758255,0.017641342783177492,-0.07016896902813324,verbot krater
deutsche,3.501187557914299,0.03768390228121042,0.027091736465729592,-0.06734328015294315,deutsche
zwei deutsch+e,5.67651282759862,0.04004116581996882,-0.025374548564794472,-0.045159601045988026,zwei deutsch+e
tourist+en entkomm+en,3.329825805636587,0.03159534372746899,0.03835213665009816,-0.06390980429718701,tourist+en entkomm+en
entkomm+en mehrere,3.250659794592285,0.028563629790076914,0.043866860229078895,-0.0622019610684186,entkomm+en mehrere
mehrere verletz+t,3.2578152909899254,0.025227406856071,0.046490558926598084,-0.058583520917460524,mehrere verletz+t
weiterlesenJakarta,3.5461246653424623,0.008240315544328797,0.051053590751014545,-0.036190975659009285,weiterlesenJakarta
überspringenartikel weiterlesenjakarta,3.5461246653424623,0.008240315544328797,0.051053590751014545,-0.036190975659009285,überspringenartikel weiterlesenjakarta
weiterlesenjakarta indonesien,3.822513778990025,0.0010242829296696365,0.048708420657045226,-0.024813977599144783,weiterlesenjakarta indonesien
indonesien eigentlich,4.091960903407894,-0.003243627616208552,0.04491870740032114,-0.01699529622204568,indonesien eigentlich
Aufstieg,4.9969863968315025,-0.010220913838853863,0.030466912846611842,-0.0004451175046902968,Aufstieg
eigentlich aufstieg,4.9969863968315025,-0.010220913838853863,0.030466912846611842,-0.0004451175046902968,eigentlich aufstieg
aufstieg vulkan,7.912473650966867,-0.014103657587661253,-0.006984822474543965,0.02208995533178897,aufstieg vulkan
dukono seit,4.904822722001855,-0.01243130782747788,0.0340970426596619,0.0008014779210380363,dukono seit
Mitte,4.578001618442642,-0.011769885479032563,0.040376429050563545,-0.003112498860093525,Mitte
seit mitte,4.578001618442642,-0.011769885479032563,0.040376429050563545,-0.003112498860093525,seit mitte
mitte april,4.29972959291312,-0.011133660995726392,0.046240003571483904,-0.006824269574398912,mitte april
verboten,4.093842982244785,-0.010645834109781866,0.050963178909830514,-0.00980320694147621,verboten
april verbiet+en,4.093842982244785,-0.010645834109781866,0.050963178909830514,-0.00980320694147621,april verbiet+en
gefährlich,3.803185028776878,-0.010014158590043488,0.058355067151505145,-0.0143253500376871,gefährlich
verbiet+en gefährlich,3.803185028776878,-0.010014158590043488,0.058355067151505145,-0.0143253500376871,verbiet+en gefährlich
Trotzdem,3.6029817218536033,-0.009714002458734217,0.0640937473098879,-0.017607701812765508,Trotzdem
machten,4.626610483810454,0.0048590573705590105,0.025453510704991873,-0.018758569825495647,machten
trotzdem mach+ten,3.4875328733969435,-0.009642548557137363,0.06771438122931212,-0.01953018518071158,trotzdem mach+ten
mach+ten rund,3.3545408597579556,-0.009706313513480776,0.07223463247482674,-0.02173354020811181,mach+ten rund
rund wanderer,3.28691225173324,-0.009819853330747048,0.07470145758420146,-0.022833528602081463,rund wanderer
We…,3.1682771478600293,-0.010195869347778452,0.07935266592773939,-0.02469510423954506,We…
wanderer we…,3.1682771478600293,-0.010195869347778452,0.07935266592773939,-0.02469510423954506,wanderer we…
+1748,3.1384140090602552,-0.01033339175239448,0.08059644244148255,-0.02514419670175523,+1748
we… +1748,3.1384140090602552,-0.01033339175239448,0.08059644244148255,-0.02514419670175523,we… +1748
+1748 char+s,3.1049991864242377,-0.010511101867237289,0.08202651244866317,-0.025634677598873584,+1748 char+s
indonesien deutsche,4.395812028685129,0.0618259346893198,-0.02020496372797511,-0.08097134957928169,indonesien deutsche
Überlebenden,5.832706044281327,0.06445346947076067,-0.05237765774439501,-0.06960096439580477,Überlebenden
deutsche überleb+end+en,4.194265795816744,0.04328072878955696,0.0019426387943890866,-0.06322227790574671,deutsche überleb+end+en
überleb+end+en nach,4.5921818192750985,0.027159325399594786,0.006919184745268486,-0.04164387052460023,überleb+end+en nach
indonesien werd+en,6.531683865932728,0.03798094345511908,-0.03627526652170889,-0.037014362001050405,indonesien werd+en
werd+en drei,6.154414521253336,0.03947347059081855,-0.03230832071792944,-0.04106144881766087,werd+en drei
tote,5.937605170316478,0.040241095538873485,-0.029734456950951973,-0.04340382604191377,tote
Bergwanderer,5.752211443193659,0.040819153237370724,-0.027325432309404266,-0.045395877282038,Bergwanderer
tot+e berg+wanderer,5.752211443193659,0.040819153237370724,-0.027325432309404266,-0.045395877282038,tot+e berg+wanderer
geborgen,5.425915338027896,0.031678120404211675,-0.03164586430503385,-0.029946727092285484,geborgen
berg+wanderer ge+borg+en,5.425915338027896,0.031678120404211675,-0.03164586430503385,-0.029946727092285484,berg+wanderer ge+borg+en
mehr tourist+en,5.244445036862079,0.0023462596485212344,-0.075579796691017,0.030041732725100107,mehr tourist+en
tourist+en trotz,5.4725821421620555,-0.05334410205740118,-0.16128724865531166,0.13090429386136557,tourist+en trotz
Kraterrand,5.230413847566204,0.011153130124150147,-0.15781099557623193,0.050964484825473604,Kraterrand
warnung+en krater+rand,5.230413847566204,0.011153130124150147,-0.15781099557623193,0.050964484825473604,warnung+en krater+rand
krater+rand asche+wolke,5.9058353479459065,0.17592619510323057,-0.244666466388042,-0.17676902872513955,krater+rand asche+wolke
aufstieg,8.540448475253212,0.04439276858085931,-0.08837607853569086,-0.02305253397503912,aufstieg
asche+wolke aufstieg,5.291514894509206,0.0873948227577751,-0.1071697346507266,-0.08076306129772713,asche+wolke aufstieg
Unter,4.865620725490746,0.05941907209126457,-0.07061572824088436,-0.05338354184809745,Unter
unter überleb+end+en,3.5259317475513012,0.015827286839180155,0.04265448828970432,-0.04285366916174688,unter überleb+end+en
befinden,3.6147302713053566,-0.001939949751147585,0.057361827812586835,-0.024999633735529714,befinden
überleb+end+en befind+en,3.6147302713053566,-0.001939949751147585,0.057361827812586835,-0.024999633735529714,überleb+end+en befind+en
befind+en zwei,3.9246940653320057,-0.012659705748946924,0.05709985293448825,-0.01008840471580157,befind+en zwei
Überleben…,3.077262775680528,0.00768195282456514,0.027050475454431514,-0.02349342188347349,Überleben…
unter überleben…,3.077262775680528,0.00768195282456514,0.027050475454431514,-0.02349342188347349,unter überleben…
+96,3.0006860687798027,0.00047614841953061795,0.04176070837273113,-0.020605228991269535,+96
überleben… +96,3.0006860687798027,0.00047614841953061795,0.04176070837273113,-0.020605228991269535,überleben… +96
+96 char+s,2.979199195488262,-0.001257762229464849,0.045645715469055104,-0.020108865492857626,+96 char+s
Feuriges,2.8738709961131224,-0.07459381860954306,0.1399076154648027,0.028171334669189738,Feuriges
Dornröschen,2.9154326941594944,-0.0740040794622531,0.13774236554173716,0.028564592055873195,Dornröschen
feurig+es dornröschen,2.9154326941594944,-0.0740040794622531,0.13774236554173716,0.028564592055873195,feurig+es dornröschen
Schlummert,2.98406336862753,-0.07305345441760336,0.13426145526089292,0.02918737541683432,Schlummert
dornröschen schlummer+t,2.98406336862753,-0.07305345441760336,0.13426145526089292,0.02918737541683432,dornröschen schlummer+t
Toskana,4.56925765719269,-0.05673204616822985,0.07596426723003154,0.037997981047237075,Toskana
schlummer+t toskana,3.1245742689576566,-0.07119190436787853,0.12747726258871694,0.030368123320640168,schlummer+t toskana
toskana supervulka+n,3.22905546466447,-0.06987604811376458,0.12270642049903614,0.03117266903751726,toskana supervulka+n
premium 100.000,3.51753926015698,-0.06651041868420925,0.11058984617441382,0.03312249871435948,premium 100.000
garantieren,4.008950511104029,-0.0615269256417699,0.0928491894047442,0.03574454024418794,garantieren
schlaf garantier+en,4.008950511104029,-0.0615269256417699,0.0928491894047442,0.03574454024418794,schlaf garantier+en
garantier+en vulkan,7.737765953269621,-0.039286260320388566,0.015342625529002365,0.04441740333533516,garantier+en vulkan
vulkan erlösch+en,5.498520739800831,-0.05026634182875336,0.05340180195096798,0.04067083067505976,vulkan erlösch+en
Dazu,4.245825604508112,-0.05939954428723556,0.08533814822122733,0.03677509295135843,Dazu
kommen,4.0437578714501425,-0.06120421912427268,0.09170763988485155,0.03590413976418069,kommen
dazu komm+en,4.0437578714501425,-0.06120421912427268,0.09170763988485155,0.03590413976418069,dazu komm+en
Supervulkane,3.828913949264684,-0.0632561251404635,0.09898033991016005,0.034868766534346216,Supervulkane
komm+en supervulkan+e,3.828913949264684,-0.0632561251404635,0.09898033991016005,0.034868766534346216,komm+en supervulkan+e
explodiert,3.3246211015332787,-0.06871956776188012,0.11852945275941003,0.03185984741552274,explodiert
supervulkan+e explodier+t,3.3246211015332787,-0.06871956776188012,0.11852945275941003,0.03185984741552274,supervulkan+e explodier+t
Zählt,3.1569758472171086,-0.07077785201293867,0.1259739067858265,0.030623926228143673,Zählt
zähl+t toskana,3.2488218853432245,-0.06963326141202672,0.12182830415391482,0.031318460123147755,zähl+t toskana
10.000,3.4856758917671686,-0.06686436969847291,0.11185858761459386,0.03292451386828697,10.000
nach 10.000,3.4856758917671686,-0.06686436969847291,0.11185858761459386,0.03292451386828697,nach 10.000
10.000 jahr+en,3.6054457168722367,-0.06555500973111471,0.10717128256156058,0.03364888430537068,10.000 jahr+en
Inaktivität,3.753634295891563,-0.06401071634370434,0.10166373975760264,0.03447548210731276,Inaktivität
jahr+en inaktivität,3.753634295891563,-0.06401071634370434,0.10166373975760264,0.03447548210731276,jahr+en inaktivität
erwachte,4.1185073791175695,-0.06052323503843875,0.08930132782675781,0.03623705468087511,erwachte
inaktivität erwach+te,4.1185073791175695,-0.06052323503843875,0.08930132782675781,0.03623705468087511,inaktivität erwach+te
äthiopische,4.893526332777002,-0.05429419307882305,0.06743422581302078,0.039052092837270215,äthiopische
erwach+te äthiopisch+e,4.893526332777002,-0.05429419307882305,0.06743422581302078,0.039052092837270215,erwach+te äthiopisch+e
äthiopisch+e vulkan,7.737765953269621,-0.039286260320388566,0.015342625529002365,0.04441740333533516,äthiopisch+e vulkan
gubbi 2025,4.396381456014982,-0.05812603967876966,0.08085719789643268,0.03736826998577545,gubbi 2025
völlig,4.158744573334073,-0.06016327958520843,0.08803079624695859,0.03641092564835946,völlig
2025 völlig,4.158744573334073,-0.06016327958520843,0.08803079624695859,0.03641092564835946,2025 völlig
völlig überrasch+end,3.913337599963225,-0.0624324167903752,0.09605669626195706,0.035290310410650415,völlig überrasch+end
stieß,3.551997643560493,-0.06024037308969502,0.10489343980238294,0.028182063469597583,stieß
stoß dabei,3.4867646609109366,-0.0514991609125457,0.10043074686028973,0.01940159893406565,stoß dabei
dabei fast,3.4091003265575868,-0.031321619086007946,0.08753791466784587,-0.00027239714346504953,dabei fast
asche+wolke indien,3.0383222157171037,-0.025409369368960332,0.0964551510938281,-0.01272262239203597,asche+wolke indien
Ausfälle,2.9303139295214837,-0.03946502722490257,0.11168982168407626,-0.0019005651225099736,Ausfälle
indien ausfall+e,2.9303139295214837,-0.03946502722490257,0.11168982168407626,-0.0019005651225099736,indien ausfall+e
+6524,2.8679774762441834,-0.04619212282251757,0.11941009240830174,0.0028808070771687306,+6524
ausfall+e +6524,2.8679774762441834,-0.04619212282251757,0.11941009240830174,0.0028808070771687306,ausfall+e +6524
+6524 chars,2.840746559413942,-0.04885239648812096,0.12257864919296993,0.004680423637190459,+6524 chars
Plus,3.2780858120194534,0.02963073374296051,0.04193264350080428,-0.06280292993124593,Plus
Guide,6.038920306640632,0.08819035745308666,-0.07746085237866959,-0.09575754908161556,Guide
plus guide,3.329825805636587,0.03159534372746899,0.03835213665009816,-0.06390980429718701,plus guide
guide anno,3.3870632015752244,0.0336980045121268,0.03449170714343272,-0.06509504918078159,guide anno
romana kein,3.629455861811744,0.041864263692998394,0.01921248428022784,-0.06970273739335311,romana kein
zweites,3.6977499154503635,0.04397223004595427,0.015192233707536624,-0.07089291337742072,zweites
kein zweit+es,3.6977499154503635,0.04397223004595427,0.015192233707536624,-0.07089291337742072,kein zweit+es
zweit+es pompeji,3.8242506068237736,0.04767990860771247,0.008042493558716949,-0.07298665436750718,zweit+es pompeji
pompeji dlc,4.046562254804404,0.05364336582126053,-0.0036737464005460042,-0.07635416358973834,pompeji dlc
mit guide,4.597675672372778,0.06601000978110969,-0.0288714782553352,-0.08332918840550921,mit guide
übersteht,4.915707045041602,0.07193927147528643,-0.04141243553988674,-0.08666497348658883,übersteht
guide übersteh+t,4.915707045041602,0.07193927147528643,-0.04141243553988674,-0.08666497348658883,guide übersteh+t
übersteh+t vulkan+ausbruch,9.025995065839378,0.11330271483798048,-0.13865311980520803,-0.1095783419988753,übersteh+t vulkan+ausbruch
Gegensatz,5.048576766206064,0.07420820694158035,-0.04629469167704744,-0.08793934853773804,Gegensatz
vulkan+ausbruch gegensatz,5.048576766206064,0.07420820694158035,-0.04629469167704744,-0.08793934853773804,vulkan+ausbruch gegensatz
früheren,4.457102127115401,0.06043366947846769,-0.020348934882510456,-0.07871282387752104,früheren
gegensatz früh+er+en,4.457102127115401,0.06043366947846769,-0.020348934882510456,-0.07871282387752104,gegensatz früh+er+en
Anno-Teilen,4.768050607574613,0.04277510713699681,-0.01091438146286902,-0.05616691940957107,Anno-Teilen
früh+er+en anno+-+teil+en,4.768050607574613,0.04277510713699681,-0.01091438146286902,-0.05616691940957107,früh+er+en anno+-+teil+en
Vulkanmechanik,8.06450089981348,0.00644678284379454,-0.026016190013563218,0.0030585877927693694,Vulkanmechanik
anno+-+teil+en vulkan+mechanik,8.06450089981348,0.00644678284379454,-0.026016190013563218,0.0030585877927693694,anno+-+teil+en vulkan+mechanik
vulkan+mechanik 117,4.7643324574977,0.017517386283399057,0.011654248987944062,-0.029990407872746632,vulkan+mechanik 117
komplexer,4.307549736130014,0.018599425177653554,0.021009442783860646,-0.03609520637669545,komplexer
117 komplex+er,4.307549736130014,0.018599425177653554,0.021009442783860646,-0.03609520637669545,117 komplex+er
Inselreich,3.8101995214139297,0.017980788762400543,0.03472204592742192,-0.04198933040536349,Inselreich
wie insel+reich,3.8101995214139297,0.017980788762400543,0.03472204592742192,-0.04198933040536349,wie insel+reich
insel+reich pompeji,3.937926175093911,0.00989741249694236,0.03801354697153351,-0.03202083157510036,insel+reich pompeji
2.0,4.1269458806295996,0.005859245335227654,0.03640536385201193,-0.025508639770354825,2.0
pompeji 2.0,4.1269458806295996,0.005859245335227654,0.03640536385201193,-0.025508639770354825,pompeji 2.0
2.0 erklär+en,4.477491105256765,0.0007778000947492996,0.032211569360116925,-0.016351485909751762,2.0 erklär+en
erklär+en der,6.30617107556061,-0.008912463704980817,0.007873630239864825,0.008414033421950901,erklär+en der
vulkan anno,5.302668111579102,-0.008089950604796128,0.023019956523423302,0.00021456542161130428,vulkan anno
Fluch,4.404992438521488,-0.00575333761541069,0.03932305803952019,-0.010797768691407668,Fluch
117 fluch,4.404992438521488,-0.00575333761541069,0.03932305803952019,-0.010797768691407668,117 fluch
Segen,4.0574562013660875,-0.004788840179427426,0.04709558986765489,-0.015932888345939547,Segen
fluch segen,4.0574562013660875,-0.004788840179427426,0.04709558986765489,-0.015932888345939547,fluch segen
Klar,4.110171157360853,-0.006308596543698461,0.04698264050563549,-0.013783745345671101,Klar
klar anno,4.532192202559027,-0.009857314073242434,0.03981740988524455,-0.005435128061457547,klar anno
Vulkan-DLC,7.904872203157348,-0.015163347644209514,-0.006023669008618759,0.023051108797714073,Vulkan-DLC
117 vulkan-dlc,7.904872203157348,-0.015163347644209514,-0.006023669008618759,0.023051108797714073,117 vulkan-dlc
auskommt,5.164368601006892,-0.014488002222387691,0.03081503685518583,0.0051276887203403265,auskommt
vulkan-dlc aus+komm+t,5.164368601006892,-0.014488002222387691,0.03081503685518583,0.0051276887203403265,vulkan-dlc aus+komm+t
der schon,4.1494648911573115,-0.012639013373847556,0.05117048864959186,-0.00719340034541886,der schon
schon wegen,3.975999928613204,-0.012262820396263458,0.05538467368043881,-0.009780243019697071,schon wegen
historischen,3.758513558323036,-0.011835560937519512,0.061130321632488965,-0.013215428433597413,historischen
wegen historisch+en,3.758513558323036,-0.011835560937519512,0.061130321632488965,-0.013215428433597413,wegen historisch+en
Pompeji-Steilvorlage,3.5557270731814437,-0.011560566757875377,0.06707547149889738,-0.01657077188438078,Pompeji-Steilvorlage
historisch+en pompeji-steilvorlag+e,3.5557270731814437,-0.011560566757875377,0.06707547149889738,-0.01657077188438078,historisch+en pompeji-steilvorlag+e
logisch,3.3311896414985744,-0.01156101228452525,0.07454441307490274,-0.020351154819040443,logisch
pompeji-steilvorlag+e logisch,3.3311896414985744,-0.01156101228452525,0.07454441307490274,-0.020351154819040443,pompeji-steilvorlag+e logisch
Tradition,3.1884981691731955,-0.011859038792523037,0.07993281060302568,-0.022694180092728704,Tradition
logisch tradition,3.1884981691731955,-0.011859038792523037,0.07993281060302568,-0.022694180092728704,logisch tradition
Aufbauseri…,3.1055393812563525,-0.012193255671983634,0.08335584597200765,-0.02399314917942523,Aufbauseri…
tradition aufbauseri…,3.1055393812563525,-0.012193255671983634,0.08335584597200765,-0.02399314917942523,tradition aufbauseri…
+1570,3.040311415296818,-0.01256355337329861,0.08622309568711271,-0.024962427725868236,+1570
aufbauseri… +1570,3.040311415296818,-0.01256355337329861,0.08622309568711271,-0.024962427725868236,aufbauseri… +1570
+1570 char+s,3.013264179882537,-0.01274938283551012,0.08746208919460156,-0.02534725565568458,+1570 char+s
vulkan hawaii,7.917749388743622,-0.038590229050832786,0.01293117882358605,0.044626620722885854,vulkan hawaii
wütet,6.921594347693977,-0.0427361866231825,0.027290102134675875,0.04333429714846001,wütet
hawaii wüt+et,6.921594347693977,-0.0427361866231825,0.027290102134675875,0.04333429714846001,hawaii wüt+et
wüt+et 200,6.0937126404406605,0.004080374153034932,-6.361477882855123e-05,-0.005566136867543876,wüt+et 200
Lavafontäne,10.575219554853375,0.14033190796255357,-0.18138246388213022,-0.13789075136323517,Lavafontäne
meter lavafontäne,7.136419594042689,0.08245258803467374,-0.0867390841664461,-0.08211103354990777,meter lavafontäne
lavafontäne usa,7.593016562481459,-0.036949855487072775,0.015017270771980501,0.04162376677076447,lavafontäne usa
Hawaiis,11.63641158773185,-0.027703780559266276,-0.024950138189234097,0.047550433484280535,Hawaiis
usa hawaii+s,11.63641158773185,-0.027703780559266276,-0.024950138189234097,0.047550433484280535,usa hawaii+s
hawaii+s vulkan,18.030215396791643,-0.01698368199264116,-0.06286964663050752,0.04992781401158603,hawaii+s vulkan
schleudert,9.880539901045069,-0.01985001005375605,-0.019518561817500526,0.03514787595685172,schleudert
kilauea schleuder+t,9.880539901045069,-0.01985001005375605,-0.019518561817500526,0.03514787595685172,kilauea schleuder+t
schleuder+t lava,9.567663938232108,0.09840075525080186,-0.12744549035237696,-0.08962058075423557,schleuder+t lava
lava himmel,7.705697640073884,0.01424723702875052,-0.02910759686069585,-0.006320803084720888,lava himmel
jüngste,6.972427507933161,0.004450461312942482,-0.012182253820596043,-0.0004813760322471251,jüngste
himmel jung+st+e,6.972427507933161,0.004450461312942482,-0.012182253820596043,-0.0004813760322471251,himmel jung+st+e
Darbietung,6.734396636891136,0.014944159443019023,-0.018306897140003085,-0.012223934464177142,Darbietung
jung+st+e darbietung,6.734396636891136,0.014944159443019023,-0.018306897140003085,-0.012223934464177142,jung+st+e darbietung
gewaltigen,6.823371921065949,0.05305359302839316,-0.0541546698434549,-0.051245144942335334,gewaltigen
darbietung gewaltig+en,6.823371921065949,0.05305359302839316,-0.0541546698434549,-0.051245144942335334,darbietung gewaltig+en
gewaltig+en eruption,7.91367008276856,0.153584159089631,-0.17304381697335872,-0.16604208998287778,gewaltig+en eruption
eruption mehr,3.8895428977930253,-0.009466911469364977,0.05546852923444691,-0.013640748308042962,eruption mehr
anzeige+n usa,4.8152880636987545,-0.052348720704066175,0.0675060531640036,0.036594022812701445,anzeige+n usa
eruption quelle,3.319511315717401,0.02424767619655499,0.045101004121817216,-0.05641844260993449,eruption quelle
USGS,4.986500976147397,-0.008503477303059306,0.029249374670121505,-0.002188667549049039,USGS
quelle usg+s,3.1927593596837633,0.0002052807955409936,0.06997103673753205,-0.03442245656381504,quelle usg+s
Volcanoes,3.1352136332529903,-0.009475077266713976,0.08002753334547756,-0.026041287952020223,Volcanoes
usg+s volcanoe+s,3.1352136332529903,-0.009475077266713976,0.08002753334547756,-0.026041287952020223,usg+s volcanoe+s
AP16.05.2026,3.037225344683905,-0.024011598364274484,0.09540576675016306,-0.014066797366277984,AP16.05.2026
volcanoe+s ap16.05.2026,3.037225344683905,-0.024011598364274484,0.09540576675016306,-0.014066797366277984,volcanoe+s ap16.05.2026
13:50,2.9383696724807806,-0.03630247467394904,0.10894448778462044,-0.004645899021966043,13:50
ap16.05.2026 13:50,2.9383696724807806,-0.03630247467394904,0.10894448778462044,-0.004645899021966043,ap16.05.2026 13:50
13:50 uhr,2.9057062897602886,-0.03988973465126324,0.11304792155065119,-0.0020473499967299685,13:50 uhr
jahr+e fund,3.395747175321892,0.03401077014114906,0.033914948963765866,-0.06527139951408815,jahr+e fund
fund forscher,3.4508588648046166,0.035958766787914605,0.03030782986190265,-0.06637001670712797,fund forscher
entdecken,3.5447772077868622,0.03913839643627701,0.024364187621527335,-0.06816406864689385,entdecken
forscher entdeck+en,3.5447772077868622,0.03913839643627701,0.024364187621527335,-0.06816406864689385,forscher entdeck+en
neues,3.669558309870068,0.043111504140234756,0.01683765110640031,-0.07040691530362339,neues
entdeck+en neu+es,3.669558309870068,0.043111504140234756,0.01683765110640031,-0.07040691530362339,entdeck+en neu+es
Detail,3.7580374282280826,0.04576997169296312,0.011738174575883376,-0.071908068807395,Detail
neu+es detail,3.7580374282280826,0.04576997169296312,0.011738174575883376,-0.071908068807395,neu+es detail
detail pompeji-opf+er,3.9789514710656255,0.05189869240677353,-0.00021783378280445812,-0.07536906304392954,detail pompeji-opf+er
pompeji-opf+er wer,4.360405394545712,0.06105394852592489,-0.018622032391766404,-0.08053603601413313,pompeji-opf+er wer
wer mensch+en,5.048576766206064,0.07420820694158035,-0.04629469167704744,-0.08793934853773804,wer mensch+en
mensch+en vulkan+ausbruch,9.025995065839378,0.11330271483798048,-0.13865311980520803,-0.1095783419988753,mensch+en vulkan+ausbruch
vulkan+ausbruch begrab,4.597675672372778,0.06601000978110969,-0.0288714782553352,-0.08332918840550921,vulkan+ausbruch begrab
archäologe+en pompeji,3.9169804001211905,0.05024791613436648,0.0030304666266842873,-0.07443688083337024,archäologe+en pompeji
Indizien,3.6166311355613576,0.041459596492072766,0.01998060642817382,-0.06947428471546123,Indizien
neu+e indiz+ien,3.6166311355613576,0.041459596492072766,0.01998060642817382,-0.06947428471546123,neu+e indiz+ien
Identität,3.4704733283374085,0.03663706637503129,0.029045747566882954,-0.06675265560378495,Identität
indiz+ien identität,3.4704733283374085,0.03663706637503129,0.029045747566882954,-0.06675265560378495,indiz+ien identität
identität tot+en,3.329825805636587,0.03159534372746899,0.03835213665009816,-0.06390980429718701,identität tot+en
rannten,3.250659794592285,0.028563629790076914,0.043866860229078895,-0.0622019610684186,rannten
sie renn+en,3.250659794592285,0.028563629790076914,0.043866860229078895,-0.0622019610684186,sie renn+en
renn+en leben,3.159301079751435,0.024872997114699327,0.050499920814278,-0.06012495104153386,renn+en leben
leben versuch+ten,3.106690581181284,0.02264710015254894,0.05445875797846389,-0.05887347494890671,leben versuch+ten
versuch+ten tödlich+en,3.033213435687985,0.01940577929750134,0.06016864701985585,-0.057052907580564284,versuch+ten tödlich+en
Wolke,2.9927441887718844,0.01755057405462184,0.06340795825950771,-0.05601193032141534,Wolke
tödlich+en wolke,2.9927441887718844,0.01755057405462184,0.06340795825950771,-0.05601193032141534,tödlich+en wolke
wolke vesuv,2.955743321328684,0.01580845828982768,0.06643101372817509,-0.055035146502457964,wolke vesuv
vesuv entkomm+en,2.9250158339233083,0.01432704012936669,0.06898753065641113,-0.05420511979679276,vesuv entkomm+en
entkomm+en mehr,2.8903434641064543,0.012616196113040752,0.07192396404719822,-0.05324724606573908,entkomm+en mehr
mehr 2000,2.8640535110505434,0.011290266085596903,0.07418806133628944,-0.05250541221246818,mehr 2000
verheerend+en ausbruch,2.780629151404197,0.006909549842132739,0.08159702840702322,-0.05005796485466977,verheerend+en ausbruch
antike,4.031591588092555,-0.009997761848602708,0.05205662222011681,-0.011226497522372496,antike
ausbruch antik+e,2.742007399619956,0.0047869773042192865,0.0851481527487116,-0.04887413495269138,ausbruch antik+e
antik+e stadt,3.9763703969383024,-0.010351207898763815,0.05381640354631503,-0.01161245567222039,antik+e stadt
begrab geb+en,2.6673738024932696,0.0005020741055316458,0.09224171194023809,-0.046488583586417755,begrab geb+en
geb+en neu+e,2.657725469115896,-7.038182031166894e-05,0.09318189734187743,-0.0461703279289803,geb+en neu+e
Un…,2.6498985276986975,-0.0005380051569497005,0.09394861139911928,-0.045910434551606184,Un…
neu+e un…,2.6498985276986975,-0.0005380051569497005,0.09394861139911928,-0.045910434551606184,neu+e un…
+3714,2.642257288800068,-0.0009973579139702482,0.09470063292230722,-0.045655209025367495,+3714
un… +3714,2.642257288800068,-0.0009973579139702482,0.09470063292230722,-0.045655209025367495,un… +3714
+3714 chars,2.6333227102090313,-0.0015380346519340193,0.09558435955058775,-0.04535488940276715,+3714 chars
+++Zwei,6.210137610409142,0.08208749671735006,-0.07391851862467509,-0.08748464940599818,+++Zwei
Festnahmen,5.871675777150548,0.05149626918030514,-0.039134880784880435,-0.055884920586675664,Festnahmen
+++zwei festnahme+n,5.871675777150548,0.05149626918030514,-0.039134880784880435,-0.055884920586675664,+++zwei festnahme+n
Chinesisches,5.543265349479386,0.02582843986088255,-0.010327422976288914,-0.03144109898500793,Chinesisches
festnahme+n chinesisch+es,5.543265349479386,0.02582843986088255,-0.010327422976288914,-0.03144109898500793,festnahme+n chinesisch+es
Ehepaar,5.290474576704826,0.009124506560835664,0.008688358818798638,-0.0166884647218914,Ehepaar
chinesisch+es ehe+paar,5.290474576704826,0.009124506560835664,0.008688358818798638,-0.0166884647218914,chinesisch+es ehe+paar
spionierte,5.164310445320857,0.0017311511420769784,0.017299441221093826,-0.010498819459374613,spionierte
ehe+paar spionier+te,5.164310445320857,0.0017311511420769784,0.017299441221093826,-0.010498819459374613,ehe+paar spionier+te
deutschen,3.9422755983487394,-0.021696125084473744,0.06390282490315853,-0.0012620917969773098,deutschen
spionier+te deutsch+en,3.9422755983487394,-0.021696125084473744,0.06390282490315853,-0.0012620917969773098,spionier+te deutsch+en
Unis,3.863723882598324,-0.026701342946972687,0.07004197687000668,0.0023642584002443673,Unis
deutsch+en uni+s,3.863723882598324,-0.026701342946972687,0.07004197687000668,0.0023642584002443673,deutsch+en uni+s
uni+s +++zwei,4.798271130597184,0.062373109969439365,-0.02979236027203884,-0.07714582354073901,uni+s +++zwei
spionier+te de…,2.5024178927954566,-0.07017316978840606,0.15428171234613894,0.015135102919802048,spionier+te de…
+508,2.495308088931744,-0.07055219803663237,0.1549250756367788,0.01526753508939703,+508
de… +508,2.495308088931744,-0.07055219803663237,0.1549250756367788,0.01526753508939703,de… +508
+508 chars,2.488382293211954,-0.07091733291606216,0.15555018403713305,0.015391879988961929,+508 chars
Terra,5.451314830504166,0.0726321333923352,-0.05229843030809743,-0.082537122514298,Terra
terra palma,4.692637654908473,0.06785980990339482,-0.032750784420409365,-0.08437065501900838,terra palma
Protokoll,5.200171506615716,0.07666475358998573,-0.05163409623489252,-0.08931755024325774,Protokoll
palma protokoll,5.200171506615716,0.07666475358998573,-0.05163409623489252,-0.08931755024325774,palma protokoll
protokoll vulkan+ausbruch+s,9.025995065839378,0.11330271483798048,-0.13865311980520803,-0.1095783419988753,protokoll vulkan+ausbruch+s
vulkan+ausbruch+s drei,5.048576766206064,0.07420820694158035,-0.04629469167704744,-0.08793934853773804,vulkan+ausbruch+s drei
Monate,6.465094528999564,0.04304632683683357,-0.04002768569344866,-0.04276583419847439,Monate
drei monat+e,4.748964431597232,0.06982728088564673,-0.03586497901838254,-0.08598580574931046,drei monat+e
lang,4.513613097905055,0.07943486452388926,-0.0399198855031516,-0.09950359488176731,lang
monat+e lang,4.513613097905055,0.07943486452388926,-0.0399198855031516,-0.09950359488176731,monat+e lang
floss,4.412454516025427,0.09080124056029931,-0.04877016970304075,-0.11393508640317664,floss
lang fließ,4.412454516025427,0.09080124056029931,-0.04877016970304075,-0.11393508640317664,lang fließ
fließ lavastrom,4.586115521804081,0.14846396182780316,-0.11436559400885139,-0.18439997255548526,fließ lavastrom
lavastrom als,4.451110368198979,0.06652082117571782,-0.025975508362878343,-0.08555921774149401,lavastrom als
19.,6.955379655686871,0.035730760940639275,-0.03971728434197018,-0.03212783384981663,19.
als 19.,6.955379655686871,0.035730760940639275,-0.03971728434197018,-0.03212783384981663,als 19.
September,7.270005447229233,0.026833167704972335,-0.03543488286749639,-0.021221392763921945,September
19. september,7.270005447229233,0.026833167704972335,-0.03543488286749639,-0.021221392763921945,19. september
september 2021,8.756573633524786,0.01674633503672994,-0.04164823379095761,-0.004169026033959706,september 2021
2021 vulkan,14.361843185396351,0.07529653979298914,-0.1334931948600802,-0.050105479614218046,2021 vulkan
Cumbre,9.249045053376264,0.011972066116008075,-0.04170778084114084,0.0024730319106437515,Cumbre
vulkan cumbre,9.249045053376264,0.011972066116008075,-0.04170778084114084,0.0024730319106437515,vulkan cumbre
Vieja,7.810758423124328,0.015417138482275442,-0.031254828602056896,-0.00698107684178413,Vieja
cumbre vieja,7.810758423124328,0.015417138482275442,-0.031254828602056896,-0.00698107684178413,cumbre vieja
vieja kanareninsel,6.478097813591419,0.01961882431220335,-0.01902459997698727,-0.018484196794901146,vieja kanareninsel
kanareninsel palma,6.503326166490346,0.060765109914453865,-0.05723907351504178,-0.061603416487609974,kanareninsel palma
palma aus+brech,5.519832992932347,0.02276872955240448,-0.007217289821447218,-0.02850325899351008,palma aus+brech
aus+brech werd+en,5.251215153176226,0.023493078286837138,-0.003112106712477992,-0.03149423968822851,aus+brech werd+en
tausende,5.096169879588554,0.0238392117042571,-0.0005191240820090113,-0.03323163111056726,tausende
werd+en tausend+e,5.096169879588554,0.0238392117042571,-0.0005191240820090113,-0.03323163111056726,werd+en tausend+e
tausend+e haus+er,4.925902366668703,0.02413639640585533,0.002550031350443482,-0.03513342265792186,tausend+e haus+er
landwirtschaftliche,4.751221934466913,0.0243258133874669,0.005976102431764989,-0.037059592395348735,landwirtschaftliche
haus+er landwirtschaftlich+e,4.751221934466913,0.0243258133874669,0.005976102431764989,-0.037059592395348735,haus+er landwirtschaftlich+e
Nutzflächen,3.187763550219407,0.006453280958033112,0.06499443261509392,-0.040746206528143744,Nutzflächen
landwirtschaftlich+e nutz+fläche+n,3.187763550219407,0.006453280958033112,0.06499443261509392,-0.040746206528143744,landwirtschaftlich+e nutz+fläche+n
nutz+fläche+n zerstör+t,3.1200828585993863,0.0053576737252032415,0.06849059111317134,-0.04098197300326975,nutz+fläche+n zerstör+t
terra blick+t,3.02566578275324,0.0035370353695157006,0.07374594657358019,-0.041103599805597885,terra blick+t
blick+t katastrophe,2.972889877254123,0.002087530554130754,0.07711103747468687,-0.04078718808109273,blick+t katastrophe
katastrophe zurück,3.0110434766295624,-0.0002350177694353087,0.07743772264749084,-0.03765754889989033,katastrophe zurück
glücklicherweise,3.071283349700108,-0.003177369047828474,0.07741475762392475,-0.03349169682651929,glücklicherweise
zurück glücklicherweise,3.071283349700108,-0.003177369047828474,0.07741475762392475,-0.03349169682651929,zurück glücklicherweise
niemand,3.1504975709781022,-0.006148111281405349,0.07675362269941666,-0.028987016443821012,niemand
glücklicherweise niemand,3.1504975709781022,-0.006148111281405349,0.07675362269941666,-0.028987016443821012,glücklicherweise niemand
niemand um,3.1948287202783234,-0.007502103021251983,0.07618200377865599,-0.026806015837735373,niemand um
leben komm,3.2584303447065857,-0.00916341153347118,0.07519317678483232,-0.023993171693021797,leben komm
hinzu+füg+en als,4.09501692391271,-0.018624547374485913,0.05740722751357882,-0.00217648186503687,hinzu+füg+en als
Nutzfläc…,3.107711061530303,-0.02119549334829474,0.09042755996521068,-0.015313079178026868,Nutzfläc…
landwirtschaftlich+e nutzfläc…,3.107711061530303,-0.02119549334829474,0.09042755996521068,-0.015313079178026868,landwirtschaftlich+e nutzfläc…
+1520,3.0493744534691816,-0.021339101425941535,0.0928241390721643,-0.01635363441369974,+1520
nutzfläc… +1520,3.0493744534691816,-0.021339101425941535,0.0928241390721643,-0.01635363441369974,nutzfläc… +1520
+1520 chars,3.0206312621662175,-0.021429152243194874,0.09404442434044341,-0.016862030110000637,+1520 chars
wie vulkan+ausbruch,9.025995065839378,0.11330271483798048,-0.13865311980520803,-0.1095783419988753,wie vulkan+ausbruch
vulkan+ausbruch atmosphäre,4.980051759685041,0.0730521679128798,-0.043801280386591326,-0.0872902082972486,vulkan+ausbruch atmosphäre
reinigt,4.395812028685129,0.0618259346893198,-0.02020496372797511,-0.08097134957928169,reinigt
atmosphäre reinig+t,4.395812028685129,0.0618259346893198,-0.02020496372797511,-0.08097134957928169,atmosphäre reinig+t
reinig+t neu+e,4.070506174748445,0.05424769266666512,-0.004876350711297244,-0.07669535242462214,reinig+t neu+e
neu+e studie,9.093239942404544,0.08376256050559192,-0.10829065243975426,-0.0744237058540482,neu+e studie
studie überrasch+t,4.024590959854537,0.0432053028088377,0.006467727444791804,-0.06535127426853311,studie überrasch+t
überrasch+t forscher,4.258739927649269,0.030846514415451616,0.011473987378735258,-0.04929239847257123,überrasch+t forscher
forscher nach,4.567115949060339,0.021565031688664162,0.012392515435961569,-0.036170539833907334,forscher nach
vulkan+s hunga,5.613487076242836,0.002956332022112192,0.008391205163872357,-0.007973806974211862,vulkan+s hunga
Tonga-Hunga,4.98545724866619,0.005170159149198793,0.0177908686051546,-0.015504696133469038,Tonga-Hunga
hunga tonga-hunga,4.98545724866619,0.005170159149198793,0.0177908686051546,-0.015504696133469038,hunga tonga-hunga
apai,4.2286133158829475,0.007710352890513178,0.03227575467990528,-0.026088134315105396,apai
tonga-hunga apai,4.2286133158829475,0.007710352890513178,0.03227575467990528,-0.026088134315105396,tonga-hunga apai
Satelliten,3.9316125721193056,0.008207315068396767,0.039618114794887735,-0.03041626375174616,Satelliten
apai satellit+en,3.9316125721193056,0.008207315068396767,0.039618114794887735,-0.03041626375174616,apai satellit+en
satellit+en atmosphäre,4.980051759685041,0.0730521679128798,-0.043801280386591326,-0.0872902082972486,satellit+en atmosphäre
überraschende,3.48707881501485,0.007331653515397878,0.053734845206563214,-0.03625151099350803,überraschende
atmosphäre überrasch+end+e,3.48707881501485,0.007331653515397878,0.053734845206563214,-0.03625151099350803,atmosphäre überrasch+end+e
chemische,3.353099702142119,0.006406667433399938,0.05904577399642059,-0.03763207257260992,chemische
überrasch+end+e chemisch+e,3.353099702142119,0.006406667433399938,0.05904577399642059,-0.03763207257260992,überrasch+end+e chemisch+e
chemisch+e prozeß+e,3.274635067869695,0.005659462506554906,0.06245247008760626,-0.03830737674878364,chemisch+e prozeß+e
prozeß+e entdeck+t,3.213133991165405,0.004950559436421005,0.06529383750947315,-0.03875393265781122,prozeß+e entdeck+t
Methan,3.152846946442088,0.004138745278404511,0.06823742285682502,-0.03911157229460814,Methan
methan gelt,3.1148153795233475,0.0035619611004100095,0.07018026755313472,-0.03929229656330628,methan gelt
wirksamsten,3.025279479959815,0.0019869105660529737,0.07503669029492006,-0.03956513522632095,wirksamsten
gelt wirksam+st+en,3.025279479959815,0.0019869105660529737,0.07503669029492006,-0.03956513522632095,gelt wirksam+st+en
Treibhausgase,2.9769510452069947,0.0009986889416483153,0.07783429903036967,-0.03961451425716833,Treibhausgase
wirksam+st+en treib+haus+gas+e,2.9769510452069947,0.0009986889416483153,0.07783429903036967,-0.03961451425716833,wirksam+st+en treib+haus+gas+e
entweicht,2.913593610176475,-0.000458121434650551,0.0817037312228661,-0.03956410935885385,entweicht
Landwirtschaft,2.8212053012879608,-0.002942654586196018,0.08778831646933341,-0.039232544417070726,Landwirtschaft
entweich+t land+wirtschaft,2.8212053012879608,-0.002942654586196018,0.08778831646933341,-0.039232544417070726,entweich+t land+wirtschaft
Mülldeponien,2.7732258051908683,-0.004417413680134905,0.0911705615162332,-0.03892811635199194,Mülldeponien
land+wirtschaft müll+deponie+n,2.7732258051908683,-0.004417413680134905,0.0911705615162332,-0.03892811635199194,land+wirtschaft müll+deponie+n
Erdgasförderung,2.7269760126505025,-0.005968285183575607,0.09458425114511917,-0.03854219148987495,Erdgasförderung
müll+deponie+n erd+gas+förderung,2.7269760126505025,-0.005968285183575607,0.09458425114511917,-0.03854219148987495,müll+deponie+n erd+gas+förderung
undichten,2.6827579201523695,-0.00757674289911877,0.09799542612770387,-0.03808360091476478,undichten
erd+gas+förderung un+dicht+en,2.6827579201523695,-0.00757674289911877,0.09799542612770387,-0.03808360091476478,erd+gas+förderung un+dicht+en
Leitungen,2.665941753170599,-0.008222137719089735,0.09933187806715622,-0.0378852611346836,Leitungen
un+dicht+en leitung+en,2.665941753170599,-0.008222137719089735,0.09933187806715622,-0.0378852611346836,un+dicht+en leitung+en
steigt…,2.62163320156657,-0.010015440406165652,0.10296021747784152,-0.03729705044055354,steigt…
atmosphäre steigt…,2.62163320156657,-0.010015440406165652,0.10296021747784152,-0.03729705044055354,atmosphäre steigt…
+4253,2.609065233626495,-0.010549314382305218,0.10401827876629136,-0.03711243990287052,+4253
steigt… +4253,2.609065233626495,-0.010549314382305218,0.10401827876629136,-0.03711243990287052,steigt… +4253
+4253 char+s,2.6009637410812054,-0.0108995150857845,0.10470722843331938,-0.03698918258701472,+4253 char+s
Buntes,3.4856758917671686,-0.06686436969847291,0.11185858761459386,0.03292451386828697,Buntes
bunt+es spektakel,3.6054457168722367,-0.06555500973111471,0.10717128256156058,0.03364888430537068,bunt+es spektakel
spektakel himmel,3.913337599963225,-0.0624324167903752,0.09605669626195706,0.035290310410650415,spektakel himmel
Feuerball,4.201117744430448,-0.0597890782793733,0.08671098134957814,0.036590154618650214,Feuerball
himmel feuer+ball,4.201117744430448,-0.0597890782793733,0.08671098134957814,0.036590154618650214,himmel feuer+ball
aktivem,5.3489069002359715,-0.05120639688915587,0.056671091494934774,0.040306079356850676,aktivem
feuer+ball aktiv+em,5.3489069002359715,-0.05120639688915587,0.056671091494934774,0.040306079356850676,feuer+ball aktiv+em
aktiv+em vulkan,7.737765953269621,-0.039286260320388566,0.015342625529002365,0.04441740333533516,aktiv+em vulkan
vulkan entdeck+t,5.498520739800831,-0.05026634182875336,0.05340180195096798,0.04067083067505976,vulkan entdeck+t
entdeck+t auf,4.578375627082935,-0.05666043854835278,0.07571324220882711,0.03802978820046194,entdeck+t auf
Luzon,6.70620398117134,-0.043737729009958495,0.030758475051159823,0.04300473357402761,Luzon
insel luzon,6.70620398117134,-0.043737729009958495,0.030758475051159823,0.04300473357402761,insel luzon
seltenes,3.51753926015698,-0.06651041868420925,0.11058984617441382,0.03312249871435948,seltenes
luzon selten+es,3.51753926015698,-0.06651041868420925,0.11058984617441382,0.03312249871435948,luzon selten+es
Schauspiel,3.3862012592145097,-0.06799680573747394,0.115926314552732,0.03228007116945351,Schauspiel
selten+es schau+spiel,3.3862012592145097,-0.06799680573747394,0.115926314552732,0.03228007116945351,selten+es schau+spiel
ereignet,3.501393389332999,-0.06668925378721162,0.11123072728457191,0.03302266886145269,ereignet
schau+spiel ereign+et,3.501393389332999,-0.06668925378721162,0.11123072728457191,0.03302266886145269,schau+spiel ereign+et
ereign+et ein,3.68594342185921,-0.06470616304866253,0.1041412705494367,0.034106892002802675,ereign+et ein
Meteor,3.7778157963506116,-0.06376620354370077,0.10079368538073849,0.03460367210951019,Meteor
ein meteor,3.7778157963506116,-0.06376620354370077,0.10079368538073849,0.03460367210951019,ein meteor
meteor zieh,3.975683974490078,-0.061838764420945276,0.09395307033045289,0.035589181335442255,meteor zieh
zieh bereits,4.578375627082935,-0.05666043854835278,0.07571324220882711,0.03802978820046194,zieh bereits
bereits aktiv+en,5.3489069002359715,-0.05120639688915587,0.056671091494934774,0.040306079356850676,bereits aktiv+en
hinweg,5.498520739800831,-0.05026634182875336,0.05340180195096798,0.04067083067505976,hinweg
vulkan hinweg,5.498520739800831,-0.05026634182875336,0.05340180195096798,0.04067083067505976,vulkan hinweg
dahintersteckt,4.396381456014982,-0.05812603967876966,0.08085719789643268,0.03736826998577545,dahintersteckt
was dahintersteck+t,4.396381456014982,-0.05812603967876966,0.08085719789643268,0.03736826998577545,was dahintersteck+t
über philippinisch+en,3.7778157963506116,-0.06376620354370077,0.10079368538073849,0.03460367210951019,über philippinisch+en
luzon vulkan,7.737765953269621,-0.039286260320388566,0.015342625529002365,0.04441740333533516,luzon vulkan
mayon abend,4.578375627082935,-0.05666043854835278,0.07571324220882711,0.03802978820046194,mayon abend
25.,4.080230475584151,-0.060869921281365404,0.09052593298940625,0.036068222839232424,25.
abend 25.,4.080230475584151,-0.060869921281365404,0.09052593298940625,0.036068222839232424,abend 25.
Mai,3.943846548360928,-0.06214039429007722,0.09502154926661767,0.0354378398880019,Mai
25. mai,3.943846548360928,-0.06214039429007722,0.09502154926661767,0.0354378398880019,25. mai
mai 2026,3.828913949264684,-0.0632561251404635,0.09898033991016005,0.034868766534346216,mai 2026
2026 bereits,3.6246344860492363,-0.06535045484513594,0.10644049649880835,0.03376007930961598,2026 bereits
eindrucksvolles,3.511837448968105,-0.057852023436558944,0.10438116590148831,0.025447092155181393,eindrucksvolles
bereits eindrucksvoll+es,3.511837448968105,-0.057852023436558944,0.10438116590148831,0.025447092155181393,bereits eindrucksvoll+es
Bild,4.756575039740765,-0.03035896568110004,0.05158246452956678,0.016169675380628367,Bild
eindrucksvoll+es bild,3.3898930876809157,-0.03044063307597294,0.08749683765567931,-0.0014183840179017432,eindrucksvoll+es bild
geboten,3.3758952833605926,-0.018090368676411662,0.07823553087763206,-0.013298220583886822,geboten
bild ge+biet+en,3.3758952833605926,-0.018090368676411662,0.07823553087763206,-0.013298220583886822,bild ge+biet+en
glüh+end+e lavaström+e,3.6631251364002386,0.10658823786517845,-0.0438617046337872,-0.1434484609580014,glüh+end+e lavaström+e
zogen,3.248579431561968,0.014455901507568305,0.05602702479863719,-0.04767130795848474,zogen
lavaström+e zieh+en,3.248579431561968,0.014455901507568305,0.05602702479863719,-0.04767130795848474,lavaström+e zieh+en
Hänge,3.006865063135754,-0.028279331738126502,0.09995271790460106,-0.010672153951210989,Hänge
zieh+en hang+e,3.006865063135754,-0.028279331738126502,0.09995271790460106,-0.010672153951210989,zieh+en hang+e
hang+e mach+ten,2.940655683171105,-0.03700324583513995,0.10938421781159444,-0.00394801511577597,hang+e mach+ten
beson…,2.857065369231734,-0.04634520328426249,0.11999624103507156,0.0027746864346513515,beson…
mach+ten beson…,2.857065369231734,-0.04634520328426249,0.11999624103507156,0.0027746864346513515,mach+ten beson…
+2793,2.8221621238204913,-0.049758617023576056,0.12406847263006021,0.005075453582578353,+2793
beson… +2793,2.8221621238204913,-0.049758617023576056,0.12406847263006021,0.005075453582578353,beson… +2793
+2793 chars,2.798235147952271,-0.0519506469464694,0.12675564141716117,0.006500072628007947,+2793 chars
gut klima,5.971852553487059,0.0873774307381478,-0.07559582499019232,-0.09530494591402756,gut klima
vulkan+ausbruch liefer+t,8.474592281379797,0.10982855784958451,-0.12974960898427154,-0.1076872413602453,vulkan+ausbruch liefer+t
erkenntnis+se der,6.265916060462792,0.09082545976559596,-0.08355337125981839,-0.09722274035078021,erkenntnis+se der
der gewaltig+e,10.278289230370909,0.07565241051219669,-0.10967444350486437,-0.06098254848148074,der gewaltig+e
gewaltig+e ausbruch,9.714845843543586,0.07365586806520893,-0.1033317083847201,-0.060667944530179485,gewaltig+e ausbruch
Unterwasservulkans,9.16065565761344,0.07137305546765803,-0.09644776284143863,-0.0601733851939177,Unterwasservulkans
ausbruch unterwasser+vulkan+s,9.16065565761344,0.07137305546765803,-0.09644776284143863,-0.0601733851939177,ausbruch unterwasser+vulkan+s
unterwasser+vulkan+s hunga,8.563357588486209,0.06852269432663452,-0.08822456163817605,-0.05942980613741117,unterwasser+vulkan+s hunga
tonga hundert+e,8.1792750239308,0.0664527997633435,-0.08244244348191554,-0.05883142832345959,tonga hundert+e
Male,7.995562703307256,0.06539094323123583,-0.07952623690511597,-0.05851035223718726,Male
hundert+e mal+e,7.995562703307256,0.06539094323123583,-0.07952623690511597,-0.05851035223718726,hundert+e mal+e
stärker,7.901490261667982,0.06482816388167957,-0.07799297512836192,-0.0583369026614998,stärker
mal+e stark+er,7.901490261667982,0.06482816388167957,-0.07799297512836192,-0.0583369026614998,mal+e stark+er
Hiroshima-Bombe,7.631879062457363,0.06314003984643575,-0.07344076276962139,-0.05780471658090077,Hiroshima-Bombe
stark+er hiroshima-bombe,7.631879062457363,0.06314003984643575,-0.07344076276962139,-0.05780471658090077,stark+er hiroshima-bombe
doch neu+e,7.259137718056104,0.06060835898245647,-0.06673257259974692,-0.05697859110130435,doch neu+e
Fachmagazin,7.084832938544842,0.05933847309594901,-0.06341598122900689,-0.056553753767435135,Fachmagazin
studie fach+magazin,7.084832938544842,0.05933847309594901,-0.06341598122900689,-0.056553753767435135,studie fach+magazin
Nature,6.958409427413533,0.05838039081444527,-0.060933428490735964,-0.05622925443292132,Nature
fach+magazin nature,6.958409427413533,0.05838039081444527,-0.060933428490735964,-0.05622925443292132,fach+magazin nature
nature ...,3.8088606350393706,-0.0015884194861040253,0.05126946823049433,-0.02244036864631586,nature ...
Communications,5.039997530203918,0.05005719397367966,-0.02315761579446627,-0.061297239505975466,Communications
nature communications,5.039997530203918,0.05005719397367966,-0.02315761579446627,-0.061297239505975466,nature communications
enthü…,3.9412980234335615,0.018551826558750775,0.030521866542186245,-0.04072256004110363,enthü…
communications enthü…,3.9412980234335615,0.018551826558750775,0.030521866542186245,-0.04072256004110363,communications enthü…
enthü… +299,2.5256100723502555,-0.008376085188118963,0.1066294964298499,-0.04156549080357404,enthü… +299
+299 char+s,2.5205348547059856,-0.008713630881890123,0.10716850314299015,-0.041378871811368914,+299 char+s
fürs,7.4530921113521975,0.04957719295615573,-0.05848111120795385,-0.044021417890650665,fürs
gut für,7.4530921113521975,0.04957719295615573,-0.05848111120795385,-0.044021417890650665,gut für
für klima,8.211278516585308,0.05676002427624237,-0.07338130454752,-0.04808385869920314,für klima
communications enthüll+t,2.8341549035085296,0.009751196271799455,0.07680344305138156,-0.05164493333915184,communications enthüll+t
enthüll+t echt+es,2.7874883393479397,0.007280074693535536,0.08097456179560791,-0.05026475769392946,enthüll+t echt+es
Klimawunder,2.7716802206460898,0.006423252622820504,0.08241282538998787,-0.049786620506048214,Klimawunder
echt+es klima+wunder,2.7716802206460898,0.006423252622820504,0.08241282538998787,-0.049786620506048214,echt+es klima+wunder
+300,2.47862083432455,-0.011557744591234586,0.11168736801572676,-0.03980814099978666,+300
enthü… +300,2.47862083432455,-0.011557744591234586,0.11168736801572676,-0.03980814099978666,enthü… +300
+300 char+s,2.474340254785524,-0.011854007242603904,0.1121557638791525,-0.03964469925534814,+300 char+s
Mega-Vulkan,5.866458391154111,-0.04809100872326087,0.04584704068382283,0.041486079267385956,Mega-Vulkan
dieser mega-vulka+n,5.866458391154111,-0.04809100872326087,0.04584704068382283,0.041486079267385956,dieser mega-vulka+n
mega-vulka+n säuber+te,5.498520739800831,-0.05026634182875336,0.05340180195096798,0.04067083067505976,mega-vulka+n säuber+te
säuber+te atmosphäre,4.343180568946109,-0.058569473583329236,0.08241623255212518,0.037163694605423195,säuber+te atmosphäre
atmosphäre der,3.913337599963225,-0.0624324167903752,0.09605669626195706,0.035290310410650415,atmosphäre der
+290,2.378282406894063,-0.08259199193238989,0.16975318669770006,0.022279489570670847,+290
enthü… +290,2.378282406894063,-0.08259199193238989,0.16975318669770006,0.022279489570670847,enthü… +290
+290 char+s,2.3739526888688443,-0.08267102524136001,0.170052907333498,0.022215762743153837,+290 char+s
Aufzug,8.28105871790789,-0.03724742175049409,0.00827700644950309,0.04502190600501256,Aufzug
mit aufzug,4.245825604508112,-0.05939954428723556,0.08533814822122733,0.03677509295135843,mit aufzug
Herz,4.990672993873869,-0.053604667922763874,0.06502711708206499,0.03933976894721954,Herz
aufzug herz,4.990672993873869,-0.053604667922763874,0.06502711708206499,0.03933976894721954,aufzug herz
herz vulkan+s,7.737765953269621,-0.039286260320388566,0.015342625529002365,0.04441740333533516,herz vulkan+s
vulkan+s island,4.990672993873869,-0.053604667922763874,0.06502711708206499,0.03933976894721954,vulkan+s island
island lock+t,6.921594347693977,-0.0427361866231825,0.027290102134675875,0.04333429714846001,island lock+t
einzigartiges,6.098208267627088,-0.046811020623828185,0.04140731859384008,0.04194772177592626,einzigartiges
lock+t einzigartig+es,6.098208267627088,-0.046811020623828185,0.04140731859384008,0.04194772177592626,lock+t einzigartig+es
Naturabenteuer,5.421363795039916,-0.0507468793270267,0.05507261542165226,0.04048533823234383,Naturabenteuer
einzigartig+es natur+abenteuer,5.421363795039916,-0.0507468793270267,0.05507261542165226,0.04048533823234383,einzigartig+es natur+abenteuer
Abstieg,6.982835165290451,-0.042458940605961,0.026330057308120693,0.04342428573852276,Abstieg
natur+abenteuer abstieg,4.848181363571718,-0.05462220389166312,0.06858010990730981,0.038913652640904524,natur+abenteuer abstieg
abstieg 120,5.248034897675927,-0.051859909807144014,0.058945736827684156,0.040047930663936304,abstieg 120
tiefe,5.6242745009112385,-0.04950183885619446,0.05074518962934662,0.040961856565030846,tiefe
meter tief+e,5.6242745009112385,-0.04950183885619446,0.05074518962934662,0.040961856565030846,meter tief+e
tief+e magma+kammer,5.920788518651925,-0.047785021518005344,0.04478537764080475,0.04159762621438658,tief+e magma+kammer
Thrihnukagigur-Vulkans,7.282991950814671,-0.04114528219850095,0.02178117469994993,0.043843542323976116,Thrihnukagigur-Vulkans
magma+kammer thrihnukagigur-vulkan+s,7.282991950814671,-0.04114528219850095,0.02178117469994993,0.043843542323976116,magma+kammer thrihnukagigur-vulkan+s
der dabei,7.573345830425394,-0.03994120850080608,0.017611266955973252,0.044217762954757274,der dabei
genutzte,6.816590416291155,-0.04321920492345008,0.028962750068668105,0.0431762401722424,genutzte
dabei ge+nutz+t+e,6.816590416291155,-0.04321920492345008,0.028962750068668105,0.0431762401722424,dabei ge+nutz+t+e
ge+nutz+t+e aufzug,6.098208267627088,-0.046811020623828185,0.04140731859384008,0.04194772177592626,ge+nutz+t+e aufzug
Überbleibsel,5.539027110989936,-0.05001759933224335,0.052537232029273344,0.0407660666233624,Überbleibsel
aufzug überbleibsel,5.539027110989936,-0.05001759933224335,0.052537232029273344,0.0407660666233624,aufzug überbleibsel
Dreharbeiten,3.4128938142003227,-0.06768876050585469,0.11481850961150075,0.03245704806338409,Dreharbeiten
überbleibsel dreh+arbeit+en,3.4128938142003227,-0.06768876050585469,0.11481850961150075,0.03245704806338409,überbleibsel dreh+arbeit+en
Dreharbeiten.Eiskalter,3.4128938142003227,-0.06768876050585469,0.11481850961150075,0.03245704806338409,Dreharbeiten.Eiskalter
überbleibsel dreharbeiten.eiskalt+er,3.4128938142003227,-0.06768876050585469,0.11481850961150075,0.03245704806338409,überbleibsel dreharbeiten.eiskalt+er
Wind…,3.1654291037838744,-0.07067072745573044,0.12558527874693873,0.030689710852995582,Wind…
dreharbeiten.eiskalt+er wind…,3.1654291037838744,-0.07067072745573044,0.12558527874693873,0.030689710852995582,dreharbeiten.eiskalt+er wind…
+7571,3.1091661407545335,-0.07139074194381394,0.1281999210445208,0.030244409038461015,+7571
wind… +7571,3.1091661407545335,-0.07139074194381394,0.1281999210445208,0.030244409038461015,wind… +7571
+7571 chars,3.0657845689055794,-0.0719574365314498,0.13026209311906436,0.02988868831184455,+7571 chars
Lavafontänen-Rekord,4.3359575826610985,0.062395468553071536,-0.01929066576459915,-0.08231914397819355,Lavafontänen-Rekord
brech+t lavafontänen-rekord,4.3359575826610985,0.062395468553071536,-0.01929066576459915,-0.08231914397819355,brech+t lavafontänen-rekord
lavafontänen-rekord seit,3.7832775439899287,-0.04061029519210576,0.08316946389761289,0.014060186355123102,lavafontänen-rekord seit
eineinhalb,6.036486267972868,-0.0471455754443861,0.04256741071567697,0.041828315236335324,eineinhalb
rund eineinhalb,6.036486267972868,-0.0471455754443861,0.04256741071567697,0.041828315236335324,rund eineinhalb
eineinhalb jahr+en,6.921594347693977,-0.0427361866231825,0.027290102134675875,0.04333429714846001,eineinhalb jahr+en
kilauea immer,7.282991950814671,-0.04114528219850095,0.02178117469994993,0.043843542323976116,kilauea immer
Rekord,5.267355921413819,-0.01578343554116971,0.030002721870229593,0.0072436730527801725,Rekord
immer rekord,5.267355921413819,-0.01578343554116971,0.030002721870229593,0.0072436730527801725,immer rekord
gebrochen,4.90991794197422,-0.03694204456077634,0.04042735880789113,0.029943316246352682,gebrochen
rekord ge+brech+en,4.90991794197422,-0.03694204456077634,0.04042735880789113,0.029943316246352682,rekord ge+brech+en
Aufgrund,4.88000176342922,-0.02795878988470629,0.008729465636480296,0.0330181486767824,Aufgrund
anhaltenden,4.99448964189541,-0.0031339725690105813,-0.05207058185116101,0.0273835750782268,anhaltenden
aufgrund an+halt+end+en,4.99448964189541,-0.0031339725690105813,-0.05207058185116101,0.0273835750782268,aufgrund an+halt+end+en
an+halt+end+en eruption,5.699440671113431,0.09878435537492662,-0.21375141851109886,-0.05403101022058858,an+halt+end+en eruption
eruption geb+t,5.261309925325607,-0.05114959857182667,-0.14357215522017505,0.12219433586122351,eruption geb+t
geb+t warnung+en,5.6977944368000495,-0.2002163099656607,-0.22122960339726144,0.2923120584648923,geb+t warnung+en
warnung+en asche+regen,3.4470589775658347,-0.09725276313983387,0.03806706857042686,0.10301920267924498,warnung+en asche+regen
02.06.2026,3.4301733934300285,-0.08071686629538712,0.09339470761764103,0.05874614423427491,02.06.2026
stand 02.06.2026,3.4301733934300285,-0.08071686629538712,0.09339470761764103,0.05874614423427491,stand 02.06.2026
13:42,3.514371124337745,-0.070388850540113,0.10753113053167042,0.0394124923627028,13:42
02.06.2026 13:42,3.514371124337745,-0.070388850540113,0.10753113053167042,0.0394124923627028,02.06.2026 13:42
13:42 uhr,3.6054457168722367,-0.06555500973111471,0.10717128256156058,0.03364888430537068,13:42 uhr
uhr seit,3.7077443223067394,-0.06448039121852363,0.10333648063170117,0.0342272030892115,uhr seit
vo…,3.2949831272799193,-0.11006180415892104,0.0006013531257490839,0.13274515495829492,vo…
warnung+en vo…,3.2949831272799193,-0.11006180415892104,0.0006013531257490839,0.13274515495829492,warnung+en vo…
+2076,3.200558523114098,-0.09992144784095855,0.023474049106256088,0.1122393244442366,+2076
vo… +2076,3.200558523114098,-0.09992144784095855,0.023474049106256088,0.1122393244442366,vo… +2076
+2076 chars,3.1176485882031995,-0.09308794822568636,0.042645351257192855,0.09634390470890158,+2076 chars
Ice,2.9419011822889862,-0.06844555243454856,0.1326603065508096,0.024307670932652636,Ice
Age,2.946368405206549,-0.06863014092939954,0.13261023678161624,0.02456305589433797,Age
ice age,2.946368405206549,-0.06863014092939954,0.13261023678161624,0.02456305589433797,ice age
Siedepunkt,2.955470667757722,-0.06900419967461757,0.13250798381372694,0.02508065305862677,Siedepunkt
age siedepunkt,2.955470667757722,-0.06900419967461757,0.13250798381372694,0.02508065305862677,age siedepunkt
2027,2.9695616916371246,-0.06957789483331776,0.13234908664634687,0.025874692341506567,2027
siedepunkt 2027,2.9695616916371246,-0.06957789483331776,0.13234908664634687,0.025874692341506567,siedepunkt 2027
Film,2.340379147070122,-0.0810760253824401,0.17087256659294459,0.019811120355776736,Film
2027 film,2.340379147070122,-0.0810760253824401,0.17087256659294459,0.019811120355776736,2027 film
The,2.354339676754324,-0.08176994885930813,0.17054786320286044,0.02084127466784804,The
film the,2.354339676754324,-0.08176994885930813,0.17054786320286044,0.02084127466784804,film the
Walt,2.3571141364860013,-0.0819066684620438,0.17048338319094586,0.021044309967871537,Walt
the walt,2.3571141364860013,-0.0819066684620438,0.17048338319094586,0.021044309967871537,the walt
Disney,2.360637156347344,-0.08207971307622433,0.17040153072759312,0.021301323797024072,Disney
walt disney,2.360637156347344,-0.08207971307622433,0.17040153072759312,0.021301323797024072,walt disney
Company,3.9449822561886956,0.0198616355768534,0.02928971321220629,-0.042009141917311185,Company
disney company,2.365675226587597,-0.08232608641767368,0.17028452636127542,0.021667315667372795,disney company
Germany,2.3723419614292993,-0.08265015044020971,0.1701297862776197,0.02214884057715144,Germany
company germany,2.3723419614292993,-0.08265015044020971,0.1701297862776197,0.02214884057715144,company germany
GmbH,2.380036978911134,-0.08256001659679987,0.16963195399959818,0.022305239921255444,GmbH
germany gmbh,2.380036978911134,-0.08256001659679987,0.16963195399959818,0.022305239921255444,germany gmbh
gmbh ice,2.322030330453099,-0.08014856530832248,0.17129995320564642,0.018435152987053362,gmbh ice
John,2.4223049076113643,-0.08179866578571576,0.16675014079062425,0.022912908804041898,John
2027 john,2.4223049076113643,-0.08179866578571576,0.16675014079062425,0.022912908804041898,2027 john
Donkin,2.4308406333046735,-0.08164696592959772,0.16617703112187396,0.02303274276489051,Donkin
john donkin,2.4308406333046735,-0.08164696592959772,0.16617703112187396,0.02303274276489051,john donkin
Manni,3.1894602695219314,-0.07036818875285002,0.12448843595700894,0.030874621694851195,Manni
donkin manni,2.4523494901501026,-0.08126769045963807,0.16474573484956725,0.023330553923386517,donkin manni
Diego,3.205386110262674,-0.07016930184004481,0.12376794741713024,0.03099547867231312,Diego
manni diego,3.205386110262674,-0.07016930184004481,0.12376794741713024,0.03099547867231312,manni diego
Sid,3.221837028203756,-0.06996518778107509,0.12302898812753338,0.03111893586013998,Sid
diego sid,3.221837028203756,-0.06996518778107509,0.12302898812753338,0.03111893586013998,diego sid
Buck,3.23392558169612,-0.06981605229556234,0.12248936512997731,0.031208772094759186,Buck
sid buck,3.23392558169612,-0.06981605229556234,0.12248936512997731,0.031208772094759186,sid buck
Ellie,3.2564357969716715,-0.06954024798314996,0.1214920647298264,0.03137409737664396,Ellie
buck ellie,3.2564357969716715,-0.06954024798314996,0.1214920647298264,0.03137409737664396,buck ellie
katapultieren,3.2720092153003355,-0.06935086814777323,0.12080776042668268,0.03148700840379963,katapultieren
ellie katapultier+en,3.2720092153003355,-0.06935086814777323,0.12080776042668268,0.03148700840379963,ellie katapultier+en
gemeinsam,3.330474576753349,-0.0686501266070126,0.11827910870061699,0.031900527247230574,gemeinsam
katapultier+en gemeinsam,3.330474576753349,-0.0686501266070126,0.11827910870061699,0.031900527247230574,katapultier+en gemeinsam
Eicheln,3.3993885982544656,-0.06784422756001678,0.11537748347013654,0.03236788744547279,Eicheln
gemeinsam eichel+n,3.3993885982544656,-0.06784422756001678,0.11537748347013654,0.03236788744547279,gemeinsam eichel+n
besessenen,3.4267300322359455,-0.06753030369001255,0.11424904294203177,0.03254759381937858,besessenen
eichel+n besitz+en+en,3.4267300322359455,-0.06753030369001255,0.11424904294203177,0.03254759381937858,eichel+n besitz+en+en
Scrat,4.293093940124527,-0.05899346343353822,0.08390812508787926,0.036966129181048336,Scrat
besitz+en+en scrat,3.4666028724919706,-0.06707824480909305,0.11262583098521778,0.03280409282470295,besitz+en+en scrat
Opossum-Brüdern,3.509411555190563,-0.06660031009872507,0.11091194536459989,0.033072370923879636,Opossum-Brüdern
scrat opossum-brüder+n,3.509411555190563,-0.06660031009872507,0.11091194536459989,0.033072370923879636,scrat opossum-brüder+n
Crash,3.5777252054680186,-0.06585301185394156,0.1082366249018228,0.03348594666344885,Crash
opossum-brüder+n crash,3.5777252054680186,-0.06585301185394156,0.1082366249018228,0.03348594666344885,opossum-brüder+n crash
crash manni,2.4523494901501026,-0.08126769045963807,0.16474573484956725,0.023330553923386517,crash manni
Eddie,3.4856758917671686,-0.06686436969847291,0.11185858761459386,0.03292451386828697,Eddie
crash eddie,3.4856758917671686,-0.06686436969847291,0.11185858761459386,0.03292451386828697,crash eddie
sowie,3.5868284171916835,-0.06575482204833918,0.10788550785877962,0.03353975779269305,sowie
eddie sowie,3.5868284171916835,-0.06575482204833918,0.10788550785877962,0.03353975779269305,eddie sowie
Baby,3.7077443223067394,-0.06448039121852363,0.10333648063170117,0.0342272030892115,Baby
sowie baby,3.7077443223067394,-0.06448039121852363,0.10333648063170117,0.0342272030892115,sowie baby
baby scrat,2.5988756197514395,-0.07879191091588705,0.15545673888087097,0.025212840946217008,baby scrat
scrat direkt,4.008950511104029,-0.0615269256417699,0.0928491894047442,0.03574454024418794,scrat direkt
brodelnden,6.27005182130533,-0.0459026367971826,0.03825845942559204,0.042267547140879755,brodelnden
direkt brodel+nd+en,4.990672993873869,-0.053604667922763874,0.06502711708206499,0.03933976894721954,direkt brodel+nd+en
brodel+nd+en vulkan,7.737765953269621,-0.039286260320388566,0.015342625529002365,0.04441740333533516,brodel+nd+en vulkan
vulkan ver…,4.723276138161061,-0.05554687156376422,0.07181333682892325,0.03851777209029968,vulkan ver…
+164,4.343180568946109,-0.058569473583329236,0.08241623255212518,0.037163694605423195,+164
ver… +164,4.343180568946109,-0.058569473583329236,0.08241623255212518,0.037163694605423195,ver… +164
+164 char+s,4.1185073791175695,-0.06052323503843875,0.08930132782675781,0.03623705468087511,+164 char+s
Angriffe,1.8176750279239529,-0.18643705967422017,0.14594904493203997,0.14788361498356714,Angriffe
Nahen,1.8245504871898097,-0.1902124807205624,0.14217362388569785,0.15329167328526208,Nahen
angriff+e nah+en,1.8245504871898097,-0.1902124807205624,0.14217362388569785,0.15329167328526208,angriff+e nah+en
nah+en osten,1.828360055039492,-0.19229825270252104,0.14008785190373915,0.1562582236597678,nah+en osten
Verspielt,1.8331735646906437,-0.19492748565460585,0.13745861895165454,0.15997647278217436,Verspielt
osten verspiel+t,1.8331735646906437,-0.19492748565460585,0.13745861895165454,0.15997647278217436,osten verspiel+t
Israel,2.4478517261521713,-0.48408962584754356,-0.15170352124128336,0.46303399941362944,Israel
verspiel+t israel,1.840862489282184,-0.19911303838390834,0.13327306622235172,0.16584730944845566,verspiel+t israel
israel gerade,1.846927035286397,-0.20240202840393087,0.12998407620232927,0.1704194452494967,israel gerade
Unterstützung,1.8578884655331054,-0.20831944168916333,0.12406666291709667,0.17855578976867453,Unterstützung
gerade unterstützung,1.8578884655331054,-0.20831944168916333,0.12406666291709667,0.17855578976867453,gerade unterstützung
unterstützung usa,1.881165360156607,-0.22077028963817674,0.1116158149680833,0.19530912599971084,unterstützung usa
Angriffen,1.8984667815519431,-0.22992543574348917,0.10246066886277098,0.20732155256958482,Angriffen
nach angriff+en,1.8984667815519431,-0.22992543574348917,0.10246066886277098,0.20732155256958482,nach angriff+en
angriff+en iran,1.9443069588942579,-0.2537844266531658,0.0786016779530943,0.237471606213351,angriff+en iran
iran israel,1.980697887810443,-0.2723280836092613,0.06005802099699887,0.2598190285042246,iran israel
israel trotz,2.021851418433119,-0.29289246783625406,0.03949363677000603,0.28356807066314493,israel trotz
Donald,2.0743216388178576,-0.3185130115948361,0.013873093011424038,0.3117399223453242,Donald
trotz donald,2.0743216388178576,-0.3185130115948361,0.013873093011424038,0.3117399223453242,trotz donald
Trumps,2.1819359570707046,-0.3690913688309087,-0.036705264224648614,0.36318659900656725,Trumps
donald trump+s,2.1819359570707046,-0.3690913688309087,-0.036705264224648614,0.36318659900656725,donald trump+s
trump+s warnung,2.495113085091242,-0.503212885276364,-0.1708267806701039,0.47769494456257494,trump+s warnung
zurückgefeuert,2.1611170564094895,-0.3595040761764079,-0.027117971570147625,0.35383148444883555,zurückgefeuert
warnung zurück+ge+feuer+t,2.1611170564094895,-0.3595040761764079,-0.027117971570147625,0.35383148444883555,warnung zurück+ge+feuer+t
Schwindet,1.9964810125059391,-0.2802649694998477,0.05212113510641252,0.2691100657071263,Schwindet
Einfluss,1.9378220873973024,-0.2504435395000689,0.08194256510619129,0.23334686132685406,Einfluss
schwind+et einflus+s,1.9378220873973024,-0.2504435395000689,0.08194256510619129,0.23334686132685406,schwind+et einflus+s
einflus+s usa,1.904538787098484,-0.23311870517031574,0.09926739943594434,0.2114521717502517,einflus+s usa
usa israel,1.8893103185589328,-0.22509068407416433,0.1072954205320958,0.20100958973273172,usa israel
Armeniens,1.8698176441381231,-0.2147197420219205,0.11766636258433973,0.18722885973368633,Armeniens
und armenien+s,1.8698176441381231,-0.2147197420219205,0.11766636258433973,0.18722885973368633,und armenien+s
Spagat,1.8578884655331054,-0.20831944168916333,0.12406666291709667,0.17855578976867453,Spagat
armenien+s spagat,1.8578884655331054,-0.20831944168916333,0.12406666291709667,0.17855578976867453,armenien+s spagat
Ost,1.8425323438125871,-0.20001973164947837,0.13236637295678197,0.1671113260624007,Ost
spagat ost,1.8425323438125871,-0.20001973164947837,0.13236637295678197,0.1671113260624007,spagat ost
West,1.836125011008633,-0.19653621107916727,0.13584989352709315,0.16223992979183216,West
ost west,1.836125011008633,-0.19653621107916727,0.13584989352709315,0.16223992979183216,ost west
west ein,1.832459510625902,-0.19453789179231668,0.13784821281394344,0.1594269986851883,west ein
posiert,1.8264212100241062,-0.1912372616025614,0.14114884300369882,0.15475107092382887,posiert
mann posier+t,1.8264212100241062,-0.1912372616025614,0.14114884300369882,0.15475107092382887,mann posier+t
abgestürzten,1.8160919662997288,-0.18556575354650626,0.14682035105975377,0.14662844390680235,abgestürzten
posier+t ab+ge+stürz+t+en,1.8160919662997288,-0.18556575354650626,0.14682035105975377,0.14662844390680235,posier+t ab+ge+stürz+t+en
Rakete,1.8097646541498142,-0.18207564390625977,0.15031046070000031,0.14157382729434687,Rakete
ab+ge+stürz+t+en rakete,1.8097646541498142,-0.18207564390625977,0.15031046070000031,0.14157382729434687,ab+ge+stürz+t+en rakete
Umland,1.8054086415708763,-0.1796657927977777,0.15272031180848228,0.13805837173760332,Umland
rakete umland,1.8054086415708763,-0.1796657927977777,0.15272031180848228,0.13805837173760332,rakete umland
Jerichos,1.802585291219476,-0.1781007397626095,0.15428536484365052,0.13576409799884445,Jerichos
umland jericho+s,1.802585291219476,-0.1781007397626095,0.15428536484365052,0.13576409799884445,umland jericho+s
seit anfang,1.7940680353282725,-0.1733645191489809,0.1590215854572792,0.1287667475681521,seit anfang
anfang april,1.7918696696572005,-0.17213841533606655,0.16024768927019356,0.12694184441817424,anfang april
april iran,1.78835098424778,-0.17017278981602685,0.16221331479023335,0.12400459741280223,april iran
iran sonntag,1.7861628594152776,-0.16894849739388676,0.1634376072123735,0.12216782965465711,iran sonntag
sonntag israel,1.7840881117883494,-0.16778625536820796,0.16459984923805238,0.12041893959562494,sonntag israel
israel direkt,1.7823582255506616,-0.16681616569926253,0.16556993890699762,0.11895528551520719,israel direkt
beschossen.©,1.780702188905007,-0.16588660707702774,0.16649949752923235,0.1175494355913427,beschossen.©
direkt beschossen.©,1.780702188905007,-0.16588660707702774,0.16649949752923235,0.1175494355913427,direkt beschossen.©
Ahmad,1.7769574145003184,-0.16378141647131605,0.16860468813494414,0.1143533986429476,Ahmad
beschossen.© ahmad,1.7769574145003184,-0.16378141647131605,0.16860468813494414,0.1143533986429476,beschossen.© ahmad
Gharabli/AFP,1.7757206773688075,-0.16308518835861488,0.16930091624764534,0.11329266905775907,Gharabli/AFP
ahmad gharabli/afp,1.7757206773688075,-0.16308518835861488,0.16930091624764534,0.11329266905775907,ahmad gharabli/afp
via,2.7913127006074197,-0.1130671610868415,0.11408967329689144,0.08613354666169375,via
gharabli/afp via,1.773176851722154,-0.1616516016960146,0.17073450291024547,0.11110266251544929,gharabli/afp via
Getty,1.7724290041967752,-0.16122975698633246,0.1711563476199276,0.11045672154352695,Getty
via getty,1.7724290041967752,-0.16122975698633246,0.1711563476199276,0.11045672154352695,via getty
Images,1.7713359769065993,-0.16061288350252903,0.1717732211037312,0.10951090365422861,Images
getty image+s,1.7713359769065993,-0.16061288350252903,0.1717732211037312,0.10951090365422861,getty image+s
image+s ein,1.7699295767419732,-0.15981859105692653,0.17256751354933358,0.10829087906222976,image+s ein
Eskal…,1.7682481928539455,-0.1588681673506656,0.1735179372555945,0.10682780303492548,Eskal…
neu+e eskal…,1.7682481928539455,-0.1588681673506656,0.1735179372555945,0.10682780303492548,neu+e eskal…
+2298,1.7669601921617877,-0.1581394970099826,0.17424660759627764,0.10570369734557579,+2298
eskal… +2298,1.7669601921617877,-0.1581394970099826,0.17424660759627764,0.10570369734557579,eskal… +2298
+2298 char+s,1.7660254447633639,-0.15761034262539328,0.17477576198086686,0.10488607409526336,+2298 char+s
dieser vulkan,7.737765953269621,-0.039286260320388566,0.015342625529002365,0.04441740333533516,dieser vulkan
schlug,5.498520739800831,-0.05026634182875336,0.05340180195096798,0.04067083067505976,schlug
vulkan schlag,5.498520739800831,-0.05026634182875336,0.05340180195096798,0.04067083067505976,vulkan schlag
Army,4.293093940124527,-0.058993463433538104,0.08390812508787926,0.03696612918104855,Army
schlag army,4.293093940124527,-0.058993463433538104,0.08390812508787926,0.03696612918104855,schlag army
army flucht,3.8559499414961103,-0.06298979709389071,0.0980344210414033,0.03500594282780883,army flucht
flucht mehr,3.68594342185921,-0.06470616304866253,0.1041412705494367,0.034106892002802675,flucht mehr
600,5.1854282552505415,-0.052273863772940396,0.06038742092181715,0.039882433946407767,600
mehr 600,5.1854282552505415,-0.052273863772940396,0.06038742092181715,0.039882433946407767,mehr 600
600 jahr+e,5.069898447720948,-0.05305522674693637,0.06311061593347814,0.03956579940506967,600 jahr+e
schien,4.9169746224986906,-0.05412613167152983,0.06684731955193106,0.03912262556594123,schien
jahr+e schein+en,4.9169746224986906,-0.05412613167152983,0.06684731955193106,0.03912262556594123,jahr+e schein+en
Pinatubo,4.684937256162904,-0.05583712378546171,0.0728291817746055,0.03839177323509154,Pinatubo
schein+en pinatubo,4.684937256162904,-0.05583712378546171,0.0728291817746055,0.03839177323509154,schein+en pinatubo
pinatubo philippinen,4.4102071939316305,-0.058011944316181716,0.08045626565079023,0.037420570823676495,pinatubo philippinen
philippinen erlösch+en,4.2573931627091195,-0.059299625846849065,0.0849861775138571,0.0368222642613935,philippinen erlösch+en
spie,4.089624763856041,-0.06078444402285079,0.0902239164945493,0.03610997471442353,spie
dann spie,4.089624763856041,-0.06078444402285079,0.0902239164945493,0.03610997471442353,dann spie
spie berg,4.00895051110403,-0.0615269256417699,0.092849189404744,0.035744540244187724,spie berg
1991,3.96759474778481,-0.06191510454961143,0.09422342496166068,0.03555097765021307,1991
berg 1991,3.96759474778481,-0.06191510454961143,0.09422342496166068,0.03555097765021307,berg 1991
1991 feuer,3.8769318859933204,-0.06278476909409338,0.09730662962893324,0.03511097154834545,1991 feuer
Einer,3.828913949264684,-0.0632561251404635,0.09898033991016005,0.034868766534346216,Einer
größten,7.415316466028287,0.0006751722643967181,-0.014139283093808042,0.005563091046827976,größten
einer groß,3.765616832644882,-0.06388930003530326,0.10123163617007988,0.034539227325458284,einer groß
US-Stützpunkte,3.7189225685149547,-0.0643652935257727,0.10292637901209115,0.03428829575724787,US-Stützpunkte
groß us+-+stütz+punkt+e,3.7189225685149547,-0.0643652935257727,0.10292637901209115,0.03428829575724787,groß us+-+stütz+punkt+e
us+-+stütz+punkt+e werd+e,3.6394191780737124,-0.06519380051371608,0.10588110404387054,0.03384488051361773,us+-+stütz+punkt+e werd+e
weitgehend,3.6101881911221607,-0.06550432360376399,0.1069901661906349,0.03367648611708102,weitgehend
werd+e weitgehend,3.6101881911221607,-0.06550432360376399,0.1069901661906349,0.03367648611708102,werd+e weitgehend
weitgehend zerstör+t,3.559912995227407,-0.06604607641587294,0.10892727456427546,0.03337978380399618,weitgehend zerstör+t
Besatzung,3.2463081527261197,-0.0708276440662856,0.12098135857762511,0.03321840021069163,Besatzung
der besatzung,3.2463081527261197,-0.0708276440662856,0.12098135857762511,0.03321840021069163,der besatzung
besatzung gerade,3.210930673204186,-0.07166549759431567,0.12223059965565813,0.033616525883635465,besatzung gerade
vorher,2.5668326285413543,-0.0793178762364298,0.15742244243354753,0.024821774910989816,vorher
gerade vorher,2.5668326285413543,-0.0793178762364298,0.15742244243354753,0.024821774910989816,gerade vorher
evakuiert,2.5545808223524062,-0.07952119907402459,0.15818342219248765,0.02466934068781406,evakuiert
vorher evakuier+t,2.5545808223524062,-0.07952119907402459,0.15818342219248765,0.02466934068781406,vorher evakuier+t
evakuier+t werd+en,2.5379280959413175,-0.07979955835920825,0.15922624160304275,0.024459503778141718,evakuier+t werd+en
+6720,2.3272217845123357,-0.0864777763994759,0.1709887578453847,0.026373653355513244,+6720
gerade +6720,2.3272217845123357,-0.0864777763994759,0.1709887578453847,0.026373653355513244,gerade +6720
+6720 char+s,2.3237044291090845,-0.08677500962064338,0.1710556673905458,0.02670010950478645,+6720 char+s
meter tiefe,3.7077443223067394,-0.06448039121852363,0.10333648063170117,0.0342272030892115,meter tiefe
Spiderman,6.645635482241746,-0.04402706818376742,0.03176057452187436,0.042908197395375845,Spiderman
tiefe spiderma+n,3.913337599963225,-0.0624324167903752,0.09605669626195706,0.035290310410650415,tiefe spiderma+n
Jemen,7.720754637546603,-0.03935316043033253,0.015574376368078756,0.04439713514312897,Jemen
spiderma+n jemen,7.720754637546603,-0.03935316043033253,0.015574376368078756,0.04439713514312897,spiderma+n jemen
stürzt,5.097659028450145,-0.052865357684872966,0.062448647366898875,0.03964325626508686,stürzt
jemen stürz+t,5.097659028450145,-0.052865357684872966,0.062448647366898875,0.03964325626508686,jemen stürz+t
stürz+t vulkan+krater,7.737765953269621,-0.039286260320388566,0.015342625529002365,0.04441740333533516,stürz+t vulkan+krater
vulkan+krater tod,4.343180568946109,-0.058569473583329236,0.08241623255212518,0.037163694605423195,vulkan+krater tod
tod mit,4.158744573334073,-0.06016327958520843,0.08803079624695859,0.03641092564835946,tod mit
mit video+s,4.8700585413677455,-0.05446345265498708,0.06802545622110835,0.03898078421652188,mit video+s
waghalsigen,4.557093153697991,-0.056827870487765136,0.07630023268498123,0.03795533546290297,waghalsigen
video+s waghalsig+en,4.557093153697991,-0.056827870487765136,0.07630023268498123,0.03795533546290297,video+s waghalsig+en
Kletteraktionen,4.320553925099503,-0.05876021844264767,0.08308725678130781,0.03707505213251589,Kletteraktionen
waghalsig+en kletter+aktion+en,4.320553925099503,-0.05876021844264767,0.08308725678130781,0.03707505213251589,waghalsig+en kletter+aktion+en
kletter+aktion+en spiderma+n,4.688445307912453,-0.05581043658971388,0.07273576078534734,0.038403393087477596,kletter+aktion+en spiderma+n
Internet,4.022770413696154,-0.06139836449531939,0.09239431718558244,0.0358082647131381,Internet
jemen internet,4.022770413696154,-0.06139836449531939,0.09239431718558244,0.0358082647131381,jemen internet
berühmt,4.108373029001046,-0.060614616405661424,0.08962402828548743,0.03619268408513518,berühmt
internet berühmt,4.108373029001046,-0.060614616405661424,0.08962402828548743,0.03619268408513518,internet berühmt
inszeniert,3.5868284171916835,-0.06575482204833918,0.10788550785877962,0.03353975779269305,inszeniert
jetzt inszenier+t,3.5868284171916835,-0.06575482204833918,0.10788550785877962,0.03353975779269305,jetzt inszenier+t
inszenier+t abstieg,4.1185073791175695,-0.06052323503843875,0.08930132782675781,0.03623705468087511,inszenier+t abstieg
Innere,4.804780357916136,-0.054939933288420555,0.0696905927121341,0.03877856236083213,Innere
abstieg innere+e,4.804780357916136,-0.054939933288420555,0.0696905927121341,0.03877856236083213,abstieg innere+e
innere+e vulkan+s,7.737765953269621,-0.039286260320388566,0.015342625529002365,0.04441740333533516,innere+e vulkan+s
vulkan+s jedoch,5.3489069002359715,-0.05120639688915587,0.056671091494934774,0.040306079356850676,vulkan+s jedoch
fällt,4.0437578714501425,-0.06120421912427268,0.09170763988485155,0.03590413976418069,fällt
schwindelerregender,3.753634295891563,-0.06401071634370434,0.10166373975760264,0.03447548210731276,schwindelerregender
fall+t schwindel+er+reg+end+er,3.753634295891563,-0.06401071634370434,0.10166373975760264,0.03447548210731276,fall+t schwindel+er+reg+end+er
schwindel+er+reg+end+er höhe,3.3993885982544656,-0.06784422756001642,0.11537748347013654,0.03236788744547279,schwindel+er+reg+end+er höhe
Schwefelsee,3.258999009363133,-0.06950899810253137,0.12137911928676562,0.031392763086694433,Schwefelsee
höhe schwefel+see,3.258999009363133,-0.06950899810253137,0.12137911928676562,0.031392763086694433,höhe schwefel+see
schwefel+see boden,3.1245742689576566,-0.07119190436787853,0.12747726258871694,0.030368123320640168,schwefel+see boden
Retter,3.072736623824839,-0.07186593110373478,0.1299288503008594,0.02994644263228402,Retter
retter berg+en,3.026181998348279,-0.07248382952503489,0.13218106476098496,0.029554074065230616,retter berg+en
Kletterer,2.9617243855328956,-0.07335977559457353,0.13538186967329863,0.028988181276365765,Kletterer
berg+en kletterer,2.9617243855328956,-0.07335977559457353,0.13538186967329863,0.028988181276365765,berg+en kletterer
Metallkäfig,2.865197495110726,-0.07471826958989242,0.14036511885108283,0.028087663360468095,Metallkäfig
kletterer metall+käfig,2.865197495110726,-0.07471826958989242,0.14036511885108283,0.028087663360468095,kletterer metall+käfig
Yemeni,2.787804455537606,-0.07585052572667128,0.1445368918575751,0.02731533725715487,Yemeni
foto yemeni,2.787804455537606,-0.07585052572667128,0.1445368918575751,0.02731533725715487,foto yemeni
Civil,2.7641233973507826,-0.07620503882268996,0.14584662496998926,0.02706936673803163,Civil
yemeni civil,2.7641233973507826,-0.07620503882268996,0.14584662496998926,0.02706936673803163,yemeni civil
Defense,2.74499906518594,-0.07649418278558301,0.14691612473641966,0.026867266346548693,Defense
civil defense,2.74499906518594,-0.07649418278558301,0.14691612473641966,0.026867266346548693,civil defense
Authority,2.7210169083663587,-0.07686043335165768,0.1482724835947814,0.026609342938078498,Authority
defense authority,2.7210169083663587,-0.07686043335165768,0.1482724835947814,0.026609342938078498,defense authority
authority via,2.693213435079287,-0.07729024009061845,0.14986659429311444,0.0263038918147187,authority via
via mit,2.6700160872701137,-0.07765320209441808,0.15121480723271682,0.026043597119779507,via mit
+2337,2.482350578034522,-0.08074568210137556,0.1627794491361532,0.023736278311329472,+2337
jetzt +2337,2.482350578034522,-0.08074568210137556,0.1627794491361532,0.023736278311329472,jetzt +2337
+2337 chars,2.474524444528135,-0.0808810767198135,0.1632890458209865,0.023631505273604827,+2337 chars
400,4.915510721861017,-0.05413659319605192,0.0668838494226003,0.039118242890977706,400
400 erdbeben,4.956064544942344,-0.05384828072420368,0.06587730322254012,0.039238645885717634,400 erdbeben
wenigen,3.943846548360928,-0.06214039429007722,0.09502154926661767,0.0354378398880019,wenigen
erdbeben wenig+en,3.943846548360928,-0.06214039429007722,0.09502154926661767,0.0354378398880019,erdbeben wenig+en
wenig+en stunde+n,4.245825604508112,-0.05939954428723556,0.08533814822122733,0.03677509295135843,wenig+en stunde+n
Isländischer,4.804780357916136,-0.054939933288420555,0.0696905927121341,0.03877856236083213,Isländischer
stunde+n isländisch+er,4.804780357916136,-0.054939933288420555,0.0696905927121341,0.03877856236083213,stunde+n isländisch+er
isländisch+er vulkan,7.737765953269621,-0.039286260320388566,0.015342625529002365,0.04441740333533516,isländisch+er vulkan
vulkan sorg+t,9.108744749012027,-0.004291113815667042,-0.0264223856438465,0.01775842710793807,vulkan sorg+t
sorg+t erhöh+t+e,4.618534579694012,-0.08016752031779126,0.054519117946674696,0.07621656760519757,sorg+t erhöh+t+e
erhöh+t+e warn+stufe,4.585469497440224,-0.16792492297595457,-0.01810036011075813,0.19825558725632916,erhöh+t+e warn+stufe
warn+stufe auf,4.4379648972867045,-0.08015845878659986,0.06082724734885444,0.07333486417512979,warn+stufe auf
auf island,4.596435303555575,-0.060597238975922466,0.07177644178125733,0.044773782308227435,auf island
island vulkan,7.737765953269621,-0.039286260320388566,0.015342625529002365,0.04441740333533516,island vulkan
Bárðarbunga,5.498520739800831,-0.05026634182875336,0.05340180195096798,0.04067083067505976,Bárðarbunga
vulkan bárðarbunga,5.498520739800831,-0.05026634182875336,0.05340180195096798,0.04067083067505976,vulkan bárðarbunga
bárðarbunga derzeit,4.396381456014982,-0.05812603967876966,0.08085719789643268,0.03736826998577545,bárðarbunga derzeit
intensiv,4.0437578714501425,-0.06120421912427268,0.09170763988485155,0.03590413976418069,intensiv
derzeit intensiv,4.0437578714501425,-0.06120421912427268,0.09170763988485155,0.03590413976418069,derzeit intensiv
überwacht,3.7778157963506116,-0.06376620354370077,0.10079368538073849,0.03460367210951019,überwacht
intensiv überwach+t,3.7778157963506116,-0.06376620354370077,0.10079368538073849,0.03460367210951019,intensiv überwach+t
Anlass,3.551197670407258,-0.0661409961267708,0.10926696264680623,0.0333274148607866,Anlass
anlass serie,3.3246211015332787,-0.06871956776188012,0.11852945275941003,0.03185984741552274,anlass serie
serie etwa,3.2194536447148314,-0.0699946763602152,0.12313571738551127,0.0311011358345102,serie etwa
etwa 400,3.1740318965206735,-0.07056208482673361,0.12519127830522628,0.030756261686553526,etwa 400
erdbeben gebiet,3.200783537641293,-0.07022664942048276,0.12397564895796516,0.030960687413532546,erdbeben gebiet
gebiet kurz+er,3.3018274913479266,-0.0689914819470095,0.11951023685200242,0.03169992504069182,gebiet kurz+er
zeit erschütter+t,3.455451915105137,-0.06720399065396425,0.1130771393964067,0.03273301363239744,zeit erschütter+t
island gelt,3.975683974490078,-0.061838764420945276,0.09395307033045289,0.035589181335442255,island gelt
gelt aktiv+st+en,5.097659028450145,-0.052865357684872966,0.062448647366898875,0.03964325626508686,gelt aktiv+st+en
Vulkangebiete,7.737765953269621,-0.039286260320388566,0.015342625529002365,0.04441740333533516,Vulkangebiete
aktiv+st+en vulkan+gebiet+e,7.737765953269621,-0.039286260320388566,0.015342625529002365,0.04441740333533516,aktiv+st+en vulkan+gebiet+e
vulkan+gebiet+e weltweit,4.723276138161061,-0.05554687156376422,0.07181333682892325,0.03851777209029968,vulkan+gebiet+e weltweit
Spätestens,4.158744573334073,-0.06016327958520843,0.08803079624695859,0.03641092564835946,Spätestens
spätestens seit,3.8028900024162433,-0.06351479531264506,0.09989963989043325,0.03473472319029756,spätestens seit
seit ausbruch,3.6054457168722367,-0.06555500973111471,0.10717128256156058,0.03364888430537068,seit ausbruch
Eyjafjallajökull,6.956791319359978,-0.042576449306494527,0.02673696318190831,0.04338620968471636,Eyjafjallajökull
ausbruch eyjafjallajökull,3.3993885982544656,-0.06784422756001642,0.11537748347013654,0.03236788744547279,ausbruch eyjafjallajökull
eyjafjallajökull jahr,3.1827887321846973,-0.07045188496969924,0.12479176870814288,0.030823596025204302,eyjafjallajökull jahr
2010,3.1405008227673608,-0.07098769650954416,0.12673556830546334,0.030494589243765264,2010
jahr 2010,3.1405008227673608,-0.07098769650954416,0.12673556830546334,0.030494589243765264,jahr 2010
2010 europa,3.0455461433104567,-0.07222534576011211,0.13123833966682127,0.029718892935069924,2010 europa
massive,3.0016173358947746,-0.0728148034510721,0.13338936423074524,0.029341594063460794,massive
europa massiv+e,3.0016173358947746,-0.0728148034510721,0.13338936423074524,0.029341594063460794,europa massiv+e
Einschränkungen,5.620932652897962,0.044824934756486204,-0.028845783572575206,-0.05066467500168444,Einschränkungen
massiv+e einschränkung+en,2.9563190690358936,-0.07343434084275484,0.13565478091000222,0.0289394800966313,massiv+e einschränkung+en
einschränkung+en flug+verkehr,2.865197495110726,-0.07471826958989242,0.14036511885108283,0.028087663360468095,einschränkung+en flug+verkehr
auslöste,2.816885375137587,-0.0754204082819655,0.14295012182869177,0.02761109198866657,auslöste
flug+verkehr aus+lös+te,2.816885375137587,-0.0754204082819655,0.14295012182869177,0.02761109198866657,flug+verkehr aus+lös+te
Inse…,2.7544326208089744,-0.07635123453342951,0.14638723750297816,0.026967348922055365,Inse…
aus+lös+te inse…,2.7544326208089744,-0.07635123453342951,0.14638723750297816,0.026967348922055365,aus+lös+te inse…
inse… +2088,2.732801741143899,-0.076679944504609,0.14760383589170126,0.026736718255092315,inse… +2088
+2088 chars,2.71527194864169,-0.0769487819854391,0.14859994921147798,0.0265468011213348,+2088 chars
Theater-Biennale,4.0889650157258695,0.05470888276534921,-0.005796043221016871,-0.07695571553533119,Theater-Biennale
Venedig,4.202626572642597,0.05746206539778392,-0.01132144827029291,-0.07850970592058257,Venedig
theater+-+biennale venedig,4.202626572642597,0.05746206539778392,-0.01132144827029291,-0.07850970592058257,theater+-+biennale venedig
venedig der,3.0248159475239254,0.01902502536398719,0.06083516467584863,-0.056839197929774675,venedig der
Räuspern,3.041772554406353,0.0197916345008523,0.05949230121100444,-0.057269513588484325,Räuspern
der räusper+n,3.041772554406353,0.0197916345008523,0.05949230121100444,-0.057269513588484325,der räusper+n
Berge,3.1017375758165215,0.022433560962643026,0.054836919362133925,-0.05875346744445253,Berge
räusper+n berg+e,3.1017375758165215,0.022433560962643026,0.054836919362133925,-0.05875346744445253,räusper+n berg+e
berg+e der,3.132269775919542,0.023738886571645277,0.052520852939006824,-0.0594871941343567,berg+e der
der indonesisch+e,3.153772003833537,0.024642638942493297,0.050911063104662174,-0.059995391345781954,der indonesisch+e
Bumi,3.231008957296754,0.027787728881429986,0.04526861133285619,-0.06176510598806703,Bumi
indonesisch+e bumi,3.231008957296754,0.027787728881429986,0.04526861133285619,-0.06176510598806703,indonesisch+e bumi
Purnati,3.2641913343166733,0.029092396019324767,0.042909352032368744,-0.06249972787430025,Purnati
bumi purnati,3.2641913343166733,0.029092396019324767,0.042909352032368744,-0.06249972787430025,bumi purnati
purnati company,3.3221193928236574,0.03130665127249917,0.03887987259063422,-0.06374711810512014,purnati company
beeindruckt,3.3870632015752244,0.0336980045121268,0.03449170714343272,-0.06509504918078159,beeindruckt
company beeindruck+t,3.3870632015752244,0.0336980045121268,0.03449170714343272,-0.06509504918078159,company beeindruck+t
beeindruck+t theater+-+biennale,2.9283194666853847,0.01448785876224717,0.06871062746387005,-0.054295198421060724,beeindruck+t theater+-+biennale
mitreißenden,4.360405394545712,0.06105394852592489,-0.018622032391766404,-0.08053603601413313,mitreißenden
venedig mit+reiß+end+en,4.360405394545712,0.06105394852592489,-0.018622032391766404,-0.08053603601413313,venedig mit+reiß+end+en
Ballade,4.980051759685041,0.0730521679128798,-0.043801280386591326,-0.0872902082972486,Ballade
mit+reiß+end+en ballade,4.980051759685041,0.0730521679128798,-0.043801280386591326,-0.0872902082972486,mit+reiß+end+en ballade
ballade vulkan+ausbruch,9.025995065839378,0.11330271483798048,-0.13865311980520803,-0.1095783419988753,ballade vulkan+ausbruch
komische,4.511461415792816,0.06426668323861758,-0.02524246146380918,-0.08234711062436541,komische
Sache,4.202626572642597,0.05746206539778392,-0.01132144827029291,-0.07850970592058268,Sache
komisch+e sache,4.202626572642597,0.05746206539778392,-0.01132144827029291,-0.07850970592058268,komisch+e sache
Katastrophen,3.8784230033964815,0.04919477040463097,0.005091927549329815,-0.07384214619697706,Katastrophen
sache katastrophe+n,3.8784230033964815,0.04919477040463097,0.005091927549329815,-0.07384214619697706,sache katastrophe+n
Entweder,3.6559098475290868,0.042690068902758255,0.017641342783177492,-0.07016896902813324,Entweder
entweder seh+t,3.501187557914299,0.03768390228121042,0.027091736465729592,-0.06734328015294315,entweder seh+t
früh,3.3785125582042816,0.03338845762911878,0.03506188214559972,-0.06492052552297557,früh
seh+t früh,3.3785125582042816,0.03338845762911878,0.03506188214559972,-0.06492052552297557,seh+t früh
früh sprech+t,3.329825805636587,0.03159534372746899,0.03835213665009816,-0.06390980429718701,früh sprech+t
bevor,3.1998630932717242,0.026538089948610583,0.047518078191079144,-0.06106173507874517,bevor
sprech+t bevor,3.1998630932717242,0.026538089948610583,0.047518078191079144,-0.06106173507874517,sprech+t bevor
ereignen,3.1167564704053774,0.02307892852424571,0.053693157262035274,-0.059116187588250886,ereignen
bevor ereign+en,3.1167564704053774,0.02307892852424571,0.053693157262035274,-0.059116187588250886,bevor ereign+en
warnt,3.0684739603470605,0.020981139311491016,0.057401562800003504,-0.05793746704002127,warnt
ereign+en warn+t,3.0684739603470605,0.020981139311491016,0.057401562800003504,-0.05793746704002127,ereign+en warn+t
versucht,2.9966263764976118,0.017730783834340246,0.06309420926376884,-0.05611301320378495,versucht
warn+t versuch+t,2.9966263764976118,0.017730783834340246,0.06309420926376884,-0.05611301320378495,warn+t versuch+t
Vorahnung,2.9250158339233083,0.01432704012936669,0.06898753065641113,-0.05420511979679276,Vorahnung
versuch+t vorahnung,2.9250158339233083,0.01432704012936669,0.06898753065641113,-0.05420511979679276,versuch+t vorahnung
bannen,2.8843484371527097,0.012316050102306485,0.07243736889848176,-0.0530792784650889,bannen
vorahnung bann+en,2.8843484371527097,0.012316050102306485,0.07243736889848176,-0.0530792784650889,vorahnung bann+en
zerst…,2.8315488228495878,0.009615439172038241,0.07703349004334954,-0.05156906460140089,zerst…
bann+en zerst…,2.8315488228495878,0.009615439172038241,0.07703349004334954,-0.05156906460140089,bann+en zerst…
+5128,2.8113221077975985,0.008552846544101605,0.07883049440324508,-0.050975408733341804,+5128
zerst… +5128,2.8113221077975985,0.008552846544101605,0.07883049440324508,-0.050975408733341804,zerst… +5128
+5128 char+s,2.796838309741566,0.007782086028824501,0.08012997755339868,-0.05054499878174736,+5128 char+s
jetzt sogar,3.072736623824839,-0.07186593110373478,0.1299288503008594,0.02994644263228402,jetzt sogar
Frostpunk,4.482784357395802,-0.0574205637335648,0.07837947180375801,0.03768947241448959,Frostpunk
sogar frost+punk,3.1405008227673608,-0.07098769650954416,0.12673556830546334,0.030494589243765264,sogar frost+punk
heiß,3.2488218853432245,-0.06963326141202672,0.12182830415391482,0.031318460123147755,heiß
frost+punk heiß,3.2488218853432245,-0.06963326141202672,0.12182830415391482,0.031318460123147755,frost+punk heiß
heiß der,3.3131024737639194,-0.06885667697178337,0.1190239007495004,0.03177933433947671,heiß der
knallharte,3.3607312655448767,-0.06829367478337027,0.11699486500576184,0.03210831735844496,knallharte
der knallhart+e,3.3607312655448767,-0.06829367478337027,0.11699486500576184,0.03210831735844496,der knallhart+e
knallhart+e aufbau+spiel,3.51753926015698,-0.06651041868420925,0.11058984617441382,0.03312249871435948,knallhart+e aufbau+spiel
aufbau+spiel bekomm+t,3.753634295891563,-0.06401071634370434,0.10166373975760264,0.03447548210731276,aufbau+spiel bekomm+t
Erweiterung,4.158744573334073,-0.06016327958520843,0.08803079624695859,0.03641092564835946,Erweiterung
bekomm+t erweiterung,4.158744573334073,-0.06016327958520843,0.08803079624695859,0.03641092564835946,bekomm+t erweiterung
erweiterung vulkan,7.737765953269621,-0.039286260320388566,0.015342625529002365,0.04441740333533516,erweiterung vulkan
vulkan stadt,4.893526332777002,-0.05429419307882305,0.06743422581302078,0.039052092837270215,vulkan stadt
bedroht,4.453038325241243,-0.05766142328346752,0.07922505050098555,0.037580393640295015,bedroht
stadt bedroh+t,4.453038325241243,-0.05766142328346752,0.07922505050098555,0.037580393640295015,stadt bedroh+t
bedroh+t frost+punk,3.1405008227673608,-0.07098769650954416,0.12673556830546334,0.030494589243765264,bedroh+t frost+punk
frost+punk geh+t,3.664849567071248,-0.06492626313466944,0.10492629051503366,0.03398899657490336,frost+punk geh+t
geh+t eigentlich,3.51753926015698,-0.06651041868420925,0.11058984617441382,0.03312249871435948,geh+t eigentlich
darum,3.3607312655448767,-0.06829367478337027,0.11699486500576184,0.03210831735844496,darum
eigentlich darum,3.3607312655448767,-0.06829367478337027,0.11699486500576184,0.03210831735844496,eigentlich darum
darum stadt,4.893526332777002,-0.05429419307882305,0.06743422581302078,0.039052092837270215,darum stadt
inmitten,3.1740318965206735,-0.07056208482673361,0.12519127830522628,0.030756261686553526,inmitten
stadt inmitten,3.1740318965206735,-0.07056208482673361,0.12519127830522628,0.030756261686553526,stadt inmitten
verschneiten,3.058937205447246,-0.07204782477351114,0.13059136615400332,0.029831519317613384,verschneiten
inmitten verschneit+en,3.058937205447246,-0.07204782477351114,0.13059136615400332,0.029831519317613384,inmitten verschneit+en
Eisw,2.9783677737459273,-0.07313127476547007,0.13454598346925808,0.02913690356258917,Eisw
verschneit+en eisw,2.9783677737459273,-0.07313127476547007,0.13454598346925808,0.02913690356258917,verschneit+en eisw
uuml,2.950982452745433,-0.07350813005158667,0.13592492073306808,0.028891203412144698,uuml
eisw uuml,2.950982452745433,-0.07350813005158667,0.13592492073306808,0.028891203412144698,eisw uuml
ste,2.9252803999406494,-0.07386592258990435,0.13723576441213345,0.028655951142309215,ste
uuml st+e,2.9252803999406494,-0.07386592258990435,0.13723576441213345,0.028655951142309215,uuml st+e
st+e leben,2.8918118422514025,-0.07433791574681481,0.13896750593818544,0.028342634082373322,st+e leben
leben erhalt+en,2.8525381954715616,-0.07490077887119638,0.14103642143254966,0.0279645246387486,leben erhalt+en
mit neu+en,2.7979719470502724,-0.06989520726598164,0.13983908647027837,0.02239027318274038,mit neu+en
neu+en dlc,2.7835662438557875,-0.06760849510816394,0.1388372472409227,0.020059989008964916,neu+en dlc
Breach,2.774647438581422,-0.0660309769080099,0.13810014594370087,0.018469108842922556,Breach
dlc breach,2.774647438581422,-0.0660309769080099,0.13810014594370087,0.018469108842922556,dlc breach
Trust,2.7546499069148354,-0.06186403048274623,0.13598779840308325,0.014324657746380183,Trust
breach trust,2.7546499069148354,-0.06186403048274623,0.13598779840308325,0.014324657746380183,breach trust
nbsp,3.7409785973546574,-0.04058183204170703,0.08436634494476242,0.013429051004632105,nbsp
trust nbsp,2.744188869102251,-0.05918039858071498,0.13451180035363672,0.01169401673096271,trust nbsp
ordentlich,2.7177280173959115,-0.04883679084618573,0.12812231795606105,0.0017600952165636918,ordentlich
nbsp ordentlich,2.7177280173959115,-0.04883679084618573,0.12812231795606105,0.0017600952165636918,nbsp ordentlich
ordentlich feuer,2.7092236245342654,-0.04181910843439873,0.12327768887613609,-0.004859732661765344,ordentlich feuer
unterm,2.7067525614102266,-0.037405456882567814,0.12006299979124706,-0.008996994944688056,unterm
feuer unter,2.7067525614102266,-0.037405456882567814,0.12006299979124706,-0.008996994944688056,feuer unter
Hinter,2.706206504764681,-0.03155708375996007,0.11563391426570287,-0.01446476360252215,Hinter
unter hinter,2.706206504764681,-0.03155708375996007,0.11563391426570287,-0.01446476360252215,unter hinter
gemacht,2.708767592416743,-0.024717899806814568,0.11024244076653013,-0.02085688960088645,gemacht
hinter ge+mach+t,2.708767592416743,-0.024717899806814568,0.11024244076653013,-0.02085688960088645,hinter ge+mach+t
ge+mach+t gut+er,2.730296949877727,-0.004650193106854244,0.09336718259826163,-0.03975926003673251,ge+mach+t gut+er
gut+er nbsp,2.744188869102251,-0.05918039858071498,0.13451180035363672,0.01169401673096271,gut+er nbsp
gesagt,2.7798306797083314,0.022360404334865372,0.06872134501022378,-0.06592276895835497,gesagt
nbsp ge+sag+t,2.7798306797083314,0.022360404334865372,0.06872134501022378,-0.06592276895835497,nbsp ge+sag+t
ge+sag+t tonne+n,2.8441932237572893,0.049471081478945564,0.04212861202753247,-0.09336207512420609,ge+sag+t tonne+n
tonne+n lava,3.1750739286128766,0.1505415050540509,-0.07299557760961164,-0.20964992133418411,tonne+n lava
Sta…,2.803514274982765,0.04706644495876558,0.04615519870002727,-0.09172143331768907,Sta…
der sta…,2.803514274982765,0.04706644495876558,0.04615519870002727,-0.09172143331768907,der sta…
sta… für,2.745137063719455,0.028794003317694824,0.06487417619232975,-0.07353933889600589,sta… für
Gemessene,2.380036978911134,-0.08256001659679987,0.16963195399959818,0.022305239921255444,Gemessene
ge+mess+en+e stärke,2.3890113538257007,-0.08239693493861236,0.16901389324019012,0.022436283932233337,ge+mess+en+e stärke
"3,6",2.3992907002185713,-0.08221109395835906,0.16831009404800545,0.022585028982517172,"3,6"
"stärke 3,6",2.3992907002185713,-0.08221109395835906,0.16831009404800545,0.022585028982517172,"stärke 3,6"
"3,6 erdbeben",2.4041124533474343,-0.08212426971207708,0.16798146962408697,0.022654308385675434,"3,6 erdbeben"
erdbeben supervulkan,2.4171150192679587,-0.08189123514160816,0.16710003799969472,0.02283958217329656,erdbeben supervulkan
supervulkan nahe,2.42975760886959,-0.0816661762418279,0.16624958614064325,0.023017590483559103,supervulkan nahe
nahe neapel,2.4352199542305466,-0.08156939796057412,0.16588412511730377,0.023093858142046602,nahe neapel
Wieder,2.4430709951744918,-0.08143078112686872,0.16536092555615403,0.023202806727855938,Wieder
neapel wieder,2.4430709951744918,-0.08143078112686872,0.16536092555615403,0.023202806727855938,neapel wieder
wieder rumor+t,2.459534120687145,-0.08114194281256301,0.16427168716505897,0.023428729022659293,wieder rumor+t
rumor+t erde,2.473242177315548,-0.08090331233896557,0.16337276294426917,0.023614267808740985,rumor+t erde
erde supervulka+n,2.4171150192679587,-0.08189123514160816,0.16710003799969472,0.02283958217329656,erde supervulka+n
Phlegräische,2.500131262686781,-0.08044008085805956,0.1616302635606829,0.0239715835255587,Phlegräische
supervulka+n phlegräisch+e,2.500131262686781,-0.08044008085805956,0.1616302635606829,0.0239715835255587,supervulka+n phlegräisch+e
phlegräisch+e feld+er,2.5191475735727558,-0.08011629122712552,0.16041423452121506,0.024219118762875188,phlegräisch+e feld+er
feld+er nähe,2.5411824962103777,-0.07974497661359012,0.15902167024349737,0.024500754160484917,feld+er nähe
nähe haupt+stadt,2.5562999961380766,-0.07949259390990344,0.15807632400828164,0.02469082906904081,nähe haupt+stadt
haupt+stadt region,2.58337003606501,-0.0790453862801208,0.1564035502348664,0.02502496158075487,haupt+stadt region
Kampanien,2.5968935582812813,-0.07882420472565342,0.1555773141882965,0.025188964609508303,Kampanien
region kampanien,2.5968935582812813,-0.07882420472565342,0.1555773141882965,0.025188964609508303,region kampanien
Berichte,2.619432420663404,-0.07845881996759797,0.15421396613681562,0.025458087936094782,Berichte
bericht+e verletz+t+e,2.650686649050976,-0.07795873334795612,0.15235114499499525,0.02582280883942312,bericht+e verletz+t+e
größere,2.687916900260066,-0.07737276076280213,0.15017295176036655,0.02624490243785659,größere
verletz+t+e groß+er+e,2.687916900260066,-0.07737276076280213,0.15017295176036655,0.02624490243785659,verletz+t+e groß+er+e
groß+er+e schaden,2.7096216638278916,-0.07703590794204379,0.14892298950626254,0.026485000901089822,groß+er+e schaden
schaden lieg+en,2.732801741143899,-0.076679944504609,0.14760383589170126,0.026736718255092315,schaden lieg+en
lieg+en bislang,2.7544326208089744,-0.07635123453342951,0.14638723750297816,0.026967348922055365,lieg+en bislang
der gebiet,2.8362795712203877,-0.07513670648601341,0.1419048562463751,0.027804577888160143,der gebiet
gebiet rund,2.865197495110726,-0.07471826958989242,0.14036511885108283,0.028087663360468095,gebiet rund
süditalienische,2.9203268671509766,-0.07393534279563524,0.13749028769252042,0.02861008188783034,süditalienische
rund süditalienisch+e,2.9203268671509766,-0.07393534279563524,0.13749028769252042,0.02861008188783034,rund süditalienisch+e
süditalienisch+e großstadt,3.0076304194885712,-0.07273346527371675,0.13309229492672928,0.02939396216960754,süditalienisch+e großstadt
großstadt neapel,3.072736623824839,-0.07186593110373478,0.1299288503008594,0.02994644263228402,großstadt neapel
neapel erdbeben,3.2488218853432245,-0.06963326141202672,0.12182830415391482,0.031318460123147755,neapel erdbeben
Nationale,3.753634295891563,-0.06401071634370434,0.10166373975760264,0.03447548210731276,Nationale
der national+e,3.753634295891563,-0.06401071634370434,0.10166373975760264,0.03447548210731276,der national+e
national+e institut,4.0437578714501425,-0.06120421912427268,0.09170763988485155,0.03590413976418069,national+e institut
verortete,4.343180568946109,-0.058569473583329236,0.08241623255212518,0.037163694605423195,verortete
ingv verort+ete,4.343180568946109,-0.058569473583329236,0.08241623255212518,0.037163694605423195,ingv verort+ete
Erdstoß,3.828913949264684,-0.0632561251404635,0.09898033991016005,0.034868766534346216,Erdstoß
verort+ete erd+stoß,3.828913949264684,-0.0632561251404635,0.09898033991016005,0.034868766534346216,verort+ete erd+stoß
erd+stoß stärke,3.4703679565272507,-0.06703590495363257,0.11247390693083606,0.0328279793654835,erd+stoß stärke
+1537,3.3363923746982977,-0.06858008202628528,0.11802664151687496,0.031941494431917544,+1537
stärke +1537,3.3363923746982977,-0.06858008202628528,0.11802664151687496,0.031941494431917544,stärke +1537
+1537 chars,3.2693809219139456,-0.06938274790601841,0.12092292695936689,0.031468035815732216,+1537 chars
möchte,9.50700953417199,0.0017412371358064126,-0.03489723735061394,0.013409817408514735,möchte
ich mög+e,4.990672993873869,-0.053604667922763874,0.06502711708206499,0.03933976894721954,ich mög+e
mög+e vulkan,7.737765953269621,-0.039286260320388566,0.015342625529002365,0.04441740333533516,mög+e vulkan
vulkan ganz+en,5.097659028450145,-0.052865357684872966,0.062448647366898875,0.03964325626508686,vulkan ganz+en
Körper,6.578246141878819,0.020073715259383163,-0.020777425177099438,-0.018318887080899182,Körper
ganz+en körper,4.513548219235972,-0.057173645116895835,0.07751299314757006,0.03780067129795438,ganz+en körper
körper spür+en,4.158744573334073,-0.06016327958520843,0.08803079624695859,0.03641092564835946,körper spür+en
spür+en mög+e,4.990672993873869,-0.053604667922763874,0.06502711708206499,0.03933976894721954,spür+en mög+e
riechen,3.6246344860492363,-0.06535045484513594,0.10644049649880835,0.03376007930961598,riechen
mög+e riech+en,3.6246344860492363,-0.06535045484513594,0.10644049649880835,0.03376007930961598,mög+e riech+en
schmecken,3.7778157963506116,-0.06376620354370077,0.10079368538073849,0.03460367210951019,schmecken
riech+en schmeck+en,3.7778157963506116,-0.06376620354370077,0.10079368538073849,0.03460367210951019,riech+en schmeck+en
schmeck+en sie,4.1185073791175695,-0.06052323503843875,0.08930132782675781,0.03623705468087511,schmeck+en sie
seilt,6.625138160791133,-0.044125776780186345,0.03210245725966102,0.042875125931191735,seilt
sie seil+t,6.625138160791133,-0.044125776780186345,0.03210245725966102,0.042875125931191735,sie seil+t
seil+t aktiv+e,8.858766800524508,-0.03526654328708314,0.0014049602511804712,0.04558577300296502,seil+t aktiv+e
trifft,7.282991950814671,-0.04114528219850095,0.02178117469994993,0.043843542323976116,trifft
vulkan+e treff+t,7.282991950814671,-0.04114528219850095,0.02178117469994993,0.043843542323976116,vulkan+e treff+t
isoliert,6.537508934581842,-0.04455237444631291,0.033580099756921854,0.04273138451664104,isoliert
treff+t isolier+t,6.537508934581842,-0.04455237444631291,0.033580099756921854,0.04273138451664104,treff+t isolier+t
lebende,5.920788518651925,-0.047785021518005344,0.04478537764080475,0.04159762621438658,lebende
isolier+t leb+end+e,5.920788518651925,-0.047785021518005344,0.04478537764080475,0.04159762621438658,isolier+t leb+end+e
indigene,5.539027110989936,-0.05001759933224335,0.052537232029273344,0.0407660666233624,indigene
leb+end+e indigen+e,5.539027110989936,-0.05001759933224335,0.052537232029273344,0.0407660666233624,leb+end+e indigen+e
Völker,5.216296630910588,-0.0520689481405248,0.05967367231443781,0.03996455139060235,Völker
indigen+e volk+er,5.216296630910588,-0.0520689481405248,0.05967367231443781,0.03996455139060235,indigen+e volk+er
Fotografin,4.9906729938738685,-0.053604667922763874,0.0650271170820652,0.03933976894721954,Fotografin
Dokumentarfilmerin,4.704834931869973,-0.04627559466656123,0.06510755705644664,0.030110934357680297,Dokumentarfilmerin
foto+graf+in dokumentarfilmer+in,4.704834931869973,-0.04627559466656123,0.06510755705644664,0.030110934357680297,foto+graf+in dokumentarfilmer+in
Ulla,4.520131507793871,-0.019219980958622828,0.04772356316898495,0.0033431736096370644,Ulla
dokumentarfilmer+in ulla,4.520131507793871,-0.019219980958622828,0.04772356316898495,0.0033431736096370644,dokumentarfilmer+in ulla
Lohmann,4.493594686032788,-0.009932830377790724,0.0407444024478386,-0.005781854310537575,Lohmann
ulla lohmann,4.493594686032788,-0.009932830377790724,0.0407444024478386,-0.005781854310537575,ulla lohmann
erzählt,4.474860922692824,0.008374891832709548,0.025851248124644975,-0.023885810951392746,erzählt
lohmann erzähl+t,4.474860922692824,0.008374891832709548,0.025851248124644975,-0.023885810951392746,lohmann erzähl+t
Ausbrüchen,8.037987054779421,0.017155297610686432,-0.03513926319948255,-0.007657385732469901,Ausbrüchen
erzähl+t ausbruch+en,4.597516809274088,0.04881390205950036,-0.012742470656459377,-0.06444249878018324,erzähl+t ausbruch+en
Lava-Spritzern,5.299918904433236,0.1664742497355744,-0.1505439924624071,-0.2014992605147323,Lava-Spritzern
ausbruch+en lava-spritzer+n,5.299918904433236,0.1664742497355744,-0.1505439924624071,-0.2014992605147323,ausbruch+en lava-spritzer+n
Stämmen,4.570023445737172,0.019350198878256127,0.014258990964661128,-0.03388234160627773,Stämmen
lava-spritzer+n stamm+en,4.570023445737172,0.019350198878256127,0.014258990964661128,-0.03388234160627773,lava-spritzer+n stamm+en
stamm+en tot+en,4.555439207720273,-0.020445121304507527,0.04793140836918163,0.0048751142593504975,stamm+en tot+en
tot+en monat+e,3.644424933745377,-0.06514094732144791,0.10569242377622745,0.033873422062902635,tot+en monat+e
räuchern,3.8028900024162433,-0.06351479531264506,0.09989963989043325,0.03473472319029756,räuchern
monat+e räucher+n,3.8028900024162433,-0.06351479531264506,0.09989963989043325,0.03473472319029756,monat+e räucher+n
über…,2.8286694126914096,-0.03083915860701593,0.1094717285074823,-0.012191412149220612,über…
tot+en über…,2.8286694126914096,-0.03083915860701593,0.1094717285074823,-0.012191412149220612,tot+en über…
+15696,2.796405854810229,-0.03592373544402973,0.1148043557366157,-0.008201470148315375,+15696
über… +15696,2.796405854810229,-0.03592373544402973,0.1148043557366157,-0.008201470148315375,über… +15696
+15696 chars,2.7677074449854002,-0.0401118283364108,0.11928091319764078,-0.005007883817137376,+15696 chars
300 meter,4.352436224782579,-0.008118692057806243,0.04250829971322376,-0.009111570885375326,300 meter
hoch video,3.1837209146161776,-0.018021008436403762,0.0850332701446467,-0.0168595177937513,hoch video
explosive,3.3641867270782067,0.012450596230454112,0.053589054537749585,-0.043520084730327105,explosive
zeig+t explosiv+e,3.3641867270782067,0.012450596230454112,0.053589054537749585,-0.043520084730327105,zeig+t explosiv+e
explosiv+e lavafontän+e,3.7757151599300727,0.09806950682106229,-0.03875031235335826,-0.13127856862177958,explosiv+e lavafontän+e
lavafontän+e ein,3.5242202269488834,-0.005632250337965844,0.06325753783160255,-0.022827609253355013,lavafontän+e ein
ein 300,3.0389991027830052,-0.036514602216058394,0.10501504134079521,-0.002333953810637765,ein 300
hoch+e lavafontän+e,3.7757151599300727,0.09806950682106229,-0.03875031235335826,-0.13127856862177958,hoch+e lavafontän+e
lavafontän+e hawaii,4.224205483795615,-0.05325377149585109,0.08123040890632767,0.031109582175399865,lavafontän+e hawaii
Kilauea-Vulkan,5.3489069002359715,-0.05120639688915587,0.056671091494934774,0.040306079356850676,Kilauea-Vulkan
hawaii kilauea-vulka+n,5.3489069002359715,-0.05120639688915587,0.056671091494934774,0.040306079356850676,hawaii kilauea-vulka+n
kilauea-vulka+n aus+ge+brech+en,5.770292705478605,0.003766394072489938,0.005158093528497495,-0.0075728777474109825,kilauea-vulka+n aus+ge+brech+en
US-Geologiebehörde,4.15813751038517,-0.04913945996281946,0.07972487875490777,0.02666060560902511,US-Geologiebehörde
der us+-+geologie+behörde,4.15813751038517,-0.04913945996281946,0.07972487875490777,0.02666060560902511,der us+-+geologie+behörde
us+-+geologie+behörde usg+s,3.622890735514832,-0.05973422350980514,0.10234443128596947,0.028822033029779492,us+-+geologie+behörde usg+s
veröffentlichte,3.5324609060431076,-0.061393427602976225,0.1063567489215804,0.02888940146152604,veröffentlichte
usg+s veröffentlich+t+e,3.5324609060431076,-0.061393427602976225,0.1063567489215804,0.02888940146152604,usg+s veröffentlich+t+e
Webcam-Aufnahmen,3.3117245218005267,-0.06535224895959776,0.11651728002006614,0.028706968208755502,Webcam-Aufnahmen
veröffentlich+t+e webcam-aufnahme+n,3.3117245218005267,-0.06535224895959776,0.11651728002006614,0.028706968208755502,veröffentlich+t+e webcam-aufnahme+n
Vorfalls,3.1254090952299727,-0.06504294686779395,0.12298930424674123,0.025033792240681113,Vorfalls
webcam-aufnahme+n vorfall+s,3.1254090952299727,-0.06504294686779395,0.12298930424674123,0.025033792240681113,webcam-aufnahme+n vorfall+s
Zunächst,3.0741788857895207,-0.05836418482796088,0.1200460452520669,0.01815325731366886,Zunächst
zunächst video+s,3.003524419892035,-0.04040584782523317,0.10939943275945478,0.0005192269547650393,zunächst video+s
video+s krater,2.988325853020386,-0.02847064149776937,0.10085420037067852,-0.01088208042493434,video+s krater
Gasflammen,2.9872476341278307,-0.01768364830269233,0.09244694239762678,-0.021143444408959593,Gasflammen
krater gas+flamme+n,2.9872476341278307,-0.01768364830269233,0.09244694239762678,-0.021143444408959593,krater gas+flamme+n
geringer,3.0759432151785555,0.03840395168585338,0.04200261002231574,-0.07611781466805881,geringer
gas+flamme+n gering+er,3.0759432151785555,0.03840395168585338,0.04200261002231574,-0.07611781466805881,gas+flamme+n gering+er
Lavaaustritt,3.3768173783344464,0.13164978997326263,-0.06023680271801408,-0.1802856611078849,Lavaaustritt
gering+er lavaaustritt,3.3768173783344464,0.13164978997326263,-0.06023680271801408,-0.1802856611078849,gering+er lavaaustritt
lavaaustritt seh+en,2.929082167784931,0.015773260637949753,0.06759830399350888,-0.05559434645969511,lavaaustritt seh+en
Fontäne,2.766112823419231,-0.022778882363048612,0.10605470285989818,-0.021289761610667403,Fontäne
schieß+t fontäne,2.766112823419231,-0.022778882363048612,0.10605470285989818,-0.021289761610667403,schieß+t fontäne
fontäne luft,2.7060618384986235,-0.0341852750022754,0.11764855869121685,-0.012009774859122154,fontäne luft
Behörde,2.6754267152241376,-0.035571072873336655,0.12016535662327739,-0.011489636638415634,Behörde
wie behörde,2.6754267152241376,-0.035571072873336655,0.12016535662327739,-0.011489636638415634,wie behörde
Pressemitteilung,2.6818278797930875,-0.020042869341978145,0.10789374280036003,-0.026002403942069856,Pressemitteilung
behörde presse+mitteilung,2.6818278797930875,-0.020042869341978145,0.10789374280036003,-0.026002403942069856,behörde presse+mitteilung
presse+mitteilung mit+teil+te,2.716392414452442,0.005181680981246366,0.0860445105468994,-0.04991790694620915,presse+mitteilung mit+teil+te
erreichte,2.7780862032177156,0.03480244567015103,0.05812697703533631,-0.07909016216650347,erreichte
mit+teil+te erreich+te,2.7780862032177156,0.03480244567015103,0.05812697703533631,-0.07909016216650347,mit+teil+te erreich+te
Lavaf…,3.1530984514013944,0.15320106745807713,-0.07504949901678233,-0.2137797945434381,Lavaf…
erreich+te lavaf…,3.1530984514013944,0.15320106745807713,-0.07504949901678233,-0.2137797945434381,erreich+te lavaf…
+938,2.831723408218578,0.06468240975915616,0.02888828254078271,-0.11066789677292284,+938
lavaf… +938,2.831723408218578,0.06468240975915616,0.02888828254078271,-0.11066789677292284,lavaf… +938
+938 char+s,2.7565645794904468,0.041126435881657326,0.05362494960295151,-0.08643399800383755,+938 char+s
aus+ge+brech+en video,3.8908035529207265,-0.029276260297506587,0.07132399117774377,0.005133977906515399,aus+ge+brech+en video
fantastische,4.158744573334073,-0.06016327958520843,0.08803079624695859,0.03641092564835946,fantastische
zeig+t fantastisch+e,4.158744573334073,-0.06016327958520843,0.08803079624695859,0.03641092564835946,zeig+t fantastisch+e
fantastisch+e bild+er,4.990672993873869,-0.053604667922763874,0.06502711708206499,0.03933976894721954,fantastisch+e bild+er
bild+er vulkan,7.737765953269621,-0.039286260320388566,0.015342625529002365,0.04441740333533516,bild+er vulkan
vulkan glüh+end+e,5.498520739800831,-0.05026634182875336,0.05340180195096798,0.04067083067505976,vulkan glüh+end+e
ström+t ätna,3.4112874268940234,-0.01984442704391907,0.0784338088424057,-0.011021082301229298,ström+t ätna
ätna bring+t,3.7185901488930817,-0.047576927515747,0.09036897497536249,0.019431681035232223,ätna bring+t
Siziliens,6.301762719773072,-0.0389359162490702,0.0323448995966973,0.03623241289563844,Siziliens
bring+t sizilien+s,3.575477469670762,-0.0523868747604915,0.09830487634229756,0.021593500009512278,bring+t sizilien+s
sizilien+s nacht+e,3.416625966804457,-0.057211113132230366,0.10698153044064239,0.023335287057364,sizilien+s nacht+e
Leuchten,3.2820944452260554,-0.0609529270890693,0.11431744618925493,0.02433108998918362,Leuchten
nacht+e leucht+en,3.2820944452260554,-0.0609529270890693,0.11431744618925493,0.02433108998918362,nacht+e leucht+en
wie tourist+en,3.1687928013534155,-0.05715086434021903,0.11558028064675675,0.018902434077726155,wie tourist+en
tourist+en natur+schau+spiel,3.230596156624216,-0.04326801999913617,0.10292177696532868,0.007571796407645657,tourist+en natur+schau+spiel
reagieren,3.436270595274634,-0.026067938527179032,0.08252220038456662,-0.004722366025457277,reagieren
natur+schau+spiel reagier+en,3.436270595274634,-0.026067938527179032,0.08252220038456662,-0.004722366025457277,natur+schau+spiel reagier+en
erleuchtet,3.9701451810546375,0.012454536463726431,0.03495750940061001,-0.03415176814187969,erleuchtet
lava erleucht+et,3.9701451810546375,0.012454536463726431,0.03495750940061001,-0.03415176814187969,lava erleucht+et
Ostküste,4.180543183212956,-0.053923233332134564,0.0828028534863559,0.03118298288775679,Ostküste
erleucht+et ost+küste,4.180543183212956,-0.053923233332134564,0.0828028534863559,0.03118298288775679,erleucht+et ost+küste
ost+küste sizilien+s,4.648068039132458,-0.05611919129825001,0.07381682722799843,0.03826852410670141,ost+küste sizilien+s
sizilien+s der,6.098208267627087,-0.046811020623828185,0.041407318593840295,0.041947721775926476,sizilien+s der
sizilien italien,4.111337508439132,-0.051816393632891415,0.0829310055117306,0.028473295361556582,sizilien italien
italien erneut,3.972117898813715,0.012974052525101577,0.03446074474302883,-0.034648532799461035,italien erneut
der lava,4.364311055020563,0.0809112905812165,-0.037799398412783715,-0.10296431511291952,der lava
fließt,6.0197939864856265,0.04202193500849142,-0.03263309780835871,-0.04469091436488122,fließt
lava fließ+t,4.2066101499456385,0.010420291521387475,0.030520944315676084,-0.02906276506293953,lava fließ+t
fließ+t seit,4.283632971146231,-0.03694355766860652,0.06726012627935743,0.017139299548429573,fließ+t seit
seit freitag,4.460186806421349,-0.05574805359607033,0.07762103341240355,0.03597637655171326,seit freitag
Vulkanspalte,7.737765953269621,-0.039286260320388566,0.015342625529002365,0.04441740333533516,Vulkanspalte
freitag vulkan+spalte,7.737765953269621,-0.039286260320388566,0.015342625529002365,0.04441740333533516,freitag vulkan+spalte
Damit,4.723276138161061,-0.05554687156376422,0.07181333682892325,0.03851777209029968,Damit
damit europa+s,4.158744573334073,-0.06016327958520843,0.08803079624695859,0.03641092564835946,damit europa+s
europa+s höchster,3.8840661985898244,-0.06271538260181336,0.09706040684215712,0.03514640321979045,europa+s höchster
aktive…,3.664849567071248,-0.06492626313466944,0.10492629051503366,0.03398899657490336,aktive…
höchster aktive…,3.664849567071248,-0.06492626313466944,0.10492629051503366,0.03398899657490336,höchster aktive…
+1762,3.501393389332999,-0.06668925378721162,0.11123072728457191,0.03302266886145269,+1762
aktive… +1762,3.501393389332999,-0.06668925378721162,0.11123072728457191,0.03302266886145269,aktive… +1762
+1762 chars,3.4128938142003227,-0.06768876050585469,0.11481850961150075,0.03245704806338409,+1762 chars
entschlüsseln,3.986826916022963,-0.06173393503909636,0.09358189805837475,0.035641532528709934,entschlüsseln
forscher entschlüssel+n,2.57042893603386,-0.07925842908638046,0.15720006452378102,0.02486621023627663,forscher entschlüssel+n
Rollen,2.5968935582812813,-0.07882420472565342,0.1555773141882965,0.025188964609508303,Rollen
entschlüssel+n rolle+n,2.5968935582812813,-0.07882420472565342,0.1555773141882965,0.025188964609508303,entschlüssel+n rolle+n
rolle+n pompeji,2.619432420663404,-0.07845881996759797,0.15421396613681562,0.025458087936094782,rolle+n pompeji
Stimmen,2.643725893708768,-0.07806945603136925,0.15276327635721593,0.025742415470811922,Stimmen
pompeji stimme+n,2.643725893708768,-0.07806945603136925,0.15276327635721593,0.025742415470811922,pompeji stimme+n
schwiegen,2.6626323743507467,-0.07776957861615029,0.15164748012606843,0.02595968071657288,schwiegen
stimme+n schweig+en,2.6626323743507467,-0.07776957861615029,0.15164748012606843,0.02595968071657288,stimme+n schweig+en
schweig+en seit,2.687916900260066,-0.07737276076280213,0.15017295176036655,0.02624490243785659,schweig+en seit
seit 2000,2.701318110915249,-0.0771643686945941,0.14939948197310296,0.026393656088172224,seit 2000
jahr+en lange,2.738847336979098,-0.07658773966547514,0.14726242348813515,0.026801586616067203,jahr+en lange
lange antik+en,2.7913168570375038,-0.07579827194314898,0.14434398665275752,0.027351423570178054,lange antik+en
Schriften,2.8206853950923856,-0.0753646243683042,0.14274450798495536,0.02764923643757428,Schriften
antik+en schrift+en,2.8206853950923856,-0.0753646243683042,0.14274450798495536,0.02764923643757428,antik+en schrift+en
unlesbar,2.860931792267445,-0.07477965275728364,0.14059084861907567,0.0280463058373552,unlesbar
schrift+en un+les+bar,2.860931792267445,-0.07477965275728364,0.14059084861907567,0.0280463058373552,schrift+en un+les+bar
Röntgentechnik,3.058937205447246,-0.07204782477351114,0.13059136615400332,0.029831519317613384,Röntgentechnik
intelligenz röntgentechnik,3.058937205447246,-0.07204782477351114,0.13059136615400332,0.029831519317613384,intelligenz röntgentechnik
röntgentechnik entschlüssel+n,3.1740318965206735,-0.07056208482673361,0.12519127830522628,0.030756261686553526,röntgentechnik entschlüssel+n
Papyrusrollen,3.534133554707018,-0.06632771785166304,0.10993543696509574,0.033224060632310336,Papyrusrollen
was papyrus+rolle+n,3.534133554707018,-0.06632771785166304,0.10993543696509574,0.033224060632310336,was papyrus+rolle+n
papyrus+rolle+n steh+t,3.828913949264684,-0.0632561251404635,0.09898033991016005,0.034868766534346216,papyrus+rolle+n steh+t
als jahr,4.343180568946109,-0.058569473583329236,0.08241623255212518,0.037163694605423195,als jahr
chr. vulkan,7.737765953269621,-0.039286260320388566,0.015342625529002365,0.04441740333533516,chr. vulkan
vulkan vesuv,5.498520739800831,-0.05026634182875336,0.05340180195096798,0.04067083067505976,vulkan vesuv
aus+brech begrab,4.201117744430448,-0.0597890782793733,0.08671098134957814,0.036590154618650214,aus+brech begrab
begrab asche,3.753634295891563,-0.06401071634370434,0.10166373975760264,0.03447548210731276,begrab asche
asche pompeji,3.455451915105137,-0.06720399065396425,0.1130771393964067,0.03273301363239744,asche pompeji
benachbarte,3.1405008227673608,-0.07098769650954416,0.12673556830546334,0.030494589243765264,benachbarte
auch benachbart+e,3.1405008227673608,-0.07098769650954416,0.12673556830546334,0.030494589243765264,auch benachbart+e
benachbart+e antik+e,3.052191908129075,-0.07213712003362542,0.13091675426053884,0.029774924477031665,benachbart+e antik+e
Herculaneum,2.972747166893121,-0.07320825785342482,0.1348275247939221,0.02908688565068446,Herculaneum
stadt herculaneum,2.972747166893121,-0.07320825785342482,0.1348275247939221,0.02908688565068446,stadt herculaneum
herculaneum samt,2.910596694769112,-0.07407214448291585,0.1379920399129076,0.02851947579646651,herculaneum samt
Villa,2.860931792267445,-0.07477965275728364,0.14059084861907567,0.0280463058373552,Villa
samt villa,2.860931792267445,-0.07477965275728364,0.14059084861907567,0.0280463058373552,samt villa
Bibliothek,2.7984439745618643,-0.0756925002642166,0.14395362230456069,0.027424336973427724,Bibliothek
villa bibliothek,2.7984439745618643,-0.0756925002642166,0.14395362230456069,0.027424336973427724,villa bibliothek
versank,2.7608638332831728,-0.07625413959116575,0.14602816054863438,0.02703514150115241,versank
bibliothek versink,2.7608638332831728,-0.07625413959116575,0.14602816054863438,0.02703514150115241,bibliothek versink
+1122,2.706831210854855,-0.07707902168783344,0.14908288322800672,0.02645437385296231,+1122
versink +1122,2.706831210854855,-0.07707902168783344,0.14908288322800672,0.02645437385296231,versink +1122
+1122 chars,2.6905546982856805,-0.07733163760557331,0.15002027031465145,0.0262743129758077,+1122 chars
rumor+t flug+hafen,6.3365799032206525,-0.2044784806152966,0.6847425405986479,-0.2267279046428129,rumor+t flug+hafen
flug+hafen catania,27.456208454552492,-0.07986441606045977,0.35770223237093385,-0.09910131361852376,flug+hafen catania
catania ge+schließ+en,2.929679158783389,-0.1574166074096075,0.4563815228570836,-0.07148928430903323,catania ge+schließ+en
ge+schließ+en nan,2.892515874096283,-0.13105147568505485,0.37943487064004555,-0.04711525855103558,ge+schließ+en nan
nan ätna,2.9483215640372373,-0.19733912240328252,0.558065875849421,-0.1071163234024823,nan ätna
ätna heute,2.8844021235403865,-0.10376802828478074,0.29371274610645537,-0.023828655494694984,ätna heute
verstärkten,2.902150618385674,-0.08731395033364107,0.2400715187341923,-0.011587154875244324,verstärkten
heute verstärk+t+en,2.902150618385674,-0.08731395033364107,0.2400715187341923,-0.011587154875244324,heute verstärk+t+en
Ascheausstoß,4.750495858725294,0.02224815001137586,0.0483382903498501,-0.0551257910144898,Ascheausstoß
verstärk+t+en asche+ausstoß,2.9281388434149047,-0.07541507931645117,0.20122145160962124,-0.004069253059674769,verstärk+t+en asche+ausstoß
asche+ausstoß ge+komm+en,2.9681214790415087,-0.06276806173905335,0.16072964924423086,0.002296620736395592,asche+ausstoß ge+komm+en
der aktivität,3.027306608037981,-0.04833067826126011,0.11664070613363269,0.007086526698825909,der aktivität
nahm,3.0989214124867046,-0.041740661402062694,0.10666136200157011,0.0036733423851788853,nahm
aktivität nehm,3.0989214124867046,-0.041740661402062694,0.10666136200157011,0.0036733423851788853,aktivität nehm
nehm früh,3.2098425421814105,-0.031009757437373685,0.09426599577952223,-0.004104841477015017,nehm früh
führte,3.366485883497152,-0.011784682020026194,0.07350184853815825,-0.019513113006274545,führte
früh führ+te,3.366485883497152,-0.011784682020026194,0.07350184853815825,-0.019513113006274545,früh führ+te
Eruptionswolke,6.595451050469194,0.1578197673634178,-0.1616665125233734,-0.17936574804070574,Eruptionswolke
führ+te eruption+s+wolke,3.917069123935337,0.08807961319718577,-0.032981123089468434,-0.11725289882526169,führ+te eruption+s+wolke
eruption+s+wolke rund,3.7832775439899287,-0.04061029519210576,0.08316946389761289,0.014060186355123102,eruption+s+wolke rund
"1,5",3.863144160310338,-0.05261561511213224,0.09008013751544842,0.02596856413963472,"1,5"
"rund 1,5",3.863144160310338,-0.05261561511213224,0.09008013751544842,0.02596856413963472,"rund 1,5"
"1,5 kilo+meter",3.947594382373647,-0.06099720111712646,0.09407170136750949,0.0344879919888937,"1,5 kilo+meter"
Gipfel,4.990672993873869,-0.053604667922763874,0.06502711708206499,0.03933976894721954,Gipfel
kilo+meter gipfel,4.990672993873869,-0.053604667922763874,0.06502711708206499,0.03933976894721954,kilo+meter gipfel
gipfel vulkan+s,7.737765953269621,-0.039286260320388566,0.015342625529002365,0.04441740333533516,gipfel vulkan+s
vulkan+s aufstieg,5.3489069002359715,-0.05120639688915587,0.056671091494934774,0.040306079356850676,vulkan+s aufstieg
+567,4.158744573334073,-0.06016327958520843,0.08803079624695859,0.03641092564835946,+567
aufstieg +567,4.158744573334073,-0.06016327958520843,0.08803079624695859,0.03641092564835946,aufstieg +567
+567 char+s,3.975683974490078,-0.061838764420945276,0.09395307033045289,0.035589181335442255,+567 char+s
vulkan+ausbruch ätna,8.036586827469353,0.1067840306069627,-0.12206822681594606,-0.10602403180216174,vulkan+ausbruch ätna
schränkt,6.827788263092314,0.044291700233750154,-0.04599869411757803,-0.04185546622416834,schränkt
ätna schränk+t,6.827788263092314,0.044291700233750154,-0.04599869411757803,-0.04185546622416834,ätna schränk+t
schränk+t flug+verkehr,6.2609998594346585,0.03644581457962261,-0.01515273505655272,-0.04467808648282651,schränk+t flug+verkehr
flug+verkehr catania,6.015779375120469,0.029321813828365677,0.1395375258760995,-0.11646599761727802,flug+verkehr catania
catania eruption+s+wolke,4.618762120021451,0.13509766011827432,-0.10018703345227062,-0.16637704672349882,catania eruption+s+wolke
eruption+s+wolke europa+s,4.886577053525058,0.015873136660319583,0.010565441524203042,-0.027118012484162148,eruption+s+wolke europa+s
groß vulkan,24.062806550984007,0.03997256246883645,-0.13116519732648055,0.0012557489634996044,groß vulkan
Betriebseinschränkungen,4.775196848180856,0.006192778478521482,0.02116138434944577,-0.01855093750016979,Betriebseinschränkungen
sorg+t betrieb+s+einschränkung+en,4.775196848180856,0.006192778478521482,0.02116138434944577,-0.01855093750016979,sorg+t betrieb+s+einschränkung+en
betrieb+s+einschränkung+en flug+hafen,4.478766976967443,-0.1429795516631028,0.5621078547494879,-0.18325349426734835,betrieb+s+einschränkung+en flug+hafen
catania sie,3.743673762287935,-0.0398147238433712,0.25274426473733813,-0.08323582835096474,catania sie
entscheiden,6.224448725582761,0.05194925624099152,0.048069791718412434,-0.100452640654825,entscheiden
sie entscheid+en,6.224448725582761,0.05194925624099152,0.048069791718412434,-0.100452640654825,sie entscheid+en
darüber,5.714937330967894,0.05238045906418061,0.03283326097574771,-0.09304371864969961,darüber
entscheid+en darüber,5.714937330967894,0.05238045906418061,0.03283326097574771,-0.09304371864969961,entscheid+en darüber
darüber sie,6.453809937914526,0.051318433591466955,0.05663145473863753,-0.10407531749121854,darüber sie
Inhalte,5.093634208055166,0.05093252400520871,0.021774388442531815,-0.0850172125716791,Inhalte
sie inhalt+e,5.093634208055166,0.05093252400520871,0.021774388442531815,-0.0850172125716791,sie inhalt+e
nutzen,7.502280504678007,0.024378551869725373,-0.010256471479111396,-0.02938290311332106,nutzen
inhalt+e nutz+en,4.947538625102342,0.05022158088489369,0.02049678448406717,-0.08324983506032164,inhalt+e nutz+en
Gerät,4.669009408259528,0.04839375712783056,0.01960451485676106,-0.07994907617989508,Gerät
ihr gerät,4.669009408259528,0.04839375712783056,0.01960451485676106,-0.07994907617989508,ihr gerät
erlaubt,4.595876630593935,0.04779954691819254,0.019724186344084304,-0.07908891925805703,erlaubt
gerät erlaub+t,4.595876630593935,0.04779954691819254,0.019724186344084304,-0.07908891925805703,gerät erlaub+t
erlaub+t derzeit,4.465429439348506,0.046607983451550525,0.02032325576074778,-0.07755125341323076,erlaub+t derzeit
leider,4.388210991916419,0.04581758720403088,0.020918400117317815,-0.07663482309474168,leider
derzeit leider,4.388210991916419,0.04581758720403088,0.020918400117317815,-0.07663482309474168,derzeit leider
entsprechenden,4.23681420174703,0.044067274007053577,0.022627027984481626,-0.07481180311222362,entsprechenden
leider entsprech+end+en,4.23681420174703,0.044067274007053577,0.022627027984481626,-0.07481180311222362,leider entsprech+end+en
Optionen,4.1293051886698935,0.04264856652857255,0.02429433080863319,-0.07348528141421831,Optionen
entsprech+end+en option+en,4.1293051886698935,0.04264856652857255,0.02429433080863319,-0.07348528141421831,entsprech+end+en option+en
anzuzeigen,4.071290494102956,0.04181717883172427,0.025357002947164718,-0.07275454169805634,anzuzeigen
option+en an+zu+zeig+en,4.071290494102956,0.04181717883172427,0.025357002947164718,-0.07275454169805634,option+en an+zu+zeig+en
Bitte,3.9946678719555666,0.04064375179464578,0.026941119065821317,-0.07176990932879718,Bitte
deaktivieren,3.961820880039027,0.04011324498788777,0.02768455190665133,-0.0713401167511005,deaktivieren
bitte deaktivier+en,3.961820880039027,0.04011324498788777,0.02768455190665133,-0.0713401167511005,bitte deaktivier+en
deaktivier+en sie,3.895406103948007,0.0389877625557699,0.029308505389033745,-0.07045517983845642,deaktivier+en sie
sämtliche,3.876161773596429,0.03864800007234012,0.029809750159499306,-0.07019446149186499,sämtliche
sie sämtlich+e,3.876161773596429,0.03864800007234012,0.029809750159499306,-0.07019446149186499,sie sämtlich+e
Hard-,3.8302558533355753,0.03781186083826466,0.031062123914977553,-0.06956407339124987,Hard-
sämtlich+e hard+-,3.8302558533355753,0.03781186083826466,0.031062123914977553,-0.06956407339124987,sämtlich+e hard+-
Software…,3.7872301833275612,0.03699435516461646,0.032309551588990966,-0.06896168479790085,Software…
hard+- software…,3.7872301833275612,0.03699435516461646,0.032309551588990966,-0.06896168479790085,hard+- software…
+180,3.742877471761306,0.03611608025358041,0.03367144349862855,-0.06832808325226014,+180
software… +180,3.742877471761306,0.03611608025358041,0.03367144349862855,-0.06832808325226014,software… +180
+180 char+s,3.7236586424831684,0.03572396053594082,0.0342858989678626,-0.06804930692570682,+180 char+s
vulkan asche,8.581503071045763,-0.03619499792900747,0.004627032935388186,0.045324269337618586,vulkan asche
asche ätna,8.697937611323923,-0.040416225366030054,0.026211241486469472,0.04091420755581375,asche ätna
ätna behinder+t,8.21586247523208,-0.050844900532902915,0.07343313223665297,0.031864978233078635,ätna behinder+t
behinder+t betrieb,7.829315938205881,-0.10595844327603383,0.29378969834167556,-0.021124549450793194,behinder+t betrieb
betrieb flug+hafen,10.360162238279557,-0.2585786515582901,0.7115342576472118,-0.18538420356228913,betrieb flug+hafen
catania hier,3.737556365234261,-0.1015416277169173,0.25437966381284555,-0.002337733680431966,catania hier
sie asche,4.080230475584151,-0.060869921281365404,0.09052593298940625,0.036068222839232424,sie asche
starken,11.980496984101107,0.0015485953883824881,-0.05174525419926924,0.02101111241249651,starken
wegen stark+en,8.162812322916057,-0.03767570231230929,0.009761743557343402,0.044897006089002114,wegen stark+en
Ascheausstoßes,9.100951608722806,-0.034486800708509596,-0.0013027398566588019,0.04580170360161134,Ascheausstoßes
stark+en asche+ausstoß+es,9.100951608722806,-0.034486800708509596,-0.0013027398566588019,0.04580170360161134,stark+en asche+ausstoß+es
asche+ausstoß+es vulkan+s,18.030215396791643,-0.01698368199264116,-0.06286964663050752,0.04992781401158603,asche+ausstoß+es vulkan+s
vulkan+s ätna,11.63641158773185,-0.027703780559266276,-0.024950138189234097,0.047550433484280535,vulkan+s ätna
sizilien flug+verkehr,6.644015311543707,-0.13253251552466247,0.37733209798853273,-0.043773773124907545,sizilien flug+verkehr
flug+verkehr flug+hafen,7.518765343911881,-0.32026393611920306,0.8117773955990162,-0.2301974024691065,flug+verkehr flug+hafen
catania derzeit,5.972913275888668,-0.15234691265958622,0.4346287084369251,-0.06101969785235624,catania derzeit
bedingt,4.3953595997961985,-0.1280389922584827,0.3511305210571709,-0.03123349151088924,bedingt
derzeit beding+t,4.3953595997961985,-0.1280389922584827,0.3511305210571709,-0.03123349151088924,derzeit beding+t
beding+t möglich,4.371266691263272,-0.14135602110827664,0.3933674038827362,-0.044206238715769154,beding+t möglich
Flughafenbetr…,6.749669972039381,-0.3907235222056986,0.9196857264328883,-0.29708537187564343,Flughafenbetr…
angabe+n flughafenbetr…,6.749669972039381,-0.3907235222056986,0.9196857264328883,-0.29708537187564343,angabe+n flughafenbetr…
+1207,3.030420843916304,-0.17658797178078214,0.48835600859183503,-0.07321251547710307,+1207
flughafenbetr… +1207,3.030420843916304,-0.17658797178078214,0.48835600859183503,-0.07321251547710307,flughafenbetr… +1207
+1207 char+s,2.963842595566961,-0.16122826902612117,0.4447878371541133,-0.057771580910532264,+1207 char+s
catania wegen,3.698730213234333,-0.0539626258940249,0.2648221082788891,-0.07115798480941386,catania wegen
asche+wolke ätna,6.738276817553044,-0.035298801806080804,0.023671110306253008,0.03560251015117687,asche+wolke ätna
ätna flug+verkehr,4.983580801770058,0.006853155016067995,0.06206859112147308,-0.03981532544290514,ätna flug+verkehr
eingeschränkt,4.342969192235804,-0.08256378162837731,0.23849974657199866,-0.016689278415133083,eingeschränkt
catania ein+ge+schränk+t,3.0534109987454636,-0.05826882664597094,0.15707741211936097,-0.0014994832961777438,catania ein+ge+schränk+t
Verbindungen,3.080227106160158,-0.061031584318400084,0.12177341513811955,0.020631585354612153,Verbindungen
müssen,3.150628170828752,-0.07012208603561397,0.12573488581727296,0.02993648264660506,müssen
verbindung+en müss+en,3.150628170828752,-0.07012208603561397,0.12573488581727296,0.02993648264660506,verbindung+en müss+en
gestrichen,3.210031532568009,-0.07011152765789598,0.12355873842044407,0.03103048215202249,gestrichen
müss+en ge+streich+en,3.210031532568009,-0.07011152765789598,0.12355873842044407,0.03103048215202249,müss+en ge+streich+en
umgeleitet,3.3862012592145097,-0.06799680573747394,0.115926314552732,0.03228007116945351,umgeleitet
ge+streich+en um+ge+leit+et,3.3862012592145097,-0.06799680573747394,0.115926314552732,0.03228007116945351,ge+streich+en um+ge+leit+et
flughafenbetr… +1263,3.030420843916304,-0.17658797178078214,0.48835600859183503,-0.07321251547710307,flughafenbetr… +1263
+1263 char+s,2.963842595566961,-0.16122826902612117,0.4447878371541133,-0.057771580910532264,+1263 char+s
Aktiver,5.3489069002359715,-0.05120639688915587,0.056671091494934774,0.040306079356850676,Aktiver
vulkan asche+wolke,5.639232656760101,0.007810649992752359,0.0038153113263650115,-0.012549700811719109,vulkan asche+wolke
flug+verkehr der,3.656735920045696,-0.11396575455837833,0.3136975606615115,-0.023884661758244857,flug+verkehr der
der betrieb,3.660645330666609,-0.13287489666146682,0.3749584345383286,-0.041675972870518586,der betrieb
catania stark+en,4.343180568946109,-0.058569473583329236,0.08241623255212518,0.037163694605423195,catania stark+en
Ausstoß,4.893526332777002,-0.05429419307882305,0.06743422581302078,0.039052092837270215,Ausstoß
stark+en ausstoß,4.893526332777002,-0.05429419307882305,0.06743422581302078,0.039052092837270215,stark+en ausstoß
ausstoß vulkan+s,7.737765953269621,-0.039286260320388566,0.015342625529002365,0.04441740333533516,ausstoß vulkan+s
vulkan+s italienisch+en,4.578375627082935,-0.05666043854835278,0.07571324220882711,0.03802978820046194,vulkan+s italienisch+en
stark,6.441366056932598,-0.045029208467264145,0.03523196626812727,0.0425691369781356,stark
mittelmeer+insel stark,4.343180568946109,-0.058569473583329236,0.08241623255212518,0.037163694605423195,mittelmeer+insel stark
stark behinder+t,3.4703679565272507,-0.06703590495363257,0.11247390693083606,0.0328279793654835,stark behinder+t
Verbindung,3.2194536447148314,-0.0699946763602152,0.12313571738551127,0.0311011358345102,Verbindung
auch verbindung,3.2194536447148314,-0.0699946763602152,0.12313571738551127,0.0311011358345102,auch verbindung
Deutschland,4.60253636518906,-0.11141591576091835,0.2960964777387436,-0.015780163932317914,Deutschland
verbindung deutschland,3.290787599023269,-0.06912405180914295,0.11998870148415777,0.031621590557199895,verbindung deutschland
deutschland betreff+en,3.501393389332999,-0.06668925378721162,0.11123072728457191,0.03302266886145269,deutschland betreff+en
derzeit stark,4.0437578714501425,-0.06120421912427268,0.09170763988485155,0.03590413976418069,derzeit stark
stark ein+ge+schränk+t,3.0808436504088754,-0.1238963442238284,0.32873952909843424,-0.021398331772622018,stark ein+ge+schränk+t
+1318,3.030420843916304,-0.17658797178078214,0.48835600859183503,-0.07321251547710307,+1318
flughafenbetr… +1318,3.030420843916304,-0.17658797178078214,0.48835600859183503,-0.07321251547710307,flughafenbetr… +1318
+1318 char+s,2.963842595566961,-0.16122826902612117,0.4447878371541133,-0.057771580910532264,+1318 char+s
catania bleib+t,3.929470932260569,-0.005257935000160588,0.16276964378431227,-0.07762062394495871,catania bleib+t
bleib+t ge+schließ+en,3.8120193308737713,0.005641633900324723,0.1359908158513991,-0.07814145149261022,bleib+t ge+schließ+en
ge+schließ+en auch,3.6676740985938006,0.021223217317256453,0.10415587863747396,-0.08348901826830385,ge+schließ+en auch
Militärflugplätze,3.699271402552896,0.035046925399553536,0.056255845762395326,-0.0784714940443045,Militärflugplätze
auch militär+flug+platz+e,3.699271402552896,0.035046925399553536,0.056255845762395326,-0.0784714940443045,auch militär+flug+platz+e
NAS,3.9789514710656255,0.05189869240677353,-0.00021783378280445812,-0.07536906304392954,NAS
militär+flug+platz+e na+s,3.9789514710656255,0.05189869240677353,-0.00021783378280445812,-0.07536906304392954,militär+flug+platz+e na+s
Sigonella,6.219981722050726,0.0903061427931231,-0.08234694624710046,-0.09693422343640917,Sigonella
na+s sigonella,4.070506174748445,0.05424769266666512,-0.004876350711297244,-0.07669535242462214,na+s sigonella
sigonella sigonella,4.070506174748445,0.05424769266666512,-0.004876350711297244,-0.07669535242462214,sigonella sigonella
Air,5.048576766206064,0.07420820694158035,-0.04629469167704744,-0.08793934853773804,Air
sigonella air,5.048576766206064,0.07420820694158035,-0.04629469167704744,-0.08793934853773804,sigonella air
Base,5.3754345512760615,0.07934456329597596,-0.0575234247743929,-0.09081898951301659,Base
air bas+e,5.3754345512760615,0.07934456329597596,-0.0575234247743929,-0.09081898951301659,air bas+e
bas+e vulkan+ausbruch,9.025995065839378,0.11330271483798048,-0.13865311980520803,-0.1095783419988753,bas+e vulkan+ausbruch
vulkan+ausbruch betreff+en,5.284466230688716,0.07797411957577595,-0.05450313215215687,-0.09005143527345406,vulkan+ausbruch betreff+en
betreff+en sie,4.643971409627227,0.06692077131935138,-0.030777768481084176,-0.0838420416269669,betreff+en sie
Größter,11.63641158773185,-0.027703780559266276,-0.024950138189234097,0.047550433484280535,Größter
europa+s flug+hafen,8.012077802667417,-0.15499987234994156,0.4501315875284268,-0.06963094165432789,europa+s flug+hafen
catania asche+regen,7.231579046784319,-0.07555594133310385,0.17577869982878128,0.010288015283651062,catania asche+regen
asche+regen ätna,6.512686798954173,-0.06774522606476119,0.13910032181596668,0.0200937376124392,asche+regen ätna
ätna betrieb,6.226753022948214,-0.05703786535012987,0.09011488173253356,0.031502957077852965,ätna betrieb
betrieb hier,3.4703679565272507,-0.06703590495363257,0.11247390693083606,0.0328279793654835,betrieb hier
thema groß,5.3489069002359715,-0.05120639688915587,0.056671091494934774,0.040306079356850676,thema groß
sie flug+hafen,4.423279175989004,-0.2075562423621564,0.5745743188969531,-0.10943135068734684,sie flug+hafen
vorübergehenden,5.155390200660934,-0.05247480909580057,0.061087506872335585,0.03980153770027266,vorübergehenden
nach vor+übergeh+end+en,5.155390200660934,-0.05247480909580057,0.061087506872335585,0.03980153770027266,nach vor+übergeh+end+en
vor+übergeh+end+en sperrung,5.764071640534293,-0.04867792662809413,0.04788406911702955,0.04126999225878934,vor+übergeh+end+en sperrung
sperrung wegen,6.3014271138926485,-0.04574033034671074,0.03769597523718882,0.042324025853726896,sperrung wegen
Ascheregens,7.282991950814671,-0.04114528219850095,0.02178117469994993,0.043843542323976116,Ascheregens
wegen asche+regen+s,7.282991950814671,-0.04114528219850095,0.02178117469994993,0.043843542323976116,wegen asche+regen+s
asche+regen+s vulkan,13.016698354013446,-0.024797472599240308,-0.0351513059297267,0.04823640931613546,asche+regen+s vulkan
Flugbetrieb,5.127772343300368,-0.1333940791541338,0.37265161093256466,-0.03941370132797481,Flugbetrieb
sizilien flug+betrieb,5.127772343300368,-0.1333940791541338,0.37265161093256466,-0.03941370132797481,sizilien flug+betrieb
flug+betrieb flug+hafen,5.746602228614036,-0.30578496540208266,0.7824729526657629,-0.2106749292540284,flug+betrieb flug+hafen
aufgenommen,4.495317252455813,-0.1353999020442109,0.3754358645964222,-0.03887357934498386,aufgenommen
catania auf+ge+nehm+en,4.495317252455813,-0.1353999020442109,0.3754358645964222,-0.03887357934498386,catania auf+ge+nehm+en
auf+ge+nehm+en werd+en,4.294446377476963,-0.1190574461454371,0.32051450396461073,-0.021990954747296718,auf+ge+nehm+en werd+en
Betre…,4.09851577919297,-0.10667788531723517,0.27580650020492803,-0.008990758355307908,Betre…
wie betre…,4.09851577919297,-0.10667788531723517,0.27580650020492803,-0.008990758355307908,wie betre…
+952,2.8951172419275535,-0.10558563818824619,0.2629799112581138,-0.0025194407030526846,+952
betre… +952,2.8951172419275535,-0.10558563818824619,0.2629799112581138,-0.0025194407030526846,betre… +952
+952 char+s,2.8708176807201156,-0.10388169106096748,0.25651873404445014,-0.0007319955476406208,+952 char+s
betrieb der,3.209010271113284,-0.0786566755191643,0.16004295669472426,0.0226188054757391,betrieb der
ätna spuck+te,3.147075297998403,-0.0835097183577058,0.17953197482815555,0.018125432624568987,ätna spuck+te
spuck+te asche,3.784743474595749,-0.08503480926150209,0.19108349048147996,0.01367278504623293,spuck+te asche
asche flug+e,3.096422667095479,-0.1018283993853623,0.25055303453453437,0.0002990280579619003,asche flug+e
fielen,3.0855046815401552,-0.11043699659292718,0.28195254416180077,-0.008141853088818082,fielen
flug+e fall+en,3.0855046815401552,-0.11043699659292718,0.28195254416180077,-0.008141853088818082,flug+e fall+en
fall+en deutschland,3.1203692200077073,-0.1615836140610458,0.4466452476164847,-0.05875765546640695,fall+en deutschland
der flug+hafen,3.5528075968323574,-0.3157006087998769,0.7937174716788991,-0.2125672542461348,der flug+hafen
offen,2.947418447560098,-0.14406944310207262,0.39322018798469077,-0.040750859646587784,offen
catania offen,2.947418447560098,-0.14406944310207262,0.39322018798469077,-0.040750859646587784,catania offen
offen betrieb,2.9330672629525263,-0.12533351858362984,0.33261905732039987,-0.022183823070302856,offen betrieb
normalisieren,2.944371326464879,-0.10352760232145312,0.2557397123049434,-0.0007016437268144061,normalisieren
betrieb normalisier+en,2.944371326464879,-0.10352760232145312,0.2557397123049434,-0.0007016437268144061,betrieb normalisier+en
Reisende,2.976278897122716,-0.0893667002859519,0.20167355898005374,0.013131312165254387,Reisende
reis+end+e soll+ten,3.004160685607917,-0.08175407425613959,0.1711196301839377,0.020514104071919725,reis+end+e soll+ten
dennoch,3.034712467753247,-0.07529875233403036,0.1443382596236362,0.02673915125623503,dennoch
soll+ten dennoch,3.034712467753247,-0.07529875233403036,0.1443382596236362,0.02673915125623503,soll+ten dennoch
prüfen,3.079796091529252,-0.07177328349889853,0.12959155010584633,0.030004793781631744,prüfen
dennoch prüf+en,3.079796091529252,-0.07177328349889853,0.12959155010584633,0.030004793781631744,dennoch prüf+en
prüf+en flug+e,3.210031532568009,-0.07011152765789598,0.12355873842044407,0.03103048215202249,prüf+en flug+e
starten,3.2693809219139456,-0.06938274790601841,0.12092292695936689,0.031468035815732216,starten
flug+e start+en,3.2693809219139456,-0.06938274790601841,0.12092292695936689,0.031468035815732216,flug+e start+en
+1006,2.8951172419275535,-0.10558563818824619,0.2629799112581138,-0.0025194407030526846,+1006
betre… +1006,2.8951172419275535,-0.10558563818824619,0.2629799112581138,-0.0025194407030526846,betre… +1006
+1006 char+s,2.866156962606515,-0.10356826822764473,0.25532312595298734,-0.0004024052438184234,+1006 char+s
Flugchaos,4.739159156221178,-0.01699131521382314,0.041197784081410546,0.0035143300730452252,Flugchaos
flug+chaos vulkan+asche,7.891182301574382,-0.017079805545594188,-0.004290336801337931,0.02478444100499489,flug+chaos vulkan+asche
vulkan+asche ätna,4.8459544492525035,-0.008607404172133685,0.03212426234687656,-0.003424040774420489,vulkan+asche ätna
Dass,4.612607213677173,0.031650280463595644,0.002481184514397172,-0.04608187075547183,Dass
ätna dass,4.612607213677173,0.031650280463595644,0.002481184514397172,-0.04608187075547183,ätna dass
dass lava,4.670324085704427,0.08838745109993673,-0.05234640091809904,-0.10814990103876991,dass lava
lava nordost+krater,4.030853480069704,0.02809034441242244,0.019782037775197193,-0.04932723976729262,lava nordost+krater
nordost+krater fließ+t,3.718707645495845,0.015374456601659875,0.03965418758184265,-0.040689938182166506,nordost+krater fließ+t
geschieht,3.5987948429989736,0.01294669452888635,0.04540649595634014,-0.040084401262032596,geschieht
fließ+t gescheh+t,3.5987948429989736,0.01294669452888635,0.04540649595634014,-0.040084401262032596,fließ+t gescheh+t
selten,3.481151420037681,0.011856919032163021,0.05012368640734364,-0.04090188625860246,selten
gescheh+t selten,3.481151420037681,0.011856919032163021,0.05012368640734364,-0.04090188625860246,gescheh+t selten
selten ein,3.4049202747819027,0.011896147436040349,0.05265237780165554,-0.04224319009228758,selten ein
ein ausbruch,3.378378007992483,0.01170922213267874,0.0537221381799861,-0.04251884088171199,ein ausbruch
ausbruch ätna,4.8459544492525035,-0.008607404172133685,0.03212426234687656,-0.003424040774420489,ausbruch ätna
flug+verkehr sizilien,3.933346769159436,0.0026173665052018485,0.04426951428056571,-0.024839763261924105,flug+verkehr sizilien
beeinträchtigt,4.173605687214695,0.0020783619567227365,0.03839774224451688,-0.02118596713409893,beeinträchtigt
sizilien beeinträchtig+t,4.173605687214695,0.0020783619567227365,0.03839774224451688,-0.02118596713409893,sizilien beeinträchtig+t
Potsdamer,5.334377957240597,-0.0016384711987215033,0.017057786313757275,-0.0057476047880548435,Potsdamer
ein potsdamer,5.334377957240597,-0.0016384711987215033,0.017057786313757275,-0.0057476047880548435,ein potsdamer
Vulkanologe,7.970078791461793,-0.006174573658725858,-0.014238743819875912,0.014836033986456724,Vulkanologe
potsdamer vulkanolog+e,7.970078791461793,-0.006174573658725858,-0.014238743819875912,0.014836033986456724,potsdamer vulkanolog+e
vulkanolog+e erklär+t,5.153247260188875,0.003836520841007013,0.015720348926320533,-0.012661784049429997,vulkanolog+e erklär+t
erklär+t un+gewöhnlich+e,4.352588960148035,0.03734684069162207,0.003379041375066797,-0.05498484761994384,erklär+t un+gewöhnlich+e
Lavaverlauf,4.440164417407097,0.13562240596288097,-0.0964974584191269,-0.16917787560831923,Lavaverlauf
un+gewöhnlich+e lavaverlauf,4.440164417407097,0.13562240596288097,-0.0964974584191269,-0.16917787560831923,un+gewöhnlich+e lavaverlauf
Risiko,3.8486340928901774,0.07199578273477318,-0.015355725681542594,-0.09962750141733576,Risiko
lavaverlauf risiko,3.8486340928901774,0.07199578273477318,-0.015355725681542594,-0.09962750141733576,lavaverlauf risiko
verrät,3.9215887444876234,0.06387984899007154,-0.009762329042038212,-0.08940825660739081,verrät
risiko verrat,3.9215887444876234,0.06387984899007154,-0.009762329042038212,-0.08940825660739081,risiko verrat
verrat weit+er+e,4.231879273189232,0.05814748686830616,-0.012706470669984279,-0.0788964839412127,verrat weit+er+e
weit+er+e einschränkung+en,4.511461415792816,0.06426668323861758,-0.02524246146380918,-0.08234711062436541,weit+er+e einschränkung+en
drohen,5.5813720828829005,0.08229499708568834,-0.06408723829956565,-0.09246937127531606,drohen
einschränkung+en droh+en,5.5813720828829005,0.08229499708568834,-0.06408723829956565,-0.09246937127531606,einschränkung+en droh+en
Wochenbeginn,4.432714972736922,0.0626179754070017,-0.021834179363916652,-0.08141788874253245,Wochenbeginn
ätna woche+n+beginn,4.432714972736922,0.0626179754070017,-0.021834179363916652,-0.08141788874253245,ätna woche+n+beginn
anhaltend,3.9169804001211905,0.05024791613436648,0.0030304666266842873,-0.07443688083337024,anhaltend
woche+n+beginn an+halt+end,3.9169804001211905,0.05024791613436648,0.0030304666266842873,-0.07443688083337024,woche+n+beginn an+halt+end
an+halt+end stark+en,3.7424460712538172,0.04531053649619236,0.012623151211766999,-0.07164862452402626,an+halt+end stark+en
stark+en asche+ausstoß,3.629455861811744,0.041864263692998394,0.01921248428022784,-0.06970273739335311,stark+en asche+ausstoß
Turbulenzen,3.4818755175852307,0.036596660095472924,0.030302812523819635,-0.06733260521839968,Turbulenzen
asche+ausstoß turbulenz+en,3.4818755175852307,0.036596660095472924,0.030302812523819635,-0.06733260521839968,asche+ausstoß turbulenz+en
Luftverkehr,3.388018858327766,0.019575003625929843,0.09666361140924853,-0.0768462075634324,Luftverkehr
turbulenz+en luft+verkehr,3.388018858327766,0.019575003625929843,0.09666361140924853,-0.0768462075634324,turbulenz+en luft+verkehr
luft+verkehr sizilien,3.3205249406701833,-0.0017730633892802418,0.17642899609343318,-0.09092862019959685,luft+verkehr sizilien
sizilien aus+ge+lös+t,3.3016975527186414,-0.015191884576750789,0.22456105846006924,-0.10091827834524945,sizilien aus+ge+lös+t
der tourist+en,3.320832396748811,-0.05635055934827277,0.36142353069180677,-0.1355863336538629,der tourist+en
tourist+en wichtig+e,3.4087111298369437,-0.09888866086625497,0.4851271126869835,-0.1750491287541726,tourist+en wichtig+e
wichtig+e flug+hafen,3.7571678848470866,-0.20992412203893088,0.7377901834662618,-0.28348662641496797,wichtig+e flug+hafen
zwische…,3.0995109162934575,-0.05605316360549243,0.3429055425819957,-0.12215256971063453,zwische…
catania zwische…,3.0995109162934575,-0.05605316360549243,0.3429055425819957,-0.12215256971063453,catania zwische…
+892,3.032169340188065,-0.04575011817054693,0.30448185576020664,-0.10954579646861203,+892
zwische… +892,3.032169340188065,-0.04575011817054693,0.30448185576020664,-0.10954579646861203,zwische… +892
+892 char+s,3.004072911064677,-0.042008345743007436,0.28964767924417767,-0.10469667493527941,+892 char+s
Filmkunst,4.597675672372778,0.06601000978110969,-0.0288714782553352,-0.08332918840550921,Filmkunst
München,5.474021446837566,0.08078239548115455,-0.06071160561910986,-0.09162363597041173,München
film+kunst münchen,5.474021446837566,0.08078239548115455,-0.06071160561910986,-0.09162363597041173,film+kunst münchen
münchen vulkan+ausbruch,9.025995065839378,0.11330271483798048,-0.13865311980520803,-0.1095783419988753,münchen vulkan+ausbruch
vulkan+ausbruch wie,5.200171506615716,0.07666475358998573,-0.05163409623489252,-0.08931755024325774,vulkan+ausbruch wie
berauschend,4.915707045041602,0.07193927147528643,-0.04141243553988674,-0.08666497348658883,berauschend
wie berauschend,4.915707045041602,0.07193927147528643,-0.04141243553988674,-0.08666497348658883,wie berauschend
Weltuntergang,4.120736545216802,0.05549329012928173,-0.007364140283509697,-0.07739851883014363,Weltuntergang
berauschend welt+untergang,4.120736545216802,0.05549329012928173,-0.007364140283509697,-0.07739851883014363,berauschend welt+untergang
welt+untergang der,3.8242506068237736,0.04767990860771247,0.008042493558716949,-0.07298665436750718,welt+untergang der
Krakatoa,5.306548721021726,0.0783107741817511,-0.05524341964046079,-0.09024004233922713,Krakatoa
ausbruch krakatoa,5.306548721021726,0.0783107741817511,-0.05524341964046079,-0.09024004233922713,ausbruch krakatoa
erschütterte,5.121762606203431,0.07541102463741947,-0.04890205664964221,-0.08861437849925778,erschütterte
krakatoa erschütter+te,5.121762606203431,0.07541102463741947,-0.04890205664964221,-0.08861437849925778,krakatoa erschütter+te
1883,4.900224278211386,0.07166740313125901,-0.040830572038727544,-0.08651218952397258,1883
erschütter+te 1883,4.900224278211386,0.07166740313125901,-0.040830572038727544,-0.08651218952397258,erschütter+te 1883
Globus,4.7705541448242075,0.0693255300273982,-0.03584584743210599,-0.08519540246556545,Globus
1883 globus,4.7705541448242075,0.0693255300273982,-0.03584584743210599,-0.08519540246556545,1883 globus
Carlos,4.667995537356051,0.0673866434588661,-0.031755653071531886,-0.08410431642059601,Carlos
Casas,4.586449543062989,0.06578653537699451,-0.02840482421626753,-0.08320332631794986,Casas
carlos casas,4.586449543062989,0.06578653537699451,-0.02840482421626753,-0.08320332631794986,carlos casas
Filminstallation,4.511461415792816,0.06426668323861758,-0.02524246146380918,-0.08234711062436541,Filminstallation
casas film+installation,4.511461415792816,0.06426668323861758,-0.02524246146380918,-0.08234711062436541,casas film+installation
Münchner,4.326395416223146,0.0603010091639695,-0.01708291220776371,-0.0801113904213581,Münchner
film+installation münchner,4.326395416223146,0.0603010091639695,-0.01708291220776371,-0.0801113904213581,film+installation münchner
Haus,4.254523421023875,0.05867181808796352,-0.01376854691759401,-0.07919232961558142,Haus
münchner haus,4.254523421023875,0.05867181808796352,-0.01376854691759401,-0.07919232961558142,münchner haus
Kunst,4.188384981706287,0.057125024049110934,-0.010641782025116007,-0.07831950049487829,Kunst
haus kunst,4.188384981706287,0.057125024049110934,-0.010641782025116007,-0.07831950049487829,haus kunst
kunst lass+st,4.147111086468852,0.05613559530241695,-0.00865179512729288,-0.0777610726697827,kunst lass+st
lass+st beb+en,4.082763083840818,0.05455438083270946,-0.005487753317323121,-0.07686849348424127,lass+st beb+en
beb+en körper,4.011998777188664,0.05275862876266239,-0.0019182737222659073,-0.07585462816003409,beb+en körper
wandern,3.973583180138422,0.05175768412248988,6.0451081302325306e-05,-0.07528943974503684,wandern
körper wander+n,3.973583180138422,0.05175768412248988,6.0451081302325306e-05,-0.07528943974503684,körper wander+n
Sonnenfinsternis,3.2242317319791933,-0.0699355873927857,0.12292186401397417,0.031136791180862503,Sonnenfinsternis
sonne+n+finsternis island,3.2773059682418237,-0.06928672148777226,0.12057606261418964,0.03152514162629663,sonne+n+finsternis island
island der,2.510208213653821,-0.08026811197701066,0.16098421661972986,0.024103279324991383,island der
Zwei-Minuten-Spektakel,2.5161357941314204,-0.08016736472049112,0.16060594126825908,0.02418019419852804,Zwei-Minuten-Spektakel
der zwei+-+minute+n+-+spektakel,2.5161357941314204,-0.08016736472049112,0.16060594126825908,0.02418019419852804,der zwei+-+minute+n+-+spektakel
Astronomische,2.5528717376693266,-0.0795496607007418,0.15828999507048536,0.024647946248866605,Astronomische
zwei+-+minute+n+-+spektakel astronomisch+e,2.5528717376693266,-0.0795496607007418,0.15828999507048536,0.024647946248866605,zwei+-+minute+n+-+spektakel astronomisch+e
Zimmerpreise,2.5777550140900467,-0.07913765604458847,0.15674844178321873,0.024956300217319892,Zimmerpreise
astronomisch+e zimmer+preis+e,2.5777550140900467,-0.07913765604458847,0.15674844178321873,0.024956300217319892,astronomisch+e zimmer+preis+e
exklusive,2.6049000405539684,-0.07869394732182641,0.15509106577268714,0.02528516263610027,exklusive
zimmer+preis+e exklusiv+e,2.6049000405539684,-0.07869394732182641,0.15509106577268714,0.02528516263610027,zimmer+preis+e exklusiv+e
Expeditionen,2.62587450533249,-0.07835512173602402,0.15382739395263492,0.025534059045870968,Expeditionen
exklusiv+e expedition+en,2.62587450533249,-0.07835512173602402,0.15382739395263492,0.025534059045870968,exklusiv+e expedition+en
See,2.665075135228977,-0.0777310320955208,0.15150414779191215,0.02598750042834121,See
expedition+en see,2.665075135228977,-0.0777310320955208,0.15150414779191215,0.02598750042834121,expedition+en see
Rave,2.6958933912550846,-0.07724856497538453,0.14971191211444648,0.026333640735613305,Rave
see rave,2.6958933912550846,-0.07724856497538453,0.14971191211444648,0.026333640735613305,see rave
Björk,2.7210169083663587,-0.07686043335165768,0.1482724835947814,0.026609342938078498,Björk
rave björk,2.7210169083663587,-0.07686043335165768,0.1482724835947814,0.026609342938078498,rave björk
Ausblick,2.7419097396464296,-0.0765411324135068,0.1470898926793258,0.0268343238901724,Ausblick
björk ausblick,2.7419097396464296,-0.0765411324135068,0.1470898926793258,0.0268343238901724,björk ausblick
totale,2.7984439745618643,-0.0756925002642166,0.14395362230456069,0.027424336973427724,totale
ausblick total+e,2.7984439745618643,-0.0756925002642166,0.14395362230456069,0.027424336973427724,ausblick total+e
total+e sonne+n+finsternis,2.4706961180450344,-0.08094750673947594,0.16353917751369057,0.023579981677375076,total+e sonne+n+finsternis
12.,3.086965793922171,-0.07167946790359439,0.1292501020838365,0.03006375360598264,12.
grönland 12.,3.086965793922171,-0.07167946790359439,0.1292501020838365,0.03006375360598264,grönland 12.
August,3.1168071883305704,-0.0712919785140836,0.1278409155808249,0.030305929394542134,August
12. august,3.1168071883305704,-0.0712919785140836,0.1278409155808249,0.030305929394542134,12. august
verdunkeln,3.1740318965206735,-0.07056208482673361,0.12519127830522628,0.030756261686553526,verdunkeln
august verdunkel+n,3.1740318965206735,-0.07056208482673361,0.12519127830522628,0.030756261686553526,august verdunkel+n
Isländer,3.3993885982544656,-0.06784422756001642,0.11537748347013654,0.03236788744547279,Isländer
der isländer,3.3993885982544656,-0.06784422756001642,0.11537748347013654,0.03236788744547279,der isländer
isländer wiss+en,3.534133554707018,-0.06632771785166304,0.10993543696509574,0.033224060632310336,isländer wiss+en
wiss+en seit,3.664849567071248,-0.06492626313466944,0.10492629051503366,0.03398899657490336,wiss+en seit
jeher,3.7778157963506116,-0.06376620354370077,0.10079368538073849,0.03460367210951019,jeher
seit jeher,3.7778157963506116,-0.06376620354370077,0.10079368538073849,0.03460367210951019,seit jeher
jeher moment,4.080230475584151,-0.060869921281365404,0.09052593298940625,0.036068222839232424,jeher moment
moment nutz+en,4.578375627082935,-0.05666043854835278,0.07571324220882711,0.03802978820046194,moment nutz+en
vulkan eyjafjallajökull,5.498520739800831,-0.05026634182875336,0.05340180195096798,0.04067083067505976,vulkan eyjafjallajökull
eyjafjallajökull aus+brech,4.158744573334073,-0.06016327958520843,0.08803079624695859,0.03641092564835946,eyjafjallajökull aus+brech
veranstalteten,3.828913949264684,-0.0632561251404635,0.09898033991016005,0.034868766534346216,veranstalteten
aus+brech veranstalt+eten,3.828913949264684,-0.0632561251404635,0.09898033991016005,0.034868766534346216,aus+brech veranstalt+eten
anfangs,3.455451915105137,-0.06720399065396425,0.1130771393964067,0.03273301363239744,anfangs
veranstalt+eten anfangs,3.455451915105137,-0.06720399065396425,0.1130771393964067,0.03273301363239744,veranstalt+eten anfangs
Picknicks,3.348425768363944,-0.0684381441098333,0.11751520403953501,0.0320243068211623,Picknicks
anfangs picknick+s,3.348425768363944,-0.0684381441098333,0.11751520403953501,0.0320243068211623,anfangs picknick+s
picknick+s brodel+nd+en,3.1740318965206735,-0.07056208482673361,0.12519127830522628,0.030756261686553526,picknick+s brodel+nd+en
Ausbruchsstelle,3.086965793922171,-0.07167946790359439,0.1292501020838365,0.03006375360598264,Ausbruchsstelle
brodel+nd+en ausbruch+s+stelle,3.086965793922171,-0.07167946790359439,0.1292501020838365,0.03006375360598264,brodel+nd+en ausbruch+s+stelle
gingen,2.9617243855328956,-0.07335977559457353,0.13538186967329863,0.028988181276365765,gingen
ausbruch+s+stelle geh+en,2.9617243855328956,-0.07335977559457353,0.13538186967329863,0.028988181276365765,ausbruch+s+stelle geh+en
nah,2.910596694769112,-0.07407214448291585,0.1379920399129076,0.02851947579646651,nah
geh+en nah,2.910596694769112,-0.07407214448291585,0.1379920399129076,0.02851947579646651,geh+en nah
nah möglich,2.8738709961131224,-0.07459381860954306,0.1399076154648027,0.028171334669189738,nah möglich
+5591,2.816885375137587,-0.0754204082819655,0.14295012182869177,0.02761109198866657,+5591
möglich +5591,2.816885375137587,-0.0754204082819655,0.14295012182869177,0.02761109198866657,möglich +5591
+5591 chars,2.7948631787100022,-0.075745598788016,0.144149570565215,0.027387755765726156,+5591 chars
Vulkaneifel,18.030215396791643,-0.01698368199264116,-0.06286964663050752,0.04992781401158603,Vulkaneifel
vulkaneifel warum,4.804780357916136,-0.054939933288420555,0.0696905927121341,0.03877856236083213,vulkaneifel warum
warum krater,4.080230475584151,-0.060869921281365404,0.09052593298940625,0.036068222839232424,warum krater
Meerfelder,3.753634295891563,-0.06401071634370434,0.10166373975760264,0.03447548210731276,Meerfelder
krater meer+feld+er,3.753634295891563,-0.06401071634370434,0.10166373975760264,0.03447548210731276,krater meer+feld+er
Maars,3.534133554707018,-0.06632771785166304,0.10993543696509574,0.033224060632310336,Maars
meer+feld+er maar+s,3.534133554707018,-0.06632771785166304,0.10993543696509574,0.033224060632310336,meer+feld+er maar+s
schwimmen,3.4409111534635324,-0.06736875098485517,0.11366871535151593,0.03263956742529198,schwimmen
maar+s schwimm+en,3.4409111534635324,-0.06736875098485517,0.11366871535151593,0.03263956742529198,maar+s schwimm+en
schwimm+en vor,3.348425768363944,-0.0684381441098333,0.11751520403953501,0.0320243068211623,schwimm+en vor
80.000,4.965525630324479,-0.05378146234721937,0.06564408564048156,0.039266437715435774,80.000
vor 80.000,4.965525630324479,-0.05378146234721937,0.06564408564048156,0.039266437715435774,vor 80.000
80.000 jahr+en,5.155390200660934,-0.05247480909580057,0.061087506872335585,0.03980153770027266,80.000 jahr+en
explodierte,5.3845784829894106,-0.050979154814596535,0.05588051411170477,0.04039495825424888,explodierte
jahr+en explodier+te,5.3845784829894106,-0.050979154814596535,0.05588051411170477,0.04039495825424888,jahr+en explodier+te
explodier+te erde,6.537508934581842,-0.04455237444631291,0.033580099756921854,0.04273138451664104,explodier+te erde
Heute,7.1538575727503595,-0.041701475707598676,0.023707158926133735,0.04366745498801504,Heute
erde heute,7.1538575727503595,-0.041701475707598676,0.023707158926133735,0.04366745498801504,erde heute
heute lock+t,8.115966023463837,-0.03784767160941153,0.010357828145997653,0.04484654746790829,heute lock+t
lock+t vulkaneifel,13.016698354013446,-0.024797472599240308,-0.0351513059297267,0.04823640931613546,lock+t vulkaneifel
idyllischen,7.1538575727503595,-0.041701475707598676,0.023707158926133735,0.04366745498801504,idyllischen
vulkaneifel idyllisch+en,7.1538575727503595,-0.041701475707598676,0.023707158926133735,0.04366745498801504,vulkaneifel idyllisch+en
Maaren,6.098208267627088,-0.046811020623828185,0.04140731859384008,0.04194772177592626,Maaren
idyllisch+en maar+en,6.098208267627088,-0.046811020623828185,0.04140731859384008,0.04194772177592626,idyllisch+en maar+en
Wanderwegen,5.669186450926709,-0.04923423212509985,0.04981568756991824,0.041062559470186735,Wanderwegen
maar+en wander+weg+en,5.669186450926709,-0.04923423212509985,0.04981568756991824,0.041062559470186735,maar+en wander+weg+en
erfrischenden,5.097659028450145,-0.05286535768487331,0.062448647366898875,0.03964325626508686,erfrischenden
wander+weg+en erfrisch+end+en,5.097659028450145,-0.05286535768487331,0.062448647366898875,0.03964325626508686,wander+weg+en erfrisch+end+en
Badeseen,4.76318649320835,-0.0552479745902018,0.07076771242538435,0.03864665391446672,Badeseen
erfrisch+end+en bad+e+see+n,4.76318649320835,-0.0552479745902018,0.07076771242538435,0.03864665391446672,erfrisch+end+en bad+e+see+n
Sabine,3.132470920647843,-0.07109048793112173,0.12710885161157698,0.03043100504254626,Sabine
bild sabine,3.132470920647843,-0.07109048793112173,0.12710885161157698,0.03043100504254626,bild sabine
Küster-Reeck,3.191704311026951,-0.07034008723830548,0.12438660803939877,0.030891731761764324,Küster-Reeck
sabine küster-reeck,3.191704311026951,-0.07034008723830548,0.12438660803939877,0.030891731761764324,sabine küster-reeck
küster-reeck vor,3.348425768363944,-0.0684381441098333,0.11751520403953501,0.0320243068211623,küster-reeck vor
äußersten,3.1569758472171086,-0.07077785201293867,0.1259739067858265,0.030623926228143673,äußersten
äußer+st+en westen,3.079796091529252,-0.07177328349889853,0.12959155010584633,0.030004793781631744,äußer+st+en westen
Deutschlands…,3.0325435107075913,-0.07239867881144087,0.13187041879031414,0.029608477843028946,Deutschlands…
westen deutschlands…,3.0325435107075913,-0.07239867881144087,0.13187041879031414,0.029608477843028946,westen deutschlands…
+12036,2.9457130810589787,-0.07358115750871519,0.13619233945955508,0.028843344308121986,+12036
deutschlands… +12036,2.9457130810589787,-0.07358115750871519,0.13619233945955508,0.028843344308121986,deutschlands… +12036
+12036 char+s,2.910596694769112,-0.07407214448291585,0.1379920399129076,0.02851947579646651,+12036 char+s
Streaming,5.698890137110313,0.08389108143585029,-0.06767355683049442,-0.09336090496533976,Streaming
streaming vulkan+ausbruch,9.025995065839378,0.11330271483798048,-0.13865311980520803,-0.1095783419988753,streaming vulkan+ausbruch
drei zwei,4.692637654908473,0.06785980990339482,-0.032750784420409365,-0.08437065501900838,drei zwei
zwei eins,4.432714972736922,0.0626179754070017,-0.021834179363916652,-0.08141788874253245,zwei eins
eins der,4.26221127380205,0.058848611213682456,-0.014127159443659141,-0.07929207614379495,eins der
Zerstörung,4.147111086468852,0.05613559530241695,-0.00865179512729288,-0.0777610726697827,Zerstörung
der zerstörung,4.147111086468852,0.05613559530241695,-0.00865179512729288,-0.0777610726697827,der zerstörung
zerstörung pompeji,3.8242506068237736,0.04767990860771247,0.008042493558716949,-0.07298665436750718,zerstörung pompeji
pompeji einzigartig,3.6425456440956934,0.042274372625923554,0.01843283942318203,-0.06993427150377586,pompeji einzigartig
einzigartig menschheit+s+geschichte,3.4318891951580297,0.03529535901785272,0.031539161050400756,-0.0659958251358825,einzigartig menschheit+s+geschichte
Doku-Serie,4.08250043990465,0.05454782780797869,-0.005474681705448801,-0.07686479402732582,Doku-Serie
der doku+-+serie,3.224623755627476,0.027533543179863677,0.045726981520980224,-0.06162201363045274,der doku+-+serie
doku+-+serie pompeji,3.153772003833537,0.024642638942493297,0.050911063104662174,-0.059995391345781954,doku+-+serie pompeji
Tom,3.0919867619514605,0.02201112375114797,0.05558419014339903,-0.058516088214816075,Tom
pompeji tom,3.0919867619514605,0.02201112375114797,0.05558419014339903,-0.058516088214816075,pompeji tom
Hiddleston,3.0730811244391014,0.02118423216547089,0.05704372940726161,-0.05805154214011941,Hiddleston
tom hiddlesto+n,3.0730811244391014,0.02118423216547089,0.05704372940726161,-0.05805154214011941,tom hiddlesto+n
schickt,3.020676222559949,0.01883652188447136,0.06116481877753961,-0.056733406778239785,schickt
hiddlesto+n schick+t,3.020676222559949,0.01883652188447136,0.06116481877753961,-0.056733406778239785,hiddlesto+n schick+t
Hollywoodstar,2.973841996198168,0.016666198083571,0.06494485719615291,-0.05551597967591522,Hollywoodstar
schick+t hollywoodstar,2.973841996198168,0.016666198083571,0.06494485719615291,-0.05551597967591522,schick+t hollywoodstar
hollywoodstar italien,2.9088866278805496,0.013536440339677734,0.07034661041368598,-0.05376238115828319,hollywoodstar italien
betroffenen,2.8529117326193782,0.0107206574859556,0.07515759133968812,-0.0521868731308777,betroffenen
italien betreff+en+en,2.8529117326193782,0.0107206574859556,0.07515759133968812,-0.0521868731308777,italien betreff+en+en
Geschichtslehrer,2.8212998556693134,0.009079006726516901,0.07794147727529065,-0.05126932690207833,Geschichtslehrer
betreff+en+en geschichtslehrer,2.8212998556693134,0.009079006726516901,0.07794147727529065,-0.05126932690207833,betreff+en+en geschichtslehrer
Vorhaben,2.769477143740604,0.006303029417685761,0.08261430507484673,-0.049719549212657525,Vorhaben
der vorhaben,2.769477143740604,0.006303029417685761,0.08261430507484673,-0.049719549212657525,der vorhaben
vorhaben eigentlich,2.7359599756985835,0.004448929691282186,0.08571141796822801,-0.048685721416380376,vorhaben eigentlich
sympathisch,2.714643899555126,0.0032447511687407875,0.0877127670145093,-0.04801485221476993,sympathisch
eigentlich sympathisch,2.714643899555126,0.0032447511687407875,0.0877127670145093,-0.04801485221476993,eigentlich sympathisch
Man,2.6910513680170087,0.0018885680811845942,0.08995729117850317,-0.0472598480233364,Man
sympathisch man,2.6910513680170087,0.0018885680811845942,0.08995729117850317,-0.0472598480233364,sympathisch man
man mög+e,2.6841122969073927,0.001484906167817603,0.09062344151273993,-0.047035238522384365,man mög+e
historisches,2.6657458151794087,0.00040578893524597975,0.09239997051417721,-0.046435046465830396,historisches
mög+e historisch+es,2.6657458151794087,0.00040578893524597975,0.09239997051417721,-0.046435046465830396,mög+e historisch+es
Ereignis,2.64529197498947,-0.0008145921140880222,0.09440155520067071,-0.0457567488475003,Ereignis
historisch+es ereignis,2.64529197498947,-0.0008145921140880222,0.09440155520067071,-0.0457567488475003,historisch+es ereignis
ereignis doku+-+serie,2.6189709579859444,-0.0024147043315566183,0.09701398060590125,-0.04486815328233145,ereignis doku+-+serie
beleuchten,2.6039109859368077,-0.0033456425424855333,0.09852767939718586,-0.04435157584017957,beleuchten
doku+-+serie beleucht+en,2.6039109859368077,-0.0033456425424855333,0.09852767939718586,-0.04435157584017957,doku+-+serie beleucht+en
beleucht+en mehr,2.5882825688010875,-0.004323866977735573,0.10011338844263408,-0.04380908414012234,beleucht+en mehr
mehr mög+e,2.6841122969073927,0.001484906167817603,0.09062344151273993,-0.047035238522384365,mehr mög+e
mög+e wirklich,2.558120474669326,-0.00624769448772458,0.10321746533848832,-0.04274317867968945,mög+e wirklich
wirklich all,2.5446720927351443,-0.007121109925225906,0.10462043403488815,-0.04225969762779192,wirklich all
Dramatik,2.532872272245189,-0.007895594356327851,0.10586123421760575,-0.04183121255862414,Dramatik
all dramatik,2.532872272245189,-0.007895594356327851,0.10586123421760575,-0.04183121255862414,all dramatik
spürbar,2.52356898246091,-0.008511661186517916,0.10684605892589637,-0.04149052978713563,spürbar
dramatik spür+bar,2.52356898246091,-0.008511661186517916,0.10684605892589637,-0.04149052978713563,dramatik spür+bar
deshalb,2.5039383763394776,-0.009827636734737192,0.10894331647071348,-0.040763272064298986,deshalb
und deshalb,2.5039383763394776,-0.009827636734737192,0.10894331647071348,-0.040763272064298986,und deshalb
+451,2.4927972716999456,-0.010584350501928288,0.11014534617273716,-0.04034537762691889,+451
deshalb +451,2.4927972716999456,-0.010584350501928288,0.11014534617273716,-0.04034537762691889,deshalb +451
+451 chars,2.488286478712584,-0.010892787651765386,0.11063447367852709,-0.04017510565637884,+451 chars
Manche,5.498520739800831,-0.05026634182875336,0.05340180195096798,0.04067083067505976,Manche
manch+e vulkan+e,7.737765953269621,-0.039286260320388566,0.015342625529002365,0.04441740333533516,manch+e vulkan+e
sprechen,5.3489069002359715,-0.05120639688915587,0.056671091494934774,0.040306079356850676,sprechen
vulkan+e sprech+en,5.3489069002359715,-0.05120639688915587,0.056671091494934774,0.040306079356850676,vulkan+e sprech+en
miteinander,9.099607540235093,-0.03449105122763203,-0.0012879751001157584,0.045800535485364696,miteinander
sprech+en miteinander,4.513548219235972,-0.057173645116895835,0.07751299314757006,0.03780067129795438,sprech+en miteinander
lauschen,3.7778157963506116,-0.06376620354370077,0.10079368538073849,0.03460367210951019,lauschen
miteinander lausch+en,3.7778157963506116,-0.06376620354370077,0.10079368538073849,0.03460367210951019,miteinander lausch+en
lausch+en forscher,3.4856758917671686,-0.06686436969847291,0.11185858761459386,0.03292451386828697,lausch+en forscher
Alaska,4.648068039132458,-0.05611919129825001,0.07381682722799843,0.03826852410670141,Alaska
forscher alaska,3.22905546466447,-0.06987604811376458,0.12270642049903614,0.03117266903751726,forscher alaska
alaska island,4.513548219235973,-0.05717364511689595,0.07751299314756985,0.03780067129795438,alaska island
griechischen,4.293093940124527,-0.05899346343353822,0.08390812508787926,0.036966129181048336,griechischen
island griechisch+en,4.293093940124527,-0.05899346343353822,0.08390812508787926,0.036966129181048336,island griechisch+en
Ägäis,4.330379228621483,-0.05867723074318169,0.08279528324681117,0.03711366576156632,Ägäis
griechisch+en ägäis,4.330379228621483,-0.05867723074318169,0.08279528324681117,0.03711366576156632,griechisch+en ägäis
Weltweit,4.4242545020172654,-0.057896496857673285,0.08005066704310833,0.03747335213009744,Weltweit
ägäis weltweit,4.4242545020172654,-0.057896496857673285,0.08005066704310833,0.03747335213009744,ägäis weltweit
verfolgen,4.5617356564601055,-0.0567912604242386,0.07617186933679149,0.037971639429155664,verfolgen
weltweit verfolg+en,4.5617356564601055,-0.0567912604242386,0.07617186933679149,0.037971639429155664,weltweit verfolg+en
Wissenschafter,4.743028133982878,-0.05539853391651303,0.07129435093820398,0.03858184390964571,Wissenschafter
verfolg+en wissenschaft+er,4.743028133982878,-0.05539853391651303,0.07129435093820398,0.03858184390964571,verfolg+en wissenschaft+er
Weg,5.216296630910588,-0.0520689481405248,0.05967367231443781,0.03996455139060235,Weg
wissenschaft+er weg,5.216296630910588,-0.0520689481405248,0.05967367231443781,0.03996455139060235,wissenschaft+er weg
Magmas,5.498520739800832,-0.05026634182875336,0.05340180195096776,0.04067083067505976,Magmas
weg magma+s,5.498520739800832,-0.05026634182875336,0.05340180195096776,0.04067083067505976,weg magma+s
magma+s miteinander,6.706195897045117,-0.043737767397172264,0.030758607997762262,0.04300472080622858,magma+s miteinander
verbundenen,7.737765953269621,-0.039286260320388566,0.015342625529002365,0.04441740333533516,verbundenen
miteinander verbind+en+en,7.737765953269621,-0.039286260320388566,0.015342625529002365,0.04441740333533516,miteinander verbind+en+en
verbind+en+en vulkan+en,13.016698354013446,-0.024797472599240308,-0.0351513059297267,0.04823640931613546,verbind+en+en vulkan+en
Vorhersage,6.3014271138926485,-0.04574033034671074,0.03769597523718882,0.042324025853726896,Vorhersage
der vorhersage,6.3014271138926485,-0.04574033034671074,0.03769597523718882,0.042324025853726896,der vorhersage
vorhersage ausbruch+en,5.498520739800832,-0.05026634182875336,0.05340180195096776,0.04067083067505976,vorhersage ausbruch+en
verbessern,5.126145387620152,-0.05267192824460599,0.061774425917924404,0.039721824045722595,verbessern
ausbruch+en verbesser+n,5.126145387620152,-0.05267192824460599,0.061774425917924404,0.039721824045722595,ausbruch+en verbesser+n
+15663,3.290787599023269,-0.06912405180914295,0.11998870148415777,0.031621590557199895,+15663
+15663 chars,3.2194536447148314,-0.0699946763602152,0.12313571738551127,0.0311011358345102,+15663 chars
